domain,lo,hi,level,degree,pre_bts,iteration,mre,max_re,mre_alg,max_re_alg,time,bootstrap_count
insurance_charges_smoker_welch,0.001,4.680467338568534,12,15,0,1,0.0035183078220191333,0.5207717212305203,0.003518308579094199,0.5207787715611836,0.48213434452190995,0
insurance_charges_smoker_welch,0.001,4.680467338568534,12,15,0,2,0.00024907143255326937,0.3361857047288054,0.0002490717457519504,0.3361954706597573,5.728340908885002,1
insurance_charges_smoker_welch,0.001,4.680467338568534,12,15,0,3,2.8376778805559096e-05,0.15052902996870898,2.8371448429856355e-05,0.15054152725130465,5.804145278874785,1
insurance_charges_smoker_welch,0.001,4.680467338568534,12,15,0,4,3.1352491785515205e-06,0.0322741158743185,3.1247776231802943e-06,0.03228835290451215,5.881280480884016,1
insurance_charges_smoker_welch,0.001,4.680467338568534,12,15,0,5,1.02266507030569e-07,0.0015324616035077288,8.925733269317444e-08,0.0015471509000583028,10.64575238386169,2
insurance_charges_smoker_welch,0.001,4.680467338568534,12,15,0,6,1.6228552870146116e-08,1.9133673952120844e-05,7.197601653581413e-10,3.866297320187506e-06,10.721602408681065,2
insurance_charges_smoker_welch,0.001,4.680467338568534,12,15,0,7,1.636001012654244e-08,1.9237989681508694e-05,5.671340177945119e-10,2.1974235020483235e-07,10.793937234673649,2
insurance_charges_smoker_welch,0.001,4.680467338568534,12,15,0,8,1.637245527528157e-08,1.9285359512233313e-05,5.41492875641051e-10,1.8192688877594065e-07,15.326976286713034,3
insurance_charges_smoker_welch,0.001,4.680467338568534,12,15,0,9,1.635579800711288e-08,1.913364902317305e-05,5.757985923929526e-10,2.786769073281903e-07,15.403043426573277,3
insurance_charges_smoker_welch,0.001,4.680467338568534,12,15,0,10,1.63587000408728e-08,1.9238730081472255e-05,5.716837597965227e-10,2.2720259995612224e-07,15.473495331592858,3
insurance_charges_smoker_welch,0.001,4.680467338568534,12,15,0,11,1.6361045122921e-08,1.9289857854376535e-05,5.450463483121942e-10,1.9815198681882862e-07,21.240341580472887,4
insurance_charges_smoker_welch,0.001,4.680467338568534,12,15,0,12,1.634876252054306e-08,1.9134162013045852e-05,5.783199756009675e-10,2.7969445381970104e-07,21.318610209506005,4
insurance_charges_smoker_welch,0.001,4.680467338568534,12,15,0,13,1.6362459207641493e-08,1.923941360781889e-05,5.687100171082029e-10,2.200054003420604e-07,21.38719561463222,4
insurance_charges_smoker_welch,0.001,4.680467338568534,12,15,0,14,1.6364007343057607e-08,1.92917396566461e-05,5.383311998045481e-10,1.9497920200617358e-07,26.505583473481238,5
insurance_charges_smoker_welch,0.001,4.680467338568534,12,15,0,15,1.634592664906875e-08,1.9130228272823402e-05,5.795850892184031e-10,2.820976121586938e-07,26.58113758545369,5
insurance_charges_smoker_welch,0.001,4.680467338568534,12,31,0,1,0.0006874972158907739,0.2184589842951843,0.0006874965391125022,0.21846352702307437,0.7010907628573477,0
insurance_charges_smoker_welch,0.001,4.680467338568534,12,31,0,2,1.9956430994801416e-05,0.06637085398072029,1.9953828095005626e-05,0.06637628072490309,5.70567582687363,1
insurance_charges_smoker_welch,0.001,4.680467338568534,12,31,0,3,4.821662547163061e-07,0.006456796545917798,4.699513558348818e-07,0.006462571542149131,5.782271704170853,1
insurance_charges_smoker_welch,0.001,4.680467338568534,12,31,0,4,1.8741244938027613e-08,5.668369426847786e-05,3.1590856814870804e-09,6.249589132556466e-05,5.868855657055974,1
insurance_charges_smoker_welch,0.001,4.680467338568534,12,31,0,5,1.762520430193421e-08,2.7747224936813808e-05,5.271142904451941e-10,1.5385969931447363e-07,10.490401109214872,2
insurance_charges_smoker_welch,0.001,4.680467338568534,12,31,0,6,1.7616270658219553e-08,2.7675848933705893e-05,5.605072967177979e-10,1.7241301319970148e-07,10.564787213224918,2
insurance_charges_smoker_welch,0.001,4.680467338568534,12,31,0,7,1.7644607068968997e-08,2.777417198274179e-05,5.643465236752497e-10,1.8991634243015199e-07,10.63242880627513,2
insurance_charges_smoker_welch,0.001,4.680467338568534,12,31,0,8,1.7629338530097743e-08,2.774794936999392e-05,5.250340451301311e-10,1.4650196933363446e-07,15.394707671366632,3
insurance_charges_smoker_welch,0.001,4.680467338568534,12,31,0,9,1.761230906026991e-08,2.7673757994173265e-05,5.610179698899772e-10,1.6571293937062137e-07,15.466835980303586,3
insurance_charges_smoker_welch,0.001,4.680467338568534,12,31,0,10,1.7641153296012754e-08,2.7774377781897286e-05,5.608363183076377e-10,1.9200961887122503e-07,15.536862342152745,3
insurance_charges_smoker_welch,0.001,4.680467338568534,12,31,0,11,1.763293444703083e-08,2.774834294416717e-05,5.284283587553328e-10,1.5067036518434662e-07,20.306752999778837,4
insurance_charges_smoker_welch,0.001,4.680467338568534,12,31,0,12,1.7612698939950506e-08,2.7674282050638155e-05,5.597232480291942e-10,1.7345215619357646e-07,20.382751553785056,4
insurance_charges_smoker_welch,0.001,4.680467338568534,12,31,0,13,1.7642496774533325e-08,2.7771957965327942e-05,5.619009051892863e-10,1.8872683105186638e-07,20.45279638050124,4
insurance_charges_smoker_welch,0.001,4.680467338568534,12,31,0,14,1.763387573981023e-08,2.7748428383600476e-05,5.25087898004304e-10,1.4770599587876632e-07,25.495557576883584,5
insurance_charges_smoker_welch,0.001,4.680467338568534,12,31,0,15,1.7608986201422567e-08,2.7674013341805193e-05,5.589346425337273e-10,1.6954628390131177e-07,25.573243262711912,5
insurance_charges_smoker_welch,0.001,4.680467338568534,12,63,0,1,5.262433723076846e-05,0.02873324651394238,5.2625369747383215e-05,0.028731881632725664,3.1586255761794746,1
insurance_charges_smoker_welch,0.001,4.680467338568534,12,63,0,2,2.208834862972174e-07,0.001228031343124214,2.1368598452251868e-07,0.0012266278099600791,3.233852348290384,1
insurance_charges_smoker_welch,0.001,4.680467338568534,12,63,0,3,1.6326719026237902e-08,1.8414076502715204e-05,6.326337738244672e-10,2.1956325318983616e-06,3.304259160067886,1
insurance_charges_smoker_welch,0.001,4.680467338568534,12,63,0,4,1.626670379867179e-08,1.840033956534981e-05,5.294549650184397e-10,3.0963971386910316e-07,8.60414673294872,2
insurance_charges_smoker_welch,0.001,4.680467338568534,12,63,0,5,1.6279785236517855e-08,1.837592308095992e-05,5.646753077909324e-10,3.3653374797992797e-07,8.677423452027142,2
insurance_charges_smoker_welch,0.001,4.680467338568534,12,63,0,6,1.625270267915685e-08,1.84129951956713e-05,5.46551616532648e-10,1.5516904738888115e-07,8.746295941062272,2
insurance_charges_smoker_welch,0.001,4.680467338568534,12,63,0,7,1.626808281510002e-08,1.8399611543928884e-05,5.27236892057352e-10,2.924523363478926e-07,13.669329659081995,3
insurance_charges_smoker_welch,0.001,4.680467338568534,12,63,0,8,1.6278983324646395e-08,1.8376885873028215e-05,5.66848109246563e-10,3.272138591192686e-07,13.746582609135658,3
insurance_charges_smoker_welch,0.001,4.680467338568534,12,63,0,9,1.625272842970045e-08,1.8413858057009236e-05,5.414198393849173e-10,1.6110537259805824e-07,13.81856266502291,3
insurance_charges_smoker_welch,0.001,4.680467338568534,12,63,0,10,1.6266930152705912e-08,1.840019883636579e-05,5.237586119679976e-10,2.933498730595119e-07,18.435949517879635,4
insurance_charges_smoker_welch,0.001,4.680467338568534,12,63,0,11,1.627935440623999e-08,1.8377330615937382e-05,5.692896109457267e-10,3.2788251647097866e-07,18.512312537059188,4
insurance_charges_smoker_welch,0.001,4.680467338568534,12,63,0,12,1.6251205364657087e-08,1.841585250295097e-05,5.456515199799093e-10,1.5829901922614908e-07,18.58164547709748,4
insurance_charges_smoker_welch,0.001,4.680467338568534,12,63,0,13,1.62676807934664e-08,1.83997487295251e-05,5.28190202272544e-10,3.0073889134563103e-07,23.783571491017938,5
insurance_charges_smoker_welch,0.001,4.680467338568534,12,63,0,14,1.627716402269108e-08,1.8378332292234845e-05,5.684155897567799e-10,3.2235732794205774e-07,23.872277702670544,5
insurance_charges_smoker_welch,0.001,4.680467338568534,12,63,0,15,1.6256107505741642e-08,1.841403695435062e-05,5.488668470730266e-10,1.588472522406903e-07,23.94108605151996,5
insurance_charges_smoker_welch,0.001,4.680467338568534,12,127,0,1,5.885804972468648e-07,0.0004439192046883367,5.895742558830638e-07,0.00044409944413847935,4.654542999807745,1
insurance_charges_smoker_welch,0.001,4.680467338568534,12,127,0,2,1.6131546257859298e-08,2.5434544373537094e-05,5.631181902443223e-10,2.5743732245953055e-07,4.728798989672214,1
insurance_charges_smoker_welch,0.001,4.680467338568534,12,127,0,3,1.6170658166276826e-08,2.553316831743757e-05,5.571427209861946e-10,1.7393207252247578e-07,4.795927903614938,1
insurance_charges_smoker_welch,0.001,4.680467338568534,12,127,0,4,1.616378233544968e-08,2.5573458327876608e-05,5.275455970977778e-10,1.8889231689911412e-07,9.670913495589048,2
insurance_charges_smoker_welch,0.001,4.680467338568534,12,127,0,5,1.6154199351964564e-08,2.5562968723580326e-05,5.55933106868205e-10,2.4448658120235223e-07,9.746477541513741,2
insurance_charges_smoker_welch,0.001,4.680467338568534,12,127,0,6,1.6168339981881838e-08,2.5534384203940164e-05,5.555153119496707e-10,1.5376629702856803e-07,9.815715898294002,2
insurance_charges_smoker_welch,0.001,4.680467338568534,12,127,0,7,1.6160996027820288e-08,2.557273644465674e-05,5.306382691648397e-10,1.8102826015997664e-07,14.532325967215002,3
insurance_charges_smoker_welch,0.001,4.680467338568534,12,127,0,8,1.6155383315509173e-08,2.5564104458863923e-05,5.585840301181077e-10,2.370695297848613e-07,14.607884689234197,3
insurance_charges_smoker_welch,0.001,4.680467338568534,12,127,0,9,1.6167660653275802e-08,2.5533960497314823e-05,5.54437098859164e-10,1.7554582742995706e-07,14.676494843326509,3
insurance_charges_smoker_welch,0.001,4.680467338568534,12,127,0,10,1.6161338958084145e-08,2.5572953643360208e-05,5.326813389390722e-10,1.840855476942238e-07,19.712159189395607,4
insurance_charges_smoker_welch,0.001,4.680467338568534,12,127,0,11,1.6151993749693376e-08,2.5563976722597914e-05,5.571451604376946e-10,2.5025141026091546e-07,19.809168115258217,4
insurance_charges_smoker_welch,0.001,4.680467338568534,12,127,0,12,1.616478591513228e-08,2.553374987490642e-05,5.58081650401369e-10,1.703836158828409e-07,19.879837877117097,4
insurance_charges_smoker_welch,0.001,4.680467338568534,12,127,0,13,1.6161596152025447e-08,2.5573050762561778e-05,5.284285785434419e-10,1.807985596791184e-07,24.141412624157965,5
insurance_charges_smoker_welch,0.001,4.680467338568534,12,127,0,14,1.614953327299591e-08,2.5565607848943017e-05,5.577435261245277e-10,2.4602561388142874e-07,24.235692822374403,5
insurance_charges_smoker_welch,0.001,4.680467338568534,12,127,0,15,1.616556095660466e-08,2.5533510210618005e-05,5.545485368108581e-10,1.7816907083023636e-07,24.30674218852073,5
insurance_charges_smoker_welch,0.001,4.680467338568534,12,255,0,1,1.7025145436022973e-08,1.4849473909728239e-05,5.895354967410836e-10,4.0389357702785844e-07,5.304353273939341,1
insurance_charges_smoker_welch,0.001,4.680467338568534,12,255,0,2,1.703631987511647e-08,1.4945550686484843e-05,5.576473927469835e-10,2.1549945972143547e-07,5.380588011816144,1
insurance_charges_smoker_welch,0.001,4.680467338568534,12,255,0,3,1.7024779740156237e-08,1.4785924989046961e-05,5.606586486204071e-10,2.055943738588084e-07,5.447933237534016,1
insurance_charges_smoker_welch,0.001,4.680467338568534,12,255,0,4,1.703914450879799e-08,1.4827113647530865e-05,5.347885533223899e-10,1.719718667470005e-07,10.27213818533346,2
insurance_charges_smoker_welch,0.001,4.680467338568534,12,255,0,5,1.7033536274340105e-08,1.494812260749434e-05,5.570156719563965e-10,2.128458710393133e-07,10.34777813963592,2
insurance_charges_smoker_welch,0.001,4.680467338568534,12,255,0,6,1.7023084965434065e-08,1.478871130644599e-05,5.569880800275462e-10,2.016860483067262e-07,10.41880723554641,2
insurance_charges_smoker_welch,0.001,4.680467338568534,12,255,0,7,1.703723727381471e-08,1.4827973558007024e-05,5.366098167857824e-10,1.7076555525186166e-07,15.584868600592017,3
insurance_charges_smoker_welch,0.001,4.680467338568534,12,255,0,8,1.7032087207162277e-08,1.4943980015225122e-05,5.582348381191423e-10,2.1012843853807084e-07,15.659542238805443,3
insurance_charges_smoker_welch,0.001,4.680467338568534,12,255,0,9,1.7023939557435477e-08,1.4789697868722307e-05,5.586598917373402e-10,1.9388825278632282e-07,15.730216750875115,3
insurance_charges_smoker_welch,0.001,4.680467338568534,12,255,0,10,1.7035775017209035e-08,1.4826879617735322e-05,5.357685724379727e-10,1.75731497686904e-07,20.321931939572096,4
insurance_charges_smoker_welch,0.001,4.680467338568534,12,255,0,11,1.703287003711277e-08,1.4943000070877233e-05,5.559991482449451e-10,2.1252204807087338e-07,20.422380153555423,4
insurance_charges_smoker_welch,0.001,4.680467338568534,12,255,0,12,1.7020758670054862e-08,1.4787040521047068e-05,5.601225461367935e-10,2.057649072240153e-07,20.490405328571796,4
insurance_charges_smoker_welch,0.001,4.680467338568534,12,255,0,13,1.703886633161103e-08,1.48285888835753e-05,5.39051646886396e-10,1.688476005679007e-07,25.079998103436083,5
insurance_charges_smoker_welch,0.001,4.680467338568534,12,255,0,14,1.70338040596898e-08,1.4945194604210066e-05,5.590686782300876e-10,2.0851827076118212e-07,25.157813331577927,5
insurance_charges_smoker_welch,0.001,4.680467338568534,12,255,0,15,1.702051992734057e-08,1.4786056830806693e-05,5.570523737381469e-10,2.0155016455802865e-07,25.22772628068924,5
insurance_charges_smoker_welch,0.001,4.680467338568534,12,511,0,1,1.6800189957326102e-08,1.9990780906642414e-05,5.512130895292595e-10,2.9100340848131623e-07,11.753003493417054,2
insurance_charges_smoker_welch,0.001,4.680467338568534,12,511,0,2,1.6789367101591927e-08,1.989760190745926e-05,5.690201711170697e-10,1.996256085989856e-07,11.826404864434153,2
insurance_charges_smoker_welch,0.001,4.680467338568534,12,511,0,3,1.6790283388159625e-08,1.9966173059549064e-05,5.578002249243712e-10,2.4241383012046924e-07,11.895548899658024,2
insurance_charges_smoker_welch,0.001,4.680467338568534,12,511,0,4,1.679282407452006e-08,2.0002062475210636e-05,5.423562475116565e-10,2.7074246977676353e-07,16.77708185184747,3
insurance_charges_smoker_welch,0.001,4.680467338568534,12,511,0,5,1.6783121186822925e-08,1.989778447208934e-05,5.641865818048464e-10,1.917815374286036e-07,16.852103813085705,3
insurance_charges_smoker_welch,0.001,4.680467338568534,12,511,0,6,1.678640187981111e-08,1.9965525212661817e-05,5.566244831863802e-10,2.4408719323520955e-07,16.922414579894394,3
insurance_charges_smoker_welch,0.001,4.680467338568534,12,511,0,7,1.6785188375978915e-08,1.9994256069466587e-05,5.452838760288737e-10,2.6054374502315625e-07,21.999089199583977,4
insurance_charges_smoker_welch,0.001,4.680467338568534,12,511,0,8,1.6790087512603724e-08,1.9895663035285338e-05,5.662478698855811e-10,1.9516489957460692e-07,22.074095089919865,4
insurance_charges_smoker_welch,0.001,4.680467338568534,12,511,0,9,1.678663322390606e-08,1.9965983858449832e-05,5.581277920231153e-10,2.535577007245493e-07,22.144062088802457,4
insurance_charges_smoker_welch,0.001,4.680467338568534,12,511,0,10,1.6792604716737525e-08,1.99996169785166e-05,5.435253249231676e-10,2.6081257642474043e-07,26.89771579671651,5
insurance_charges_smoker_welch,0.001,4.680467338568534,12,511,0,11,1.6785923179229062e-08,1.9893899132261694e-05,5.668481393162326e-10,1.8874903673360421e-07,26.972982930019498,5
insurance_charges_smoker_welch,0.001,4.680467338568534,12,511,0,12,1.678627759642859e-08,1.9967035860490867e-05,5.604979541849471e-10,2.45097513285053e-07,27.04238177044317,5
insurance_charges_smoker_welch,0.001,4.680467338568534,12,511,0,13,1.679133996681232e-08,2.0000138921894006e-05,5.440591468180045e-10,2.7179710160307735e-07,31.80446027033031,6
insurance_charges_smoker_welch,0.001,4.680467338568534,12,511,0,14,1.6778126242802895e-08,1.9894225390393316e-05,5.662466666651151e-10,1.9015106700326356e-07,31.878012912347913,6
insurance_charges_smoker_welch,0.001,4.680467338568534,12,511,0,15,1.6789016686131797e-08,1.996578226126644e-05,5.620785803856193e-10,2.3828755413290992e-07,31.947327298577875,6
insurance_charges_smoker_welch,0.001,4.680467338568534,11,15,0,1,0.0035183075830241156,0.5207726108190673,0.003518308643434185,0.5207707077327648,0.4003144735470414,0
insurance_charges_smoker_welch,0.001,4.680467338568534,11,15,0,2,0.00024907114893896903,0.33618876424963595,0.000249071752394729,0.336186128152245,5.256586848758161,1
insurance_charges_smoker_welch,0.001,4.680467338568534,11,15,0,3,2.8375924023656434e-05,0.150536900856302,2.8371243261058778e-05,0.15053352750656235,5.330473104957491,1
insurance_charges_smoker_welch,0.001,4.680467338568534,11,15,0,4,3.1344623668436858e-06,0.03228861915198067,3.124608494668914e-06,0.032284776219971056,5.396492104977369,1
insurance_charges_smoker_welch,0.001,4.680467338568534,11,15,0,5,1.0227695724785625e-07,0.0015505612664986623,8.922199286310971e-08,0.0015465962688929746,10.273917467799038,2
insurance_charges_smoker_welch,0.001,4.680467338568534,11,15,0,6,1.7266153963099506e-08,2.247071504735132e-05,6.878302880131766e-10,3.3355878520380244e-06,10.348501956555992,2
insurance_charges_smoker_welch,0.001,4.680467338568534,11,15,0,7,1.7128103903488748e-08,2.2503962089359675e-05,5.902300145452179e-10,2.696215135600255e-07,10.418482767418027,2
insurance_charges_smoker_welch,0.001,4.680467338568534,11,15,0,8,1.7131650585544187e-08,2.248953039751811e-05,5.433165390232217e-10,2.2410890676560768e-07,15.46096622850746,3
insurance_charges_smoker_welch,0.001,4.680467338568534,11,15,0,9,1.712916582385308e-08,2.247346061845512e-05,5.770515579079044e-10,2.553275844086045e-07,15.53460397850722,3
insurance_charges_smoker_welch,0.001,4.680467338568534,11,15,0,10,1.7126583828207416e-08,2.250528794900397e-05,5.877451413642467e-10,2.8577320443368137e-07,15.602935424540192,3
insurance_charges_smoker_welch,0.001,4.680467338568534,11,15,0,11,1.713299359465265e-08,2.2489127940783504e-05,5.479917050697552e-10,2.2402728716564013e-07,20.965089675504714,4
insurance_charges_smoker_welch,0.001,4.680467338568534,11,15,0,12,1.712265861044822e-08,2.247311949976627e-05,5.766569630286718e-10,2.5449496487972567e-07,21.04078002134338,4
insurance_charges_smoker_welch,0.001,4.680467338568534,11,15,0,13,1.712535511243598e-08,2.2504585740490413e-05,5.866906713594168e-10,2.7490230714022346e-07,21.11093892948702,4
insurance_charges_smoker_welch,0.001,4.680467338568534,11,15,0,14,1.7130489900484295e-08,2.2489560901117756e-05,5.456460369696232e-10,2.2338161786983335e-07,26.140329661313444,5
insurance_charges_smoker_welch,0.001,4.680467338568534,11,15,0,15,1.7125662934813865e-08,2.2473080159235437e-05,5.751567376730796e-10,2.5450654717040777e-07,26.216050105169415,5
insurance_charges_smoker_welch,0.001,4.680467338568534,11,31,0,1,0.0006874789296908258,0.218482289019596,0.0006874769729477394,0.2184793012718399,2.7105971379205585,1
insurance_charges_smoker_welch,0.001,4.680467338568534,11,31,0,2,1.9955279565543693e-05,0.06638919636494844,1.9951931995715598e-05,0.06638562716421947,2.7811060645617545,1
insurance_charges_smoker_welch,0.001,4.680467338568534,11,31,0,3,4.811388490018941e-07,0.006467985146402677,4.7002799967317115e-07,0.006464186866457999,2.8472368139773607,1
insurance_charges_smoker_welch,0.001,4.680467338568534,11,31,0,4,1.9670778636609297e-08,6.647583692265258e-05,3.1249591080801666e-09,6.265308396247171e-05,7.4375378950499,2
insurance_charges_smoker_welch,0.001,4.680467338568534,11,31,0,5,1.7136139555117577e-08,3.1392411367181516e-05,5.718814574151609e-10,3.90681196948961e-07,7.516388447023928,2
insurance_charges_smoker_welch,0.001,4.680467338568534,11,31,0,6,1.7115935388300346e-08,3.138788682999216e-05,5.456816259838621e-10,1.960536121226042e-07,7.584342382848263,2
insurance_charges_smoker_welch,0.001,4.680467338568534,11,31,0,7,1.7131156957744554e-08,3.1408464635118705e-05,5.243399457839897e-10,1.5784487894521249e-07,11.957146123517305,3
insurance_charges_smoker_welch,0.001,4.680467338568534,11,31,0,8,1.713376965085695e-08,3.1394734105294475e-05,5.705869952377389e-10,3.7285294085531717e-07,12.030626929365098,3
insurance_charges_smoker_welch,0.001,4.680467338568534,11,31,0,9,1.7119876438562225e-08,3.1388023960521316e-05,5.418223043318659e-10,1.9344670743048908e-07,12.099490232300013,3
insurance_charges_smoker_welch,0.001,4.680467338568534,11,31,0,10,1.7131257297321696e-08,3.1409314786179365e-05,5.271852235354604e-10,1.6231564137214605e-07,16.559649360366166,4
insurance_charges_smoker_welch,0.001,4.680467338568534,11,31,0,11,1.713902796386126e-08,3.139343661728855e-05,5.734033055059581e-10,3.871181458725559e-07,16.63352382229641,4
insurance_charges_smoker_welch,0.001,4.680467338568534,11,31,0,12,1.712276794226943e-08,3.138932587820609e-05,5.481188848238422e-10,1.9595607048117358e-07,16.707896343432367,4
insurance_charges_smoker_welch,0.001,4.680467338568534,11,31,0,13,1.7136109982791815e-08,3.140812082469413e-05,5.24904140244048e-10,1.4453416530280094e-07,21.235459823627025,5
insurance_charges_smoker_welch,0.001,4.680467338568534,11,31,0,14,1.7139503179929336e-08,3.1392513275885214e-05,5.656362408554163e-10,3.856123511614129e-07,21.30880000628531,5
insurance_charges_smoker_welch,0.001,4.680467338568534,11,31,0,15,1.711806395867464e-08,3.138984854467175e-05,5.443802437098914e-10,1.939163487563178e-07,21.37747531849891,5
insurance_charges_smoker_welch,0.001,4.680467338568534,11,63,0,1,5.262527813697666e-05,0.028708806559959443,5.2625874089059446e-05,0.02873951628282745,3.324524379335344,1
insurance_charges_smoker_welch,0.001,4.680467338568534,11,63,0,2,2.1991681674956933e-07,0.00119568001763537,2.1371502828909325e-07,0.001227259634616562,3.3972940035164356,1
insurance_charges_smoker_welch,0.001,4.680467338568534,11,63,0,3,1.765038284195632e-08,2.9659372469348355e-05,6.280099046929188e-10,1.958986583505684e-06,3.4652913943864405,1
insurance_charges_smoker_welch,0.001,4.680467338568534,11,63,0,4,1.7726267563155306e-08,3.155077826932917e-05,5.355134001203707e-10,1.278938673854313e-07,8.383105625398457,2
insurance_charges_smoker_welch,0.001,4.680467338568534,11,63,0,5,1.7731447342232752e-08,3.141039258469647e-05,5.672721668150012e-10,2.080218309830073e-07,8.456057408358902,2
insurance_charges_smoker_welch,0.001,4.680467338568534,11,63,0,6,1.7720369036828507e-08,3.190660216922936e-05,5.720175172390502e-10,2.881720648773012e-07,8.525458422023803,2
insurance_charges_smoker_welch,0.001,4.680467338568534,11,63,0,7,1.7726926231567274e-08,3.15505144194983e-05,5.316430626863108e-10,1.3251249086909667e-07,13.46638437313959,3
insurance_charges_smoker_welch,0.001,4.680467338568534,11,63,0,8,1.7733080485926275e-08,3.141522252181339e-05,5.681541908288319e-10,2.031920465217496e-07,13.542092418763787,3
insurance_charges_smoker_welch,0.001,4.680467338568534,11,63,0,9,1.7721846173051904e-08,3.191831507054488e-05,5.703889874525761e-10,2.9988459560037484e-07,13.608431378845125,3
insurance_charges_smoker_welch,0.001,4.680467338568534,11,63,0,10,1.7716824187610065e-08,3.155614326177947e-05,5.310168144366826e-10,1.3171559209990136e-07,18.598622150719166,4
insurance_charges_smoker_welch,0.001,4.680467338568534,11,63,0,11,1.7728122507203333e-08,3.141300933928726e-05,5.724039683708334e-10,2.0540515910383306e-07,18.675051872618496,4
insurance_charges_smoker_welch,0.001,4.680467338568534,11,63,0,12,1.7723684828388692e-08,3.19171015685793e-05,5.736572541896001e-10,2.9867113204851137e-07,18.744450859725475,4
insurance_charges_smoker_welch,0.001,4.680467338568534,11,63,0,13,1.7725881892703297e-08,3.1556220140505076e-05,5.312869668063955e-10,1.3331512815906166e-07,23.582170478068292,5
insurance_charges_smoker_welch,0.001,4.680467338568534,11,63,0,14,1.7729818422983917e-08,3.141175186072154e-05,5.700734968210454e-10,2.0666259792356811e-07,23.658649840857834,5
insurance_charges_smoker_welch,0.001,4.680467338568534,11,63,0,15,1.7720792382262465e-08,3.192552954600636e-05,5.704992315926462e-10,3.070988430220467e-07,23.72953605791554,5
insurance_charges_smoker_welch,0.001,4.680467338568534,11,127,0,1,5.895335236635256e-07,0.00043318390080171465,5.895857292579635e-07,0.0004443812179102391,4.151060675736517,1
insurance_charges_smoker_welch,0.001,4.680467338568534,11,127,0,2,1.6717698616910845e-08,1.4455531049284431e-05,5.793764513459352e-10,3.63630084376787e-07,4.224075996782631,1
insurance_charges_smoker_welch,0.001,4.680467338568534,11,127,0,3,1.6733741568986424e-08,1.4355912766772505e-05,5.521299551286801e-10,1.7893849513228588e-07,4.291013757698238,1
insurance_charges_smoker_welch,0.001,4.680467338568534,11,127,0,4,1.673815749080775e-08,1.4313850675296003e-05,5.124162204305557e-10,1.0447052678497215e-07,9.46407116483897,2
insurance_charges_smoker_welch,0.001,4.680467338568534,11,127,0,5,1.672654751822496e-08,1.4392430572995885e-05,5.529341128199087e-10,1.4400247549950507e-07,9.536924107931554,2
insurance_charges_smoker_welch,0.001,4.680467338568534,11,127,0,6,1.6736417481205825e-08,1.4357389436225887e-05,5.552573025595863e-10,1.7957128717327464e-07,9.603655079845339,2
insurance_charges_smoker_welch,0.001,4.680467338568534,11,127,0,7,1.6738453429699632e-08,1.431588851175114e-05,5.130082460418973e-10,1.0657761173593627e-07,14.571038104593754,3
insurance_charges_smoker_welch,0.001,4.680467338568534,11,127,0,8,1.6726990670375814e-08,1.439503297695488e-05,5.493483257537363e-10,1.4255726099587918e-07,14.64323028549552,3
insurance_charges_smoker_welch,0.001,4.680467338568534,11,127,0,9,1.673096498554599e-08,1.436088467399177e-05,5.530361422514973e-10,1.8342999319465036e-07,14.710804325528443,3
insurance_charges_smoker_welch,0.001,4.680467338568534,11,127,0,10,1.6744585754314642e-08,1.4319301058440814e-05,5.115060948586436e-10,1.0970075259297829e-07,19.39520296920091,4
insurance_charges_smoker_welch,0.001,4.680467338568534,11,127,0,11,1.6731777135941753e-08,1.4399052510549737e-05,5.544475112894949e-10,1.4489401622963527e-07,19.467549480032176,4
insurance_charges_smoker_welch,0.001,4.680467338568534,11,127,0,12,1.6732435118711042e-08,1.4353858583060486e-05,5.524702473490805e-10,1.8369540200069423e-07,19.534503910224885,4
insurance_charges_smoker_welch,0.001,4.680467338568534,11,127,0,13,1.674564070700628e-08,1.4320810026169362e-05,5.1390075635072e-10,1.1103208652496477e-07,24.302467487286776,5
insurance_charges_smoker_welch,0.001,4.680467338568534,11,127,0,14,1.6727096650978932e-08,1.4398304840290699e-05,5.526703318218607e-10,1.4653822222321367e-07,24.375394819304347,5
insurance_charges_smoker_welch,0.001,4.680467338568534,11,127,0,15,1.672840385122745e-08,1.4356168392404278e-05,5.496108957386153e-10,1.767688473375273e-07,24.441342195495963,5
insurance_charges_smoker_welch,0.001,4.680467338568534,11,255,0,1,1.6093926890690648e-08,2.3061390986622854e-05,6.12751440021576e-10,3.539257455997813e-07,8.126723974943161,2
insurance_charges_smoker_welch,0.001,4.680467338568534,11,255,0,2,1.6076160037086136e-08,2.317830971132473e-05,5.575473175356007e-10,2.2260700571763437e-07,8.19789192872122,2
insurance_charges_smoker_welch,0.001,4.680467338568534,11,255,0,3,1.6085139506431817e-08,2.3182101926311205e-05,5.53403979434465e-10,1.5409256926002257e-07,8.26436165953055,2
insurance_charges_smoker_welch,0.001,4.680467338568534,11,255,0,4,1.6088174975057134e-08,2.320407636657862e-05,5.406018728543627e-10,1.5436963318737895e-07,13.239081723615527,3
insurance_charges_smoker_welch,0.001,4.680467338568534,11,255,0,5,1.6070680696316235e-08,2.3176231746413478e-05,5.582013460230558e-10,2.2959178469506014e-07,13.311146038584411,3
insurance_charges_smoker_welch,0.001,4.680467338568534,11,255,0,6,1.6084306955196697e-08,2.31778754578027e-05,5.589025444268671e-10,1.5688268417690665e-07,13.377868761308491,3
insurance_charges_smoker_welch,0.001,4.680467338568534,11,255,0,7,1.6093442866828398e-08,2.320639434372218e-05,5.395739173897436e-10,1.6323420193309346e-07,18.459750034380704,4
insurance_charges_smoker_welch,0.001,4.680467338568534,11,255,0,8,1.607031318443119e-08,2.3176737676600112e-05,5.547880800729288e-10,2.2799593546452002e-07,18.53384688263759,4
insurance_charges_smoker_welch,0.001,4.680467338568534,11,255,0,9,1.60851196636652e-08,2.3181086822532393e-05,5.555232315688141e-10,1.5598962532781258e-07,18.60088485479355,4
insurance_charges_smoker_welch,0.001,4.680467338568534,11,255,0,10,1.6093400008468985e-08,2.3206717551627065e-05,5.407777937167129e-10,1.574424296491017e-07,23.496528949588537,5
insurance_charges_smoker_welch,0.001,4.680467338568534,11,255,0,11,1.607273193827112e-08,2.3175233750727386e-05,5.545921619519282e-10,2.2673786803650842e-07,23.569249264430255,5
insurance_charges_smoker_welch,0.001,4.680467338568534,11,255,0,12,1.6088859436350794e-08,2.317932331208361e-05,5.586085845461514e-10,1.5588832813495657e-07,23.63710043532774,5
insurance_charges_smoker_welch,0.001,4.680467338568534,11,255,0,13,1.6095003203669413e-08,2.320726825466579e-05,5.433471332434128e-10,1.5661653995913127e-07,28.842326034326106,6
insurance_charges_smoker_welch,0.001,4.680467338568534,11,255,0,14,1.6071997480573145e-08,2.3177035521237954e-05,5.595351075713914e-10,2.1806754824105212e-07,28.915773634333163,6
insurance_charges_smoker_welch,0.001,4.680467338568534,11,255,0,15,1.6083362589134432e-08,2.318053686511945e-05,5.564662851331986e-10,1.5843353762257095e-07,28.990087813232094,6
insurance_charges_smoker_welch,0.001,4.680467338568534,11,511,0,1,1.741407044469361e-08,1.6191092032213916e-05,5.278994506646413e-10,1.268393046149896e-07,11.808821559417993,2
insurance_charges_smoker_welch,0.001,4.680467338568534,11,511,0,2,1.74012125550647e-08,1.6142302014854337e-05,5.476742368432975e-10,2.142197172982918e-07,11.93010712461546,2
insurance_charges_smoker_welch,0.001,4.680467338568534,11,511,0,3,1.7400885888399248e-08,1.6154538669876928e-05,5.68656349283624e-10,2.790473563329954e-07,12.014493934810162,2
insurance_charges_smoker_welch,0.001,4.680467338568534,11,511,0,4,1.7414527903620577e-08,1.6196710264759773e-05,5.256976865945047e-10,1.2441126329143515e-07,16.494074704125524,3
insurance_charges_smoker_welch,0.001,4.680467338568534,11,511,0,5,1.739993356245667e-08,1.6140002293552058e-05,5.476044818572762e-10,2.1380988268759893e-07,16.573114455211908,3
insurance_charges_smoker_welch,0.001,4.680467338568534,11,511,0,6,1.740781922159623e-08,1.6156642305809044e-05,5.691288372788048e-10,2.7826349091597535e-07,16.642796591389924,3
insurance_charges_smoker_welch,0.001,4.680467338568534,11,511,0,7,1.7417080796206896e-08,1.6198981392712142e-05,5.248815530093666e-10,1.3303238555195662e-07,21.477504778187722,4
insurance_charges_smoker_welch,0.001,4.680467338568534,11,511,0,8,1.7401912164861607e-08,1.614422791273995e-05,5.451902965064874e-10,2.0691928126481685e-07,21.54886927222833,4
insurance_charges_smoker_welch,0.001,4.680467338568534,11,511,0,9,1.7405871497143806e-08,1.6150834057704344e-05,5.689827881480349e-10,2.763154238749621e-07,21.616501978132874,4
insurance_charges_smoker_welch,0.001,4.680467338568534,11,511,0,10,1.7416470398742308e-08,1.618819481996603e-05,5.253552697105407e-10,1.3259907860607711e-07,26.346619660500437,5
insurance_charges_smoker_welch,0.001,4.680467338568534,11,511,0,11,1.7402906518647793e-08,1.6132205819641143e-05,5.489235725442436e-10,2.152878324501728e-07,26.420584285631776,5
insurance_charges_smoker_welch,0.001,4.680467338568534,11,511,0,12,1.7399795902441853e-08,1.614526450421927e-05,5.714809709372773e-10,2.7675954439310146e-07,26.487518937326968,5
insurance_charges_smoker_welch,0.001,4.680467338568534,11,511,0,13,1.7418526005285174e-08,1.6197771482762136e-05,5.230470975702505e-10,1.3606399118515355e-07,31.272580933291465,6
insurance_charges_smoker_welch,0.001,4.680467338568534,11,511,0,14,1.7402463104485932e-08,1.614182119791252e-05,5.447859340193897e-10,2.0567072334110037e-07,31.345234523992985,6
insurance_charges_smoker_welch,0.001,4.680467338568534,11,511,0,15,1.7401339128007772e-08,1.615080970451821e-05,5.691008596179267e-10,2.7472967656372305e-07,31.412470975890756,6
insurance_charges_smoker_welch,0.001,4.680467338568534,10,15,0,1,0.0035182740292683786,0.5207779722274496,0.003518273690932583,0.5207728134747509,2.645109403412789,1
insurance_charges_smoker_welch,0.001,4.680467338568534,10,15,0,2,0.0002490668523575232,0.33619566248376365,0.00024906573412257873,0.3361885167303984,2.7140067014843225,1
insurance_charges_smoker_welch,0.001,4.680467338568534,10,15,0,3,2.837912181017664e-05,0.1505446813700615,2.8372089233727936e-05,0.15053553711194423,7.45201082341373,2
insurance_charges_smoker_welch,0.001,4.680467338568534,10,15,0,4,3.136443092571374e-06,0.0322959271452784,3.124854660557975e-06,0.03228550995719415,7.521389848552644,2
insurance_charges_smoker_welch,0.001,4.680467338568534,10,15,0,5,1.0278285837275587e-07,0.0015572388130434822,8.922426115203961e-08,0.0015464907276251383,12.49652156746015,3
insurance_charges_smoker_welch,0.001,4.680467338568534,10,15,0,6,1.62420285414865e-08,1.620872991414668e-05,6.815098696118791e-10,3.1371097886090382e-06,12.566051821690053,3
insurance_charges_smoker_welch,0.001,4.680467338568534,10,15,0,7,1.6141362858387902e-08,1.6330318841295544e-05,5.3932645477958e-10,2.325009904602382e-07,17.29890446877107,4
insurance_charges_smoker_welch,0.001,4.680467338568534,10,15,0,8,1.6115497390624e-08,1.621314451916156e-05,5.760540099367573e-10,4.509502395944054e-07,17.368494550697505,4
insurance_charges_smoker_welch,0.001,4.680467338568534,10,15,0,9,1.6141143862630637e-08,1.6337354531992254e-05,5.343909058075661e-10,2.463699257937435e-07,22.266229649540037,5
insurance_charges_smoker_welch,0.001,4.680467338568534,10,15,0,10,1.611450834615891e-08,1.6210107964820253e-05,5.787617747928702e-10,4.514811919875683e-07,22.3354476634413,5
insurance_charges_smoker_welch,0.001,4.680467338568534,10,15,0,11,1.6148657227452428e-08,1.633446632343105e-05,5.345967037310279e-10,2.4023063782685483e-07,27.25196363357827,6
insurance_charges_smoker_welch,0.001,4.680467338568534,10,15,0,12,1.611756402040282e-08,1.6205196533225497e-05,5.780553910430912e-10,4.412272915921278e-07,27.32132423762232,6
insurance_charges_smoker_welch,0.001,4.680467338568534,10,15,0,13,1.615087222375946e-08,1.6331809241543205e-05,5.370172753544852e-10,2.3945182414664146e-07,32.2483956227079,7
insurance_charges_smoker_welch,0.001,4.680467338568534,10,15,0,14,1.6113362305400822e-08,1.62058394307385e-05,5.800115886168099e-10,4.4860128767254537e-07,32.318010980729014,7
insurance_charges_smoker_welch,0.001,4.680467338568534,10,15,0,15,1.6147498064527683e-08,1.6331844657879735e-05,5.390050218866637e-10,2.390375721805782e-07,36.98527679638937,8
insurance_charges_smoker_welch,0.001,4.680467338568534,10,15,1,1,0.003518413051555438,0.5207783438578384,0.003518412788046791,0.5207764127796948,2.4608678529039025,1
insurance_charges_smoker_welch,0.001,4.680467338568534,10,15,1,2,0.000249197249914438,0.33620846053128206,0.0002491967305440332,0.3362057857078109,2.5268625267781317,1
insurance_charges_smoker_welch,0.001,4.680467338568534,10,15,1,3,2.8520135453877723e-05,0.1505882020013236,2.851849366648492e-05,0.15058477919991864,7.631601934786886,2
insurance_charges_smoker_welch,0.001,4.680467338568534,10,15,1,4,3.2820064718626746e-06,0.032382995660489966,3.280289994010873e-06,0.03237909653776794,7.705303582828492,2
insurance_charges_smoker_welch,0.001,4.680467338568534,10,15,1,5,2.4876845861017944e-07,0.0016671376866308485,2.4704385698015707e-07,0.0016631147908671151,7.775015621911734,2
insurance_charges_smoker_welch,0.001,4.680467338568534,10,15,1,6,1.6031448012780624e-07,0.00012618356921545448,1.585939397260527e-07,0.00012215446400198893,12.230858974158764,3
insurance_charges_smoker_welch,0.001,4.680467338568534,10,15,1,7,1.6016296215871266e-07,0.00012269929776198563,1.584358233469219e-07,0.00011867017850830663,12.30444310279563,3
insurance_charges_smoker_welch,0.001,4.680467338568534,10,15,1,8,1.6017903215632663e-07,0.00012263005659718385,1.5845169605669483e-07,0.00011860093706450581,12.374427050817758,3
insurance_charges_smoker_welch,0.001,4.680467338568534,10,15,1,9,1.601852893905695e-07,0.0001226029630102543,1.5845822579186212e-07,0.00011857384336833032,16.946437415201217,4
insurance_charges_smoker_welch,0.001,4.680467338568534,10,15,1,10,1.6016564678981827e-07,0.0001226990552810614,1.5843949216996282e-07,0.0001186699360263832,17.023585909511894,4
insurance_charges_smoker_welch,0.001,4.680467338568534,10,15,1,11,1.6017476698365927e-07,0.0001226409379890825,1.5844883543002195e-07,0.00011861181850014724,17.092498240526766,4
insurance_charges_smoker_welch,0.001,4.680467338568534,10,15,1,12,1.601760676366277e-07,0.00012261038864946894,1.5845142452091364e-07,0.00011858126903752098,21.907752751372755,5
insurance_charges_smoker_welch,0.001,4.680467338568534,10,15,1,13,1.6016164457172602e-07,0.00012269470640502433,1.5843215814953437e-07,0.00011866558713280462,21.984305669087917,5
insurance_charges_smoker_welch,0.001,4.680467338568534,10,15,1,14,1.601698946647447e-07,0.00012262724021050442,1.5844582472169773e-07,0.00011859812066639108,22.055079413112253,5
insurance_charges_smoker_welch,0.001,4.680467338568534,10,15,1,15,1.601818740063221e-07,0.00012261400228419372,1.58456533745284e-07,0.00011858488268678968,26.76199824688956,6
insurance_charges_smoker_welch,0.001,4.680467338568534,10,31,0,1,0.0006874775978248958,0.21848379265428963,0.0006874773556575169,0.21847630780814276,2.658610630314797,1
insurance_charges_smoker_welch,0.001,4.680467338568534,10,31,0,2,1.9954159784783192e-05,0.06639281065681524,1.9952119283386392e-05,0.06638386918367856,2.728145681321621,1
insurance_charges_smoker_welch,0.001,4.680467338568534,10,31,0,3,4.80046577825024e-07,0.006473622929703882,4.700356657255242e-07,0.006464107590155699,7.681001679040492,2
insurance_charges_smoker_welch,0.001,4.680467338568534,10,31,0,4,1.7524676285091367e-08,7.245206954187289e-05,3.168943594946544e-09,6.287542380645217e-05,7.749547683168203,2
insurance_charges_smoker_welch,0.001,4.680467338568534,10,31,0,5,1.5438888668364397e-08,1.4100553755946876e-05,5.306153809725759e-10,1.8612373398063653e-07,12.780241422820836,3
insurance_charges_smoker_welch,0.001,4.680467338568534,10,31,0,6,1.544731940999371e-08,1.4125968177625126e-05,5.671510328432786e-10,3.5379377905098153e-07,12.849123789928854,3
insurance_charges_smoker_welch,0.001,4.680467338568534,10,31,0,7,1.5433658406048756e-08,1.4094222118732347e-05,5.30048726349368e-10,1.9139159668224437e-07,17.05162170296535,4
insurance_charges_smoker_welch,0.001,4.680467338568534,10,31,0,8,1.544513440979319e-08,1.4126126231417402e-05,5.655574077870066e-10,3.426858389277143e-07,17.12059090891853,4
insurance_charges_smoker_welch,0.001,4.680467338568534,10,31,0,9,1.543614189371422e-08,1.4095462070429221e-05,5.303029561225876e-10,1.9016213970157736e-07,21.80379181774333,5
insurance_charges_smoker_welch,0.001,4.680467338568534,10,31,0,10,1.5441181231435746e-08,1.4122719782294624e-05,5.653836793135863e-10,3.4857408703903303e-07,21.87188245775178,5
insurance_charges_smoker_welch,0.001,4.680467338568534,10,31,0,11,1.5436496584153022e-08,1.4099188685889885e-05,5.276286419562026e-10,1.785646334129254e-07,26.185718283057213,6
insurance_charges_smoker_welch,0.001,4.680467338568534,10,31,0,12,1.543491624754614e-08,1.412456928373551e-05,5.684503659717551e-10,3.428516652803637e-07,26.250956256408244,6
insurance_charges_smoker_welch,0.001,4.680467338568534,10,31,0,13,1.5440056020935613e-08,1.4094221002514118e-05,5.305160258306778e-10,1.9134499051887133e-07,31.01472310628742,7
insurance_charges_smoker_welch,0.001,4.680467338568534,10,31,0,14,1.5437856084979417e-08,1.4126878074227633e-05,5.700363494898003e-10,3.4557606309881805e-07,31.08296966832131,7
insurance_charges_smoker_welch,0.001,4.680467338568534,10,31,0,15,1.543730669481552e-08,1.4096329821855491e-05,5.323303310471577e-10,1.9378553173243773e-07,35.925817895215005,8
insurance_charges_smoker_welch,0.001,4.680467338568534,10,31,1,1,0.0006876316778875447,0.21848895906100774,0.0006876310270831193,0.21849580905283084,2.6200642343610525,1
insurance_charges_smoker_welch,0.001,4.680467338568534,10,31,1,2,2.010423443866886e-05,0.06644269820884197,2.0103400170297554e-05,0.0664508808953923,6.917166430037469,2
insurance_charges_smoker_welch,0.001,4.680467338568534,10,31,1,3,6.306297849315914e-07,0.006563223369862592,6.290158020908678e-07,0.006571930903653267,6.991069993935525,2
insurance_charges_smoker_welch,0.001,4.680467338568534,10,31,1,4,1.6422046688061227e-07,0.00017063512123749458,1.626041085553038e-07,0.00017939868645300283,7.058173424098641,2
insurance_charges_smoker_welch,0.001,4.680467338568534,10,31,1,5,1.6161246840238065e-07,0.00010812491374367905,1.5999902031622323e-07,0.00011688902686501912,11.259451049845666,3
insurance_charges_smoker_welch,0.001,4.680467338568534,10,31,1,6,1.6160222194384265e-07,0.00010804401197095359,1.5998620899110912e-07,0.0001168081258013931,11.337041915860027,3
insurance_charges_smoker_welch,0.001,4.680467338568534,10,31,1,7,1.6160757428156986e-07,0.00010825426982019604,1.599921522600811e-07,0.00011701838180777635,11.406882181763649,3
insurance_charges_smoker_welch,0.001,4.680467338568534,10,31,1,8,1.6161716983460379e-07,0.00010811735747973117,1.6000572819252273e-07,0.00011688147066724053,15.613421694841236,4
insurance_charges_smoker_welch,0.001,4.680467338568534,10,31,1,9,1.6159619456868334e-07,0.00010805615255493617,1.5997995634388847e-07,0.0001168202662789053,15.68992723384872,4
insurance_charges_smoker_welch,0.001,4.680467338568534,10,31,1,10,1.616024501166869e-07,0.0001082642656691224,1.5998867383162885e-07,0.00011702837756899509,15.760745911858976,4
insurance_charges_smoker_welch,0.001,4.680467338568534,10,31,1,11,1.6160962193381606e-07,0.00010810692421348023,1.5999528515780383e-07,0.00011687103749247196,20.01691853767261,5
insurance_charges_smoker_welch,0.001,4.680467338568534,10,31,1,12,1.6160042468172866e-07,0.00010804694347599231,1.5998605166261997e-07,0.00011681105728078567,20.09144760807976,5
insurance_charges_smoker_welch,0.001,4.680467338568534,10,31,1,13,1.6160809680132112e-07,0.00010826168380517753,1.5999273984085657e-07,0.00011702579572758776,20.159651507157832,5
insurance_charges_smoker_welch,0.001,4.680467338568534,10,31,1,14,1.616130364444235e-07,0.00010812987762043313,1.5999835005068e-07,0.00011689399069814144,24.344312011264265,6
insurance_charges_smoker_welch,0.001,4.680467338568534,10,31,1,15,1.615945695832859e-07,0.00010805164236149523,1.5998054845510435e-07,0.00011681575612509931,24.421529703307897,6
insurance_charges_smoker_welch,0.001,4.680467338568534,10,63,0,1,5.262559165152181e-05,0.02873215940924756,5.2625481958115756e-05,0.028732441125024377,3.1371608544141054,1
insurance_charges_smoker_welch,0.001,4.680467338568534,10,63,0,2,2.195201845515503e-07,0.001226150136861448,2.1368695912346943e-07,0.00122643983074322,3.2056167274713516,1
insurance_charges_smoker_welch,0.001,4.680467338568534,10,63,0,3,1.5625067293249464e-08,1.3636776102443626e-05,6.130467232354176e-10,2.4369338007534935e-06,8.18319848831743,2
insurance_charges_smoker_welch,0.001,4.680467338568534,10,63,0,4,1.556698964984697e-08,1.3700976714159374e-05,5.456322787896438e-10,2.017552711564008e-07,8.25643418263644,2
insurance_charges_smoker_welch,0.001,4.680467338568534,10,63,0,5,1.555393790902347e-08,1.3638520624081885e-05,5.283956061969363e-10,2.2335791527439142e-07,13.233342105522752,3
insurance_charges_smoker_welch,0.001,4.680467338568534,10,63,0,6,1.5566006437349412e-08,1.3696895554415889e-05,5.452268594764785e-10,1.9165568998502636e-07,13.304907984565943,3
insurance_charges_smoker_welch,0.001,4.680467338568534,10,63,0,7,1.556143518575208e-08,1.363810875165683e-05,5.259233304118292e-10,2.257382583081835e-07,17.794501283671707,4
insurance_charges_smoker_welch,0.001,4.680467338568534,10,63,0,8,1.5573069801592954e-08,1.3697755986141757e-05,5.463407765845813e-10,1.8492742426268194e-07,17.865028887987137,4
insurance_charges_smoker_welch,0.001,4.680467338568534,10,63,0,9,1.5557623997492702e-08,1.3638376370805894e-05,5.267089824795919e-10,2.1871989241972756e-07,22.23042871290818,5
insurance_charges_smoker_welch,0.001,4.680467338568534,10,63,0,10,1.5567561702204574e-08,1.3697583028049465e-05,5.440231650278118e-10,1.983331869848115e-07,22.30091386800632,5
insurance_charges_smoker_welch,0.001,4.680467338568534,10,63,0,11,1.5561015559361968e-08,1.3638525992121231e-05,5.256768726571797e-10,2.1334004962625386e-07,27.004768857266754,6
insurance_charges_smoker_welch,0.001,4.680467338568534,10,63,0,12,1.5573746334786976e-08,1.369453577881874e-05,5.463284326379157e-10,1.9124473116249874e-07,27.073204160202295,6
insurance_charges_smoker_welch,0.001,4.680467338568534,10,63,0,13,1.5558342001053903e-08,1.3639418731670183e-05,5.213831959962191e-10,2.0796823285706978e-07,31.52308487193659,7
insurance_charges_smoker_welch,0.001,4.680467338568534,10,63,0,14,1.556773620103752e-08,1.3696641750660099e-05,5.421065408198363e-10,1.9780158488913457e-07,31.59399923775345,7
insurance_charges_smoker_welch,0.001,4.680467338568534,10,63,0,15,1.555920475094144e-08,1.3635987076487943e-05,5.236495581091181e-10,2.2026686363751935e-07,36.117761148605496,8
insurance_charges_smoker_welch,0.001,4.680467338568534,10,63,1,1,5.277824659283303e-05,0.028795197009760964,5.277842890958434e-05,0.028800815050917916,2.9954045359045267,1
insurance_charges_smoker_welch,0.001,4.680467338568534,10,63,1,2,3.737593998492254e-07,0.0013413204912863241,3.7286068995073294e-07,0.0013470973424160038,7.886738130822778,2
insurance_charges_smoker_welch,0.001,4.680467338568534,10,63,1,3,1.6076735804276137e-07,0.00012196896546012859,1.5981479200622402e-07,0.0001277528700629471,7.979941960889846,2
insurance_charges_smoker_welch,0.001,4.680467338568534,10,63,1,4,1.606398511569167e-07,0.00011958349873630869,1.5968507546134888e-07,0.0001253674171380892,8.04922242788598,2
insurance_charges_smoker_welch,0.001,4.680467338568534,10,63,1,5,1.606511937180945e-07,0.000119536336971926,1.5969846162149662e-07,0.00012532025564659932,13.018467749003321,3
insurance_charges_smoker_welch,0.001,4.680467338568534,10,63,1,6,1.6066250127906118e-07,0.00011972238713531258,1.59709973830177e-07,0.0001255063047337357,13.09249663585797,3
insurance_charges_smoker_welch,0.001,4.680467338568534,10,63,1,7,1.606415454693791e-07,0.00011958141675605383,1.5968898785642855e-07,0.00012536533516982473,13.162671078927815,3
insurance_charges_smoker_welch,0.001,4.680467338568534,10,63,1,8,1.6064377791085823e-07,0.00011952842202356262,1.596910689306704e-07,0.0001253123407438661,17.92105442006141,4
insurance_charges_smoker_welch,0.001,4.680467338568534,10,63,1,9,1.606632548496341e-07,0.00011972493767009595,1.5970725300956838e-07,0.0001255088552537531,17.99760587280616,4
insurance_charges_smoker_welch,0.001,4.680467338568534,10,63,1,10,1.6064200700646478e-07,0.00011958425231217706,1.5968693916186089e-07,0.0001253681707096277,18.06871582660824,4
insurance_charges_smoker_welch,0.001,4.680467338568534,10,63,1,11,1.6065249342310772e-07,0.00011953429583166919,1.597017447713242e-07,0.00012531821451811087,22.820569200906903,5
insurance_charges_smoker_welch,0.001,4.680467338568534,10,63,1,12,1.6066769386688276e-07,0.00011973187776681549,1.5971133313194387e-07,0.00012551579531028256,22.89595998171717,5
insurance_charges_smoker_welch,0.001,4.680467338568534,10,63,1,13,1.6064457589435352e-07,0.00011960400699828622,1.5969021878327108e-07,0.00012538792528138387,22.965661579743028,5
insurance_charges_smoker_welch,0.001,4.680467338568534,10,63,1,14,1.6064681247119318e-07,0.00011952476755583419,1.5969579458359397e-07,0.00012530868629734293,27.71993808588013,6
insurance_charges_smoker_welch,0.001,4.680467338568534,10,63,1,15,1.6066631149207054e-07,0.00011972960602912863,1.5971461314181015e-07,0.00012551352358569634,27.797292210161686,6
insurance_charges_smoker_welch,0.001,4.680467338568534,10,127,0,1,5.883355672160077e-07,0.00045701232097961064,5.894058228972704e-07,0.0004490667500214318,5.9744238732382655,2
insurance_charges_smoker_welch,0.001,4.680467338568534,10,127,0,2,1.5167462986019408e-08,9.648758822367043e-06,5.862180263039988e-10,7.344693614408371e-07,6.0455881603993475,2
insurance_charges_smoker_welch,0.001,4.680467338568534,10,127,0,3,1.5151442388833985e-08,9.665431330185825e-06,5.270344371798095e-10,2.465413845298414e-07,10.293360392563045,3
insurance_charges_smoker_welch,0.001,4.680467338568534,10,127,0,4,1.5167959423664497e-08,9.649381840670657e-06,5.708205803785791e-10,4.2944928402288696e-07,10.364312335383147,3
insurance_charges_smoker_welch,0.001,4.680467338568534,10,127,0,5,1.515278770487395e-08,9.667337295571343e-06,5.309641583082559e-10,2.4266993536858905e-07,14.618190876673907,4
insurance_charges_smoker_welch,0.001,4.680467338568534,10,127,0,6,1.5170459995516943e-08,9.650104903391465e-06,5.669067614704013e-10,4.2635571850802023e-07,14.688570586964488,4
insurance_charges_smoker_welch,0.001,4.680467338568534,10,127,0,7,1.515576968304e-08,9.6654514960548e-06,5.31521722038549e-10,2.3983948738148797e-07,18.95613155607134,5
insurance_charges_smoker_welch,0.001,4.680467338568534,10,127,0,8,1.5169096198027832e-08,9.645909459399249e-06,5.711787909880555e-10,4.3416682560248887e-07,19.027391276322305,5
insurance_charges_smoker_welch,0.001,4.680467338568534,10,127,0,9,1.5152890663639595e-08,9.666048769174651e-06,5.304176342124742e-10,2.4973045809062455e-07,23.457427809014916,6
insurance_charges_smoker_welch,0.001,4.680467338568534,10,127,0,10,1.5169056085532394e-08,9.645878489505932e-06,5.647795786953161e-10,4.332565313180936e-07,23.526339570991695,6
insurance_charges_smoker_welch,0.001,4.680467338568534,10,127,0,11,1.516000307606456e-08,9.663185415842435e-06,5.298169958278234e-10,2.4654570851545543e-07,27.822171908337623,7
insurance_charges_smoker_welch,0.001,4.680467338568534,10,127,0,12,1.5172221078678567e-08,9.6477975304321e-06,5.682740513508928e-10,4.1663984307049873e-07,27.89382757805288,7
insurance_charges_smoker_welch,0.001,4.680467338568534,10,127,0,13,1.515666260368885e-08,9.665917612977637e-06,5.319945804073563e-10,2.482931228398044e-07,32.28447917010635,8
insurance_charges_smoker_welch,0.001,4.680467338568534,10,127,0,14,1.516805915900899e-08,9.650684032802559e-06,5.698054070748149e-10,4.3657692805343373e-07,32.354261476080865,8
insurance_charges_smoker_welch,0.001,4.680467338568534,10,127,0,15,1.516036605454457e-08,9.662946087063418e-06,5.301728857398191e-10,2.420844150696766e-07,36.75136078102514,9
insurance_charges_smoker_welch,0.001,4.680467338568534,10,127,1,1,7.398979043510074e-07,0.0005460803250956214,7.406263345432642e-07,0.000567449936087483,6.392551000230014,2
insurance_charges_smoker_welch,0.001,4.680467338568534,10,127,1,2,1.5906101262701817e-07,0.00011004157670568837,1.5873962364943976e-07,0.00012495301072290577,6.467439036350697,2
insurance_charges_smoker_welch,0.001,4.680467338568534,10,127,1,3,1.5900804992207028e-07,0.00010995067139196735,1.5868937755863662e-07,0.00012442927168176965,6.5381553075276315,2
insurance_charges_smoker_welch,0.001,4.680467338568534,10,127,1,4,1.5900069684294312e-07,0.00010995392227064471,1.5868008421165747e-07,0.0001245625369897807,11.459586843848228,3
insurance_charges_smoker_welch,0.001,4.680467338568534,10,127,1,5,1.5901633947080183e-07,0.00011004030023131772,1.5869109775042551e-07,0.00012466252752674212,11.536868438590318,3
insurance_charges_smoker_welch,0.001,4.680467338568534,10,127,1,6,1.5900748162378303e-07,0.0001099483081447028,1.5868719102927735e-07,0.0001244312811520265,11.606318596750498,3
insurance_charges_smoker_welch,0.001,4.680467338568534,10,127,1,7,1.590026327057867e-07,0.0001099532660086,1.5867982389768725e-07,0.00012456254892734275,16.217842801939696,4
insurance_charges_smoker_welch,0.001,4.680467338568534,10,127,1,8,1.590139226973351e-07,0.00011003644134011115,1.5869166724439125e-07,0.0001246664161755895,16.29474050179124,4
insurance_charges_smoker_welch,0.001,4.680467338568534,10,127,1,9,1.5900999421878366e-07,0.00010995140899461298,1.5868535315869965e-07,0.0001244402538563838,16.365041453856975,4
insurance_charges_smoker_welch,0.001,4.680467338568534,10,127,1,10,1.5899778423965875e-07,0.00010995369161004298,1.5867735079340227e-07,0.00012455586214832337,21.079194814432412,5
insurance_charges_smoker_welch,0.001,4.680467338568534,10,127,1,11,1.5901434109141764e-07,0.00011003557778144213,1.586906348894375e-07,0.00012466941529876152,21.159005433321,5
insurance_charges_smoker_welch,0.001,4.680467338568534,10,127,1,12,1.5900675386230402e-07,0.00010995136708513709,1.5868596865025426e-07,0.00012442993711625494,21.228470236063004,5
insurance_charges_smoker_welch,0.001,4.680467338568534,10,127,1,13,1.5899664677022695e-07,0.0001099566580663458,1.5867632387149742e-07,0.0001245666096605369,26.041022759862244,6
insurance_charges_smoker_welch,0.001,4.680467338568534,10,127,1,14,1.5901675436012292e-07,0.00011003552321697807,1.586963668825139e-07,0.00012466128769750284,26.118346500676125,6
insurance_charges_smoker_welch,0.001,4.680467338568534,10,127,1,15,1.5900401375245805e-07,0.00010995089058896124,1.5868205015545994e-07,0.00012443135675066497,26.18719813367352,6
insurance_charges_smoker_welch,0.001,4.680467338568534,10,255,0,1,1.7686918383414584e-08,3.1228431246255184e-05,5.907677671675973e-10,2.3303667506802128e-07,8.015512876678258,2
insurance_charges_smoker_welch,0.001,4.680467338568534,10,255,0,2,1.7658603065364396e-08,3.072169035900352e-05,5.643909950801612e-10,2.7371991917490845e-07,8.085689823608845,2
insurance_charges_smoker_welch,0.001,4.680467338568534,10,255,0,3,1.768670401352786e-08,3.08201314270784e-05,5.325905827875633e-10,1.7527579987408615e-07,13.184245424810797,3
insurance_charges_smoker_welch,0.001,4.680467338568534,10,255,0,4,1.7658223221794333e-08,3.0721907862463205e-05,5.657586403621248e-10,2.735024091649052e-07,13.255484708584845,3
insurance_charges_smoker_welch,0.001,4.680467338568534,10,255,0,5,1.768909000732501e-08,3.081354456202501e-05,5.320004764038024e-10,1.8186286920851558e-07,18.184567488729954,4
insurance_charges_smoker_welch,0.001,4.680467338568534,10,255,0,6,1.7654477561196376e-08,3.072197265319154e-05,5.647749908836589e-10,2.7343761632714347e-07,18.252881896682084,4
insurance_charges_smoker_welch,0.001,4.680467338568534,10,255,0,7,1.7687422731581682e-08,3.0823874054175526e-05,5.28430398749483e-10,1.7153305664763252e-07,23.22867167973891,5
insurance_charges_smoker_welch,0.001,4.680467338568534,10,255,0,8,1.765577725660762e-08,3.072424024286313e-05,5.655399989119652e-10,2.7116995626741414e-07,23.294955098535866,5
insurance_charges_smoker_welch,0.001,4.680467338568534,10,255,0,9,1.768703571048143e-08,3.080458903004235e-05,5.323429861598468e-10,1.9081867863590674e-07,28.102767292875797,6
insurance_charges_smoker_welch,0.001,4.680467338568534,10,255,0,10,1.766723666014953e-08,3.072278740401391e-05,5.647036779973715e-10,2.7262284030271644e-07,28.225708310957998,6
insurance_charges_smoker_welch,0.001,4.680467338568534,10,255,0,11,1.768589376470751e-08,3.081346580224853e-05,5.346207266052397e-10,1.8194163131646235e-07,33.30848948704079,7
insurance_charges_smoker_welch,0.001,4.680467338568534,10,255,0,12,1.765622812914869e-08,3.0714326064829045e-05,5.601320112251474e-10,2.810844417222569e-07,33.3758295676671,7
insurance_charges_smoker_welch,0.001,4.680467338568534,10,255,0,13,1.7686836317567004e-08,3.082451526215113e-05,5.288487436227931e-10,1.7089182891005805e-07,38.4117965567857,8
insurance_charges_smoker_welch,0.001,4.680467338568534,10,255,0,14,1.7660423128663418e-08,3.07211602804669e-05,5.633501855415899e-10,2.7425001425385176e-07,38.48218229878694,8
insurance_charges_smoker_welch,0.001,4.680467338568534,10,255,0,15,1.7690456024765504e-08,3.082102500151507e-05,5.33689592823914e-10,1.7438219779286612e-07,43.20366956293583,9
insurance_charges_smoker_welch,0.001,4.680467338568534,10,255,1,1,1.5994040719419383e-07,0.00012337843324206066,1.597445327124662e-07,0.00012241806990076487,8.310891685076058,2
insurance_charges_smoker_welch,0.001,4.680467338568534,10,255,1,2,1.5980967403657052e-07,0.00012322958452093413,1.596078711509061e-07,0.00012226922103675264,8.387782883830369,2
insurance_charges_smoker_welch,0.001,4.680467338568534,10,255,1,3,1.5978724986992777e-07,0.00012303543812963724,1.5958612583801934e-07,0.00012207507445893828,8.458484869915992,2
insurance_charges_smoker_welch,0.001,4.680467338568534,10,255,1,4,1.5980158095937403e-07,0.00012314546124425618,1.596038723415116e-07,0.00012218509767925045,13.106622645165771,3
insurance_charges_smoker_welch,0.001,4.680467338568534,10,255,1,5,1.5980410758448948e-07,0.00012322520284013816,1.596072798899724e-07,0.00012226483935173782,13.187651880085468,3
insurance_charges_smoker_welch,0.001,4.680467338568534,10,255,1,6,1.5978026283755583e-07,0.00012303438705107972,1.5958107406679944e-07,0.00012207402337938156,13.258388001006097,3
insurance_charges_smoker_welch,0.001,4.680467338568534,10,255,1,7,1.5981073287252198e-07,0.00012313896268367763,1.5961196936843628e-07,0.00012217859911245466,18.052089801989496,4
insurance_charges_smoker_welch,0.001,4.680467338568534,10,255,1,8,1.5980781516527457e-07,0.00012322629247696337,1.5960884098711357e-07,0.00012226592898967326,18.130495491903275,4
insurance_charges_smoker_welch,0.001,4.680467338568534,10,255,1,9,1.5978245813311317e-07,0.000123027761898431,1.5957919844428515e-07,0.00012206739822029355,18.20099702384323,4
insurance_charges_smoker_welch,0.001,4.680467338568534,10,255,1,10,1.5980792361777393e-07,0.00012313985116418902,1.5961002082089823e-07,0.0001221794875937432,22.80382799403742,5
insurance_charges_smoker_welch,0.001,4.680467338568534,10,255,1,11,1.5981514052958873e-07,0.0001232218791075157,1.5961229888620786e-07,0.0001222615156157847,22.880788288079202,5
insurance_charges_smoker_welch,0.001,4.680467338568534,10,255,1,12,1.5978277222247438e-07,0.0001230376115876064,1.5958310496558097e-07,0.00012207724791901686,22.951435716822743,5
insurance_charges_smoker_welch,0.001,4.680467338568534,10,255,1,13,1.5981421514915672e-07,0.00012315155420705715,1.5961496578327942e-07,0.00012219119064782458,27.402348677627742,6
insurance_charges_smoker_welch,0.001,4.680467338568534,10,255,1,14,1.598095626423596e-07,0.00012322590582947157,1.5961058692959515e-07,0.00012226554234162634,27.494069104548544,6
insurance_charges_smoker_welch,0.001,4.680467338568534,10,255,1,15,1.5978865510576283e-07,0.00012302964790167348,1.5958621142071045e-07,0.0001220692842254234,27.56461585359648,6
insurance_charges_smoker_welch,0.001,4.680467338568534,10,511,0,1,1.6288633869183613e-08,2.748635770388752e-05,5.333146996701484e-10,2.607590512404556e-07,12.122466376516968,2
insurance_charges_smoker_welch,0.001,4.680467338568534,10,511,0,2,1.6285068748105215e-08,2.7465882397104124e-05,5.637560273378487e-10,3.4040599650175807e-07,12.190370546653867,2
insurance_charges_smoker_welch,0.001,4.680467338568534,10,511,0,3,1.6290540690574258e-08,2.750761985859107e-05,5.29795679040919e-10,2.597466606246712e-07,16.93734302558005,3
insurance_charges_smoker_welch,0.001,4.680467338568534,10,511,0,4,1.6289136514038605e-08,2.7466758112382195e-05,5.625880214297921e-10,3.493029826495686e-07,17.006802504416555,3
insurance_charges_smoker_welch,0.001,4.680467338568534,10,511,0,5,1.6291868717878947e-08,2.7504901739305865e-05,5.340071365989344e-10,2.62221876434765e-07,21.773425502236933,4
insurance_charges_smoker_welch,0.001,4.680467338568534,10,511,0,6,1.6289183748786863e-08,2.7469671688873376e-05,5.635959846501959e-10,3.418061729210109e-07,21.843488479033113,4
insurance_charges_smoker_welch,0.001,4.680467338568534,10,511,0,7,1.6286707136718226e-08,2.7507834613915705e-05,5.29474449049663e-10,2.628577249197406e-07,26.485444489866495,5
insurance_charges_smoker_welch,0.001,4.680467338568534,10,511,0,8,1.6285064210177022e-08,2.7466715213586568e-05,5.599265437394028e-10,3.448734219313465e-07,26.553756523877382,5
insurance_charges_smoker_welch,0.001,4.680467338568534,10,511,0,9,1.628631533220269e-08,2.750683469798787e-05,5.302585370677005e-10,2.651127075647963e-07,31.417376331984997,6
insurance_charges_smoker_welch,0.001,4.680467338568534,10,511,0,10,1.6284167248015494e-08,2.7465896330625128e-05,5.638444367608603e-10,3.4599523157652357e-07,31.488115882035345,6
insurance_charges_smoker_welch,0.001,4.680467338568534,10,511,0,11,1.628986431457261e-08,2.750526988104518e-05,5.293015586170882e-10,2.663868199359598e-07,36.30317303026095,7
insurance_charges_smoker_welch,0.001,4.680467338568534,10,511,0,12,1.628951307956067e-08,2.7467565277827788e-05,5.645889161528671e-10,3.519839466559205e-07,36.397037111222744,7
insurance_charges_smoker_welch,0.001,4.680467338568534,10,511,0,13,1.6289544555752222e-08,2.7505549543560548e-05,5.31836294127223e-10,2.623508805754682e-07,41.329104013275355,8
insurance_charges_smoker_welch,0.001,4.680467338568534,10,511,0,14,1.6291185223788493e-08,2.7467146218818073e-05,5.626020693560259e-10,3.5466882808421474e-07,41.397084841970354,8
insurance_charges_smoker_welch,0.001,4.680467338568534,10,511,0,15,1.6281345704435526e-08,2.7505000096184062e-05,5.282138820814715e-10,2.514066981262886e-07,46.26336106099188,9
insurance_charges_smoker_welch,0.001,4.680467338568534,10,511,1,1,1.6286241530369042e-07,0.00014140712142629575,1.5948615740850916e-07,0.00012545983306322395,11.666041649878025,2
insurance_charges_smoker_welch,0.001,4.680467338568534,10,511,1,2,1.6286408630965165e-07,0.0001413744872981182,1.594921509988039e-07,0.00012542719841446281,11.740821327082813,2
insurance_charges_smoker_welch,0.001,4.680467338568534,10,511,1,3,1.6283843928697873e-07,0.00014132168565117453,1.5946065279309464e-07,0.00012537439592552602,11.810247076209635,2
insurance_charges_smoker_welch,0.001,4.680467338568534,10,511,1,4,1.628527206917288e-07,0.00014139132531276744,1.5947910975594752e-07,0.00012544403669778603,16.780749895144254,3
insurance_charges_smoker_welch,0.001,4.680467338568534,10,511,1,5,1.628605165227092e-07,0.00014137540308900576,1.5947992172295726e-07,0.00012542811422000533,16.858557583764195,3
insurance_charges_smoker_welch,0.001,4.680467338568534,10,511,1,6,1.628379295901916e-07,0.00014132050598270052,1.5946122817959077e-07,0.0001253732162381782,16.9338365518488,3
insurance_charges_smoker_welch,0.001,4.680467338568534,10,511,1,7,1.628593906833481e-07,0.0001413929088838195,1.5948404598124146e-07,0.00012544562029404016,21.89151085866615,4
insurance_charges_smoker_welch,0.001,4.680467338568534,10,511,1,8,1.6286233405424369e-07,0.00014137970627947638,1.594889329384744e-07,0.00012543241747908773,21.96658874070272,4
insurance_charges_smoker_welch,0.001,4.680467338568534,10,511,1,9,1.628349579143077e-07,0.0001413231524814984,1.594582470873026e-07,0.00012537586277916457,22.034388986881822,4
insurance_charges_smoker_welch,0.001,4.680467338568534,10,511,1,10,1.6285654342692088e-07,0.00014139410611746506,1.5948245103937421e-07,0.00012544681754678155,26.824764804914594,5
insurance_charges_smoker_welch,0.001,4.680467338568534,10,511,1,11,1.628614505740413e-07,0.0001413770895548616,1.594836858286836e-07,0.0001254298007128396,26.90313421189785,5
insurance_charges_smoker_welch,0.001,4.680467338568534,10,511,1,12,1.6284203638609199e-07,0.00014131860454424938,1.5946589676473e-07,0.00012537131476930696,26.973872209899127,5
insurance_charges_smoker_welch,0.001,4.680467338568534,10,511,1,13,1.628601763976389e-07,0.00014139183353423235,1.5948705242228484e-07,0.00012544454492724455,31.775063268840313,6
insurance_charges_smoker_welch,0.001,4.680467338568534,10,511,1,14,1.6286610273052592e-07,0.0001413757976920227,1.5948895170051844e-07,0.00012542850882935053,31.852509771939367,6
insurance_charges_smoker_welch,0.001,4.680467338568534,10,511,1,15,1.6283352510696069e-07,0.00014131856005583643,1.5945666824228346e-07,0.0001253712702803389,31.941847316920757,6
insurance_charges_smoker_welch,0.001,4.680467338568534,9,15,0,1,0.0035182742991687714,0.5207777089932317,0.003518274263826724,0.520775227858093,2.675257648807019,1
insurance_charges_smoker_welch,0.001,4.680467338568534,9,15,0,2,0.0002490666719381832,0.3361947835733913,0.0002490662735784451,0.33619134677489804,2.7496028379537165,1
insurance_charges_smoker_welch,0.001,4.680467338568534,9,15,0,3,2.8378108716930984e-05,0.1505423588846726,2.8372507249753644e-05,0.15053796088557758,7.659892627038062,2
insurance_charges_smoker_welch,0.001,4.680467338568534,9,15,0,4,3.136013569973516e-06,0.03229175384960514,3.1250047455703356e-06,0.032286743617446656,7.727812007069588,2
insurance_charges_smoker_welch,0.001,4.680467338568534,9,15,0,5,1.02068036210563e-07,0.0015519128958524364,8.924388716275271e-08,0.0015467435106224503,12.87777821207419,3
insurance_charges_smoker_welch,0.001,4.680467338568534,9,15,0,6,1.671092506808696e-08,1.5822241710816698e-05,6.97437568523187e-10,3.5050162935368334e-06,12.948150844313204,3
insurance_charges_smoker_welch,0.001,4.680467338568534,9,15,0,7,1.6624842128428076e-08,1.6081847292293006e-05,5.25552928203033e-10,1.45412093144337e-07,18.024637706112117,4
insurance_charges_smoker_welch,0.001,4.680467338568534,9,15,0,8,1.6626332670719856e-08,1.5994034236355148e-05,5.615582469585306e-10,1.8801653789424222e-07,18.09071405697614,4
insurance_charges_smoker_welch,0.001,4.680467338568534,9,15,0,9,1.6632352799356446e-08,1.6081290542535598e-05,5.30748144594856e-10,1.411457251077053e-07,22.95790206780657,5
insurance_charges_smoker_welch,0.001,4.680467338568534,9,15,0,10,1.6624195659455565e-08,1.599378123406936e-05,5.616448242458892e-10,1.835736850308578e-07,23.026230055838823,5
insurance_charges_smoker_welch,0.001,4.680467338568534,9,15,0,11,1.6627440204262407e-08,1.6082336860678836e-05,5.299277201102138e-10,1.4532425762769918e-07,27.746568744070828,6
insurance_charges_smoker_welch,0.001,4.680467338568534,9,15,0,12,1.6626209998966594e-08,1.599377525396406e-05,5.600047881809006e-10,1.9079098700913733e-07,27.814518100116402,6
insurance_charges_smoker_welch,0.001,4.680467338568534,9,15,0,13,1.6631140472500247e-08,1.6082504177949986e-05,5.328795472643675e-10,1.4267907821885473e-07,32.64376848191023,7
insurance_charges_smoker_welch,0.001,4.680467338568534,9,15,0,14,1.662779316007599e-08,1.5993191761154435e-05,5.609640646318987e-10,1.894298453652965e-07,32.713681081775576,7
insurance_charges_smoker_welch,0.001,4.680467338568534,9,15,0,15,1.662862317212995e-08,1.60825225559158e-05,5.304063407459054e-10,1.4278101745368588e-07,36.92344625573605,8
insurance_charges_smoker_welch,0.001,4.680467338568534,9,15,1,1,0.0035184127386004,0.5207792103847719,0.003518412296012761,0.520766473181152,2.5247823991812766,1
insurance_charges_smoker_welch,0.001,4.680467338568534,9,15,1,2,0.00024919694547587877,0.3362114321015319,0.00024919633969404387,0.33619378927314647,2.5917919264175,1
insurance_charges_smoker_welch,0.001,4.680467338568534,9,15,1,3,2.851992758592494e-05,0.15059596875508563,2.8518185302363105e-05,0.15057339245552592,7.3443454541265965,2
insurance_charges_smoker_welch,0.001,4.680467338568534,9,15,1,4,3.282016542273841e-06,0.03239708918882778,3.2801763195345503e-06,0.03237137128266565,7.420926226768643,2
insurance_charges_smoker_welch,0.001,4.680467338568534,9,15,1,5,2.488222302002382e-07,0.00168497416528679,2.4696117184044324e-07,0.001658439962187841,7.492089612875134,2
insurance_charges_smoker_welch,0.001,4.680467338568534,9,15,1,6,1.6036067861879236e-07,0.00014419923058761608,1.584994118303658e-07,0.0001176240752500668,11.944018980953842,3
insurance_charges_smoker_welch,0.001,4.680467338568534,9,15,1,7,1.6020459567330438e-07,0.00014040825500771792,1.5834511609880597e-07,0.00011383299890987963,12.019253014121205,3
insurance_charges_smoker_welch,0.001,4.680467338568534,9,15,1,8,1.6023050184994268e-07,0.00014084004755210433,1.5836443114606858e-07,0.0001142648029308635,12.090217886026949,3
insurance_charges_smoker_welch,0.001,4.680467338568534,9,15,1,9,1.6022519044658358e-07,0.000140615625294771,1.5836454203650496e-07,0.00011404037470863493,16.60628921771422,4
insurance_charges_smoker_welch,0.001,4.680467338568534,9,15,1,10,1.602092396978458e-07,0.00014040748650723245,1.5834436132039796e-07,0.00011383223038907708,16.682632599957287,4
insurance_charges_smoker_welch,0.001,4.680467338568534,9,15,1,11,1.602275323609725e-07,0.00014084020619364868,1.5836499444771865e-07,0.00011426496157662669,16.782302767038345,4
insurance_charges_smoker_welch,0.001,4.680467338568534,9,15,1,12,1.602186643333529e-07,0.0001406164375362673,1.5835806336962491e-07,0.00011404118697178056,21.3177896537818,5
insurance_charges_smoker_welch,0.001,4.680467338568534,9,15,1,13,1.6020281667598885e-07,0.00014040400744097514,1.5834052324087877e-07,0.00011382875123022718,21.400054316502064,5
insurance_charges_smoker_welch,0.001,4.680467338568534,9,15,1,14,1.602244217705333e-07,0.00014084206510456276,1.5836218821019344e-07,0.00011426682053705672,21.54221474379301,5
insurance_charges_smoker_welch,0.001,4.680467338568534,9,15,1,15,1.602181334380111e-07,0.0001406158025409887,1.5835514929324183e-07,0.00011404055195962659,26.349256893619895,6
insurance_charges_smoker_welch,0.001,4.680467338568534,9,31,0,1,0.0006874771327863569,0.2184765633074307,0.0006874776904237041,0.21849046424234264,2.7158699091523886,1
insurance_charges_smoker_welch,0.001,4.680467338568534,9,31,0,2,1.995285022395336e-05,0.0663753194127008,1.995231740817731e-05,0.0663919257680673,2.7807341311126947,1
insurance_charges_smoker_welch,0.001,4.680467338568534,9,31,0,3,4.796116619969784e-07,0.006447842347345967,4.7008522280739173e-07,0.006465514631025182,7.602751504164189,2
insurance_charges_smoker_welch,0.001,4.680467338568534,9,31,0,4,1.6556060299495007e-08,4.4712257931789345e-05,3.155536475412372e-09,6.24984339018253e-05,7.670548493973911,2
insurance_charges_smoker_welch,0.001,4.680467338568534,9,31,0,5,1.5516671205909597e-08,1.7781388158999434e-05,5.260260784593939e-10,2.749800618317977e-07,12.579589852597564,3
insurance_charges_smoker_welch,0.001,4.680467338568534,9,31,0,6,1.5489486398600447e-08,1.7854265361272326e-05,5.660027468414042e-10,2.161882279860805e-07,12.657631143461913,3
insurance_charges_smoker_welch,0.001,4.680467338568534,9,31,0,7,1.5515471486674643e-08,1.7782627121931682e-05,5.257734147721667e-10,2.6853336487775437e-07,17.453641711734235,4
insurance_charges_smoker_welch,0.001,4.680467338568534,9,31,0,8,1.5492516560574514e-08,1.786103894851898e-05,5.658532401661893e-10,2.133524675818066e-07,17.521036845631897,4
insurance_charges_smoker_welch,0.001,4.680467338568534,9,31,0,9,1.551546557678347e-08,1.7778119929534597e-05,5.289502529930927e-10,2.7574118477424747e-07,22.211922727525234,5
insurance_charges_smoker_welch,0.001,4.680467338568534,9,31,0,10,1.549168332283613e-08,1.786165322648081e-05,5.64175497463936e-10,2.100325684484261e-07,22.27725901361555,5
insurance_charges_smoker_welch,0.001,4.680467338568534,9,31,0,11,1.55137116085563e-08,1.7773727248204807e-05,5.283796152990943e-10,2.727677359537495e-07,27.15781861823052,6
insurance_charges_smoker_welch,0.001,4.680467338568534,9,31,0,12,1.548939759083817e-08,1.786511065371421e-05,5.66755474708014e-10,2.107469383449967e-07,27.22668008506298,6
insurance_charges_smoker_welch,0.001,4.680467338568534,9,31,0,13,1.55149158633918e-08,1.7787351496600934e-05,5.240803690102584e-10,2.6675977315981925e-07,32.065087534021586,7
insurance_charges_smoker_welch,0.001,4.680467338568534,9,31,0,14,1.549510477127022e-08,1.7855980842584884e-05,5.667854557339495e-10,2.1238050740279846e-07,32.13322537112981,7
insurance_charges_smoker_welch,0.001,4.680467338568534,9,31,0,15,1.55137930687821e-08,1.778182372236259e-05,5.262947415181807e-10,2.6999415214667977e-07,36.95678297523409,8
insurance_charges_smoker_welch,0.001,4.680467338568534,9,31,1,1,0.0006876305071226092,0.2184911038609061,0.0006876298974513432,0.2184923327624575,2.9148248224519193,1
insurance_charges_smoker_welch,0.001,4.680467338568534,9,31,1,2,2.0103515959225652e-05,0.0664478190224922,2.0102579036112283e-05,0.06644928700798702,7.797953723464161,2
insurance_charges_smoker_welch,0.001,4.680467338568534,9,31,1,3,6.302652961340964e-07,0.006570932969135801,6.28463109806659e-07,0.006572495109410603,7.874656037893146,2
insurance_charges_smoker_welch,0.001,4.680467338568534,9,31,1,4,1.6389948456940653e-07,0.00017884054374728287,1.620936333422934e-07,0.00018041273541413716,7.945898993872106,2
insurance_charges_smoker_welch,0.001,4.680467338568534,9,31,1,5,1.6128004351952615e-07,0.00011620243088517057,1.5947994136438076e-07,0.00011777472104868014,12.667848439887166,3
insurance_charges_smoker_welch,0.001,4.680467338568534,9,31,1,6,1.612799288690055e-07,0.00011632394699034876,1.5947751080008262e-07,0.00011789623696289997,12.74469607276842,3
insurance_charges_smoker_welch,0.001,4.680467338568534,9,31,1,7,1.6129329633717912e-07,0.00011648354977089603,1.5948907224288509e-07,0.00011805583949242582,12.818411121610552,3
insurance_charges_smoker_welch,0.001,4.680467338568534,9,31,1,8,1.6128146546268968e-07,0.00011620359778463651,1.5947709070646235e-07,0.00011777588794636973,17.513360848650336,4
insurance_charges_smoker_welch,0.001,4.680467338568534,9,31,1,9,1.6127635471136287e-07,0.0001163279297312636,1.5947147372059897e-07,0.00011790021969748654,17.589134159963578,4
insurance_charges_smoker_welch,0.001,4.680467338568534,9,31,1,10,1.612926888421102e-07,0.0001164735423710983,1.594880512177424e-07,0.00011804583210839326,17.676043319050223,4
insurance_charges_smoker_welch,0.001,4.680467338568534,9,31,1,11,1.6128454599925133e-07,0.00011620009837132184,1.594767987294756e-07,0.00011777238853860617,22.388220260851085,5
insurance_charges_smoker_welch,0.001,4.680467338568534,9,31,1,12,1.6128658567909467e-07,0.0001163335717107028,1.5948044561469522e-07,0.00011790586166804395,22.463209359906614,5
insurance_charges_smoker_welch,0.001,4.680467338568534,9,31,1,13,1.6129049532814435e-07,0.00011647986140694844,1.594859530133163e-07,0.00011805215113425138,22.5332741769962,5
insurance_charges_smoker_welch,0.001,4.680467338568534,9,31,1,14,1.6127624409574803e-07,0.00011619428030329448,1.5947330353916628e-07,0.00011776657047968264,27.278376560192555,6
insurance_charges_smoker_welch,0.001,4.680467338568534,9,31,1,15,1.612810192202543e-07,0.00011631955759605628,1.5947786479804827e-07,0.00011789184757537985,27.355806592386216,6
insurance_charges_smoker_welch,0.001,4.680467338568534,9,63,0,1,5.262583539849476e-05,0.028720807050690356,5.262493685895275e-05,0.028718637778031963,3.268483913037926,1
insurance_charges_smoker_welch,0.001,4.680467338568534,9,63,0,2,2.2048330783485214e-07,0.0012272103361644637,2.1367653010613953e-07,0.0012249796588059692,8.120144417975098,2
insurance_charges_smoker_welch,0.001,4.680467338568534,9,63,0,3,1.5558120652083257e-08,1.2841472086355665e-05,6.377606143998069e-10,1.9790664269603297e-06,8.18737097736448,2
insurance_charges_smoker_welch,0.001,4.680467338568534,9,63,0,4,1.5506564862423312e-08,1.2830373624650449e-05,5.445993021577591e-10,3.473409633247826e-07,12.675859900191426,3
insurance_charges_smoker_welch,0.001,4.680467338568534,9,63,0,5,1.5500130581431733e-08,1.2842151199010665e-05,5.660886624029074e-10,2.7721912121414505e-07,12.742249358911067,3
insurance_charges_smoker_welch,0.001,4.680467338568534,9,63,0,6,1.5511612864231404e-08,1.2831934477874896e-05,5.397711857354722e-10,3.40321108405206e-07,17.595968992915004,4
insurance_charges_smoker_welch,0.001,4.680467338568534,9,63,0,7,1.5499871231161388e-08,1.2842390484602006e-05,5.65791770958102e-10,2.800261200697207e-07,17.66580157680437,4
insurance_charges_smoker_welch,0.001,4.680467338568534,9,63,0,8,1.550589398647764e-08,1.2828720024393725e-05,5.427279625571464e-10,3.5249562335692985e-07,22.638002491556108,5
insurance_charges_smoker_welch,0.001,4.680467338568534,9,63,0,9,1.5507522902626336e-08,1.2841912186756232e-05,5.692267190204436e-10,2.7502112809330015e-07,22.705298757646233,5
insurance_charges_smoker_welch,0.001,4.680467338568534,9,63,0,10,1.550875128649638e-08,1.2828819731081076e-05,5.405144346698216e-10,3.372805144064017e-07,27.651539492886513,6
insurance_charges_smoker_welch,0.001,4.680467338568534,9,63,0,11,1.5503184081318348e-08,1.2841114975015167e-05,5.659342672464441e-10,2.736682456205841e-07,27.725423511117697,6
insurance_charges_smoker_welch,0.001,4.680467338568534,9,63,0,12,1.550306239717501e-08,1.2829828828220258e-05,5.349578493096666e-10,3.5154024602412903e-07,32.67366582527757,7
insurance_charges_smoker_welch,0.001,4.680467338568534,9,63,0,13,1.5501203487837108e-08,1.2843472803947265e-05,5.664572211325854e-10,2.695939833596839e-07,32.74016526527703,7
insurance_charges_smoker_welch,0.001,4.680467338568534,9,63,0,14,1.550330579561606e-08,1.2831334521568039e-05,5.420588377131805e-10,3.492097728763355e-07,37.55710108438507,8
insurance_charges_smoker_welch,0.001,4.680467338568534,9,63,0,15,1.5504362526694027e-08,1.28434622910234e-05,5.654550566421403e-10,2.6188200030752284e-07,37.62367926025763,8
insurance_charges_smoker_welch,0.001,4.680467338568534,9,63,1,1,5.277838394648981e-05,0.02879767482675344,5.277789137981265e-05,0.028794880567685643,3.2092424728907645,1
insurance_charges_smoker_welch,0.001,4.680467338568534,9,63,1,2,3.7390911431741094e-07,0.0013444091698735505,3.723581045557058e-07,0.0013415359246516934,7.708265797700733,2
insurance_charges_smoker_welch,0.001,4.680467338568534,9,63,1,3,1.6089931018355104e-07,0.0001247727947745192,1.5929107248205165e-07,0.00012189604052081915,7.783265818376094,2
insurance_charges_smoker_welch,0.001,4.680467338568534,9,63,1,4,1.6079300062993271e-07,0.00012297944299588526,1.5918336206931238e-07,0.00012010268358242371,7.852688421495259,2
insurance_charges_smoker_welch,0.001,4.680467338568534,9,63,1,5,1.6079363557876586e-07,0.00012267000603127798,1.5918615997829127e-07,0.00011979324572752859,12.295921615790576,3
insurance_charges_smoker_welch,0.001,4.680467338568534,9,63,1,6,1.6079301789535426e-07,0.00012253222698599409,1.5918609974915297e-07,0.00011965546628589507,12.370916876476258,3
insurance_charges_smoker_welch,0.001,4.680467338568534,9,63,1,7,1.6079334380723204e-07,0.00012298358172913026,1.591834159747839e-07,0.0001201068223275481,12.440096516162157,3
insurance_charges_smoker_welch,0.001,4.680467338568534,9,63,1,8,1.6079176211268226e-07,0.0001226690217670523,1.5918481440101279e-07,0.00011979226146052735,16.706224154215306,4
insurance_charges_smoker_welch,0.001,4.680467338568534,9,63,1,9,1.6079202769997468e-07,0.00012254311688186803,1.5918333030804342e-07,0.00011966635621307731,16.806444759014994,4
insurance_charges_smoker_welch,0.001,4.680467338568534,9,63,1,10,1.60793450607038e-07,0.00012297182956799713,1.5918725130780554e-07,0.00012009507013255316,16.875642103143036,4
insurance_charges_smoker_welch,0.001,4.680467338568534,9,63,1,11,1.6078980602295955e-07,0.00012265908198383357,1.591868647369338e-07,0.00011978232164866487,21.120825408026576,5
insurance_charges_smoker_welch,0.001,4.680467338568534,9,63,1,12,1.6079380040099278e-07,0.00012254079352780334,1.5918531399192098e-07,0.00011966403285224025,21.198278421070427,5
insurance_charges_smoker_welch,0.001,4.680467338568534,9,63,1,13,1.6079441783042325e-07,0.00012297584117626492,1.5918962111972264e-07,0.0001200990817524783,21.266051288228482,5
insurance_charges_smoker_welch,0.001,4.680467338568534,9,63,1,14,1.6078976747536426e-07,0.00012266590300480384,1.5918331155208784e-07,0.00011978914268928609,25.545850423164666,6
insurance_charges_smoker_welch,0.001,4.680467338568534,9,63,1,15,1.6079409770893046e-07,0.00012253730901667925,1.5918654149447018e-07,0.00011966054833112416,25.621586973313242,6
insurance_charges_smoker_welch,0.001,4.680467338568534,9,127,0,1,5.916132133854702e-07,0.00046011052021111,5.893823368290336e-07,0.00044866524199349556,6.240917675662786,2
insurance_charges_smoker_welch,0.001,4.680467338568534,9,127,0,2,1.632221558822369e-08,1.647239788360455e-05,5.83965604513656e-10,5.624071703902445e-07,6.3119139317423105,2
insurance_charges_smoker_welch,0.001,4.680467338568534,9,127,0,3,1.6295750211295964e-08,1.6422669090077058e-05,5.34300042804545e-10,2.2135075128382198e-07,11.167174118570983,3
insurance_charges_smoker_welch,0.001,4.680467338568534,9,127,0,4,1.6308295771088265e-08,1.6382345364829298e-05,5.677359988822382e-10,4.51595300599017e-07,11.23223016783595,3
insurance_charges_smoker_welch,0.001,4.680467338568534,9,127,0,5,1.629845432262115e-08,1.641937609198063e-05,5.364206018226402e-10,2.2713948510943993e-07,15.94321882398799,4
insurance_charges_smoker_welch,0.001,4.680467338568534,9,127,0,6,1.6304888807879806e-08,1.638243310886356e-05,5.668067359222543e-10,4.452017099421113e-07,16.0086802681908,4
insurance_charges_smoker_welch,0.001,4.680467338568534,9,127,0,7,1.629752006660523e-08,1.6422429930607052e-05,5.412005920283735e-10,2.3192398401761238e-07,21.174681216012686,5
insurance_charges_smoker_welch,0.001,4.680467338568534,9,127,0,8,1.6308074859864246e-08,1.6382300896289337e-05,5.66715194923569e-10,4.542814839858522e-07,21.2404228518717,5
insurance_charges_smoker_welch,0.001,4.680467338568534,9,127,0,9,1.629353280663032e-08,1.6421093387508634e-05,5.329611944506667e-10,2.1435239416778273e-07,26.033034649677575,6
insurance_charges_smoker_welch,0.001,4.680467338568534,9,127,0,10,1.6304968742023284e-08,1.638114876756358e-05,5.659443493373137e-10,4.51845757587499e-07,26.099907309748232,6
insurance_charges_smoker_welch,0.001,4.680467338568534,9,127,0,11,1.6295103435033453e-08,1.6422791080161758e-05,5.34475716600937e-10,2.2551130862691338e-07,30.880449735093862,7
insurance_charges_smoker_welch,0.001,4.680467338568534,9,127,0,12,1.6309075896957226e-08,1.6380608503618888e-05,5.66254906859124e-10,4.427919038096917e-07,30.946807477157563,7
insurance_charges_smoker_welch,0.001,4.680467338568534,9,127,0,13,1.6293940870512483e-08,1.6418581204380445e-05,5.34931125786099e-10,2.241355122611921e-07,35.93149486603215,8
insurance_charges_smoker_welch,0.001,4.680467338568534,9,127,0,14,1.630715261568015e-08,1.6379356327478334e-05,5.707889968645631e-10,4.4703873380846915e-07,35.997571780811995,8
insurance_charges_smoker_welch,0.001,4.680467338568534,9,127,0,15,1.6298456158212696e-08,1.642123271983209e-05,5.345222721473558e-10,2.2242393271643124e-07,40.84558419557288,9
insurance_charges_smoker_welch,0.001,4.680467338568534,9,127,1,1,7.389228260146421e-07,0.0005705666076661897,7.393867618016767e-07,0.0005729299767114338,6.417373730801046,2
insurance_charges_smoker_welch,0.001,4.680467338568534,9,127,1,2,1.5809038470332033e-07,0.0001282885351534535,1.5751773319939963e-07,0.00013065295006164934,6.490704500582069,2
insurance_charges_smoker_welch,0.001,4.680467338568534,9,127,1,3,1.580266851577126e-07,0.00012804525739029682,1.5745691071130814e-07,0.00013040967287381022,6.560643336735666,2
insurance_charges_smoker_welch,0.001,4.680467338568534,9,127,1,4,1.5805581211965656e-07,0.00012801152808017413,1.574839032542644e-07,0.00013037594364340155,11.177443521097302,3
insurance_charges_smoker_welch,0.001,4.680467338568534,9,127,1,5,1.5804482248537463e-07,0.00012799142194896973,1.574725964572503e-07,0.00013035583755982572,11.253838029224426,3
insurance_charges_smoker_welch,0.001,4.680467338568534,9,127,1,6,1.5803078291263064e-07,0.00012804562520163376,1.5745588041170356e-07,0.000130410040684259,11.323547346983105,3
insurance_charges_smoker_welch,0.001,4.680467338568534,9,127,1,7,1.5805509639568125e-07,0.00012801856461908123,1.574838011500059e-07,0.00013038298016576633,16.339203010778874,4
insurance_charges_smoker_welch,0.001,4.680467338568534,9,127,1,8,1.5804253535757818e-07,0.00012799213594361092,1.5747207145798287e-07,0.00013035655155269055,16.41608235007152,4
insurance_charges_smoker_welch,0.001,4.680467338568534,9,127,1,9,1.5802580472419625e-07,0.00012804449496417458,1.574539258830863e-07,0.00013040891044946434,16.48588260030374,4
insurance_charges_smoker_welch,0.001,4.680467338568534,9,127,1,10,1.5804958255025852e-07,0.00012800672951174263,1.5748173994426355e-07,0.00013037114508640535,21.54807617655024,5
insurance_charges_smoker_welch,0.001,4.680467338568534,9,127,1,11,1.5804654155773495e-07,0.00012799509232197526,1.5747310315181046e-07,0.00013035950792406048,21.625802957452834,5
insurance_charges_smoker_welch,0.001,4.680467338568534,9,127,1,12,1.580255631732899e-07,0.00012804716156256113,1.5745537335129292e-07,0.00013041157704152262,21.696540689561516,5
insurance_charges_smoker_welch,0.001,4.680467338568534,9,127,1,13,1.580523764231593e-07,0.00012802220930241415,1.5748120290609991e-07,0.0001303866248404395,26.687457978259772,6
insurance_charges_smoker_welch,0.001,4.680467338568534,9,127,1,14,1.5804310274452574e-07,0.00012799561324683406,1.5747311191800854e-07,0.00013036002884769804,26.76510748732835,6
insurance_charges_smoker_welch,0.001,4.680467338568534,9,127,1,15,1.580273273399259e-07,0.00012804379200415106,1.5745460102741733e-07,0.00013040820749110615,26.833098283037543,6
insurance_charges_smoker_welch,0.001,4.680467338568534,9,255,0,1,1.589163521839259e-08,2.4114646648198956e-05,6.056811083662253e-10,4.0046264349058447e-07,8.278120502829552,2
insurance_charges_smoker_welch,0.001,4.680467338568534,9,255,0,2,1.5892679728818007e-08,2.4211113526462213e-05,5.492063739415609e-10,2.0728850858020564e-07,8.344570222776383,2
insurance_charges_smoker_welch,0.001,4.680467338568534,9,255,0,3,1.590642368730057e-08,2.4255362038649864e-05,5.268316354253345e-10,1.1731096394296259e-07,13.395351483952254,3
insurance_charges_smoker_welch,0.001,4.680467338568534,9,255,0,4,1.589595297759954e-08,2.421298776233982e-05,5.553344403559266e-10,2.0198136141402756e-07,13.476805416401476,3
insurance_charges_smoker_welch,0.001,4.680467338568534,9,255,0,5,1.5905729695703794e-08,2.4256557017876546e-05,5.227796809441625e-10,1.1659700349664348e-07,18.11564234038815,4
insurance_charges_smoker_welch,0.001,4.680467338568534,9,255,0,6,1.5894140154389173e-08,2.4213192381106197e-05,5.550747854349356e-10,2.0577116388587058e-07,18.183564546518028,4
insurance_charges_smoker_welch,0.001,4.680467338568534,9,255,0,7,1.5908218268114816e-08,2.425828499497129e-05,5.254194406725148e-10,1.1747218853219721e-07,23.221894628368318,5
insurance_charges_smoker_welch,0.001,4.680467338568534,9,255,0,8,1.58927608601443e-08,2.421273972541549e-05,5.488823075385082e-10,2.063414263897556e-07,23.290170428343117,5
insurance_charges_smoker_welch,0.001,4.680467338568534,9,255,0,9,1.5905146348165226e-08,2.425388171700682e-05,5.226495227071367e-10,1.1949662115373627e-07,28.118032794445753,6
insurance_charges_smoker_welch,0.001,4.680467338568534,9,255,0,10,1.5889201756526873e-08,2.4210705748650696e-05,5.503092827790883e-10,1.9975364362601056e-07,28.18553351564333,6
insurance_charges_smoker_welch,0.001,4.680467338568534,9,255,0,11,1.5902464857881502e-08,2.4255410959295176e-05,5.253316905020223e-10,1.1522862120028066e-07,33.30657282238826,7
insurance_charges_smoker_welch,0.001,4.680467338568534,9,255,0,12,1.5895665709570486e-08,2.421066232294322e-05,5.551723507284535e-10,2.1143096495812586e-07,33.37098719552159,7
insurance_charges_smoker_welch,0.001,4.680467338568534,9,255,0,13,1.5907872995401672e-08,2.4256349081541728e-05,5.233422813458123e-10,1.1837715396811888e-07,38.486802126746625,8
insurance_charges_smoker_welch,0.001,4.680467338568534,9,255,0,14,1.5896615034875132e-08,2.421258855278552e-05,5.52144776019912e-10,2.104221741294765e-07,38.55420302087441,8
insurance_charges_smoker_welch,0.001,4.680467338568534,9,255,0,15,1.590907443577708e-08,2.4260002661424807e-05,5.228696583572967e-10,1.1477478834009958e-07,43.87685588002205,9
insurance_charges_smoker_welch,0.001,4.680467338568534,9,255,1,1,1.607060893129528e-07,0.0001370819996595607,1.587573088745469e-07,0.00011994486051136732,8.729042653460056,2
insurance_charges_smoker_welch,0.001,4.680467338568534,9,255,1,2,1.60592935003107e-07,0.00013700680288530886,1.5863849390696416e-07,0.00011986966244825759,8.805442066397518,2
insurance_charges_smoker_welch,0.001,4.680467338568534,9,255,1,3,1.6058687287587656e-07,0.00013696829946252542,1.5863414108665795e-07,0.00011983115836555758,8.874387108255178,2
insurance_charges_smoker_welch,0.001,4.680467338568534,9,255,1,4,1.6057107283190143e-07,0.00013683493677973946,1.5861770028614117e-07,0.00011969779339704445,14.235903764143586,3
insurance_charges_smoker_welch,0.001,4.680467338568534,9,255,1,5,1.6058503280219326e-07,0.0001369966286347557,1.586339570843525e-07,0.00011985948802339941,14.31293739238754,3
insurance_charges_smoker_welch,0.001,4.680467338568534,9,255,1,6,1.605890458056509e-07,0.00013696934817064577,1.5863744776841945e-07,0.00011983220709166353,14.383863247465342,3
insurance_charges_smoker_welch,0.001,4.680467338568534,9,255,1,7,1.6057749615532583e-07,0.0001368300190549565,1.5862265695937967e-07,0.00011969287558799557,19.365911500528455,4
insurance_charges_smoker_welch,0.001,4.680467338568534,9,255,1,8,1.6059127206377257e-07,0.0001370000330832566,1.5863727862092044e-07,0.000119862892530187,19.4397489936091,4
insurance_charges_smoker_welch,0.001,4.680467338568534,9,255,1,9,1.6059317773782999e-07,0.00013697134908341457,1.586374565708841e-07,0.00011983420803873823,19.509416420478374,4
insurance_charges_smoker_welch,0.001,4.680467338568534,9,255,1,10,1.605741899434982e-07,0.00013683486151472302,1.5862259021559916e-07,0.00011969771813069574,24.506058475468308,5
insurance_charges_smoker_welch,0.001,4.680467338568534,9,255,1,11,1.6059036411281884e-07,0.00013699919170617747,1.5863643014639426e-07,0.00011986205113867499,24.581201488617808,5
insurance_charges_smoker_welch,0.001,4.680467338568534,9,255,1,12,1.6058771747529815e-07,0.0001369664103313406,1.586380943555666e-07,0.00011982926920206527,24.651418942492455,5
insurance_charges_smoker_welch,0.001,4.680467338568534,9,255,1,13,1.6057143587718523e-07,0.0001368330845334942,1.5861981169465217e-07,0.00011969594111893578,29.25044724950567,6
insurance_charges_smoker_welch,0.001,4.680467338568534,9,255,1,14,1.6058829766257035e-07,0.00013700265869476258,1.586363219263004e-07,0.00011986551818676805,29.326878622639924,6
insurance_charges_smoker_welch,0.001,4.680467338568534,9,255,1,15,1.60585449888379e-07,0.00013697175384475013,1.5863452648053338e-07,0.00011983461280695717,29.39796103956178,6
insurance_charges_smoker_welch,0.001,4.680467338568534,9,511,0,1,1.7533565649352332e-08,4.0695313171301706e-05,5.39384114866951e-10,2.0310072368356913e-07,11.684568058233708,2
insurance_charges_smoker_welch,0.001,4.680467338568534,9,511,0,2,1.7537312887098532e-08,4.078360326076336e-05,5.684075114985299e-10,2.0694649360830653e-07,11.752633639145643,2
insurance_charges_smoker_welch,0.001,4.680467338568534,9,511,0,3,1.7529997594826043e-08,4.0742979845243e-05,5.300796721322779e-10,1.6564299731847143e-07,16.01420618733391,3
insurance_charges_smoker_welch,0.001,4.680467338568534,9,511,0,4,1.7533780709719986e-08,4.078351089709109e-05,5.635643130549178e-10,2.049582248364601e-07,16.08345928043127,3
insurance_charges_smoker_welch,0.001,4.680467338568534,9,511,0,5,1.7529332109059235e-08,4.074354846994588e-05,5.338178087500173e-10,1.6790760559715068e-07,20.320744789671153,4
insurance_charges_smoker_welch,0.001,4.680467338568534,9,511,0,6,1.7531977468519014e-08,4.07842449940965e-05,5.646171115147652e-10,2.0818464319116714e-07,20.388887895736843,4
insurance_charges_smoker_welch,0.001,4.680467338568534,9,511,0,7,1.753337126876215e-08,4.0741922823217536e-05,5.325633056737545e-10,1.6956411585944409e-07,24.711981422733516,5
insurance_charges_smoker_welch,0.001,4.680467338568534,9,511,0,8,1.7533641590965356e-08,4.078099928639389e-05,5.668106713152543e-10,2.0603233652494168e-07,24.780333272647113,5
insurance_charges_smoker_welch,0.001,4.680467338568534,9,511,0,9,1.7533404979284316e-08,4.074089948025161e-05,5.383653564420274e-10,1.6785500256411012e-07,29.08320778561756,6
insurance_charges_smoker_welch,0.001,4.680467338568534,9,511,0,10,1.7530487049372272e-08,4.078279933095175e-05,5.639185677664207e-10,2.0180358639709794e-07,29.14978307345882,6
insurance_charges_smoker_welch,0.001,4.680467338568534,9,511,0,11,1.7533396132591e-08,4.073987648101074e-05,5.347139720307266e-10,1.722994724673299e-07,33.36943261604756,7
insurance_charges_smoker_welch,0.001,4.680467338568534,9,511,0,12,1.753120217502045e-08,4.078238748750351e-05,5.650107086874418e-10,2.1013891304821897e-07,33.43694436782971,7
insurance_charges_smoker_welch,0.001,4.680467338568534,9,511,0,13,1.7536465427588874e-08,4.074165859702106e-05,5.333007883228953e-10,1.6808620872943436e-07,37.777724775951356,8
insurance_charges_smoker_welch,0.001,4.680467338568534,9,511,0,14,1.752766480021047e-08,4.0780590541800166e-05,5.628614305937534e-10,2.054288851249808e-07,37.846584878861904,8
insurance_charges_smoker_welch,0.001,4.680467338568534,9,511,0,15,1.7534557830997064e-08,4.0741000183253107e-05,5.351892276111948e-10,1.6562831528510458e-07,42.159530892036855,9
insurance_charges_smoker_welch,0.001,4.680467338568534,9,511,1,1,1.617397857061344e-07,0.00011286656223241653,1.5959546952438338e-07,0.00011901325751650926,11.80339952930808,2
insurance_charges_smoker_welch,0.001,4.680467338568534,9,511,1,2,1.6174225516602623e-07,0.00011293899778774819,1.5959734837313436e-07,0.00011908569262653046,11.879811201244593,2
insurance_charges_smoker_welch,0.001,4.680467338568534,9,511,1,3,1.617418390993463e-07,0.00011280833129856394,1.5959392543181487e-07,0.00011895502694059257,11.950190318282694,2
insurance_charges_smoker_welch,0.001,4.680467338568534,9,511,1,4,1.617330333533715e-07,0.0001128438889489436,1.5959060475143462e-07,0.00011899058437236931,16.41301036020741,3
insurance_charges_smoker_welch,0.001,4.680467338568534,9,511,1,5,1.617382957048019e-07,0.00011295151469770115,1.595937572998372e-07,0.00011909820945943395,16.48892484419048,3
insurance_charges_smoker_welch,0.001,4.680467338568534,9,511,1,6,1.6173324228068868e-07,0.00011281303905907869,1.595891399737404e-07,0.0001189597346721305,16.559977419208735,3
insurance_charges_smoker_welch,0.001,4.680467338568534,9,511,1,7,1.6173198944252683e-07,0.0001128442712048372,1.595894643229881e-07,0.00011899096662593145,20.841490309219807,4
insurance_charges_smoker_welch,0.001,4.680467338568534,9,511,1,8,1.6174368142792616e-07,0.00011294356689084406,1.5960428189390848e-07,0.00011909026170153769,20.91944117518142,4
insurance_charges_smoker_welch,0.001,4.680467338568534,9,511,1,9,1.6173684589236383e-07,0.00011280660599255476,1.5959272007205877e-07,0.00011895330164513052,20.989778815302998,4
insurance_charges_smoker_welch,0.001,4.680467338568534,9,511,1,10,1.6173644582009522e-07,0.00011285366392210783,1.5959124286469138e-07,0.00011900035928547048,25.289469591341913,5
insurance_charges_smoker_welch,0.001,4.680467338568534,9,511,1,11,1.6174063535409259e-07,0.0001129426707850989,1.5959685748967065e-07,0.00011908936560134364,25.363880606368184,5
insurance_charges_smoker_welch,0.001,4.680467338568534,9,511,1,12,1.6173536306439412e-07,0.000112805012138395,1.59593000039809e-07,0.00011895170780085174,25.434829445555806,5
insurance_charges_smoker_welch,0.001,4.680467338568534,9,511,1,13,1.6173869455203047e-07,0.00011285188607701446,1.5959508264563549e-07,0.00011899858145136832,29.773398871533573,6
insurance_charges_smoker_welch,0.001,4.680467338568534,9,511,1,14,1.617396698186102e-07,0.00011295384136633668,1.5959460948961252e-07,0.00011910053611385862,29.849796541500837,6
insurance_charges_smoker_welch,0.001,4.680467338568534,9,511,1,15,1.617373929879934e-07,0.00011280434584659549,1.595959914288567e-07,0.00011895104151316005,29.919994379393756,6
insurance_charges_smoker_welch,0.001,4.680467338568534,8,15,0,1,0.0035182731755806023,0.5207760633287394,0.0035182747421041187,0.5207899326283931,2.406706191599369,1
insurance_charges_smoker_welch,0.001,4.680467338568534,8,15,0,2,0.0002490654727022421,0.33618914014757395,0.0002490667654845433,0.33620835160807117,6.946511504705995,2
insurance_charges_smoker_welch,0.001,4.680467338568534,8,15,0,3,2.8376630470908713e-05,0.15052767884951468,2.8372775698201227e-05,0.15055226356924167,11.32700019562617,3
insurance_charges_smoker_welch,0.001,4.680467338568534,8,15,0,4,3.134869674758075e-06,0.03226478184952586,3.1251002166893255e-06,0.03229278923542389,16.1938803428784,4
insurance_charges_smoker_welch,0.001,4.680467338568534,8,15,0,5,1.0105088271211086e-07,0.0015185416212840641,8.925285540659436e-08,0.0015474388392341387,20.91166811157018,5
insurance_charges_smoker_welch,0.001,4.680467338568534,8,15,0,6,1.670598095290812e-08,2.5309574902987464e-05,6.563143942434155e-10,3.63232390132584e-06,25.60575197264552,6
insurance_charges_smoker_welch,0.001,4.680467338568534,8,15,0,7,1.6832584231478887e-08,2.8891356416593794e-05,5.145802832708861e-10,1.2687324679738765e-07,29.889614632353187,7
insurance_charges_smoker_welch,0.001,4.680467338568534,8,15,0,8,1.6833719642471543e-08,2.8903897981713556e-05,5.138265240400191e-10,1.225799799442484e-07,34.67633756343275,8
insurance_charges_smoker_welch,0.001,4.680467338568534,8,15,0,9,1.6838161809307195e-08,2.8899280042571363e-05,5.142813877224105e-10,1.2219929712564692e-07,39.49933683639392,9
insurance_charges_smoker_welch,0.001,4.680467338568534,8,15,0,10,1.6837407930512545e-08,2.8897801255478583e-05,5.168470162215857e-10,1.2002622762352644e-07,43.88982826983556,10
insurance_charges_smoker_welch,0.001,4.680467338568534,8,15,0,11,1.6837822262824766e-08,2.8890781349488748e-05,5.201752045324703e-10,1.238131281944277e-07,48.63135237200186,11
insurance_charges_smoker_welch,0.001,4.680467338568534,8,15,0,12,1.6832975811445987e-08,2.890855585446772e-05,5.157548504621705e-10,1.3103457185970058e-07,53.3395183281973,12
insurance_charges_smoker_welch,0.001,4.680467338568534,8,15,0,13,1.683178005236789e-08,2.8892550508530235e-05,5.150521499436831e-10,1.2048539865805452e-07,58.138097000308335,13
insurance_charges_smoker_welch,0.001,4.680467338568534,8,15,0,14,1.68354712694556e-08,2.889698120500661e-05,5.173845134194858e-10,1.3154725664321631e-07,62.48416541237384,14
insurance_charges_smoker_welch,0.001,4.680467338568534,8,15,0,15,1.6842524519397302e-08,2.890744899786135e-05,5.176676321017926e-10,1.1883339923191016e-07,67.09815687732771,15
insurance_charges_smoker_welch,0.001,4.680467338568534,8,15,1,1,0.003518413801600481,0.5207787981489437,0.003518413262736356,0.5207742500676019,2.4322365024127066,1
insurance_charges_smoker_welch,0.001,4.680467338568534,8,15,1,2,0.0002491985388938302,0.33620996889372823,0.00024919774005150146,0.3362036691493854,2.500889087561518,1
insurance_charges_smoker_welch,0.001,4.680467338568534,8,15,1,3,2.8521918867754e-05,0.1505921848700713,2.8520028595372836e-05,0.15058412350755102,7.364301106892526,2
insurance_charges_smoker_welch,0.001,4.680467338568534,8,15,1,4,3.284064250966917e-06,0.03239023051475565,3.28212508175199e-06,0.03238104734856506,7.438884439878166,2
insurance_charges_smoker_welch,0.001,4.680467338568534,8,15,1,5,2.5087260012342385e-07,0.0016762747929418564,2.4892660419049666e-07,0.0016668001338697724,7.5087620839476585,2
insurance_charges_smoker_welch,0.001,4.680467338568534,8,15,1,6,1.6242414720755267e-07,0.00013544824008582257,1.6047506024876695e-07,0.00012595895769473842,12.462597976904362,3
insurance_charges_smoker_welch,0.001,4.680467338568534,8,15,1,7,1.6228159521194412e-07,0.0001318037822289897,1.603347126405675e-07,0.00012231446525001743,12.538763332180679,3
insurance_charges_smoker_welch,0.001,4.680467338568534,8,15,1,8,1.6227985950361616e-07,0.000131962852574663,1.6033142315728145e-07,0.000122473537105372,12.607985910959542,3
insurance_charges_smoker_welch,0.001,4.680467338568534,8,15,1,9,1.6228290569894136e-07,0.00013187098496503236,1.6033486388841042e-07,0.0001223816686237722,17.32939632004127,4
insurance_charges_smoker_welch,0.001,4.680467338568534,8,15,1,10,1.6227958068254186e-07,0.0001318095547836462,1.603285352030997e-07,0.00012232023785940793,17.40421238122508,4
insurance_charges_smoker_welch,0.001,4.680467338568534,8,15,1,11,1.622786297602921e-07,0.00013195853609260233,1.6033007031934497e-07,0.00012246922058223308,17.492774185258895,4
insurance_charges_smoker_welch,0.001,4.680467338568534,8,15,1,12,1.6228769490212117e-07,0.00013186286083666232,1.603376537267408e-07,0.0001223735444183527,22.1771254776977,5
insurance_charges_smoker_welch,0.001,4.680467338568534,8,15,1,13,1.6227935726970428e-07,0.00013179904841553736,1.603306529442289e-07,0.00012230973139160106,22.252730831038207,5
insurance_charges_smoker_welch,0.001,4.680467338568534,8,15,1,14,1.622807072421588e-07,0.00013196176302121554,1.6033360239865404e-07,0.00012247244754148845,22.323342268820852,5
insurance_charges_smoker_welch,0.001,4.680467338568534,8,15,1,15,1.6228393194202723e-07,0.0001318711063907907,1.6033688659440468e-07,0.00012238179005075178,26.979825723916292,6
insurance_charges_smoker_welch,0.001,4.680467338568534,8,31,0,1,0.0006874793046484021,0.21846732009286907,0.0006874786809966208,0.21846858728361895,2.8564570802263916,1
insurance_charges_smoker_welch,0.001,4.680467338568534,8,31,0,2,1.9953882626787037e-05,0.06637754673477436,1.9951692477662596e-05,0.06637906052654163,7.325698229949921,2
insurance_charges_smoker_welch,0.001,4.680467338568534,8,31,0,3,4.806609100484861e-07,0.006461188313650057,4.6996643547540746e-07,0.006462799254848384,12.104857577942312,3
insurance_charges_smoker_welch,0.001,4.680467338568534,8,31,0,4,1.6929526219329396e-08,6.062418799279712e-05,3.1297289875111065e-09,6.224550717770505e-05,16.757029321044683,4
insurance_charges_smoker_welch,0.001,4.680467338568534,8,31,0,5,1.5464039152869748e-08,1.4457459539096718e-05,5.362984084939155e-10,2.6650489992618986e-07,21.984565822407603,5
insurance_charges_smoker_welch,0.001,4.680467338568534,8,31,0,6,1.546143656160442e-08,1.446169337482317e-05,5.414111069665102e-10,2.7886805331611697e-07,26.7035341844894,6
insurance_charges_smoker_welch,0.001,4.680467338568534,8,31,0,7,1.546201334173063e-08,1.4458410357187645e-05,5.401978027054402e-10,2.847656068727389e-07,30.99749067844823,7
insurance_charges_smoker_welch,0.001,4.680467338568534,8,31,0,8,1.5460857663285977e-08,1.4456611222790627e-05,5.398433644656145e-10,2.826484748474911e-07,35.67772053973749,8
insurance_charges_smoker_welch,0.001,4.680467338568534,8,31,0,9,1.5459938056698103e-08,1.4456462438916517e-05,5.390767438729239e-10,2.73949922968697e-07,40.50086871860549,9
insurance_charges_smoker_welch,0.001,4.680467338568534,8,31,0,10,1.5464745333799182e-08,1.4456168913046241e-05,5.414456195949966e-10,2.784027548496937e-07,45.64679197454825,10
insurance_charges_smoker_welch,0.001,4.680467338568534,8,31,0,11,1.545532598109427e-08,1.4461967544177057e-05,5.432998866739631e-10,2.866271782142604e-07,50.47674267552793,11
insurance_charges_smoker_welch,0.001,4.680467338568534,8,31,0,12,1.5459330656754366e-08,1.446022013862347e-05,5.413499645572865e-10,2.82696484221745e-07,54.69840634474531,12
insurance_charges_smoker_welch,0.001,4.680467338568534,8,31,0,13,1.5458645305456084e-08,1.4457498749509412e-05,5.39259225327323e-10,2.8256295836470713e-07,59.778617242816836,13
insurance_charges_smoker_welch,0.001,4.680467338568534,8,31,0,14,1.546004296240286e-08,1.4462465168341154e-05,5.388853496396981e-10,2.876860238920642e-07,64.35580354183912,14
insurance_charges_smoker_welch,0.001,4.680467338568534,8,31,0,15,1.5462282972765115e-08,1.4458022222552103e-05,5.405425554928203e-10,2.8283834940801e-07,69.29785895301029,15
insurance_charges_smoker_welch,0.001,4.680467338568534,8,31,1,1,0.0006876310647089938,0.21849785405840572,0.0006876309000791909,0.2184809774548072,2.914740859530866,1
insurance_charges_smoker_welch,0.001,4.680467338568534,8,31,1,2,2.0103662033742325e-05,0.06646410601078279,2.0103213694916367e-05,0.06644394622579741,7.771726984530687,2
insurance_charges_smoker_welch,0.001,4.680467338568534,8,31,1,3,6.301946915135745e-07,0.006595082752463455,6.289125317929828e-07,0.006573630090960014,7.85044816089794,2
insurance_charges_smoker_welch,0.001,4.680467338568534,8,31,1,4,1.6411314641859255e-07,0.00020443155695637483,1.6278773664469195e-07,0.00018284088881082017,7.919866560027003,2
insurance_charges_smoker_welch,0.001,4.680467338568534,8,31,1,5,1.6150904774337428e-07,0.00014207102399332872,1.6018412154912136e-07,0.00012047900916689613,12.899825100786984,3
insurance_charges_smoker_welch,0.001,4.680467338568534,8,31,1,6,1.6149398451965836e-07,0.00014212126538060144,1.601658997388675e-07,0.0001205292516390788,12.974325854796916,3
insurance_charges_smoker_welch,0.001,4.680467338568534,8,31,1,7,1.615026653051562e-07,0.00014209028568490378,1.6017585526675518e-07,0.00012049827127436075,13.043648788705468,3
insurance_charges_smoker_welch,0.001,4.680467338568534,8,31,1,8,1.6151057305532839e-07,0.00014206242710457229,1.6018486913357014e-07,0.00012047041209239939,17.533859475515783,4
insurance_charges_smoker_welch,0.001,4.680467338568534,8,31,1,9,1.6149119837336164e-07,0.00014213349608060977,1.601633670421013e-07,0.00012054148260309816,17.6135015594773,4
insurance_charges_smoker_welch,0.001,4.680467338568534,8,31,1,10,1.6149744027106334e-07,0.00014209395904152267,1.6017106255891217e-07,0.00012050194471036058,17.682883826550096,4
insurance_charges_smoker_welch,0.001,4.680467338568534,8,31,1,11,1.6150444709312004e-07,0.00014206125132543157,1.6017892447764268e-07,0.00012046923628783457,22.527105655521154,5
insurance_charges_smoker_welch,0.001,4.680467338568534,8,31,1,12,1.6148536976515264e-07,0.00014212795688894886,1.6016181652714264e-07,0.00012053594329197725,22.60229350067675,5
insurance_charges_smoker_welch,0.001,4.680467338568534,8,31,1,13,1.6150394110621186e-07,0.00014210081003618313,1.6017711488251554e-07,0.00012050879585290275,22.67146365577355,5
insurance_charges_smoker_welch,0.001,4.680467338568534,8,31,1,14,1.6150704315499802e-07,0.00014204860548971965,1.6018272460639277e-07,0.0001204565901791188,27.6558708967641,6
insurance_charges_smoker_welch,0.001,4.680467338568534,8,31,1,15,1.6149781054519737e-07,0.00014213780507388307,1.6016945795777597e-07,0.00012054579168951918,27.731485520955175,6
insurance_charges_smoker_welch,0.001,4.680467338568534,8,63,0,1,5.262460131467563e-05,0.0286697737873306,5.2625400163137156e-05,0.028735451993330052,3.11279698042199,1
insurance_charges_smoker_welch,0.001,4.680467338568534,8,63,0,2,2.1886049237450882e-07,0.0011593270362553199,2.137215974674102e-07,0.0012268654096212472,7.980175222270191,2
insurance_charges_smoker_welch,0.001,4.680467338568534,8,63,0,3,1.8783591532594852e-08,6.520445069280179e-05,6.21004823631125e-10,2.41672152889727e-06,12.824477731250226,3
insurance_charges_smoker_welch,0.001,4.680467338568534,8,63,0,4,1.8854561220925424e-08,6.74561668985163e-05,5.38480376767106e-10,2.987693502598532e-07,17.517313871067017,4
insurance_charges_smoker_welch,0.001,4.680467338568534,8,63,0,5,1.8853421719522575e-08,6.746518273614832e-05,5.33231058300629e-10,2.978042961121474e-07,21.860442030243576,5
insurance_charges_smoker_welch,0.001,4.680467338568534,8,63,0,6,1.885203528864904e-08,6.747128834660998e-05,5.317905250441194e-10,2.9804674661626507e-07,26.528187916148454,6
insurance_charges_smoker_welch,0.001,4.680467338568534,8,63,0,7,1.886096378305051e-08,6.746869779772346e-05,5.356801353779701e-10,3.071511536223426e-07,31.381173418369144,7
insurance_charges_smoker_welch,0.001,4.680467338568534,8,63,0,8,1.8856334987006135e-08,6.747385745931034e-05,5.391056524026822e-10,3.006273623373801e-07,36.14864360028878,8
insurance_charges_smoker_welch,0.001,4.680467338568534,8,63,0,9,1.8853226068125473e-08,6.746709042237953e-05,5.322701155088187e-10,2.998980016544195e-07,41.01467240601778,9
insurance_charges_smoker_welch,0.001,4.680467338568534,8,63,0,10,1.8853348383145727e-08,6.746878426722169e-05,5.359792664592032e-10,2.9436737158938797e-07,45.966804364230484,10
insurance_charges_smoker_welch,0.001,4.680467338568534,8,63,0,11,1.8848213441191526e-08,6.746868273954654e-05,5.385447646880993e-10,3.013603053769742e-07,50.77876221155748,11
insurance_charges_smoker_welch,0.001,4.680467338568534,8,63,0,12,1.885502322076553e-08,6.747064958290139e-05,5.366406477144128e-10,3.075547289066449e-07,55.724320601671934,12
insurance_charges_smoker_welch,0.001,4.680467338568534,8,63,0,13,1.8855701813259276e-08,6.746662547207904e-05,5.375317044672642e-10,2.979363082911135e-07,60.564351927954704,13
insurance_charges_smoker_welch,0.001,4.680467338568534,8,63,0,14,1.8852048738766524e-08,6.746558498549327e-05,5.385899377581636e-10,2.946241638435154e-07,65.6752015738748,14
insurance_charges_smoker_welch,0.001,4.680467338568534,8,63,0,15,1.885743661927692e-08,6.745806874874916e-05,5.380348425563174e-10,2.980786272255287e-07,70.56232628971338,15
insurance_charges_smoker_welch,0.001,4.680467338568534,8,63,1,1,5.277695555308318e-05,0.028784028517411797,5.277778341365968e-05,0.02880224976825363,3.133506428450346,1
insurance_charges_smoker_welch,0.001,4.680467338568534,8,63,1,2,3.723394546233451e-07,0.0013266313915821781,3.721094132498895e-07,0.0013453677782281348,7.493078040424734,2
insurance_charges_smoker_welch,0.001,4.680467338568534,8,63,1,3,1.5928953225558546e-07,0.00011416256367924316,1.5900470580496262e-07,0.00012552748013550108,7.570366036146879,2
insurance_charges_smoker_welch,0.001,4.680467338568534,8,63,1,4,1.5919492859225933e-07,0.0001141799276400679,1.5890865582168128e-07,0.00012307766086527838,7.639325147029012,2
insurance_charges_smoker_welch,0.001,4.680467338568534,8,63,1,5,1.5919974584991913e-07,0.0001141435346677655,1.5891248282215182e-07,0.0001232826951308441,12.090602422133088,3
insurance_charges_smoker_welch,0.001,4.680467338568534,8,63,1,6,1.5918505234805143e-07,0.00011415256343694224,1.5889879660700303e-07,0.00012328802494177005,12.166479719802737,3
insurance_charges_smoker_welch,0.001,4.680467338568534,8,63,1,7,1.5919778509836086e-07,0.00011417699896731914,1.5891478476305358e-07,0.00012307846331505168,12.237895961850882,3
insurance_charges_smoker_welch,0.001,4.680467338568534,8,63,1,8,1.5919916851109e-07,0.00011414343829929674,1.5891188010836365e-07,0.0001232882440151961,16.521365294698626,4
insurance_charges_smoker_welch,0.001,4.680467338568534,8,63,1,9,1.5918612843029503e-07,0.00011415132225844893,1.5889833779068543e-07,0.00012329221630869025,16.597358538769186,4
insurance_charges_smoker_welch,0.001,4.680467338568534,8,63,1,10,1.5919995011832132e-07,0.00011417878036712459,1.5891346206076042e-07,0.00012307451574256056,16.669332863762975,4
insurance_charges_smoker_welch,0.001,4.680467338568534,8,63,1,11,1.5919476388814947e-07,0.00011414152720190529,1.5890912806476535e-07,0.0001232757919095162,20.98343552276492,5
insurance_charges_smoker_welch,0.001,4.680467338568534,8,63,1,12,1.59179298371004e-07,0.00011415255688507209,1.588971275735342e-07,0.00012328830439556349,21.058257300406694,5
insurance_charges_smoker_welch,0.001,4.680467338568534,8,63,1,13,1.5919736306448966e-07,0.00011417728996898635,1.5891120946901123e-07,0.00012307740911077225,21.1290991473943,5
insurance_charges_smoker_welch,0.001,4.680467338568534,8,63,1,14,1.5919468161987118e-07,0.00011414246945784523,1.5891315218491718e-07,0.00012328474916623033,25.43776309909299,6
insurance_charges_smoker_welch,0.001,4.680467338568534,8,63,1,15,1.5918928669319524e-07,0.00011415450198959398,1.589039979487712e-07,0.0001232811907838638,25.514925715047866,6
insurance_charges_smoker_welch,0.001,4.680467338568534,8,127,0,1,5.894298786236754e-07,0.0004251958976334569,5.894150625246035e-07,0.0004490392950168287,6.315002890769392,2
insurance_charges_smoker_welch,0.001,4.680467338568534,8,127,0,2,1.60019418540308e-08,2.3597919643680854e-05,5.518479072281557e-10,2.5618306087604736e-07,11.063505804631859,3
insurance_charges_smoker_welch,0.001,4.680467338568534,8,127,0,3,1.600657419405425e-08,2.3908477005951667e-05,5.342415530246853e-10,2.3763542644772429e-07,16.148466674610972,4
insurance_charges_smoker_welch,0.001,4.680467338568534,8,127,0,4,1.6006244241046654e-08,2.3886777314352514e-05,5.356883059458707e-10,2.3412325034222192e-07,21.08856369741261,5
insurance_charges_smoker_welch,0.001,4.680467338568534,8,127,0,5,1.6003818202177888e-08,2.3895413516106245e-05,5.314012846396171e-10,2.3366390999868258e-07,26.368560705333948,6
insurance_charges_smoker_welch,0.001,4.680467338568534,8,127,0,6,1.601342641544058e-08,2.3910524612924533e-05,5.351263242679076e-10,2.384487445272754e-07,31.562199506442994,7
insurance_charges_smoker_welch,0.001,4.680467338568534,8,127,0,7,1.6005979808419383e-08,2.3904181033040928e-05,5.329886231596561e-10,2.3291060857744128e-07,36.280401634052396,8
insurance_charges_smoker_welch,0.001,4.680467338568534,8,127,0,8,1.6009977471066804e-08,2.3902138263087735e-05,5.34648028591324e-10,2.242245098482698e-07,41.172482539433986,9
insurance_charges_smoker_welch,0.001,4.680467338568534,8,127,0,9,1.600982679670246e-08,2.39143266564934e-05,5.342645599370869e-10,2.2790204012856918e-07,45.44749308982864,10
insurance_charges_smoker_welch,0.001,4.680467338568534,8,127,0,10,1.6004631404114233e-08,2.390694634546442e-05,5.341463736434088e-10,2.2667274124366088e-07,49.95001389598474,11
insurance_charges_smoker_welch,0.001,4.680467338568534,8,127,0,11,1.6006219133597575e-08,2.390559140197368e-05,5.346073923855792e-10,2.34967974188649e-07,54.885864548850805,12
insurance_charges_smoker_welch,0.001,4.680467338568534,8,127,0,12,1.6004233311703824e-08,2.389901246080406e-05,5.352203984405944e-10,2.334267008574642e-07,59.86426305677742,13
insurance_charges_smoker_welch,0.001,4.680467338568534,8,127,0,13,1.6010171833181504e-08,2.3901648938284836e-05,5.335302584692574e-10,2.3547882266328202e-07,64.9525796067901,14
insurance_charges_smoker_welch,0.001,4.680467338568534,8,127,0,14,1.600726362725513e-08,2.390445592359569e-05,5.354497828773867e-10,2.3447972075096857e-07,69.785440585576,15
insurance_charges_smoker_welch,0.001,4.680467338568534,8,127,0,15,1.6006869716981805e-08,2.390876808266995e-05,5.326688001070661e-10,2.3431842799404023e-07,74.39017753861845,16
insurance_charges_smoker_welch,0.001,4.680467338568534,8,127,1,1,7.35247498630181e-07,0.000422936937129359,7.354661753174364e-07,0.0004233312994773586,6.42087765969336,2
insurance_charges_smoker_welch,0.001,4.680467338568534,8,127,1,2,1.5569161760566204e-07,0.0001047144222386942,1.548531485133857e-07,0.00010709491393068316,6.498430306557566,2
insurance_charges_smoker_welch,0.001,4.680467338568534,8,127,1,3,1.556761958317476e-07,0.00010460962159486442,1.5483776145330054e-07,0.00010699011353632049,6.571186806540936,2
insurance_charges_smoker_welch,0.001,4.680467338568534,8,127,1,4,1.5568579817296793e-07,0.0001046853388043667,1.5484597327909184e-07,0.00010706583056563357,11.644443553406745,3
insurance_charges_smoker_welch,0.001,4.680467338568534,8,127,1,5,1.5566409241888132e-07,0.00010471640932274706,1.548251879833796e-07,0.00010709690101007308,11.721388284582645,3
insurance_charges_smoker_welch,0.001,4.680467338568534,8,127,1,6,1.5567647795642657e-07,0.0001046095406495029,1.5483598152461468e-07,0.000106990032591181,11.792622266337276,3
insurance_charges_smoker_welch,0.001,4.680467338568534,8,127,1,7,1.5568287544563746e-07,0.00010468745902858512,1.5484309661847152e-07,0.00010706795078485598,17.008090884424746,4
insurance_charges_smoker_welch,0.001,4.680467338568534,8,127,1,8,1.556671072234535e-07,0.00010471337657791402,1.54825226687842e-07,0.00010709386827245648,17.085738309659064,4
insurance_charges_smoker_welch,0.001,4.680467338568534,8,127,1,9,1.5567700860725367e-07,0.00010460597691330786,1.548335060352069e-07,0.00010698646886353469,17.15875012241304,4
insurance_charges_smoker_welch,0.001,4.680467338568534,8,127,1,10,1.5568163638105803e-07,0.00010468865576496178,1.548416312569717e-07,0.00010706914751834606,21.948968646116555,5
insurance_charges_smoker_welch,0.001,4.680467338568534,8,127,1,11,1.5566849172902452e-07,0.00010471272177126068,1.5482828943382508e-07,0.00010709321346724643,22.02642134996131,5
insurance_charges_smoker_welch,0.001,4.680467338568534,8,127,1,12,1.5567156071160615e-07,0.00010460939184364637,1.5483250755542159e-07,0.00010698988378565755,22.09577786223963,5
insurance_charges_smoker_welch,0.001,4.680467338568534,8,127,1,13,1.556828771084004e-07,0.00010468451025902326,1.5484426320878762e-07,0.00010706500202228852,27.189417640212923,6
insurance_charges_smoker_welch,0.001,4.680467338568534,8,127,1,14,1.556652385071783e-07,0.00010471259103184138,1.5482578131218502e-07,0.0001070930827281602,27.26562590012327,6
insurance_charges_smoker_welch,0.001,4.680467338568534,8,127,1,15,1.55665136196752e-07,0.00010460725269612059,1.5483039951480845e-07,0.00010698774464323879,27.336234382819384,6
insurance_charges_smoker_welch,0.001,4.680467338568534,8,255,0,1,1.6835613635541425e-08,1.7666829272289242e-05,6.110228595571814e-10,5.077596894054182e-07,7.2738834619522095,2
insurance_charges_smoker_welch,0.001,4.680467338568534,8,255,0,2,1.68539347617907e-08,1.7659948157389138e-05,5.305428264749013e-10,1.6712816253150464e-07,12.23492426192388,3
insurance_charges_smoker_welch,0.001,4.680467338568534,8,255,0,3,1.6850714286915832e-08,1.7658809824738775e-05,5.315210539328416e-10,1.5366090810875477e-07,17.506288378033787,4
insurance_charges_smoker_welch,0.001,4.680467338568534,8,255,0,4,1.6857116050387105e-08,1.7663173068394045e-05,5.310546071968692e-10,1.4980354479110503e-07,22.19841301906854,5
insurance_charges_smoker_welch,0.001,4.680467338568534,8,255,0,5,1.6850694330026772e-08,1.7658713831081307e-05,5.337483250144389e-10,1.4428647809872075e-07,26.603660821914673,6
insurance_charges_smoker_welch,0.001,4.680467338568534,8,255,0,6,1.6850988728087796e-08,1.765977360834725e-05,5.35508348819061e-10,1.5294273536525793e-07,31.42637778026983,7
insurance_charges_smoker_welch,0.001,4.680467338568534,8,255,0,7,1.685131877175841e-08,1.7663053832217557e-05,5.343754143339024e-10,1.5405424658165856e-07,36.59726512944326,8
insurance_charges_smoker_welch,0.001,4.680467338568534,8,255,0,8,1.6857255968557878e-08,1.7661019395154298e-05,5.332436213543892e-10,1.5494666072424224e-07,41.79893683549017,9
insurance_charges_smoker_welch,0.001,4.680467338568534,8,255,0,9,1.6850630917708163e-08,1.7666735682042578e-05,5.303733235032654e-10,1.5610137737986918e-07,46.82043084129691,10
insurance_charges_smoker_welch,0.001,4.680467338568534,8,255,0,10,1.685494057073188e-08,1.7664332036315677e-05,5.331970448218821e-10,1.4501738110350715e-07,51.9462104071863,11
insurance_charges_smoker_welch,0.001,4.680467338568534,8,255,0,11,1.6849546751182212e-08,1.7665359568819206e-05,5.284146770929217e-10,1.5159621302718307e-07,56.903448356315494,12
insurance_charges_smoker_welch,0.001,4.680467338568534,8,255,0,12,1.6854523872050162e-08,1.765768570460846e-05,5.316799893790257e-10,1.5677973774774756e-07,61.90937709948048,13
insurance_charges_smoker_welch,0.001,4.680467338568534,8,255,0,13,1.6849549198531447e-08,1.7663276474788603e-05,5.292112179589568e-10,1.5207356507396241e-07,66.73323362041265,14
insurance_charges_smoker_welch,0.001,4.680467338568534,8,255,0,14,1.6854946823115745e-08,1.7662055752043493e-05,5.290908202384363e-10,1.5556723387266658e-07,71.12586180539802,15
insurance_charges_smoker_welch,0.001,4.680467338568534,8,255,0,15,1.6855184216875858e-08,1.766052266249929e-05,5.336776921533067e-10,1.3686944766444498e-07,76.20346533646807,16
insurance_charges_smoker_welch,0.001,4.680467338568534,8,255,1,1,1.5904561203056386e-07,0.00011613753820094441,1.60073420345299e-07,0.00011319094697104237,8.859912280924618,2
insurance_charges_smoker_welch,0.001,4.680467338568534,8,255,1,2,1.5889777354364835e-07,0.0001160633562442559,1.5992286492519533e-07,0.00011300807092806675,8.935086199082434,2
insurance_charges_smoker_welch,0.001,4.680467338568534,8,255,1,3,1.589132611719926e-07,0.00011611867030125733,1.5993755014408708e-07,0.00011295743070860453,9.004938293714076,2
insurance_charges_smoker_welch,0.001,4.680467338568534,8,255,1,4,1.5891249731135173e-07,0.00011612253301185316,1.599424663137855e-07,0.00011295560378465908,13.925986854825169,3
insurance_charges_smoker_welch,0.001,4.680467338568534,8,255,1,5,1.5889264502634418e-07,0.00011606366311489591,1.5991816245475713e-07,0.00011300502575617433,14.006148600950837,3
insurance_charges_smoker_welch,0.001,4.680467338568534,8,255,1,6,1.5891049865069838e-07,0.00011611934651001299,1.599361064791092e-07,0.00011296078484990257,14.077219035942107,3
insurance_charges_smoker_welch,0.001,4.680467338568534,8,255,1,7,1.5891321394502687e-07,0.00011612382929271359,1.5994006684639112e-07,0.00011295099882469017,18.731410063337535,4
insurance_charges_smoker_welch,0.001,4.680467338568534,8,255,1,8,1.5889283389957358e-07,0.00011606373472194953,1.5991785016666909e-07,0.00011300039454364974,18.807734102010727,4
insurance_charges_smoker_welch,0.001,4.680467338568534,8,255,1,9,1.5891616530113584e-07,0.00011611729869898113,1.599425491574499e-07,0.00011295784971498968,18.876926968805492,4
insurance_charges_smoker_welch,0.001,4.680467338568534,8,255,1,10,1.5890960575322774e-07,0.00011612262179716559,1.5993451287877952e-07,0.0001129469753687884,23.494564320892096,5
insurance_charges_smoker_welch,0.001,4.680467338568534,8,255,1,11,1.5890028456809743e-07,0.00011606432482047513,1.599232255351747e-07,0.00011300862157304081,23.57027320191264,5
insurance_charges_smoker_welch,0.001,4.680467338568534,8,255,1,12,1.589132646640079e-07,0.00011612066937261023,1.599388128275331e-07,0.00011296145538219893,23.640789641067386,5
insurance_charges_smoker_welch,0.001,4.680467338568534,8,255,1,13,1.5890994557130959e-07,0.00011612551718054309,1.599347309614285e-07,0.00011294390079474859,28.660198125988245,6
insurance_charges_smoker_welch,0.001,4.680467338568534,8,255,1,14,1.5889761874191946e-07,0.00011606270997455148,1.5992272612912976e-07,0.00011300491287014047,28.73821923416108,6
insurance_charges_smoker_welch,0.001,4.680467338568534,8,255,1,15,1.589117843837405e-07,0.00011611931569577294,1.5993913373211463e-07,0.00011296522255543895,28.809105412103236,6
insurance_charges_smoker_welch,0.001,4.680467338568534,8,511,0,1,1.4778815423475148e-08,1.2046154953315735e-05,5.435755309037623e-10,3.6261575253604406e-07,12.00601062597707,2
insurance_charges_smoker_welch,0.001,4.680467338568534,8,511,0,2,1.4777252247342423e-08,1.2077860801706919e-05,5.41270648480197e-10,4.332270129303595e-07,16.870873533189297,3
insurance_charges_smoker_welch,0.001,4.680467338568534,8,511,0,3,1.4780349739247184e-08,1.2073644138022033e-05,5.370333560174908e-10,4.479977138149849e-07,21.62304665427655,4
insurance_charges_smoker_welch,0.001,4.680467338568534,8,511,0,4,1.4779418375133883e-08,1.2073803082879309e-05,5.35829714193287e-10,4.356965981333616e-07,26.18472817633301,5
insurance_charges_smoker_welch,0.001,4.680467338568534,8,511,0,5,1.4778150364497749e-08,1.2074057900157698e-05,5.40235715019245e-10,4.38015163028993e-07,30.96221601497382,6
insurance_charges_smoker_welch,0.001,4.680467338568534,8,511,0,6,1.4781129781869746e-08,1.2073905367060433e-05,5.384505812786554e-10,4.3398657956217335e-07,35.964611660689116,7
insurance_charges_smoker_welch,0.001,4.680467338568534,8,511,0,7,1.4774729456843377e-08,1.2074466845479748e-05,5.389886821467727e-10,4.306092791228622e-07,40.87047658255324,8
insurance_charges_smoker_welch,0.001,4.680467338568534,8,511,0,8,1.477954841860472e-08,1.2072509399940756e-05,5.341391452268673e-10,4.3194546006652956e-07,45.387992872390896,9
insurance_charges_smoker_welch,0.001,4.680467338568534,8,511,0,9,1.478045189701104e-08,1.2070424835197713e-05,5.400736932187821e-10,4.360264092007071e-07,50.0849961922504,10
insurance_charges_smoker_welch,0.001,4.680467338568534,8,511,0,10,1.4775273295241628e-08,1.2071550453018887e-05,5.368587248170129e-10,4.3770402013976195e-07,55.08484497433528,11
insurance_charges_smoker_welch,0.001,4.680467338568534,8,511,0,11,1.4776579156442865e-08,1.2075253517096485e-05,5.396849955929925e-10,4.3723978571108546e-07,59.84407125134021,12
insurance_charges_smoker_welch,0.001,4.680467338568534,8,511,0,12,1.4780169200428968e-08,1.2072537455942722e-05,5.400132743993121e-10,4.3437861574346925e-07,64.83352710213512,13
insurance_charges_smoker_welch,0.001,4.680467338568534,8,511,0,13,1.4777423181989475e-08,1.2076251540760197e-05,5.339108266150206e-10,4.356299125873875e-07,69.96793856425211,14
insurance_charges_smoker_welch,0.001,4.680467338568534,8,511,0,14,1.4777482404462999e-08,1.2072828553755244e-05,5.362706167025592e-10,4.326628337825156e-07,74.85433062538505,15
insurance_charges_smoker_welch,0.001,4.680467338568534,8,511,0,15,1.4779574433940981e-08,1.207502622291301e-05,5.355802514367912e-10,4.2960623414245447e-07,79.1162143573165,16
insurance_charges_smoker_welch,0.001,4.680467338568534,8,511,1,1,1.6324306426935978e-07,0.00015054434328320987,1.6005613412228178e-07,0.00012349092734331713,12.402046422008425,2
insurance_charges_smoker_welch,0.001,4.680467338568534,8,511,1,2,1.6324020143104322e-07,0.00015071058070403875,1.600488489066754e-07,0.00012365716926210357,12.477203751914203,2
insurance_charges_smoker_welch,0.001,4.680467338568534,8,511,1,3,1.6324261713702483e-07,0.00015063586976948873,1.6004960664669346e-07,0.00012358245630605946,12.54780464200303,2
insurance_charges_smoker_welch,0.001,4.680467338568534,8,511,1,4,1.632429956511428e-07,0.00015053890466065756,1.600493092311792e-07,0.00012348548857354924,17.71636015502736,3
insurance_charges_smoker_welch,0.001,4.680467338568534,8,511,1,5,1.63240410799424e-07,0.00015071893580786977,1.6004821078249192e-07,0.000123665524591976,17.789837128017098,3
insurance_charges_smoker_welch,0.001,4.680467338568534,8,511,1,6,1.6324412107222548e-07,0.00015063841057350036,1.6005194935950242e-07,0.0001235849971787939,17.86210920335725,3
insurance_charges_smoker_welch,0.001,4.680467338568534,8,511,1,7,1.6323385856825427e-07,0.00015053461391290046,1.60044295429004e-07,0.00012348119770977384,22.923377639148384,4
insurance_charges_smoker_welch,0.001,4.680467338568534,8,511,1,8,1.6323495106923205e-07,0.00015071748837236498,1.6004587763376575e-07,0.00012366407711739136,22.99933845922351,4
insurance_charges_smoker_welch,0.001,4.680467338568534,8,511,1,9,1.6323475383884018e-07,0.00015063683346072665,1.60046151025037e-07,0.00012358342002338762,23.07045466126874,4
insurance_charges_smoker_welch,0.001,4.680467338568534,8,511,1,10,1.6324162678438173e-07,0.00015053980440216108,1.6004998319334024e-07,0.00012348638833936665,28.21215655421838,5
insurance_charges_smoker_welch,0.001,4.680467338568534,8,511,1,11,1.6323870327526017e-07,0.00015072011989480938,1.6004735670055003e-07,0.00012366670871089003,28.29440924944356,5
insurance_charges_smoker_welch,0.001,4.680467338568534,8,511,1,12,1.6324288601437278e-07,0.0001506432872344643,1.6005099386377282e-07,0.00012358987397165233,28.365621615666896,5
insurance_charges_smoker_welch,0.001,4.680467338568534,8,511,1,13,1.6324104113184628e-07,0.00015053307823031936,1.6004922999235152e-07,0.00012347966198555937,33.58978190040216,6
insurance_charges_smoker_welch,0.001,4.680467338568534,8,511,1,14,1.6324043663839107e-07,0.00015071932456256487,1.6004801605817238e-07,0.00012366591335721822,33.665275521576405,6
insurance_charges_smoker_welch,0.001,4.680467338568534,8,511,1,15,1.6323657091654796e-07,0.00015064324349778335,1.6004558970275385e-07,0.00012358983023386116,33.73583949962631,6
insurance_charges_smoker_welch,0.001,4.680467338568534,7,15,0,1,0.003518281032552883,0.5207718708327671,0.003518280534082863,0.5207814699751898,2.7434146483428776,1
insurance_charges_smoker_welch,0.001,4.680467338568534,7,15,0,2,0.00024906644682594125,0.3361853044755163,0.0002490653013749444,0.33619860096505205,7.426812506280839,2
insurance_charges_smoker_welch,0.001,4.680467338568534,7,15,0,3,2.837776060269387e-05,0.15052713736657608,2.837114492017086e-05,0.1505441526678417,11.733949088025838,3
insurance_charges_smoker_welch,0.001,4.680467338568534,7,15,0,4,3.1366446608825664e-06,0.032270166898378916,3.124745151078176e-06,0.03228955093685526,16.305192405823618,4
insurance_charges_smoker_welch,0.001,4.680467338568534,7,15,0,5,1.0297232817474893e-07,0.0015273413786602852,8.923550981062989e-08,0.0015473412089541672,20.72849235497415,5
insurance_charges_smoker_welch,0.001,4.680467338568534,7,15,0,6,1.6196605941550197e-08,2.258427749868286e-05,6.687168090454979e-10,3.86856263845381e-06,25.357602970674634,6
insurance_charges_smoker_welch,0.001,4.680467338568534,7,15,0,7,1.632689396391184e-08,2.258536501720254e-05,5.289236515168083e-10,2.74245237408266e-07,29.988931856583804,7
insurance_charges_smoker_welch,0.001,4.680467338568534,7,15,0,8,1.6329152703795476e-08,2.2584395148350644e-05,5.32198080557437e-10,2.813095596465587e-07,34.573684523347765,8
insurance_charges_smoker_welch,0.001,4.680467338568534,7,15,0,9,1.6328796547047773e-08,2.2581881480077115e-05,5.291046877568166e-10,2.760152341130251e-07,38.78059548838064,9
insurance_charges_smoker_welch,0.001,4.680467338568534,7,15,0,10,1.6328489405796186e-08,2.258393497844846e-05,5.30118542514885e-10,2.762199956540812e-07,43.366401879582554,10
insurance_charges_smoker_welch,0.001,4.680467338568534,7,15,0,11,1.6327859883147577e-08,2.258189297998925e-05,5.305446517190943e-10,2.809506447487564e-07,47.86383991036564,11
insurance_charges_smoker_welch,0.001,4.680467338568534,7,15,0,12,1.632667126280556e-08,2.258089113371664e-05,5.287528389068751e-10,2.71196306078636e-07,52.289097571279854,12
insurance_charges_smoker_welch,0.001,4.680467338568534,7,15,0,13,1.632929579362352e-08,2.258228566842657e-05,5.33647076116935e-10,2.727635857180388e-07,56.39994356734678,13
insurance_charges_smoker_welch,0.001,4.680467338568534,7,15,0,14,1.6333452001797367e-08,2.2582996387354726e-05,5.292946553866595e-10,2.7872321306521286e-07,61.36516870604828,14
insurance_charges_smoker_welch,0.001,4.680467338568534,7,15,0,15,1.632649895863837e-08,2.258267818977533e-05,5.258075339640135e-10,2.824641893717228e-07,66.44529323000461,15
insurance_charges_smoker_welch,0.001,4.680467338568534,7,15,1,1,0.003518413990079243,0.5207777631275763,0.003518412567057365,0.5207804080255438,2.6216620090417564,1
insurance_charges_smoker_welch,0.001,4.680467338568534,7,15,1,2,0.0002491986218752858,0.33620646371152163,0.0002491968860039819,0.3362101272856213,2.6895894138142467,1
insurance_charges_smoker_welch,0.001,4.680467338568534,7,15,1,3,2.8522237168072747e-05,0.1505829750995431,2.8519422668967692e-05,0.1505876631569617,7.500874268822372,2
insurance_charges_smoker_welch,0.001,4.680467338568534,7,15,1,4,3.2843416297159624e-06,0.03237326023363196,3.281483079093066e-06,0.03237860070784293,7.576534390915185,2
insurance_charges_smoker_welch,0.001,4.680467338568534,7,15,1,5,2.509895584280814e-07,0.0016551265165331008,2.4813886990604793e-07,0.0016606365286392366,7.646418754942715,2
insurance_charges_smoker_welch,0.001,4.680467338568534,7,15,1,6,1.6254625582653507e-07,0.0001140105345430742,1.596953071892826e-07,0.00011952905229495325,12.752528473269194,3
insurance_charges_smoker_welch,0.001,4.680467338568534,7,15,1,7,1.6239093079986703e-07,0.00011038067730151369,1.5954064233164364e-07,0.00011589921508714518,12.829665923025459,3
insurance_charges_smoker_welch,0.001,4.680467338568534,7,15,1,8,1.6238574220399992e-07,0.00011040480577750866,1.5953403577115047e-07,0.00011592334343002442,12.899466660805047,3
insurance_charges_smoker_welch,0.001,4.680467338568534,7,15,1,9,1.6240337945389955e-07,0.00011044512866131839,1.5955134081497552e-07,0.00011596366609112341,18.09123750589788,4
insurance_charges_smoker_welch,0.001,4.680467338568534,7,15,1,10,1.6239371820963197e-07,0.00011037558768711708,1.595459676141458e-07,0.00011589412550083722,18.16545975394547,4
insurance_charges_smoker_welch,0.001,4.680467338568534,7,15,1,11,1.62381598194903e-07,0.0001104079324746321,1.5953321199927293e-07,0.00011592647010982837,18.232750528026372,4
insurance_charges_smoker_welch,0.001,4.680467338568534,7,15,1,12,1.62402864449421e-07,0.00011044040334218241,1.5955070509932344e-07,0.00011595894079818869,23.458932913839817,5
insurance_charges_smoker_welch,0.001,4.680467338568534,7,15,1,13,1.6240274901513737e-07,0.00011038349664238556,1.5955103066325025e-07,0.00011590203441236291,23.55472556874156,5
insurance_charges_smoker_welch,0.001,4.680467338568534,7,15,1,14,1.6238415112924465e-07,0.00011040932521333424,1.595349529651344e-07,0.00011592786284086998,23.62672377983108,5
insurance_charges_smoker_welch,0.001,4.680467338568534,7,15,1,15,1.6240287977426296e-07,0.00011044476327382036,1.5955451300162014e-07,0.0001159633007057348,27.849930845666677,6
insurance_charges_smoker_welch,0.001,4.680467338568534,7,31,0,1,0.0006874785745376606,0.21846737327349697,0.0006874781418629374,0.2184677927971943,2.704022374935448,1
insurance_charges_smoker_welch,0.001,4.680467338568534,7,31,0,2,1.9953551270754543e-05,0.06637805487767878,1.995146588618402e-05,0.06637855604233522,7.652734831906855,2
insurance_charges_smoker_welch,0.001,4.680467338568534,7,31,0,3,4.799231715388541e-07,0.006462107741626144,4.699236845748909e-07,0.006462641068931796,11.92859810963273,3
insurance_charges_smoker_welch,0.001,4.680467338568534,7,31,0,4,1.841504380756221e-08,6.162667099862684e-05,3.1175673916569236e-09,6.216343405773816e-05,16.81240243045613,4
insurance_charges_smoker_welch,0.001,4.680467338568534,7,31,0,5,1.5927298137784153e-08,1.4914462645343463e-05,5.439165178436453e-10,3.6141109238663205e-07,21.930206017568707,5
insurance_charges_smoker_welch,0.001,4.680467338568534,7,31,0,6,1.5932784564103242e-08,1.4921525532285429e-05,5.418660935432179e-10,3.5992568925280466e-07,26.473267565481365,6
insurance_charges_smoker_welch,0.001,4.680467338568534,7,31,0,7,1.5934363609089913e-08,1.4914525948150903e-05,5.431570873545019e-10,3.5334712289447623e-07,31.733417383395135,7
insurance_charges_smoker_welch,0.001,4.680467338568534,7,31,0,8,1.5932850480017462e-08,1.4914599798965256e-05,5.422171980002766e-10,3.5417431876183514e-07,36.834527196362615,8
insurance_charges_smoker_welch,0.001,4.680467338568534,7,31,0,9,1.5934931405239095e-08,1.4912556018820133e-05,5.430032051340864e-10,3.5742839088470646e-07,41.69346149126068,9
insurance_charges_smoker_welch,0.001,4.680467338568534,7,31,0,10,1.593117077889033e-08,1.491766023942187e-05,5.388704165030481e-10,3.483453789865365e-07,46.266191164031625,10
insurance_charges_smoker_welch,0.001,4.680467338568534,7,31,0,11,1.593265612459771e-08,1.4910644711263465e-05,5.411035273855376e-10,3.5540196297034754e-07,51.20151706691831,11
insurance_charges_smoker_welch,0.001,4.680467338568534,7,31,0,12,1.5930239347434523e-08,1.4922993526345074e-05,5.395846609625231e-10,3.495423837041045e-07,56.16939995996654,12
insurance_charges_smoker_welch,0.001,4.680467338568534,7,31,0,13,1.5931034823885075e-08,1.4922184024213081e-05,5.41201710782714e-10,3.5838365852747245e-07,61.12504624016583,13
insurance_charges_smoker_welch,0.001,4.680467338568534,7,31,0,14,1.5935110383233088e-08,1.4911740717549193e-05,5.419474756082046e-10,3.6048404727928585e-07,65.92331207497045,14
insurance_charges_smoker_welch,0.001,4.680467338568534,7,31,0,15,1.593037317584837e-08,1.49124761531505e-05,5.418944034510755e-10,3.524383624942118e-07,70.75101534416899,15
insurance_charges_smoker_welch,0.001,4.680467338568534,7,31,1,1,0.0006876304853008959,0.21849360048152655,0.0006876296945593809,0.2184887979639255,2.7195813097059727,1
insurance_charges_smoker_welch,0.001,4.680467338568534,7,31,1,2,2.0103349760278893e-05,0.06645387091700938,2.0102229571802295e-05,0.06644813408399175,7.661176692694426,2
insurance_charges_smoker_welch,0.001,4.680467338568534,7,31,1,3,6.3009631114674e-07,0.006580012998954166,6.280996881647645e-07,0.0065739082287620265,7.737075195647776,2
insurance_charges_smoker_welch,0.001,4.680467338568534,7,31,1,4,1.6369419206482927e-07,0.00018825136580935542,1.6169893253093848e-07,0.00018210731692702709,7.8057332509197295,2
insurance_charges_smoker_welch,0.001,4.680467338568534,7,31,1,5,1.6109740076244392e-07,0.00012584705118745543,1.591007790155916e-07,0.00011970261881777411,12.542603313922882,3
insurance_charges_smoker_welch,0.001,4.680467338568534,7,31,1,6,1.6111051473629255e-07,0.00012604207722788363,1.5911333181554033e-07,0.00011989764605668807,12.640019861981273,3
insurance_charges_smoker_welch,0.001,4.680467338568534,7,31,1,7,1.610880372502031e-07,0.000125892778820913,1.5909089380949392e-07,0.00011974834673222912,12.709643866866827,3
insurance_charges_smoker_welch,0.001,4.680467338568534,7,31,1,8,1.611050245223945e-07,0.00012583663993526173,1.591097773200227e-07,0.00011969220750152054,17.723314384929836,4
insurance_charges_smoker_welch,0.001,4.680467338568534,7,31,1,9,1.611122431273841e-07,0.0001260388739885432,1.5911059548515198e-07,0.00011989444279769668,17.798074311111122,4
insurance_charges_smoker_welch,0.001,4.680467338568534,7,31,1,10,1.6108432288470783e-07,0.0001258891607278656,1.5908592952367895e-07,0.00011974472861697727,17.865890441462398,4
insurance_charges_smoker_welch,0.001,4.680467338568534,7,31,1,11,1.610922614602792e-07,0.00012584067780774255,1.590938101099653e-07,0.00011969624539887036,23.0599820362404,5
insurance_charges_smoker_welch,0.001,4.680467338568534,7,31,1,12,1.6111281201719511e-07,0.00012603621166074053,1.5911419500590871e-07,0.00011989178045357374,23.131108094006777,5
insurance_charges_smoker_welch,0.001,4.680467338568534,7,31,1,13,1.6108690458067662e-07,0.00012588577891314845,1.590862239922707e-07,0.00011974134678149895,23.201740214135498,5
insurance_charges_smoker_welch,0.001,4.680467338568534,7,31,1,14,1.6109936085589825e-07,0.00012584880880450733,1.5910170659309833e-07,0.0001197043764457062,27.606438582297415,6
insurance_charges_smoker_welch,0.001,4.680467338568534,7,31,1,15,1.6111503768062512e-07,0.00012604115441638974,1.5911658137314575e-07,0.00011989672323953204,27.683542979881167,6
insurance_charges_smoker_welch,0.001,4.680467338568534,7,63,0,1,5.262715859568827e-05,0.028741364691534654,5.262480940167516e-05,0.028713313906286064,3.5989553490653634,1
insurance_charges_smoker_welch,0.001,4.680467338568534,7,63,0,2,2.2220332285351714e-07,0.0012537786319043454,2.1368127270766384e-07,0.0012249339815146865,8.521243822295219,2
insurance_charges_smoker_welch,0.001,4.680467338568534,7,63,0,3,1.6021856806032334e-08,3.1216803626499257e-05,6.304460228946152e-10,2.336844599049037e-06,13.22029686300084,3
insurance_charges_smoker_welch,0.001,4.680467338568534,7,63,0,4,1.59445860140674e-08,2.8981582953946372e-05,5.328119242839914e-10,1.4191730146606574e-07,17.98854818288237,4
insurance_charges_smoker_welch,0.001,4.680467338568534,7,63,0,5,1.594107209633395e-08,2.8984155854505644e-05,5.354823209501004e-10,1.3543873089716385e-07,23.078757698647678,5
insurance_charges_smoker_welch,0.001,4.680467338568534,7,63,0,6,1.5947216777753586e-08,2.8985916319279603e-05,5.323620372115444e-10,1.4078888566082526e-07,27.67889567138627,6
insurance_charges_smoker_welch,0.001,4.680467338568534,7,63,0,7,1.5943688743978902e-08,2.898130091499862e-05,5.362261220550636e-10,1.3614119498406296e-07,31.890975488349795,7
insurance_charges_smoker_welch,0.001,4.680467338568534,7,63,0,8,1.5944578358129612e-08,2.8975965885247312e-05,5.376836523287025e-10,1.4043692853071832e-07,36.55839898111299,8
insurance_charges_smoker_welch,0.001,4.680467338568534,7,63,0,9,1.5944192748575884e-08,2.8970779161530125e-05,5.342417119348424e-10,1.393789068604434e-07,40.73067549103871,9
insurance_charges_smoker_welch,0.001,4.680467338568534,7,63,0,10,1.5945151092521535e-08,2.8970960073260166e-05,5.386713117932779e-10,1.4104021617278306e-07,45.36408954206854,10
insurance_charges_smoker_welch,0.001,4.680467338568534,7,63,0,11,1.5944288575598552e-08,2.8971264493748983e-05,5.368457742016336e-10,1.3474692472925653e-07,50.13592935772613,11
insurance_charges_smoker_welch,0.001,4.680467338568534,7,63,0,12,1.5947886100864248e-08,2.8972929776771572e-05,5.317680459992623e-10,1.3965132028559424e-07,54.614836818538606,12
insurance_charges_smoker_welch,0.001,4.680467338568534,7,63,0,13,1.5950646969292248e-08,2.8969852205795732e-05,5.378091273781612e-10,1.3913218954719753e-07,59.216968207620084,13
insurance_charges_smoker_welch,0.001,4.680467338568534,7,63,0,14,1.594846317955263e-08,2.8964461431080224e-05,5.355534601370353e-10,1.364327206765381e-07,63.9990832763724,14
insurance_charges_smoker_welch,0.001,4.680467338568534,7,63,0,15,1.5941703089889154e-08,2.8976585837114932e-05,5.303264499061393e-10,1.370487063834247e-07,68.35325535433367,15
insurance_charges_smoker_welch,0.001,4.680467338568534,7,63,1,1,5.277960260432845e-05,0.028806083825925533,5.277905017483364e-05,0.02879587751669599,3.1993963210843503,1
insurance_charges_smoker_welch,0.001,4.680467338568534,7,63,1,2,3.752287858051937e-07,0.0013553811777206048,3.7356986600880053e-07,0.0013448863881421191,7.906441014260054,2
insurance_charges_smoker_welch,0.001,4.680467338568534,7,63,1,3,1.6223235695601894e-07,0.00013618466075382418,1.6052265424726565e-07,0.00012567705859856115,7.984290584456176,2
insurance_charges_smoker_welch,0.001,4.680467338568534,7,63,1,4,1.621428052016301e-07,0.00013396917085883864,1.6043179670494054e-07,0.00012346154542086651,8.056082088500261,2
insurance_charges_smoker_welch,0.001,4.680467338568534,7,63,1,5,1.6214150883020654e-07,0.00013385689889489072,1.604315163075413e-07,0.0001233492722770846,12.746445052325726,3
insurance_charges_smoker_welch,0.001,4.680467338568534,7,63,1,6,1.6212762473241662e-07,0.00013394907811448142,1.6042027481694702e-07,0.0001234414524654559,12.821798083372414,3
insurance_charges_smoker_welch,0.001,4.680467338568534,7,63,1,7,1.6213315298992538e-07,0.0001339771125754563,1.6042240192348914e-07,0.00012346948722097295,12.891025400254875,3
insurance_charges_smoker_welch,0.001,4.680467338568534,7,63,1,8,1.6213687359349982e-07,0.0001338668679407018,1.604310815949557e-07,0.00012335924142770072,17.813865188974887,4
insurance_charges_smoker_welch,0.001,4.680467338568534,7,63,1,9,1.621352636075075e-07,0.0001339529215399482,1.604247980973111e-07,0.00012344529593122378,17.888078881893307,4
insurance_charges_smoker_welch,0.001,4.680467338568534,7,63,1,10,1.6213971269360623e-07,0.00013396567242074386,1.604295465435796e-07,0.00012345804694602336,17.958033923059702,4
insurance_charges_smoker_welch,0.001,4.680467338568534,7,63,1,11,1.62141596262594e-07,0.00013387098201467218,1.6043424500826684e-07,0.0001233633555449698,22.819955463986844,5
insurance_charges_smoker_welch,0.001,4.680467338568534,7,63,1,12,1.621308355890867e-07,0.00013394848500380974,1.604225263094643e-07,0.00012344085934856697,22.89609523722902,5
insurance_charges_smoker_welch,0.001,4.680467338568534,7,63,1,13,1.621358970922713e-07,0.00013396916253827218,1.6042831299303896e-07,0.00012346153710030006,22.966565611306578,5
insurance_charges_smoker_welch,0.001,4.680467338568534,7,63,1,14,1.6213288252496324e-07,0.00013386435301132593,1.604258905568622e-07,0.00012335672647190155,27.692527890205383,6
insurance_charges_smoker_welch,0.001,4.680467338568534,7,63,1,15,1.6212669526436286e-07,0.00013394882831851973,1.6041792741375071e-07,0.00012344120266682967,27.76845270814374,6
insurance_charges_smoker_welch,0.001,4.680467338568534,7,127,0,1,5.90088483908134e-07,0.0004541860189082314,5.893496615033756e-07,0.0004486608078091425,6.0355235249735415,2
insurance_charges_smoker_welch,0.001,4.680467338568534,7,127,0,2,1.5458414572586885e-08,1.2656406896294214e-05,5.446384458372407e-10,3.040757361461033e-07,10.86313355807215,3
insurance_charges_smoker_welch,0.001,4.680467338568534,7,127,0,3,1.5448427249101703e-08,1.2650876415665202e-05,5.278868527673337e-10,1.3349330474365928e-07,15.170584599953145,4
insurance_charges_smoker_welch,0.001,4.680467338568534,7,127,0,4,1.5453374921663068e-08,1.2653149590646784e-05,5.283026456997803e-10,1.3313565072614608e-07,19.950614329893142,5
insurance_charges_smoker_welch,0.001,4.680467338568534,7,127,0,5,1.5452115380668616e-08,1.26523584564886e-05,5.290987197964514e-10,1.346453242234702e-07,24.822037352714688,6
insurance_charges_smoker_welch,0.001,4.680467338568534,7,127,0,6,1.544792724745707e-08,1.265039354048092e-05,5.311622298140133e-10,1.3647276619899174e-07,29.864667179528624,7
insurance_charges_smoker_welch,0.001,4.680467338568534,7,127,0,7,1.5449302515425695e-08,1.2650251281942637e-05,5.299178594947429e-10,1.2844356223062903e-07,34.613167942501605,8
insurance_charges_smoker_welch,0.001,4.680467338568534,7,127,0,8,1.544847007433535e-08,1.2651264928442707e-05,5.284659268247835e-10,1.3609041871198713e-07,39.485878007952124,9
insurance_charges_smoker_welch,0.001,4.680467338568534,7,127,0,9,1.544760958483994e-08,1.265149062845694e-05,5.290327040915858e-10,1.384083815336723e-07,44.23033100925386,10
insurance_charges_smoker_welch,0.001,4.680467338568534,7,127,0,10,1.5455060429539865e-08,1.2652395175005715e-05,5.257853853805905e-10,1.4048584684456245e-07,49.138231489341706,11
insurance_charges_smoker_welch,0.001,4.680467338568534,7,127,0,11,1.5453994860177925e-08,1.2650984582029956e-05,5.322914431208042e-10,1.3598456005681214e-07,53.75626692827791,12
insurance_charges_smoker_welch,0.001,4.680467338568534,7,127,0,12,1.544720195680027e-08,1.2652518058153817e-05,5.291123962377514e-10,1.3208671378883707e-07,58.32854042528197,13
insurance_charges_smoker_welch,0.001,4.680467338568534,7,127,0,13,1.545042341472125e-08,1.2652348977293393e-05,5.321372302458311e-10,1.354230212413654e-07,63.03338369494304,14
insurance_charges_smoker_welch,0.001,4.680467338568534,7,127,0,14,1.5449028624249164e-08,1.2651437795163645e-05,5.292336350382716e-10,1.2458420961536376e-07,68.20331684499979,15
insurance_charges_smoker_welch,0.001,4.680467338568534,7,127,0,15,1.5451256343932963e-08,1.2652220895525979e-05,5.31085436156995e-10,1.38452186160265e-07,72.71158503508195,16
insurance_charges_smoker_welch,0.001,4.680467338568534,7,127,1,1,7.411385780859556e-07,0.0005608548750668518,7.394764304455822e-07,0.0005406318100928953,6.5379426390863955,2
insurance_charges_smoker_welch,0.001,4.680467338568534,7,127,1,2,1.6025776364101692e-07,0.00011849292451759919,1.576460824910742e-07,0.0001093438635063615,6.614221639931202,2
insurance_charges_smoker_welch,0.001,4.680467338568534,7,127,1,3,1.6023157561923746e-07,0.0001180066451006434,1.5761742139205044e-07,0.00010937344403494365,6.684566690120846,2
insurance_charges_smoker_welch,0.001,4.680467338568534,7,127,1,4,1.602385298709634e-07,0.00011814311063307326,1.5762366309333875e-07,0.0001093014309774265,11.672721561044455,3
insurance_charges_smoker_welch,0.001,4.680467338568534,7,127,1,5,1.6021875164096223e-07,0.00011819900092824298,1.576040184783059e-07,0.00010934318938682352,11.749134934041649,3
insurance_charges_smoker_welch,0.001,4.680467338568534,7,127,1,6,1.6022942294710308e-07,0.00011799967607251105,1.5761430968864383e-07,0.00010936958996432544,11.820606554858387,3
insurance_charges_smoker_welch,0.001,4.680467338568534,7,127,1,7,1.6024052429047534e-07,0.00011814796354203683,1.5762571387552415e-07,0.00010930550977827913,16.773266554810107,4
insurance_charges_smoker_welch,0.001,4.680467338568534,7,127,1,8,1.6021538481932615e-07,0.00011819858203598876,1.5759956698017583e-07,0.00010934392362016432,16.85875894781202,4
insurance_charges_smoker_welch,0.001,4.680467338568534,7,127,1,9,1.6023168570811978e-07,0.00011800829126284995,1.5761395355179124e-07,0.00010936986312426455,16.92560887290165,4
insurance_charges_smoker_welch,0.001,4.680467338568534,7,127,1,10,1.6023317068478507e-07,0.00011815055671982044,1.5762085378010477e-07,0.00010930430576339134,21.569516755640507,5
insurance_charges_smoker_welch,0.001,4.680467338568534,7,127,1,11,1.6021372324003864e-07,0.00011819921400868516,1.5759986499383765e-07,0.00010934531900419486,21.64623795589432,5
insurance_charges_smoker_welch,0.001,4.680467338568534,7,127,1,12,1.6023758382548552e-07,0.00011801167447500482,1.5762303812925205e-07,0.00010937424480383928,21.71782196778804,5
insurance_charges_smoker_welch,0.001,4.680467338568534,7,127,1,13,1.6023252253279536e-07,0.00011814809130739068,1.5762408983487338e-07,0.000109302092848651,26.580552769824862,6
insurance_charges_smoker_welch,0.001,4.680467338568534,7,127,1,14,1.6021911396016261e-07,0.00011819626495845892,1.5760350597625406e-07,0.00010934137980889158,26.657647331710905,6
insurance_charges_smoker_welch,0.001,4.680467338568534,7,127,1,15,1.6023511617488994e-07,0.00011802282005568543,1.5762061135354594e-07,0.0001093749271179334,26.72807990666479,6
insurance_charges_smoker_welch,0.001,4.680467338568534,7,255,0,1,1.6401384249698013e-08,1.2772668403271403e-05,5.745831299732481e-10,2.2642628172420132e-07,8.457772316876799,2
insurance_charges_smoker_welch,0.001,4.680467338568534,7,255,0,2,1.640229138063915e-08,1.2763372860047362e-05,5.198231407970463e-10,1.9125353700744085e-07,13.355981491971761,3
insurance_charges_smoker_welch,0.001,4.680467338568534,7,255,0,3,1.6400101375883374e-08,1.2765441045781145e-05,5.214486750040686e-10,1.8875382545857633e-07,18.314081200864166,4
insurance_charges_smoker_welch,0.001,4.680467338568534,7,255,0,4,1.639835508175099e-08,1.2764404139886665e-05,5.255002953205785e-10,1.9112890758954393e-07,22.924733746796846,5
insurance_charges_smoker_welch,0.001,4.680467338568534,7,255,0,5,1.6395127086738046e-08,1.2764931903275212e-05,5.198716392066532e-10,1.9169469100965841e-07,27.78117705695331,6
insurance_charges_smoker_welch,0.001,4.680467338568534,7,255,0,6,1.6396851948924314e-08,1.2761258264992748e-05,5.242982942940612e-10,1.8012272073875124e-07,32.84097871882841,7
insurance_charges_smoker_welch,0.001,4.680467338568534,7,255,0,7,1.6400722414121435e-08,1.2762157583612321e-05,5.230356661830009e-10,1.935751143822273e-07,37.96095713367686,8
insurance_charges_smoker_welch,0.001,4.680467338568534,7,255,0,8,1.6392951781737627e-08,1.2765885639920427e-05,5.262865856344432e-10,1.9363234438074528e-07,42.911468524020165,9
insurance_charges_smoker_welch,0.001,4.680467338568534,7,255,0,9,1.640016256277877e-08,1.2766349282822276e-05,5.218498005174889e-10,1.8763215781092413e-07,47.93522807909176,10
insurance_charges_smoker_welch,0.001,4.680467338568534,7,255,0,10,1.6398836110491187e-08,1.2764282940946892e-05,5.229095823709631e-10,1.8882972385725338e-07,52.96720160217956,11
insurance_charges_smoker_welch,0.001,4.680467338568534,7,255,0,11,1.6397554444792865e-08,1.2764656654118411e-05,5.227433278181138e-10,1.931050594983219e-07,57.58316873386502,12
insurance_charges_smoker_welch,0.001,4.680467338568534,7,255,0,12,1.639421148052754e-08,1.2761218786128126e-05,5.191837092893576e-10,1.8860170936108034e-07,62.23544482467696,13
insurance_charges_smoker_welch,0.001,4.680467338568534,7,255,0,13,1.6402530007225225e-08,1.276666507510349e-05,5.241930765593084e-10,1.9031737852337471e-07,67.18422819674015,14
insurance_charges_smoker_welch,0.001,4.680467338568534,7,255,0,14,1.6397885877360345e-08,1.2764267996789869e-05,5.242572489036403e-10,1.9209731916269845e-07,72.16419048793614,15
insurance_charges_smoker_welch,0.001,4.680467338568534,7,255,0,15,1.639813091917745e-08,1.2763077191446648e-05,5.246754635744339e-10,1.979288741793539e-07,76.73636358324438,16
insurance_charges_smoker_welch,0.001,4.680467338568534,7,255,1,1,1.602638591839987e-07,0.00010580545600691327,1.580937608270214e-07,0.00012197011708603434,8.597950481344014,2
insurance_charges_smoker_welch,0.001,4.680467338568534,7,255,1,2,1.6015489113132877e-07,0.00010574698953025319,1.5798311772094158e-07,0.00012184007624682636,8.670081007294357,2
insurance_charges_smoker_welch,0.001,4.680467338568534,7,255,1,3,1.6013224361770357e-07,0.00010573878041353346,1.5796023970737107e-07,0.00012172271225530107,8.738195957615972,2
insurance_charges_smoker_welch,0.001,4.680467338568534,7,255,1,4,1.6012842621487865e-07,0.00010575595559392248,1.5795780349640233e-07,0.00012173146705873883,13.241128264460713,3
insurance_charges_smoker_welch,0.001,4.680467338568534,7,255,1,5,1.601522639930588e-07,0.00010574656581674446,1.579821629799014e-07,0.00012183743153204585,13.316740705166012,3
insurance_charges_smoker_welch,0.001,4.680467338568534,7,255,1,6,1.6013040204442298e-07,0.00010573997410079361,1.5795937339416162e-07,0.00012173920629188206,13.387492364272475,3
insurance_charges_smoker_welch,0.001,4.680467338568534,7,255,1,7,1.6013475974826038e-07,0.0001057553574893566,1.5796330530206147e-07,0.00012172903691465287,18.259867046959698,4
insurance_charges_smoker_welch,0.001,4.680467338568534,7,255,1,8,1.6015458287078075e-07,0.00010574608346491932,1.579805706614612e-07,0.00012184416703897583,18.336587939877063,4
insurance_charges_smoker_welch,0.001,4.680467338568534,7,255,1,9,1.6013444762568596e-07,0.00010574030772647625,1.5796407400552512e-07,0.00012173807898341327,18.40500673977658,4
insurance_charges_smoker_welch,0.001,4.680467338568534,7,255,1,10,1.6012446821772028e-07,0.00010575474047080924,1.579551514690958e-07,0.00012171896691870465,23.24537391262129,5
insurance_charges_smoker_welch,0.001,4.680467338568534,7,255,1,11,1.6015267763873223e-07,0.00010574528733409139,1.5797969464732232e-07,0.00012184122848768464,23.32621217146516,5
insurance_charges_smoker_welch,0.001,4.680467338568534,7,255,1,12,1.6013246393978907e-07,0.00010574080207703673,1.5796056018083654e-07,0.000121724697687009,23.448585311416537,5
insurance_charges_smoker_welch,0.001,4.680467338568534,7,255,1,13,1.6012867128377032e-07,0.00010575447911298497,1.5796039393591277e-07,0.00012172721803860309,28.391419920139015,6
insurance_charges_smoker_welch,0.001,4.680467338568534,7,255,1,14,1.6014893042228044e-07,0.0001057460283605538,1.579778524518452e-07,0.00012184812191051719,28.46748832706362,6
insurance_charges_smoker_welch,0.001,4.680467338568534,7,255,1,15,1.6012866815482045e-07,0.00010573737484620427,1.5795666260782717e-07,0.00012172862777126703,28.538650481030345,6
insurance_charges_smoker_welch,0.001,4.680467338568534,7,511,0,1,1.6592659601561663e-08,1.7668267340731347e-05,5.189357928626578e-10,9.396358768842816e-08,11.944526131730527,2
insurance_charges_smoker_welch,0.001,4.680467338568534,7,511,0,2,1.6592912363955334e-08,1.7735148960751346e-05,5.137130905464638e-10,8.080869151605441e-08,16.579578822944313,3
insurance_charges_smoker_welch,0.001,4.680467338568534,7,511,0,3,1.659803373626215e-08,1.7737907004988784e-05,5.16630738152591e-10,8.767508963281045e-08,20.811150026042014,4
insurance_charges_smoker_welch,0.001,4.680467338568534,7,511,0,4,1.659530637330319e-08,1.7739885790124532e-05,5.174132169300015e-10,8.661887318517358e-08,25.409693993162364,5
insurance_charges_smoker_welch,0.001,4.680467338568534,7,511,0,5,1.6595747073954348e-08,1.7744772211392146e-05,5.136026483192687e-10,8.220770553180046e-08,30.208690959960222,6
insurance_charges_smoker_welch,0.001,4.680467338568534,7,511,0,6,1.6594837395395603e-08,1.774052924963243e-05,5.159763453596534e-10,8.558004394032537e-08,34.69157053902745,7
insurance_charges_smoker_welch,0.001,4.680467338568534,7,511,0,7,1.6596014344650212e-08,1.7747206101370594e-05,5.186741113408016e-10,8.671863072073904e-08,39.53283620392904,8
insurance_charges_smoker_welch,0.001,4.680467338568534,7,511,0,8,1.6597082813185702e-08,1.774659734432582e-05,5.164090425658979e-10,9.03126761153672e-08,43.71274907886982,9
insurance_charges_smoker_welch,0.001,4.680467338568534,7,511,0,9,1.6595450934972955e-08,1.7742717794755336e-05,5.145503220045351e-10,8.03687342232351e-08,48.562506100628525,10
insurance_charges_smoker_welch,0.001,4.680467338568534,7,511,0,10,1.6595841991832837e-08,1.7743404835623977e-05,5.141290334613404e-10,8.508839033360971e-08,53.51301857363433,11
insurance_charges_smoker_welch,0.001,4.680467338568534,7,511,0,11,1.6599087377343596e-08,1.774455284242471e-05,5.179588615480859e-10,8.253179473172167e-08,58.092327769845724,12
insurance_charges_smoker_welch,0.001,4.680467338568534,7,511,0,12,1.6602004242572495e-08,1.773888411005231e-05,5.12250700160404e-10,8.384615146628249e-08,62.70587221393362,13
insurance_charges_smoker_welch,0.001,4.680467338568534,7,511,0,13,1.6596675637685246e-08,1.773601453192164e-05,5.157566465345488e-10,7.777567634370541e-08,67.76789001980796,14
insurance_charges_smoker_welch,0.001,4.680467338568534,7,511,0,14,1.659535343082844e-08,1.7744680105957755e-05,5.134232451892758e-10,8.550146746166831e-08,72.67718751868233,15
insurance_charges_smoker_welch,0.001,4.680467338568534,7,511,0,15,1.659320458930231e-08,1.7743238130085714e-05,5.130176220867597e-10,7.815059488436304e-08,76.86435171868652,16
insurance_charges_smoker_welch,0.001,4.680467338568534,7,511,1,1,1.602985962684878e-07,0.00011393843627260924,1.5814370358538537e-07,0.00011762041680085655,11.622047223616391,2
insurance_charges_smoker_welch,0.001,4.680467338568534,7,511,1,2,1.6029524890061e-07,0.00011393717812480109,1.5813566920170387e-07,0.00011768434713799181,11.697833846323192,2
insurance_charges_smoker_welch,0.001,4.680467338568534,7,511,1,3,1.6027841602835573e-07,0.0001139582736039424,1.5812153304301603e-07,0.0001176887121887571,11.767930602189153,2
insurance_charges_smoker_welch,0.001,4.680467338568534,7,511,1,4,1.6029282189823448e-07,0.0001139254732138717,1.5813476313775998e-07,0.00011760220566592317,16.74362539825961,3
insurance_charges_smoker_welch,0.001,4.680467338568534,7,511,1,5,1.602974649504837e-07,0.00011393786445734744,1.5813505759340908e-07,0.00011769648754067497,16.818599642254412,3
insurance_charges_smoker_welch,0.001,4.680467338568534,7,511,1,6,1.6028261463297143e-07,0.00011395852870699219,1.5812415530348415e-07,0.00011767726659772659,16.888997636269778,3
insurance_charges_smoker_welch,0.001,4.680467338568534,7,511,1,7,1.6029014060787425e-07,0.00011392694215339727,1.5813353553776471e-07,0.0001176036610774922,21.58444363810122,4
insurance_charges_smoker_welch,0.001,4.680467338568534,7,511,1,8,1.6029452936717854e-07,0.00011393530662062723,1.58136497185551e-07,0.0001176815203224324,21.66153246536851,4
insurance_charges_smoker_welch,0.001,4.680467338568534,7,511,1,9,1.6027328957234012e-07,0.0001139586501615053,1.5811549997026589e-07,0.00011768556364710747,21.730858176015317,4
insurance_charges_smoker_welch,0.001,4.680467338568534,7,511,1,10,1.6029686395076836e-07,0.00011392575885371681,1.5813807433193703e-07,0.00011759847755377084,26.079181496053934,5
insurance_charges_smoker_welch,0.001,4.680467338568534,7,511,1,11,1.603021579089181e-07,0.00011393675111193158,1.581407963474618e-07,0.00011769454558274717,26.153993592131883,5
insurance_charges_smoker_welch,0.001,4.680467338568534,7,511,1,12,1.6028105324281783e-07,0.00011395613560583051,1.5812466697684977e-07,0.00011768330629191581,26.22557300934568,5
insurance_charges_smoker_welch,0.001,4.680467338568534,7,511,1,13,1.6029778826991213e-07,0.00011392469838888974,1.5813954200889627e-07,0.00011760259020665575,31.02606560336426,6
insurance_charges_smoker_welch,0.001,4.680467338568534,7,511,1,14,1.603015046033597e-07,0.00011393838567130832,1.581437922119368e-07,0.00011768785603460952,31.099086268339306,6
insurance_charges_smoker_welch,0.001,4.680467338568534,7,511,1,15,1.6028335536186756e-07,0.00011395649902035121,1.58124706964933e-07,0.00011768824564040159,31.168002450373024,6
insurance_charges_smoker_welch,0.001,4.680467338568534,6,15,0,1,0.003518280993625439,0.5207743450969464,0.0035182800888343834,0.5207693787484753,7.179601029958576,2
insurance_charges_smoker_welch,0.001,4.680467338568534,6,15,0,2,0.0002490669557897247,0.3361913985875543,0.0002490650668377074,0.33618451935477744,7.247940838802606,2
insurance_charges_smoker_welch,0.001,4.680467338568534,6,15,0,3,2.8379190830592397e-05,0.15054087816336226,2.8372087908549183e-05,0.15053207498271481,11.37477646348998,3
insurance_charges_smoker_welch,0.001,4.680467338568534,6,15,0,4,3.138247224378406e-06,0.03229394324349022,3.1268512417028588e-06,0.03228391463703684,11.455188199877739,3
insurance_charges_smoker_welch,0.001,4.680467338568534,6,15,0,5,1.047572934608751e-07,0.0015565114790063728,9.19982012460121e-08,0.0015461643320164864,11.528533324133605,3
insurance_charges_smoker_welch,0.001,4.680467338568534,6,15,0,6,1.7216430517991258e-08,1.8271128557012517e-05,3.5722543576594456e-09,2.938490257564652e-06,11.596476176287979,3
insurance_charges_smoker_welch,0.001,4.680467338568534,6,15,0,7,1.7070222143763505e-08,1.8311278598193148e-05,3.5050293195723788e-09,2.9453066745510625e-06,15.813882505055517,4
insurance_charges_smoker_welch,0.001,4.680467338568534,6,15,0,8,1.7076266208114618e-08,1.8296044768439934e-05,3.5178708993955417e-09,2.973293882546635e-06,15.893119318876415,4
insurance_charges_smoker_welch,0.001,4.680467338568534,6,15,0,9,1.708389443972152e-08,1.82717494724427e-05,3.5073331126471994e-09,2.972405030332581e-06,15.967945206910372,4
insurance_charges_smoker_welch,0.001,4.680467338568534,6,15,0,10,1.707839600078456e-08,1.8268103969987237e-05,3.508701961640908e-09,2.9385997066810887e-06,16.036547796800733,4
insurance_charges_smoker_welch,0.001,4.680467338568534,6,15,0,11,1.7078949200536735e-08,1.8307576289622318e-05,3.5046200204756205e-09,2.9494929804085857e-06,20.21714841807261,5
insurance_charges_smoker_welch,0.001,4.680467338568534,6,15,0,12,1.708284296014957e-08,1.8294090785020423e-05,3.5206791882312573e-09,2.9753416479483263e-06,20.299269245006144,5
insurance_charges_smoker_welch,0.001,4.680467338568534,6,15,0,13,1.7090159384586625e-08,1.8272089513660106e-05,3.509776215326725e-09,2.9697254401162e-06,20.372947251889855,5
insurance_charges_smoker_welch,0.001,4.680467338568534,6,15,0,14,1.7078225571897493e-08,1.8268592243742e-05,3.5099086769817592e-09,2.9398850373008045e-06,20.450726642739028,5
insurance_charges_smoker_welch,0.001,4.680467338568534,6,15,0,15,1.7076998393494245e-08,1.8304856179374163e-05,3.5045105906967428e-09,2.949476502811521e-06,24.59438285464421,6
insurance_charges_smoker_welch,0.001,4.680467338568534,6,15,1,1,0.003518414157609661,0.5207775848575624,0.003518414549503082,0.5207863277192795,2.4856349141336977,1
insurance_charges_smoker_welch,0.001,4.680467338568534,6,15,1,2,0.00024919802178477267,0.33620584319013946,0.0002491986461129541,0.33621795335097127,2.5546240410767496,1
insurance_charges_smoker_welch,0.001,4.680467338568534,6,15,1,3,2.8520401920646217e-05,0.15058144710617716,2.852031501647982e-05,0.15059694377059263,7.377889291848987,2
insurance_charges_smoker_welch,0.001,4.680467338568534,6,15,1,4,3.2815530923974953e-06,0.032370486841873936,3.2816115922324595e-06,0.03238814012928193,7.454434226732701,2
insurance_charges_smoker_welch,0.001,4.680467338568534,6,15,1,5,2.48053400137585e-07,0.0016516443316318963,2.4814782130181133e-07,0.001669858048985784,7.524815927725285,2
insurance_charges_smoker_welch,0.001,4.680467338568534,6,15,1,6,1.5959645474711374e-07,0.00011056609637127846,1.5969100403551896e-07,0.00012880792892489001,12.26154099078849,3
insurance_charges_smoker_welch,0.001,4.680467338568534,6,15,1,7,1.594403580613656e-07,0.00010690417242975592,1.5953412069085195e-07,0.00012514607179092696,12.336242403835058,3
insurance_charges_smoker_welch,0.001,4.680467338568534,6,15,1,8,1.594497170590394e-07,0.00010685571648905157,1.595437567113457e-07,0.0001250976167342932,12.405851866584271,3
insurance_charges_smoker_welch,0.001,4.680467338568534,6,15,1,9,1.5945536709970965e-07,0.0001069854176541929,1.5955122649310364e-07,0.0001252273155332162,17.246378594543785,4
insurance_charges_smoker_welch,0.001,4.680467338568534,6,15,1,10,1.5944682609254421e-07,0.00010690532402268804,1.5954076945066885e-07,0.00012514722336287587,17.320552799850702,4
insurance_charges_smoker_welch,0.001,4.680467338568534,6,15,1,11,1.5945045782793583e-07,0.00010685453676384515,1.5954318294076144e-07,0.00012509643703062512,17.390116413589567,4
insurance_charges_smoker_welch,0.001,4.680467338568534,6,15,1,12,1.5946137818938322e-07,0.00010698312367274365,1.5955460843802849e-07,0.00012522502159351134,22.136485201772302,5
insurance_charges_smoker_welch,0.001,4.680467338568534,6,15,1,13,1.594418192916418e-07,0.00010691093041370614,1.5953482137444268e-07,0.00012515282965164243,22.21772415563464,5
insurance_charges_smoker_welch,0.001,4.680467338568534,6,15,1,14,1.5945062969818498e-07,0.00010685396799470226,1.595464752471507e-07,0.0001250958682718073,22.2873253589496,5
insurance_charges_smoker_welch,0.001,4.680467338568534,6,15,1,15,1.594552736274623e-07,0.00010698464409852892,1.595500265153373e-07,0.00012522654199165206,26.96948988409713,6
insurance_charges_smoker_welch,0.001,4.680467338568534,6,31,0,1,0.0006874771269672315,0.21846314688401824,0.0006874781907369712,0.21847558063984085,7.535509895067662,2
insurance_charges_smoker_welch,0.001,4.680467338568534,6,31,0,2,1.995199916483192e-05,0.06636815216245584,1.995135845135165e-05,0.06638300565321309,12.033685521688312,3
insurance_charges_smoker_welch,0.001,4.680467338568534,6,31,0,3,4.813986652909523e-07,0.006447567139982402,4.7200174787270183e-07,0.006463373929256444,12.114011618774384,3
insurance_charges_smoker_welch,0.001,4.680467338568534,6,31,0,4,1.865182871016056e-08,4.620158106660721e-05,6.266193563329343e-09,6.211021200808187e-05,12.187179684638977,3
insurance_charges_smoker_welch,0.001,4.680467338568534,6,31,0,5,1.7155818309491492e-08,1.6325994519172937e-05,4.032113938588956e-09,8.483722381935621e-06,12.255491093732417,3
insurance_charges_smoker_welch,0.001,4.680467338568534,6,31,0,6,1.713939591662018e-08,1.6472099246600536e-05,4.032159789424291e-09,8.459741697164347e-06,16.77731847250834,4
insurance_charges_smoker_welch,0.001,4.680467338568534,6,31,0,7,1.7157429287969252e-08,1.6403764768524454e-05,4.0483572834878014e-09,8.499648088244882e-06,16.854205534793437,4
insurance_charges_smoker_welch,0.001,4.680467338568534,6,31,0,8,1.7148396423970506e-08,1.6340354431099158e-05,4.03723318814989e-09,8.438250424180893e-06,16.927951123565435,4
insurance_charges_smoker_welch,0.001,4.680467338568534,6,31,0,9,1.7159796574318703e-08,1.633784091770174e-05,4.0345427211092464e-09,8.46359238426686e-06,16.997719660867006,4
insurance_charges_smoker_welch,0.001,4.680467338568534,6,31,0,10,1.7141910123643093e-08,1.6466444774820843e-05,4.027404938167098e-09,8.465303687810177e-06,21.95066417194903,5
insurance_charges_smoker_welch,0.001,4.680467338568534,6,31,0,11,1.7150455176109136e-08,1.6400693305440583e-05,4.045105752919028e-09,8.488724813293658e-06,22.030845701228827,5
insurance_charges_smoker_welch,0.001,4.680467338568534,6,31,0,12,1.714690568390331e-08,1.6332967988974545e-05,4.034113433884853e-09,8.428881015376533e-06,22.10381904337555,5
insurance_charges_smoker_welch,0.001,4.680467338568534,6,31,0,13,1.7155681785185228e-08,1.633758046026834e-05,4.0321090178730215e-09,8.476559851366972e-06,22.17007903708145,5
insurance_charges_smoker_welch,0.001,4.680467338568534,6,31,0,14,1.714135095229509e-08,1.646516554543176e-05,4.023584767157194e-09,8.457322391741684e-06,27.013341092970222,6
insurance_charges_smoker_welch,0.001,4.680467338568534,6,31,0,15,1.7156809668511378e-08,1.6407645818006245e-05,4.047923030007594e-09,8.495489349336083e-06,27.094552665948868,6
insurance_charges_smoker_welch,0.001,4.680467338568534,6,31,1,1,0.0006876300275179814,0.21848808437346057,0.0006876301515369538,0.21849874195729024,2.7874582610093057,1
insurance_charges_smoker_welch,0.001,4.680467338568534,6,31,1,2,2.0102420629529866e-05,0.06644063524127164,2.0102354621844268e-05,0.06645336631675602,7.244158702902496,2
insurance_charges_smoker_welch,0.001,4.680467338568534,6,31,1,3,6.289386384777289e-07,0.006560202956281236,6.28007232758051e-07,0.006573750629330077,7.320573452860117,2
insurance_charges_smoker_welch,0.001,4.680467338568534,6,31,1,4,1.6252935970023538e-07,0.00016730771450768067,1.615979151819084e-07,0.00018094256833467437,7.392835307866335,2
insurance_charges_smoker_welch,0.001,4.680467338568534,6,31,1,5,1.5992351248804313e-07,0.00010975096305954057,1.5899204259720674e-07,0.000118505480758202,12.076412813272327,3
insurance_charges_smoker_welch,0.001,4.680467338568534,6,31,1,6,1.5991512826156692e-07,0.00010974292468224345,1.5898677367710698e-07,0.00011847293024480621,12.14849191904068,3
insurance_charges_smoker_welch,0.001,4.680467338568534,6,31,1,7,1.5991891289933463e-07,0.00010967607293765891,1.5898975655486946e-07,0.00011856371642660068,12.217107369098812,3
insurance_charges_smoker_welch,0.001,4.680467338568534,6,31,1,8,1.5992511130550623e-07,0.00010975014101555214,1.5900185738284867e-07,0.00011850767270682461,16.48927524127066,4
insurance_charges_smoker_welch,0.001,4.680467338568534,6,31,1,9,1.599142994242528e-07,0.00010974109348038663,1.5898600792722012e-07,0.00011847885313442941,16.563129261601716,4
insurance_charges_smoker_welch,0.001,4.680467338568534,6,31,1,10,1.5991680493210843e-07,0.00010967787856830391,1.5899060054875736e-07,0.00011856087333628196,16.63260516198352,4
insurance_charges_smoker_welch,0.001,4.680467338568534,6,31,1,11,1.5992618142117183e-07,0.00010975187253925434,1.5900039622569515e-07,0.00011850297397431042,21.1742895799689,5
insurance_charges_smoker_welch,0.001,4.680467338568534,6,31,1,12,1.5991813370678755e-07,0.00010974292993803925,1.5899165852521093e-07,0.00011847150103261317,21.2502199979499,5
insurance_charges_smoker_welch,0.001,4.680467338568534,6,31,1,13,1.5991618280182806e-07,0.00010967897927260939,1.5898899340377115e-07,0.00011855690256312723,21.31818106584251,5
insurance_charges_smoker_welch,0.001,4.680467338568534,6,31,1,14,1.5992250325103764e-07,0.00010975097268106637,1.5899598858146264e-07,0.00011850156064419082,25.66785724554211,6
insurance_charges_smoker_welch,0.001,4.680467338568534,6,31,1,15,1.599206819385988e-07,0.00010974303712740774,1.5899101027097757e-07,0.00011847023889111075,25.742838540114462,6
insurance_charges_smoker_welch,0.001,4.680467338568534,6,63,0,1,5.262400208433954e-05,0.028710552048601512,5.262456742067078e-05,0.02872292039305424,8.078173308167607,2
insurance_charges_smoker_welch,0.001,4.680467338568534,6,63,0,2,2.198109266453248e-07,0.0012131150864701512,2.1462561087048302e-07,0.0012258335817174615,13.113867377396673,3
insurance_charges_smoker_welch,0.001,4.680467338568534,6,63,0,3,1.6888246620334457e-08,1.3552758650892116e-05,4.069556103652891e-09,4.553601920420647e-06,13.193827088456601,3
insurance_charges_smoker_welch,0.001,4.680467338568534,6,63,0,4,1.693067734426045e-08,1.3408295290284755e-05,3.996252682875255e-09,4.362095843979397e-06,13.267604311462492,3
insurance_charges_smoker_welch,0.001,4.680467338568534,6,63,0,5,1.692644850610474e-08,1.3468212295975057e-05,4.002933136486477e-09,4.335621966111702e-06,13.335146336816251,3
insurance_charges_smoker_welch,0.001,4.680467338568534,6,63,0,6,1.692596181201178e-08,1.344410815806718e-05,3.986745196622575e-09,4.3474835206280815e-06,18.550104171968997,4
insurance_charges_smoker_welch,0.001,4.680467338568534,6,63,0,7,1.6950895849681904e-08,1.355982487305507e-05,4.0086566946393744e-09,4.466724484397666e-06,18.629649076145142,4
insurance_charges_smoker_welch,0.001,4.680467338568534,6,63,0,8,1.693245768210049e-08,1.3400855618295182e-05,3.994136068038973e-09,4.362939557744916e-06,18.70334654999897,4
insurance_charges_smoker_welch,0.001,4.680467338568534,6,63,0,9,1.6927996923548944e-08,1.3463763278931395e-05,4.000671035284727e-09,4.33474719629956e-06,18.77124095801264,4
insurance_charges_smoker_welch,0.001,4.680467338568534,6,63,0,10,1.6923770139932635e-08,1.3446820776863433e-05,3.99340397695783e-09,4.343044766708104e-06,23.62661583069712,5
insurance_charges_smoker_welch,0.001,4.680467338568534,6,63,0,11,1.694925738746173e-08,1.3554028076678826e-05,4.0118029222178345e-09,4.467105163330487e-06,23.706999020650983,5
insurance_charges_smoker_welch,0.001,4.680467338568534,6,63,0,12,1.6934663056990766e-08,1.3406606128585352e-05,3.995677218299632e-09,4.3678481050912765e-06,23.78110365755856,5
insurance_charges_smoker_welch,0.001,4.680467338568534,6,63,0,13,1.6932062496968043e-08,1.3469515592889891e-05,4.003427226749158e-09,4.334218569268522e-06,23.848142369184643,5
insurance_charges_smoker_welch,0.001,4.680467338568534,6,63,0,14,1.6924843670255703e-08,1.3447538681266025e-05,3.992456885560281e-09,4.345295846919228e-06,28.650228370446712,6
insurance_charges_smoker_welch,0.001,4.680467338568534,6,63,0,15,1.6950717857773176e-08,1.3550216115598701e-05,4.012485719501717e-09,4.463892742556652e-06,28.725782729219645,6
insurance_charges_smoker_welch,0.001,4.680467338568534,6,63,1,1,5.277928867535278e-05,0.02878718105080491,5.277856987181254e-05,0.028797845981203496,3.257823785301298,1
insurance_charges_smoker_welch,0.001,4.680467338568534,6,63,1,2,3.748696808548855e-07,0.001330740939344821,3.7309513604670964e-07,0.0013417073701119664,7.80809582117945,2
insurance_charges_smoker_welch,0.001,4.680467338568534,6,63,1,3,1.61853910125803e-07,0.0001223144897053441,1.600164967101616e-07,0.00012198698718612899,7.882320499047637,2
insurance_charges_smoker_welch,0.001,4.680467338568534,6,63,1,4,1.61760466014803e-07,0.00012212000545186452,1.5992627179432553e-07,0.0001196850297228158,7.950229616835713,2
insurance_charges_smoker_welch,0.001,4.680467338568534,6,63,1,5,1.6174830749076123e-07,0.0001222072773160443,1.5991476779806326e-07,0.00011970117218773613,12.335908476728946,3
insurance_charges_smoker_welch,0.001,4.680467338568534,6,63,1,6,1.617503888867028e-07,0.00012211967978226212,1.5991723311956896e-07,0.00011975207924830311,12.40893660672009,3
insurance_charges_smoker_welch,0.001,4.680467338568534,6,63,1,7,1.6176165116398028e-07,0.00012212111764320355,1.59928504277787e-07,0.00011968291274022658,12.477380743715912,3
insurance_charges_smoker_welch,0.001,4.680467338568534,6,63,1,8,1.617565540687863e-07,0.00012221108487797672,1.599256664732141e-07,0.00011969663333022407,16.788391213398427,4
insurance_charges_smoker_welch,0.001,4.680467338568534,6,63,1,9,1.6174757046264013e-07,0.00012211842285003716,1.5991603191140932e-07,0.0001197616928688694,16.86307476228103,4
insurance_charges_smoker_welch,0.001,4.680467338568534,6,63,1,10,1.6176524993226682e-07,0.00012212126012400848,1.5993071604205686e-07,0.00011968629902525674,16.9330536974594,4
insurance_charges_smoker_welch,0.001,4.680467338568534,6,63,1,11,1.617537870901879e-07,0.00012220361727433016,1.5992151842319743e-07,0.00011969680855239417,21.232098118402064,5
insurance_charges_smoker_welch,0.001,4.680467338568534,6,63,1,12,1.6174272368813523e-07,0.00012212132964850575,1.5990792282508345e-07,0.00011975248564022323,21.307071364484727,5
insurance_charges_smoker_welch,0.001,4.680467338568534,6,63,1,13,1.6176320062194686e-07,0.00012212476529427363,1.5992773950474257e-07,0.00011968979784604539,21.37747339438647,5
insurance_charges_smoker_welch,0.001,4.680467338568534,6,63,1,14,1.6176040162784084e-07,0.000122208409711555,1.5992616501403522e-07,0.00011969993633920151,25.66395183838904,6
insurance_charges_smoker_welch,0.001,4.680467338568534,6,63,1,15,1.6174509482684473e-07,0.00012212019738355728,1.5990929351862015e-07,0.00011975117630169674,25.736340008676052,6
insurance_charges_smoker_welch,0.001,4.680467338568534,6,127,0,1,5.8917075607618e-07,0.0004452557871603702,5.891717632190931e-07,0.0004463971238510833,10.92780967708677,3
insurance_charges_smoker_welch,0.001,4.680467338568534,6,127,0,2,1.6067242272748962e-08,1.3366820780014166e-05,3.4778030448030664e-09,2.437079690942312e-06,11.006372410338372,3
insurance_charges_smoker_welch,0.001,4.680467338568534,6,127,0,3,1.6109491008495274e-08,1.3474866970675237e-05,3.4711530795667985e-09,2.567769653571972e-06,11.077884966507554,3
insurance_charges_smoker_welch,0.001,4.680467338568534,6,127,0,4,1.6099478620014304e-08,1.3478615524586957e-05,3.46770488102925e-09,2.4279332344612214e-06,11.147007247433066,3
insurance_charges_smoker_welch,0.001,4.680467338568534,6,127,0,5,1.6092116716409806e-08,1.3480967139489763e-05,3.4662921337195692e-09,2.6605584593220044e-06,16.250936393626034,4
insurance_charges_smoker_welch,0.001,4.680467338568534,6,127,0,6,1.6090884718470403e-08,1.3496259461120985e-05,3.484667590044439e-09,2.7399237836345236e-06,16.339630122762173,4
insurance_charges_smoker_welch,0.001,4.680467338568534,6,127,0,7,1.6111322523784774e-08,1.347073425761458e-05,3.4658994897537258e-09,2.5656200874912827e-06,16.415602411609143,4
insurance_charges_smoker_welch,0.001,4.680467338568534,6,127,0,8,1.6092342118111233e-08,1.3479313824893424e-05,3.4629223992862666e-09,2.4249586987323823e-06,16.48237024853006,4
insurance_charges_smoker_welch,0.001,4.680467338568534,6,127,0,9,1.609488052259879e-08,1.3478989082438275e-05,3.4696869164112883e-09,2.6617187200983494e-06,21.301597429439425,5
insurance_charges_smoker_welch,0.001,4.680467338568534,6,127,0,10,1.6088027360972008e-08,1.3494819815162984e-05,3.4817019221516986e-09,2.740985636462412e-06,21.38267822144553,5
insurance_charges_smoker_welch,0.001,4.680467338568534,6,127,0,11,1.6110650175888964e-08,1.3473017602239068e-05,3.472026370155947e-09,2.57823295135573e-06,21.456617929507047,5
insurance_charges_smoker_welch,0.001,4.680467338568534,6,127,0,12,1.609407775479037e-08,1.347855679845189e-05,3.4621666319740627e-09,2.423954306385312e-06,21.524012331385165,5
insurance_charges_smoker_welch,0.001,4.680467338568534,6,127,0,13,1.609761935906625e-08,1.3479773365965286e-05,3.465803887347255e-09,2.6445314367240513e-06,26.52879302110523,6
insurance_charges_smoker_welch,0.001,4.680467338568534,6,127,0,14,1.6087464996560513e-08,1.3496567386139802e-05,3.488788894697646e-09,2.742585144543952e-06,26.60935785714537,6
insurance_charges_smoker_welch,0.001,4.680467338568534,6,127,0,15,1.611307359362105e-08,1.3471934646069883e-05,3.4700830183857507e-09,2.5768541382920063e-06,26.683391749858856,6
insurance_charges_smoker_welch,0.001,4.680467338568534,6,127,1,1,7.42673110321276e-07,0.0005723825444291508,7.412978271976558e-07,0.0005676268678769247,6.768354682717472,2
insurance_charges_smoker_welch,0.001,4.680467338568534,6,127,1,2,1.618523878399893e-07,0.0001299896496131936,1.594499941385191e-07,0.0001252318679785258,6.842529612593353,2
insurance_charges_smoker_welch,0.001,4.680467338568534,6,127,1,3,1.6182083608126907e-07,0.00012985172129353906,1.5942319389980762e-07,0.00012509393900261845,6.910388121847063,2
insurance_charges_smoker_welch,0.001,4.680467338568534,6,127,1,4,1.6180835361395574e-07,0.00012985242081364756,1.5941029353009744e-07,0.0001250946385259466,11.475330866873264,3
insurance_charges_smoker_welch,0.001,4.680467338568534,6,127,1,5,1.618087513599771e-07,0.00012968863491569227,1.5940969000173124e-07,0.00012493085184872577,11.55791126890108,3
insurance_charges_smoker_welch,0.001,4.680467338568534,6,127,1,6,1.618197384583e-07,0.00012986055432340216,1.59420452074127e-07,0.00012510277207444798,11.626114453654736,3
insurance_charges_smoker_welch,0.001,4.680467338568534,6,127,1,7,1.6182013576787578e-07,0.00012985459547032452,1.59421228823848e-07,0.00012509681319305965,16.550372750964016,4
insurance_charges_smoker_welch,0.001,4.680467338568534,6,127,1,8,1.6181030152891942e-07,0.00012968567487470217,1.5941362823556113e-07,0.00012492789179363584,16.624686672817916,4
insurance_charges_smoker_welch,0.001,4.680467338568534,6,127,1,9,1.6181679270911884e-07,0.00012983967127078166,1.59418043217718e-07,0.00012508188892246253,16.692713741213083,4
insurance_charges_smoker_welch,0.001,4.680467338568534,6,127,1,10,1.618131878455595e-07,0.0001298460457609396,1.594173374968291e-07,0.00012508826344304058,21.494560652878135,5
insurance_charges_smoker_welch,0.001,4.680467338568534,6,127,1,11,1.6181392127042954e-07,0.0001296855276142761,1.5940975619536723e-07,0.00012492774453254363,21.57702683703974,5
insurance_charges_smoker_welch,0.001,4.680467338568534,6,127,1,12,1.6181786950148438e-07,0.00012984305483410008,1.5941721128161853e-07,0.00012508527250187917,21.644695374183357,5
insurance_charges_smoker_welch,0.001,4.680467338568534,6,127,1,13,1.6181640934905762e-07,0.00012984588355047233,1.5941795974900767e-07,0.00012508810123168512,26.23616647813469,6
insurance_charges_smoker_welch,0.001,4.680467338568534,6,127,1,14,1.618107092864196e-07,0.00012969442168297984,1.59408516147884e-07,0.00012493663864354687,26.31095317332074,6
insurance_charges_smoker_welch,0.001,4.680467338568534,6,127,1,15,1.6182519485382488e-07,0.00012985437779533537,1.5942394140282942e-07,0.00012509659551696029,26.379881175234914,6
insurance_charges_smoker_welch,0.001,4.680467338568534,6,255,0,1,1.6576987602283236e-08,2.300301990232345e-05,3.810791556902712e-09,4.4549058120235685e-06,11.710153166204691,3
insurance_charges_smoker_welch,0.001,4.680467338568534,6,255,0,2,1.6582209221271396e-08,2.2367672552814355e-05,3.824551003199755e-09,4.22146443457283e-06,11.793530118186027,3
insurance_charges_smoker_welch,0.001,4.680467338568534,6,255,0,3,1.6593138523974865e-08,2.238958287981152e-05,3.834740309280625e-09,4.477115923884334e-06,11.866565304342657,3
insurance_charges_smoker_welch,0.001,4.680467338568534,6,255,0,4,1.659891182159988e-08,2.2445289009631608e-05,3.845427959206797e-09,4.4536709434828126e-06,11.934306589420885,3
insurance_charges_smoker_welch,0.001,4.680467338568534,6,255,0,5,1.6597441290935817e-08,2.258978476621376e-05,3.827428158155281e-09,4.433214161325694e-06,16.073080441448838,4
insurance_charges_smoker_welch,0.001,4.680467338568534,6,255,0,6,1.6585899447771015e-08,2.236434891655925e-05,3.8286776048954705e-09,4.219812058559036e-06,16.152848408091813,4
insurance_charges_smoker_welch,0.001,4.680467338568534,6,255,0,7,1.6591814219129257e-08,2.2391832071422257e-05,3.832567687236737e-09,4.48311176759475e-06,16.225929521024227,4
insurance_charges_smoker_welch,0.001,4.680467338568534,6,255,0,8,1.6605387584993283e-08,2.2449688963144254e-05,3.846508029230693e-09,4.4623545782940255e-06,16.29236207762733,4
insurance_charges_smoker_welch,0.001,4.680467338568534,6,255,0,9,1.6594904068489516e-08,2.259054864339749e-05,3.8193251324721185e-09,4.436604644220132e-06,20.44164464669302,5
insurance_charges_smoker_welch,0.001,4.680467338568534,6,255,0,10,1.6581762511307726e-08,2.2364516773065723e-05,3.8281559698260755e-09,4.219524593507273e-06,20.522428029682487,5
insurance_charges_smoker_welch,0.001,4.680467338568534,6,255,0,11,1.6595922279077246e-08,2.238961062062117e-05,3.834259330891455e-09,4.485620695326986e-06,20.594663321506232,5
insurance_charges_smoker_welch,0.001,4.680467338568534,6,255,0,12,1.6599637306294985e-08,2.244536977835665e-05,3.845528406963599e-09,4.4507262069171105e-06,20.66428878251463,5
insurance_charges_smoker_welch,0.001,4.680467338568534,6,255,0,13,1.6597767469164802e-08,2.2592845437263698e-05,3.826273914357437e-09,4.429031185249066e-06,24.857089354190975,6
insurance_charges_smoker_welch,0.001,4.680467338568534,6,255,0,14,1.658710799871019e-08,2.2362250279850393e-05,3.827629162475349e-09,4.223758957144774e-06,24.937227284070104,6
insurance_charges_smoker_welch,0.001,4.680467338568534,6,255,0,15,1.659759245924573e-08,2.2387938163226373e-05,3.835504504733284e-09,4.477329357155391e-06,25.01194787211716,6
insurance_charges_smoker_welch,0.001,4.680467338568534,6,255,1,1,1.6262828602156996e-07,0.00012543859446989547,1.610859724274437e-07,0.00011261669034590138,8.619689823593944,2
insurance_charges_smoker_welch,0.001,4.680467338568534,6,255,1,2,1.624860454924817e-07,0.00012509499558777115,1.609375363903003e-07,0.00011227308705763495,8.69461735477671,2
insurance_charges_smoker_welch,0.001,4.680467338568534,6,255,1,3,1.6247654234480293e-07,0.00012523142692200118,1.609280075764153e-07,0.00011240952014135441,8.763850515708327,2
insurance_charges_smoker_welch,0.001,4.680467338568534,6,255,1,4,1.6249393030877266e-07,0.00012519608143901628,1.6094959555606277e-07,0.00011237417420506546,13.543253717012703,3
insurance_charges_smoker_welch,0.001,4.680467338568534,6,255,1,5,1.6249138834496457e-07,0.00012509540846239453,1.6094319509271592e-07,0.0001122734999375874,13.618453066796064,3
insurance_charges_smoker_welch,0.001,4.680467338568534,6,255,1,6,1.6246283094927552e-07,0.00012522337184339705,1.6091772464459455e-07,0.00011240146495949954,13.68845120863989,3
insurance_charges_smoker_welch,0.001,4.680467338568534,6,255,1,7,1.6249694668000003e-07,0.00012518564883523542,1.609499179097347e-07,0.00011236374146750272,18.27473912248388,4
insurance_charges_smoker_welch,0.001,4.680467338568534,6,255,1,8,1.624891726635163e-07,0.00012509764378032528,1.6093823352811965e-07,0.00011227573528405088,18.35097256442532,4
insurance_charges_smoker_welch,0.001,4.680467338568534,6,255,1,9,1.6246935111618584e-07,0.00012523406434727935,1.6092428961033884e-07,0.00011241215760049439,18.426814928650856,4
insurance_charges_smoker_welch,0.001,4.680467338568534,6,255,1,10,1.624953478117014e-07,0.0001251929519813233,1.6095396376032366e-07,0.00011237104470729342,22.958607072476298,5
insurance_charges_smoker_welch,0.001,4.680467338568534,6,255,1,11,1.6248841740310928e-07,0.00012510123043241173,1.609426573608831e-07,0.00011227932198221158,23.034498660825193,5
insurance_charges_smoker_welch,0.001,4.680467338568534,6,255,1,12,1.624688054143456e-07,0.00012521983995172903,1.6092351235297744e-07,0.0001123979330224234,23.103515413124114,5
insurance_charges_smoker_welch,0.001,4.680467338568534,6,255,1,13,1.624926334207742e-07,0.00012518658163618301,1.6095116232100632e-07,0.00011236467428044072,27.686886043753475,6
insurance_charges_smoker_welch,0.001,4.680467338568534,6,255,1,14,1.6249424327426345e-07,0.00012509862490384105,1.6094633377849936e-07,0.00011227671642022319,27.764155727345496,6
insurance_charges_smoker_welch,0.001,4.680467338568534,6,255,1,15,1.6247147426817846e-07,0.00012523242183803962,1.6092541198418662e-07,0.00011241051507016042,27.8332281941548,6
insurance_charges_smoker_welch,0.001,4.680467338568534,6,511,0,1,1.6357049635044223e-08,1.3404786764148469e-05,3.6664376357589733e-09,2.1229544194811822e-06,15.812467936892062,3
insurance_charges_smoker_welch,0.001,4.680467338568534,6,511,0,2,1.635523826564055e-08,1.315849567706806e-05,3.6799883450400357e-09,2.1495395485793267e-06,15.892553857062012,3
insurance_charges_smoker_welch,0.001,4.680467338568534,6,511,0,3,1.6359501136878736e-08,1.3298134648120907e-05,3.664754755181867e-09,2.116250761630134e-06,15.964806667063385,3
insurance_charges_smoker_welch,0.001,4.680467338568534,6,511,0,4,1.6359704584350144e-08,1.3324557649019297e-05,3.662362274274469e-09,2.080448112562472e-06,16.032494863960892,3
insurance_charges_smoker_welch,0.001,4.680467338568534,6,511,0,5,1.6355539672208033e-08,1.3475715806787747e-05,3.6636145661305655e-09,2.114756537774376e-06,20.21864313306287,4
insurance_charges_smoker_welch,0.001,4.680467338568534,6,511,0,6,1.6354267598493765e-08,1.3155749135407291e-05,3.673018928913738e-09,2.1483493619633975e-06,20.296484139282256,4
insurance_charges_smoker_welch,0.001,4.680467338568534,6,511,0,7,1.635207940923114e-08,1.3300982220743052e-05,3.6666370421581623e-09,2.1218447586734968e-06,20.367499996442348,4
insurance_charges_smoker_welch,0.001,4.680467338568534,6,511,0,8,1.6360094593098233e-08,1.3325162625088538e-05,3.66483884845024e-09,2.0743967864556012e-06,20.433450604323298,4
insurance_charges_smoker_welch,0.001,4.680467338568534,6,511,0,9,1.635399885313048e-08,1.3476273487356139e-05,3.665892169715763e-09,2.1126050770980953e-06,25.121203746646643,5
insurance_charges_smoker_welch,0.001,4.680467338568534,6,511,0,10,1.6357100362681916e-08,1.3155772917050612e-05,3.6749259864131227e-09,2.1528503200141103e-06,25.2005584416911,5
insurance_charges_smoker_welch,0.001,4.680467338568534,6,511,0,11,1.6355752551801273e-08,1.3294812846620374e-05,3.664652338649445e-09,2.1175337120427074e-06,25.272775321733207,5
insurance_charges_smoker_welch,0.001,4.680467338568534,6,511,0,12,1.6362392453615277e-08,1.3328856859118332e-05,3.6660963796489603e-09,2.0847257068412617e-06,25.34063163259998,5
insurance_charges_smoker_welch,0.001,4.680467338568534,6,511,0,13,1.635730810683637e-08,1.347261955930712e-05,3.6628596378485416e-09,2.1219010999384835e-06,30.25627675652504,6
insurance_charges_smoker_welch,0.001,4.680467338568534,6,511,0,14,1.6353280994930297e-08,1.3156246054135678e-05,3.6750849968894854e-09,2.1474380200725562e-06,30.336785685271025,6
insurance_charges_smoker_welch,0.001,4.680467338568534,6,511,0,15,1.635331334111278e-08,1.330801514498603e-05,3.6682881651627585e-09,2.117293895320671e-06,30.411158540286124,6
insurance_charges_smoker_welch,0.001,4.680467338568534,6,511,1,1,1.6069730385479946e-07,0.00014661785727154708,1.5968975764101456e-07,0.00013110331646326578,11.597076943609864,2
insurance_charges_smoker_welch,0.001,4.680467338568534,6,511,1,2,1.6070011397103422e-07,0.00014652717185281716,1.596897219265954e-07,0.00013101262963732818,11.68275040248409,2
insurance_charges_smoker_welch,0.001,4.680467338568534,6,511,1,3,1.6071295956005067e-07,0.0001466007583412754,1.597036940495603e-07,0.0001310862172676508,11.751975795719773,2
insurance_charges_smoker_welch,0.001,4.680467338568534,6,511,1,4,1.6069642517028417e-07,0.00014660483279937964,1.596853621133783e-07,0.00013109029178903775,16.257956293877214,3
insurance_charges_smoker_welch,0.001,4.680467338568534,6,511,1,5,1.6069844151661277e-07,0.00014653087044458335,1.5968891396820635e-07,0.00013101632828660392,16.333210738841444,3
insurance_charges_smoker_welch,0.001,4.680467338568534,6,511,1,6,1.6071251512340146e-07,0.00014660006380828872,1.5970348216173084e-07,0.00013108552272389495,16.401443326845765,3
insurance_charges_smoker_welch,0.001,4.680467338568534,6,511,1,7,1.60690478777763e-07,0.00014660626488138817,1.59683938282961e-07,0.00013109172389325074,20.976104129571468,4
insurance_charges_smoker_welch,0.001,4.680467338568534,6,511,1,8,1.6070435090824114e-07,0.00014652912064261336,1.59692141289574e-07,0.00013101457845743347,21.0498865977861,4
insurance_charges_smoker_welch,0.001,4.680467338568534,6,511,1,9,1.6071130128738665e-07,0.00014660839829516714,1.5970690480723255e-07,0.00013109385734011436,21.118034714832902,4
insurance_charges_smoker_welch,0.001,4.680467338568534,6,511,1,10,1.6070021265703364e-07,0.0001466012361071023,1.596906629181631e-07,0.0001310866950409162,25.346142631024122,5
insurance_charges_smoker_welch,0.001,4.680467338568534,6,511,1,11,1.6070206578853958e-07,0.00014652576625706626,1.59691225351208e-07,0.0001310112240198169,25.421948757953942,5
insurance_charges_smoker_welch,0.001,4.680467338568534,6,511,1,12,1.607145045269808e-07,0.00014661031356033583,1.5970511912017954e-07,0.000131095772634926,25.490749658085406,5
insurance_charges_smoker_welch,0.001,4.680467338568534,6,511,1,13,1.6068428017848143e-07,0.00014660628768148332,1.5967666540468088e-07,0.00013109174669367896,30.171837786678225,6
insurance_charges_smoker_welch,0.001,4.680467338568534,6,511,1,14,1.6069648954815936e-07,0.00014652628727263028,1.5968833370132323e-07,0.00013101174504348556,30.248726966325194,6
insurance_charges_smoker_welch,0.001,4.680467338568534,6,511,1,15,1.6071581510190684e-07,0.00014660537397526152,1.5970901008909326e-07,0.0001310908329732463,30.31961067393422,6
insurance_charges_smoker_welch,0.001,4.680467338568534,5,15,1,1,0.003518412998037133,0.5207785419838504,0.0035184122148278936,0.5207760600161788,2.3924252139404416,1
insurance_charges_smoker_welch,0.001,4.680467338568534,5,15,1,2,0.00024919754215405493,0.3362090973538703,0.0002491963352850221,0.33620565947033343,2.461487744934857,1
insurance_charges_smoker_welch,0.001,4.680467338568534,5,15,1,3,2.852114580253075e-05,0.1505898850087417,2.851865418955445e-05,0.15058548577241782,7.116089310031384,2
insurance_charges_smoker_welch,0.001,4.680467338568534,5,15,1,4,3.283475147521716e-06,0.032386124275305295,3.280872913389357e-06,0.03238111284203604,7.1955965561792254,2
insurance_charges_smoker_welch,0.001,4.680467338568534,5,15,1,5,2.503069633464237e-07,0.001670822836014052,2.4768586024853485e-07,0.0016656523230876852,7.2648291871882975,2
insurance_charges_smoker_welch,0.001,4.680467338568534,5,15,1,6,1.6186138715057016e-07,0.0001300813222934183,1.5924062411994672e-07,0.0001249028296103072,11.97944210935384,3
insurance_charges_smoker_welch,0.001,4.680467338568534,5,15,1,7,1.6172465480322222e-07,0.0001266660133222297,1.5910634673394963e-07,0.00012148750295071231,12.055528238415718,3
insurance_charges_smoker_welch,0.001,4.680467338568534,5,15,1,8,1.6172058220947208e-07,0.00012638483352389596,1.590981669190784e-07,0.00012120632169609902,12.12479217350483,3
insurance_charges_smoker_welch,0.001,4.680467338568534,5,15,1,9,1.6172417369808982e-07,0.00012650611029629832,1.5910738381751902e-07,0.00012132759909655455,16.895321891643107,4
insurance_charges_smoker_welch,0.001,4.680467338568534,5,15,1,10,1.6173105930878648e-07,0.00012665826996660634,1.591125809324166e-07,0.00012147975955500989,16.972674363758415,4
insurance_charges_smoker_welch,0.001,4.680467338568534,5,15,1,11,1.6171683211257633e-07,0.00012637329379483475,1.5909381891753246e-07,0.00012119478190730781,17.04150848276913,4
insurance_charges_smoker_welch,0.001,4.680467338568534,5,15,1,12,1.617166496058939e-07,0.00012650552074988664,1.5909749236915442e-07,0.00012132700954714526,21.677389239892364,5
insurance_charges_smoker_welch,0.001,4.680467338568534,5,15,1,13,1.617286494861636e-07,0.00012666634060498616,1.591063266296633e-07,0.0001214878302351341,21.754267165903002,5
insurance_charges_smoker_welch,0.001,4.680467338568534,5,15,1,14,1.6172289344715336e-07,0.00012638717099255903,1.5910223568622167e-07,0.00012120865917686352,21.82474299101159,5
insurance_charges_smoker_welch,0.001,4.680467338568534,5,15,1,15,1.6172346772782087e-07,0.00012650306665573652,1.5910535774908178e-07,0.0001213245554403386,26.441805607173592,6
insurance_charges_smoker_welch,0.001,4.680467338568534,5,31,1,1,0.0006876307162874635,0.21848934168366596,0.0006876308464376044,0.2184956512820565,2.811295911669731,1
insurance_charges_smoker_welch,0.001,4.680467338568534,5,31,1,2,2.0103448204168136e-05,0.06644379176302084,2.0103249203988907e-05,0.06645132891518402,7.14228201052174,2
insurance_charges_smoker_welch,0.001,4.680467338568534,5,31,1,3,6.3015993203636e-07,0.006564948776977886,6.29105379225125e-07,0.006572969366503423,7.215645540505648,2
insurance_charges_smoker_welch,0.001,4.680467338568534,5,31,1,4,1.6378303546634712e-07,0.00017197754470898996,1.6272850112516361e-07,0.00018004974847751765,7.284021286293864,2
insurance_charges_smoker_welch,0.001,4.680467338568534,5,31,1,5,1.6119179474433944e-07,0.00011158538530198214,1.6013823084665553e-07,0.00011800432544495365,11.771078036166728,3
insurance_charges_smoker_welch,0.001,4.680467338568534,5,31,1,6,1.6115967501380895e-07,0.00011163873870689844,1.6010721534366411e-07,0.00011799102992693378,11.844541084952652,3
insurance_charges_smoker_welch,0.001,4.680467338568534,5,31,1,7,1.6117846726328343e-07,0.00011157941666750659,1.6012661600729586e-07,0.00011767852795285805,11.915682642254978,3
insurance_charges_smoker_welch,0.001,4.680467338568534,5,31,1,8,1.6118731377155328e-07,0.00011158872252547969,1.6013583282294748e-07,0.0001180044593860341,16.23044151207432,4
insurance_charges_smoker_welch,0.001,4.680467338568534,5,31,1,9,1.611593485585934e-07,0.00011163938554792363,1.6010768095975215e-07,0.00011799429950576368,16.30232462240383,4
insurance_charges_smoker_welch,0.001,4.680467338568534,5,31,1,10,1.6117681581071186e-07,0.00011158196098659534,1.601245193514188e-07,0.00011767449532518182,16.371943540405482,4
insurance_charges_smoker_welch,0.001,4.680467338568534,5,31,1,11,1.611860839160211e-07,0.00011157980705078785,1.6013412586322946e-07,0.00011800757201563261,20.549857946578413,5
insurance_charges_smoker_welch,0.001,4.680467338568534,5,31,1,12,1.6116035893701307e-07,0.00011163863163987653,1.6010915503109524e-07,0.00011799124425027063,20.62671592272818,5
insurance_charges_smoker_welch,0.001,4.680467338568534,5,31,1,13,1.6117874413381364e-07,0.00011157963641195145,1.6012524324195384e-07,0.00011767837252207869,20.696663009934127,5
insurance_charges_smoker_welch,0.001,4.680467338568534,5,31,1,14,1.611825241443962e-07,0.00011157967694952475,1.6013317756686995e-07,0.00011800572940334764,24.993123580235988,6
insurance_charges_smoker_welch,0.001,4.680467338568534,5,31,1,15,1.6116042138790863e-07,0.00011164030810972836,1.6011119092445398e-07,0.00011798556326902965,25.065346281509846,6
insurance_charges_smoker_welch,0.001,4.680467338568534,5,63,1,1,5.2777984147102984e-05,0.028809774376081565,5.2777094193084484e-05,0.028790676448991248,2.9519500718452036,1
insurance_charges_smoker_welch,0.001,4.680467338568534,5,63,1,2,3.7382546663534456e-07,0.0013604605848871465,3.7180186236251037e-07,0.0013408228819841161,7.910935672931373,2
insurance_charges_smoker_welch,0.001,4.680467338568534,5,63,1,3,1.6084885407428626e-07,0.00014107240836602752,1.5875388653863913e-07,0.00012141072685833976,7.985993003938347,2
insurance_charges_smoker_welch,0.001,4.680467338568534,5,63,1,4,1.6074639161861806e-07,0.00013924859046665627,1.5865319659119756e-07,0.00011958687309443494,8.05604129517451,2
insurance_charges_smoker_welch,0.001,4.680467338568534,5,63,1,5,1.607497965796778e-07,0.00013905574138539656,1.5865586525224572e-07,0.00011939402022098644,12.976762335281819,3
insurance_charges_smoker_welch,0.001,4.680467338568534,5,63,1,6,1.607413833524198e-07,0.0001388418025147775,1.586456574407413e-07,0.00011918007714339929,13.052935620304197,3
insurance_charges_smoker_welch,0.001,4.680467338568534,5,63,1,7,1.6075271301575916e-07,0.00013924854123570363,1.5865782515801788e-07,0.00011958682386259412,13.120139374397695,3
insurance_charges_smoker_welch,0.001,4.680467338568534,5,63,1,8,1.6074831294415028e-07,0.0001390470914983677,1.5865378884789982e-07,0.00011938537016387141,17.839163619559258,4
insurance_charges_smoker_welch,0.001,4.680467338568534,5,63,1,9,1.6073939129090866e-07,0.00013884704111966073,1.5864201313855203e-07,0.00011918531585120018,17.915450672619045,4
insurance_charges_smoker_welch,0.001,4.680467338568534,5,63,1,10,1.6074756895933403e-07,0.00013925008395743177,1.5865072573548013e-07,0.00011958836661463135,17.98638363974169,4
insurance_charges_smoker_welch,0.001,4.680467338568534,5,63,1,11,1.607556189474224e-07,0.00013906230230542604,1.5866172096582414e-07,0.00011940058127002384,22.27203497150913,5
insurance_charges_smoker_welch,0.001,4.680467338568534,5,63,1,12,1.6073499028102783e-07,0.00013884002772734938,1.5863906044423604e-07,0.00011917830232099913,22.34845786029473,5
insurance_charges_smoker_welch,0.001,4.680467338568534,5,63,1,13,1.607452922428024e-07,0.00013924665809827985,1.5864921454725831e-07,0.00011958494068808889,22.419094948098063,5
insurance_charges_smoker_welch,0.001,4.680467338568534,5,63,1,14,1.6074743525636238e-07,0.0001390629531770049,1.5865496914619056e-07,0.00011940123215437026,27.3285136600025,6
insurance_charges_smoker_welch,0.001,4.680467338568534,5,63,1,15,1.6074244894930692e-07,0.00013884705722877477,1.58644454515036e-07,0.00011918533196075831,27.413848558906466,6
insurance_charges_smoker_welch,0.001,4.680467338568534,5,127,1,1,7.409414979995235e-07,0.0005530984322674737,7.406335066651864e-07,0.0005669608439275997,6.721367544960231,2
insurance_charges_smoker_welch,0.001,4.680467338568534,5,127,1,2,1.6002991582134788e-07,0.00012278917815544688,1.5873826142329163e-07,0.00012446945026789447,6.795625337865204,2
insurance_charges_smoker_welch,0.001,4.680467338568534,5,127,1,3,1.5997029845114732e-07,0.0001226316259599347,1.5868188155658756e-07,0.00012423136575900884,6.865117640700191,2
insurance_charges_smoker_welch,0.001,4.680467338568534,5,127,1,4,1.5998344251837233e-07,0.00012272737329677152,1.586959096327634e-07,0.00012416284087313212,11.763325958978385,3
insurance_charges_smoker_welch,0.001,4.680467338568534,5,127,1,5,1.5999084744163842e-07,0.00012278694874956475,1.5869728713057338e-07,0.00012417233223593893,11.838612250983715,3
insurance_charges_smoker_welch,0.001,4.680467338568534,5,127,1,6,1.599735315232012e-07,0.00012263282331781422,1.5868260560072356e-07,0.00012422424599289883,11.906761093065143,3
insurance_charges_smoker_welch,0.001,4.680467338568534,5,127,1,7,1.5998479036800643e-07,0.00012272811278268847,1.5869859868881657e-07,0.00012416960027827884,16.85682246927172,4
insurance_charges_smoker_welch,0.001,4.680467338568534,5,127,1,8,1.5998924770897993e-07,0.0001227901286603439,1.5869749934658406e-07,0.0001241813368050293,16.93179514212534,4
insurance_charges_smoker_welch,0.001,4.680467338568534,5,127,1,9,1.5997176912898505e-07,0.0001226345960361197,1.5867879177740567e-07,0.00012423211287204694,17.00147601403296,4
insurance_charges_smoker_welch,0.001,4.680467338568534,5,127,1,10,1.5998548108871094e-07,0.00012272890060538444,1.5869425107916567e-07,0.00012416601840703478,21.80249320808798,5
insurance_charges_smoker_welch,0.001,4.680467338568534,5,127,1,11,1.599902679217367e-07,0.000122789158945813,1.587011587636934e-07,0.00012419230998650388,21.875775552354753,5
insurance_charges_smoker_welch,0.001,4.680467338568534,5,127,1,12,1.5997134977705394e-07,0.0001226300794685553,1.58682402736475e-07,0.0001242214746364212,21.945146335288882,5
insurance_charges_smoker_welch,0.001,4.680467338568534,5,127,1,13,1.5998515724661915e-07,0.00012272908989463538,1.5869593963220384e-07,0.00012416862355957292,26.69337148964405,6
insurance_charges_smoker_welch,0.001,4.680467338568534,5,127,1,14,1.5999273436089221e-07,0.0001227916417755326,1.586998606612191e-07,0.00012418538277303437,26.766424379777163,6
insurance_charges_smoker_welch,0.001,4.680467338568534,5,127,1,15,1.5997569921948762e-07,0.00012263431633485755,1.5868335798577222e-07,0.00012422610925977295,26.8380234898068,6
insurance_charges_smoker_welch,0.001,4.680467338568534,5,255,1,1,1.605400179018743e-07,0.00014030031559175704,1.5806264112110848e-07,0.00012245381601361238,7.730405245907605,2
insurance_charges_smoker_welch,0.001,4.680467338568534,5,255,1,2,1.6039678814412517e-07,0.00013989927035296112,1.5791045893667215e-07,0.00012205276361654249,7.805527831893414,2
insurance_charges_smoker_welch,0.001,4.680467338568534,5,255,1,3,1.6040797084805456e-07,0.00014009530356673405,1.5792129376023987e-07,0.00012224880032940533,7.874686098657548,2
insurance_charges_smoker_welch,0.001,4.680467338568534,5,255,1,4,1.6040532554010116e-07,0.00014004715957960379,1.57925117124049e-07,0.00012220065548296244,12.974517412483692,3
insurance_charges_smoker_welch,0.001,4.680467338568534,5,255,1,5,1.604001137483181e-07,0.00013989436034367309,1.579135921066787e-07,0.00012204785351965786,13.04957421310246,3
insurance_charges_smoker_welch,0.001,4.680467338568534,5,255,1,6,1.6041180939687405e-07,0.00014009437750595044,1.5792423183834845e-07,0.0001222478742520794,13.117586269043386,3
insurance_charges_smoker_welch,0.001,4.680467338568534,5,255,1,7,1.6041307982565033e-07,0.00014004661988575862,1.5792935655710625e-07,0.00012220011577945833,18.19877768214792,4
insurance_charges_smoker_welch,0.001,4.680467338568534,5,255,1,8,1.6039794639624217e-07,0.0001398977768565235,1.579124330026905e-07,0.00012205127009345951,18.275521663948894,4
insurance_charges_smoker_welch,0.001,4.680467338568534,5,255,1,9,1.6040943199225187e-07,0.000140093372529293,1.5792428390912629e-07,0.00012224686925743633,18.343904244713485,4
insurance_charges_smoker_welch,0.001,4.680467338568534,5,255,1,10,1.6040867020897286e-07,0.00014005371930225774,1.5792148726960246e-07,0.0001222072153226339,23.264051457867026,5
insurance_charges_smoker_welch,0.001,4.680467338568534,5,255,1,11,1.6038835075372768e-07,0.00013989822010163078,1.579035714565399e-07,0.0001220517133465604,23.340226277243346,5
insurance_charges_smoker_welch,0.001,4.680467338568534,5,255,1,12,1.6041028966757518e-07,0.00014008405038312688,1.5792727489438997e-07,0.00012223754694484779,23.410109900403768,5
insurance_charges_smoker_welch,0.001,4.680467338568534,5,255,1,13,1.604103129526837e-07,0.00014004025260161423,1.5792988378050262e-07,0.0001221937483816271,28.076212708838284,6
insurance_charges_smoker_welch,0.001,4.680467338568534,5,255,1,14,1.6039477980314223e-07,0.0001398933012233261,1.5791146404721095e-07,0.00012204679438043708,28.154389684088528,6
insurance_charges_smoker_welch,0.001,4.680467338568534,5,255,1,15,1.6040786906940232e-07,0.00014009916374879694,1.5792317600367528e-07,0.00012225266058030204,28.224468416068703,6
insurance_charges_smoker_welch,0.001,4.680467338568534,5,511,1,1,1.6325057960411593e-07,0.00012630219316345226,1.5916363294401345e-07,0.0001167500926794185,11.569818927440792,2
insurance_charges_smoker_welch,0.001,4.680467338568534,5,511,1,2,1.632400640990199e-07,0.00012600386553429654,1.591561369472431e-07,0.00011645176220020925,11.644794431049377,2
insurance_charges_smoker_welch,0.001,4.680467338568534,5,511,1,3,1.632342860050471e-07,0.00012612808958856192,1.591517356863051e-07,0.00011657598744130304,11.716263194102794,2
insurance_charges_smoker_welch,0.001,4.680467338568534,5,511,1,4,1.6324403975493141e-07,0.00012629979242184675,1.5916128098875706e-07,0.00011674769191494239,16.565076485741884,3
insurance_charges_smoker_welch,0.001,4.680467338568534,5,511,1,5,1.6324670741769027e-07,0.00012600497344927852,1.591601452514602e-07,0.00011645287012584937,16.63844265602529,3
insurance_charges_smoker_welch,0.001,4.680467338568534,5,511,1,6,1.632418749626602e-07,0.0001261276453158322,1.5915563764517992e-07,0.00011657554316435448,16.708658684045076,3
insurance_charges_smoker_welch,0.001,4.680467338568534,5,511,1,7,1.6324751190706943e-07,0.00012628934412328707,1.5916264338155045e-07,0.00011673724351646264,21.176573545672,4
insurance_charges_smoker_welch,0.001,4.680467338568534,5,511,1,8,1.6324244995849117e-07,0.0001259974434053568,1.5915950158066443e-07,0.00011644534000998519,21.254704624880105,4
insurance_charges_smoker_welch,0.001,4.680467338568534,5,511,1,9,1.632355973587386e-07,0.00012613088418955698,1.5915167415770306e-07,0.00011657878206894345,21.32625801395625,4
insurance_charges_smoker_welch,0.001,4.680467338568534,5,511,1,10,1.6324581182416119e-07,0.00012629327751123576,1.5916393185426303e-07,0.00011674117694204789,26.333182198926806,5
insurance_charges_smoker_welch,0.001,4.680467338568534,5,511,1,11,1.6324130470158415e-07,0.00012599825496328876,1.59158653672146e-07,0.00011644615157568872,26.41148209478706,5
insurance_charges_smoker_welch,0.001,4.680467338568534,5,511,1,12,1.6323203012580717e-07,0.00012613868690225516,1.5914818250592808e-07,0.0001165865848561376,26.479791012592614,5
insurance_charges_smoker_welch,0.001,4.680467338568534,5,511,1,13,1.6325167243088292e-07,0.00012629109456596677,1.5916661177174549e-07,0.0001167389939759067,31.619454928673804,6
insurance_charges_smoker_welch,0.001,4.680467338568534,5,511,1,14,1.6324261098170755e-07,0.00012599668686386067,1.591607247641723e-07,0.00011644458346127262,31.69408833561465,6
insurance_charges_smoker_welch,0.001,4.680467338568534,5,511,1,15,1.6323755193684293e-07,0.00012613697263863521,1.5915292477014015e-07,0.00011658487057619737,31.76381521858275,6
insurance_charges_smoker_welch,0.001,4.680467338568534,4,15,1,1,0.003518413581318031,0.5207793348844615,0.0035184132602567413,0.5207687391357623,2.6779310810379684,1
insurance_charges_smoker_welch,0.001,4.680467338568534,4,15,1,2,0.0002491981108178472,0.33621186658786006,0.00024919745490902136,0.3361971899831908,2.743894748855382,1
insurance_charges_smoker_welch,0.001,4.680467338568534,4,15,1,3,2.852161221118635e-05,0.1505970722837272,2.851975334573198e-05,0.1505782916663171,7.5469319126568735,2
insurance_charges_smoker_welch,0.001,4.680467338568534,4,15,1,4,3.2838982760582785e-06,0.03239927241236895,3.2819500915868943e-06,0.032377878397258364,7.622955612372607,2
insurance_charges_smoker_welch,0.001,4.680467338568534,4,15,1,5,2.507293553741436e-07,0.0016871586650183401,2.4876538967127083e-07,0.001665085593550275,7.692409330513328,2
insurance_charges_smoker_welch,0.001,4.680467338568534,4,15,1,6,1.6227757505140027e-07,0.0001467073528552687,1.6031675711728917e-07,0.00012460022143068183,12.564756551291794,3
insurance_charges_smoker_welch,0.001,4.680467338568534,4,15,1,7,1.621383999764661e-07,0.00014323073612643178,1.6017811165362195e-07,0.0001211235278325562,12.639495455659926,3
insurance_charges_smoker_welch,0.001,4.680467338568534,4,15,1,8,1.6214171434340496e-07,0.0001430294351996153,1.6017627745916723e-07,0.00012092222245496664,12.707377411425114,3
insurance_charges_smoker_welch,0.001,4.680467338568534,4,15,1,9,1.6214196109979294e-07,0.0001431350106677609,1.6018136326608864e-07,0.00012102780025735616,17.77239679172635,4
insurance_charges_smoker_welch,0.001,4.680467338568534,4,15,1,10,1.6214452331611814e-07,0.00014321721607446491,1.6018187028840313e-07,0.00012111000748160627,17.85560624441132,4
insurance_charges_smoker_welch,0.001,4.680467338568534,4,15,1,11,1.6214006517250977e-07,0.00014301925345761024,1.6017728435316778e-07,0.00012091204048780835,17.92485511256382,4
insurance_charges_smoker_welch,0.001,4.680467338568534,4,15,1,12,1.6213102865102275e-07,0.00014313240262986415,1.6017330005159436e-07,0.00012102519216183882,22.587303027510643,5
insurance_charges_smoker_welch,0.001,4.680467338568534,4,15,1,13,1.621362239819402e-07,0.00014321968379815697,1.6017726285552918e-07,0.0001211124752599213,22.686164705548435,5
insurance_charges_smoker_welch,0.001,4.680467338568534,4,15,1,14,1.621419911658237e-07,0.0001430170182203927,1.6017559411996184e-07,0.00012090980520118588,22.755776837468147,5
insurance_charges_smoker_welch,0.001,4.680467338568534,4,15,1,15,1.621371454792276e-07,0.00014312544069228217,1.6017689168061966e-07,0.00012101823007037993,27.976480615325272,6
insurance_charges_smoker_welch,0.001,4.680467338568534,4,31,1,1,0.000687631873930179,0.21850017632301189,0.0006876303717999345,0.2185006168021184,2.6946950661949813,1
insurance_charges_smoker_welch,0.001,4.680467338568534,4,31,1,2,2.0105304240372944e-05,0.06646970372254302,2.0103404531233825e-05,0.06647022989104412,7.81644495902583,2
insurance_charges_smoker_welch,0.001,4.680467338568534,4,31,1,3,6.323794443660542e-07,0.006603218226357677,6.295732091592562e-07,0.006603778137586724,7.891847601160407,2
insurance_charges_smoker_welch,0.001,4.680467338568534,4,31,1,4,1.660798570796161e-07,0.00021319581644407837,1.632763205781316e-07,0.00021375932930089991,7.961219549179077,2
insurance_charges_smoker_welch,0.001,4.680467338568534,4,31,1,5,1.6348431757622208e-07,0.00015096072578446584,1.6067856749060728e-07,0.00015152427371889488,12.94306174106896,3
insurance_charges_smoker_welch,0.001,4.680467338568534,4,31,1,6,1.634696937018755e-07,0.0001508312701700154,1.6066119618308644e-07,0.00015139481817749711,13.019613336771727,3
insurance_charges_smoker_welch,0.001,4.680467338568534,4,31,1,7,1.634701922397591e-07,0.00015087096345967055,1.6065956678356654e-07,0.00015143451144472575,13.08901441656053,3
insurance_charges_smoker_welch,0.001,4.680467338568534,4,31,1,8,1.634822462180343e-07,0.0001509464144853201,1.6067725965054056e-07,0.00015150996242785375,18.03720921743661,4
insurance_charges_smoker_welch,0.001,4.680467338568534,4,31,1,9,1.634690905891992e-07,0.00015080931710775847,1.6066308939979303e-07,0.00015137286512756365,18.11117399809882,4
insurance_charges_smoker_welch,0.001,4.680467338568534,4,31,1,10,1.6346566709980534e-07,0.0001508603840728595,1.6065745987324095e-07,0.00015142393206390992,18.177932660095394,4
insurance_charges_smoker_welch,0.001,4.680467338568534,4,31,1,11,1.6347907947235324e-07,0.0001509395976359018,1.6066894492987362e-07,0.00015150314558232125,23.202064916025847,5
insurance_charges_smoker_welch,0.001,4.680467338568534,4,31,1,12,1.634685371809109e-07,0.00015081422509655162,1.6066022487691768e-07,0.00015137777311358125,23.296241571195424,5
insurance_charges_smoker_welch,0.001,4.680467338568534,4,31,1,13,1.634776104116742e-07,0.00015085460357144864,1.606699477988583e-07,0.0001514181515657187,23.363986331038177,5
insurance_charges_smoker_welch,0.001,4.680467338568534,4,31,1,14,1.6348161435301772e-07,0.0001509563455962537,1.6067543156740146e-07,0.00015151989353323625,28.212752821855247,6
insurance_charges_smoker_welch,0.001,4.680467338568534,4,31,1,15,1.6347169778768e-07,0.0001508140168211547,1.6066417211428428e-07,0.00015137756483840636,28.287708193529397,6
insurance_charges_smoker_welch,0.001,4.680467338568534,4,63,1,1,5.277935821431005e-05,0.02881257480011068,5.2779153996803296e-05,0.02879808664618222,2.9723638403229415,1
insurance_charges_smoker_welch,0.001,4.680467338568534,4,63,1,2,3.750283400794412e-07,0.001364168264809229,3.7374320867629773e-07,0.0013492706361196705,7.910466596018523,2
insurance_charges_smoker_welch,0.001,4.680467338568534,4,63,1,3,1.6203283517211126e-07,0.00014513185566078501,1.6067825155637104e-07,0.00013021604141127963,7.985098442994058,2
insurance_charges_smoker_welch,0.001,4.680467338568534,4,63,1,4,1.6190867980505645e-07,0.00014273756563432105,1.6055230431177714e-07,0.00012782171566683154,8.055712691042572,2
insurance_charges_smoker_welch,0.001,4.680467338568534,4,63,1,5,1.619313534303696e-07,0.00014284010184639762,1.6057752928387876e-07,0.00012792425340846236,12.955557428766042,3
insurance_charges_smoker_welch,0.001,4.680467338568534,4,63,1,6,1.6192630597152658e-07,0.00014288584130250914,1.6057061119111182e-07,0.00012796999354702798,13.031206259969622,3
insurance_charges_smoker_welch,0.001,4.680467338568534,4,63,1,7,1.619122150172253e-07,0.00014273652658491898,1.6055533439702697e-07,0.00012782067660188634,13.101324616000056,3
insurance_charges_smoker_welch,0.001,4.680467338568534,4,63,1,8,1.619291887391291e-07,0.00014283845580909116,1.605728628661579e-07,0.000127922607346731,17.83871432300657,4
insurance_charges_smoker_welch,0.001,4.680467338568534,4,63,1,9,1.61922503829657e-07,0.00014287742971597073,1.6056397894855597e-07,0.00012796158183492334,17.91335942503065,4
insurance_charges_smoker_welch,0.001,4.680467338568534,4,63,1,10,1.619231548903748e-07,0.00014274082059284599,1.605651546714966e-07,0.00012782497067387322,17.984270855784416,4
insurance_charges_smoker_welch,0.001,4.680467338568534,4,63,1,11,1.6192495665384886e-07,0.00014283233650269622,1.6057116492366804e-07,0.0001279164879489647,22.842441922985017,5
insurance_charges_smoker_welch,0.001,4.680467338568534,4,63,1,12,1.6193313640524684e-07,0.00014288845087240265,1.6057370304271566e-07,0.0001279726031557793,22.91798038268462,5
insurance_charges_smoker_welch,0.001,4.680467338568534,4,63,1,13,1.6191173986746297e-07,0.00014275008157527136,1.605560954391115e-07,0.00012783423179452136,22.9880294483155,5
insurance_charges_smoker_welch,0.001,4.680467338568534,4,63,1,14,1.619294161845279e-07,0.0001428448576424879,1.6057451463852507e-07,0.0001279290092756069,27.968729987274855,6
insurance_charges_smoker_welch,0.001,4.680467338568534,4,63,1,15,1.6192700175554671e-07,0.00014289551137791623,1.6057148947574285e-07,0.00012797966376654202,28.046384310349822,6
insurance_charges_smoker_welch,0.001,4.680467338568534,4,127,1,1,7.405183652901244e-07,0.0006006532358400207,7.411241540413586e-07,0.0005851535955290199,6.0035953195765615,2
insurance_charges_smoker_welch,0.001,4.680467338568534,4,127,1,2,1.5974561699310104e-07,0.00015896744944243757,1.5932067644030333e-07,0.00014346095904604894,6.0773944784887135,2
insurance_charges_smoker_welch,0.001,4.680467338568534,4,127,1,3,1.596798223906823e-07,0.00015853696814249751,1.5925146107989417e-07,0.00014303047106989375,6.147803859785199,2
insurance_charges_smoker_welch,0.001,4.680467338568534,4,127,1,4,1.5969330878018448e-07,0.00015851332857752531,1.5926666339853937e-07,0.00014300683113821488,10.935810011811554,3
insurance_charges_smoker_welch,0.001,4.680467338568534,4,127,1,5,1.596978228837089e-07,0.00015868771714189212,1.5927340000728403e-07,0.00014318122240708497,11.010114239063114,3
insurance_charges_smoker_welch,0.001,4.680467338568534,4,127,1,6,1.5968922630721802e-07,0.00015854179337138063,1.5926710579332418e-07,0.0001430352963736059,11.079882801044732,3
insurance_charges_smoker_welch,0.001,4.680467338568534,4,127,1,7,1.596872266677029e-07,0.0001585060446464004,1.5926167433868781e-07,0.00014299954709418028,15.946252509951591,4
insurance_charges_smoker_welch,0.001,4.680467338568534,4,127,1,8,1.5970090177533597e-07,0.00015868107354133354,1.5927565335363116e-07,0.00014317457870360872,16.021775991655886,4
insurance_charges_smoker_welch,0.001,4.680467338568534,4,127,1,9,1.5968650934844268e-07,0.00015853592072823108,1.5926392617604914e-07,0.00014302942363930704,16.09115640865639,4
insurance_charges_smoker_welch,0.001,4.680467338568534,4,127,1,10,1.5968557310086596e-07,0.00015851057286131454,1.5926347169962005e-07,0.00014300407537926052,20.93551598256454,5
insurance_charges_smoker_welch,0.001,4.680467338568534,4,127,1,11,1.596993429588005e-07,0.0001586781212419286,1.5927584117885718e-07,0.00014317162635835157,21.009923092555255,5
insurance_charges_smoker_welch,0.001,4.680467338568534,4,127,1,12,1.5968278734821594e-07,0.00015854009243021494,1.5925838672212347e-07,0.0001430335954060169,21.08194771548733,5
insurance_charges_smoker_welch,0.001,4.680467338568534,4,127,1,13,1.596872367069407e-07,0.0001585027103722103,1.592623753857912e-07,0.00014299621276814278,25.658679670188576,6
insurance_charges_smoker_welch,0.001,4.680467338568534,4,127,1,14,1.5969938895319776e-07,0.0001586722961800513,1.5927679010942753e-07,0.00014316580120621314,25.734030961059034,6
insurance_charges_smoker_welch,0.001,4.680467338568534,4,127,1,15,1.5968436301722405e-07,0.000158537799923697,1.5926178778871545e-07,0.0001430313028639718,25.803925219923258,6
insurance_charges_smoker_welch,0.001,4.680467338568534,4,255,1,1,1.6113240954705217e-07,0.00014716130035796748,1.597623099629834e-07,0.00013324989652419017,8.497611283324659,2
insurance_charges_smoker_welch,0.001,4.680467338568534,4,255,1,2,1.610063226136403e-07,0.00014697671755736774,1.5963323799072308e-07,0.00013306531115542253,8.573499936144799,2
insurance_charges_smoker_welch,0.001,4.680467338568534,4,255,1,3,1.609907631852913e-07,0.00014693819209543602,1.5961724054751192e-07,0.00013302678515747512,8.644850810989738,2
insurance_charges_smoker_welch,0.001,4.680467338568534,4,255,1,4,1.6099910789722988e-07,0.00014690579615783683,1.5962583116830748e-07,0.0001329943887691254,13.750079768709838,3
insurance_charges_smoker_welch,0.001,4.680467338568534,4,255,1,5,1.6100774534038724e-07,0.00014696950098724848,1.5963645412148445e-07,0.00013305809448482808,13.826245110481977,3
insurance_charges_smoker_welch,0.001,4.680467338568534,4,255,1,6,1.6098850972779988e-07,0.0001469280710433285,1.5961728094357027e-07,0.0001330166639644803,13.896674265619367,3
insurance_charges_smoker_welch,0.001,4.680467338568534,4,255,1,7,1.6100260406726156e-07,0.00014692003470784254,1.596271493025926e-07,0.0001330086275171949,18.896757223643363,4
insurance_charges_smoker_welch,0.001,4.680467338568534,4,255,1,8,1.6101244864247287e-07,0.00014698160216708445,1.59637446874829e-07,0.00013307019583308488,18.980599332600832,4
insurance_charges_smoker_welch,0.001,4.680467338568534,4,255,1,9,1.6098939314147968e-07,0.0001469365603065098,1.5961274625088395e-07,0.00013302515334578935,19.048992092721164,4
insurance_charges_smoker_welch,0.001,4.680467338568534,4,255,1,10,1.6099540941048868e-07,0.00014690628432190156,1.5961874969658323e-07,0.00013299487693996248,24.135942877735943,5
insurance_charges_smoker_welch,0.001,4.680467338568534,4,255,1,11,1.6101133452248005e-07,0.00014697197445601162,1.5963483050595952e-07,0.00013306056798800814,24.212261100765318,5
insurance_charges_smoker_welch,0.001,4.680467338568534,4,255,1,12,1.6098746266448831e-07,0.0001469314303734759,1.5961360000341473e-07,0.0001330200233413681,24.284116740804166,5
insurance_charges_smoker_welch,0.001,4.680467338568534,4,255,1,13,1.6100160129277864e-07,0.0001469095319348579,1.596275531376018e-07,0.0001329981245981049,29.471096482593566,6
insurance_charges_smoker_welch,0.001,4.680467338568534,4,255,1,14,1.6100807057575675e-07,0.00014697935067564671,1.5963066457162482e-07,0.00013306794431033886,29.547977269627154,6
insurance_charges_smoker_welch,0.001,4.680467338568534,4,255,1,15,1.6098844583063284e-07,0.00014693715437708033,1.5961395309141627e-07,0.0001330257474245755,29.616475210525095,6
insurance_charges_smoker_welch,0.001,4.680467338568534,4,511,1,1,1.6170426526310218e-07,0.0001174472799954085,1.5954643817786508e-07,0.0001249554779253481,11.667462540790439,2
insurance_charges_smoker_welch,0.001,4.680467338568534,4,511,1,2,1.6168020830837745e-07,0.00011744374052258255,1.5952195683132932e-07,0.00012495193847916752,11.741004592739046,2
insurance_charges_smoker_welch,0.001,4.680467338568534,4,511,1,3,1.6172649707168308e-07,0.00011771691490403136,1.595710913678397e-07,0.00012522511080925725,11.812606057617813,2
insurance_charges_smoker_welch,0.001,4.680467338568534,4,511,1,4,1.6169746942643588e-07,0.00011743483736159632,1.5953939400858074e-07,0.00012494303538501672,16.028302556835115,3
insurance_charges_smoker_welch,0.001,4.680467338568534,4,511,1,5,1.616782582960687e-07,0.00011743821836229795,1.5951770503183158e-07,0.00012494641636029424,16.10401495778933,3
insurance_charges_smoker_welch,0.001,4.680467338568534,4,511,1,6,1.6172809772462592e-07,0.00011772967207912544,1.5956904810391536e-07,0.00012523786788853908,16.173221467528492,3
insurance_charges_smoker_welch,0.001,4.680467338568534,4,511,1,7,1.6170427870221502e-07,0.00011743368578975844,1.5954332346676306e-07,0.00012494188382172755,20.304455038625747,4
insurance_charges_smoker_welch,0.001,4.680467338568534,4,511,1,8,1.6167649488382397e-07,0.00011744643729671989,1.5952309513260506e-07,0.00012495463523298778,20.38130483496934,4
insurance_charges_smoker_welch,0.001,4.680467338568534,4,511,1,9,1.6172175649231102e-07,0.00011771498008750214,1.5956752811694907e-07,0.00012522317600727195,20.450837182812393,4
insurance_charges_smoker_welch,0.001,4.680467338568534,4,511,1,10,1.617039803440107e-07,0.00011743315920054176,1.5954919729547598e-07,0.00012494135723650768,24.657919499091804,5
insurance_charges_smoker_welch,0.001,4.680467338568534,4,511,1,11,1.6167490921183787e-07,0.00011742925777047386,1.5951827046666974e-07,0.00012493745583574967,24.73101873183623,5
insurance_charges_smoker_welch,0.001,4.680467338568534,4,511,1,12,1.6172330758794465e-07,0.00011772404072873943,1.5956426247002397e-07,0.00012523223658045257,24.80023712385446,5
insurance_charges_smoker_welch,0.001,4.680467338568534,4,511,1,13,1.617024402612216e-07,0.00011742976684703255,1.595445744390943e-07,0.0001249379649085336,29.244430442806333,6
insurance_charges_smoker_welch,0.001,4.680467338568534,4,511,1,14,1.6168060089970528e-07,0.00011743423631704886,1.5952152127933066e-07,0.00012494243434491015,29.322566715069115,6
insurance_charges_smoker_welch,0.001,4.680467338568534,4,511,1,15,1.6172560842857433e-07,0.00011772522424768894,1.5956858950267637e-07,0.0001252334200905203,29.394391113892198,6
adult_edu_income_welch,0.001,0.12512218963831867,12,15,0,1,9.071292896697243e-05,0.0030778645024871487,9.070916344430319e-05,0.0030642361991661815,0.4770156997255981,0
adult_edu_income_welch,0.001,0.12512218963831867,12,15,0,2,3.540155066357436e-07,5.599979656545351e-05,6.837766397269624e-08,1.4163872742556372e-05,5.510109822731465,1
adult_edu_income_welch,0.001,0.12512218963831867,12,15,0,3,3.3753908671604296e-07,4.3710654340278765e-05,6.487480821862693e-09,1.0951061732988876e-06,5.584056323394179,1
adult_edu_income_welch,0.001,0.12512218963831867,12,15,0,4,3.3763382854561823e-07,4.3631686092560074e-05,6.509003218679773e-09,1.1449668508856092e-06,5.653172816615552,1
adult_edu_income_welch,0.001,0.12512218963831867,12,15,0,5,3.3751350601837407e-07,4.3723032244535887e-05,4.6249106775178e-09,7.030493562876217e-07,10.46159205166623,2
adult_edu_income_welch,0.001,0.12512218963831867,12,15,0,6,3.3754384950940633e-07,4.370863195624075e-05,6.479364641463092e-09,1.0954899420934083e-06,10.536875206045806,2
adult_edu_income_welch,0.001,0.12512218963831867,12,15,0,7,3.376463161801815e-07,4.363093811110552e-05,6.494794992043532e-09,1.1677778128937888e-06,10.606418738141656,2
adult_edu_income_welch,0.001,0.12512218963831867,12,15,0,8,3.3751438238976435e-07,4.372270703334458e-05,4.631993552389399e-09,7.266430486208009e-07,15.656419380102307,3
adult_edu_income_welch,0.001,0.12512218963831867,12,15,0,9,3.3754682695370317e-07,4.370835887224089e-05,6.4874583335784e-09,1.1126625811819224e-06,15.734047260135412,3
adult_edu_income_welch,0.001,0.12512218963831867,12,15,0,10,3.3763852034499644e-07,4.363142783514462e-05,6.504965054321887e-09,1.1265104091773281e-06,15.803939730860293,3
adult_edu_income_welch,0.001,0.12512218963831867,12,15,0,11,3.375149055404603e-07,4.372349460901592e-05,4.638329789659535e-09,7.238405614895527e-07,20.835465144831687,4
adult_edu_income_welch,0.001,0.12512218963831867,12,15,0,12,3.3755312491178243e-07,4.371017166948654e-05,6.4830628744027316e-09,1.0984333989050299e-06,20.912386641837656,4
adult_edu_income_welch,0.001,0.12512218963831867,12,15,0,13,3.376367424681395e-07,4.363111749461357e-05,6.501089085399442e-09,1.1498229610662491e-06,20.982953022234142,4
adult_edu_income_welch,0.001,0.12512218963831867,12,15,0,14,3.375038441361382e-07,4.3723604775447455e-05,4.644582702282711e-09,7.194934703580458e-07,25.732206273358315,5
adult_edu_income_welch,0.001,0.12512218963831867,12,15,0,15,3.3754863051927033e-07,4.371135048397701e-05,6.483067207958815e-09,1.1133431674359429e-06,25.808991770725697,5
adult_edu_income_welch,0.001,0.12512218963831867,12,31,0,1,3.7108060427470303e-07,3.723537282218636e-05,1.4263569362093858e-07,5.743150893855464e-06,0.6668809982948005,0
adult_edu_income_welch,0.001,0.12512218963831867,12,31,0,2,3.3157305526035984e-07,3.490567320207916e-05,4.489924876690957e-09,4.024888070608412e-07,5.0114936754107475,1
adult_edu_income_welch,0.001,0.12512218963831867,12,31,0,3,3.315751024470801e-07,3.495429619881918e-05,6.245261569354167e-09,6.422663122451766e-07,5.086657616775483,1
adult_edu_income_welch,0.001,0.12512218963831867,12,31,0,4,3.316404642813587e-07,3.4808490972038086e-05,6.394057586030325e-09,6.81499826682419e-07,5.156178762670606,1
adult_edu_income_welch,0.001,0.12512218963831867,12,31,0,5,3.315641126035099e-07,3.490588591481547e-05,4.4850842705781275e-09,4.005429328213239e-07,9.36144273262471,2
adult_edu_income_welch,0.001,0.12512218963831867,12,31,0,6,3.315802197846268e-07,3.496494619525947e-05,6.2421209950870495e-09,6.547232520581758e-07,9.438126631546766,2
adult_edu_income_welch,0.001,0.12512218963831867,12,31,0,7,3.316493243165516e-07,3.4808646916850705e-05,6.3977901446752206e-09,6.955207588754675e-07,9.506031927652657,2
adult_edu_income_welch,0.001,0.12512218963831867,12,31,0,8,3.3157171101352956e-07,3.491227162966126e-05,4.491607734221991e-09,4.100120444272548e-07,13.618516846559942,3
adult_edu_income_welch,0.001,0.12512218963831867,12,31,0,9,3.315773769763965e-07,3.495935051933685e-05,6.25877087966954e-09,6.463523056776665e-07,13.695368800777942,3
adult_edu_income_welch,0.001,0.12512218963831867,12,31,0,10,3.316505451315893e-07,3.482189067960384e-05,6.407150894199501e-09,6.954806293091309e-07,13.765046896412969,3
adult_edu_income_welch,0.001,0.12512218963831867,12,31,0,11,3.3156463390826354e-07,3.490342357737042e-05,4.495150405254552e-09,3.993159093385046e-07,18.018607180565596,4
adult_edu_income_welch,0.001,0.12512218963831867,12,31,0,12,3.3157380745134647e-07,3.495823401511444e-05,6.240294056679093e-09,6.387822777398355e-07,18.09278624597937,4
adult_edu_income_welch,0.001,0.12512218963831867,12,31,0,13,3.316472335258762e-07,3.4808437917144275e-05,6.398125409656823e-09,6.913649114315135e-07,18.162286228034645,4
adult_edu_income_welch,0.001,0.12512218963831867,12,31,0,14,3.315722942913031e-07,3.490524614746526e-05,4.488775385442514e-09,4.03830858197729e-07,22.49270541407168,5
adult_edu_income_welch,0.001,0.12512218963831867,12,31,0,15,3.315759083732711e-07,3.4957250286682395e-05,6.249483345874122e-09,6.377316746908335e-07,22.56710680015385,5
adult_edu_income_welch,0.001,0.12512218963831867,12,63,0,1,3.3619425425338733e-07,4.2976954437223824e-05,4.557688540728641e-09,4.4175957103487207e-07,2.9908597422763705,1
adult_edu_income_welch,0.001,0.12512218963831867,12,63,0,2,3.3632791384097623e-07,4.295980630453222e-05,6.327484105073176e-09,5.765524440093373e-07,3.0614139600656927,1
adult_edu_income_welch,0.001,0.12512218963831867,12,63,0,3,3.362170326216394e-07,4.2982918255107805e-05,6.443188387596368e-09,8.033266887252921e-07,3.130292118061334,1
adult_edu_income_welch,0.001,0.12512218963831867,12,63,0,4,3.361931810144368e-07,4.2990195734393666e-05,4.538877421504786e-09,4.34194175391589e-07,8.309568950440735,2
adult_edu_income_welch,0.001,0.12512218963831867,12,63,0,5,3.363282888509833e-07,4.2961815140962756e-05,6.337811093804971e-09,5.819048600752552e-07,8.383292887359858,2
adult_edu_income_welch,0.001,0.12512218963831867,12,63,0,6,3.362099064390845e-07,4.298362568211367e-05,6.43905448706518e-09,8.137098495009099e-07,8.45110409008339,2
adult_edu_income_welch,0.001,0.12512218963831867,12,63,0,7,3.3618949804884593e-07,4.299268796437161e-05,4.53537578352307e-09,4.32967722452382e-07,13.54016589699313,3
adult_edu_income_welch,0.001,0.12512218963831867,12,63,0,8,3.3632555869108087e-07,4.295836581502677e-05,6.338877055488856e-09,6.00900574632135e-07,13.61450984980911,3
adult_edu_income_welch,0.001,0.12512218963831867,12,63,0,9,3.362224682932835e-07,4.2984614016416955e-05,6.430514796053419e-09,7.989273207442693e-07,13.684431190602481,3
adult_edu_income_welch,0.001,0.12512218963831867,12,63,0,10,3.361949440710124e-07,4.2989687621952655e-05,4.539427981610917e-09,4.277341245639832e-07,18.445999750867486,4
adult_edu_income_welch,0.001,0.12512218963831867,12,63,0,11,3.3631344017987264e-07,4.296098637524004e-05,6.330856641769295e-09,5.737836072938762e-07,18.521203737240285,4
adult_edu_income_welch,0.001,0.12512218963831867,12,63,0,12,3.3620516142724325e-07,4.298338941577384e-05,6.438524891539489e-09,7.99302538823099e-07,18.59059897949919,4
adult_edu_income_welch,0.001,0.12512218963831867,12,63,0,13,3.3618903488729336e-07,4.298835172811266e-05,4.5373572157871565e-09,4.1201516820521533e-07,22.682011876255274,5
adult_edu_income_welch,0.001,0.12512218963831867,12,63,0,14,3.3633035972154435e-07,4.29596272317756e-05,6.328754137156827e-09,5.759137295946459e-07,22.757095711305737,5
adult_edu_income_welch,0.001,0.12512218963831867,12,63,0,15,3.362239848007096e-07,4.2984150208535965e-05,6.4317602359821786e-09,7.994700241820141e-07,22.838408844079822,5
adult_edu_income_welch,0.001,0.12512218963831867,12,127,0,1,3.332159991178652e-07,4.4053758743056726e-05,4.5138504369340794e-09,4.427991667776965e-07,3.717449848074466,1
adult_edu_income_welch,0.001,0.12512218963831867,12,127,0,2,3.333157491066246e-07,4.396313302812427e-05,6.401870776744312e-09,8.505913283718414e-07,3.7939557298086584,1
adult_edu_income_welch,0.001,0.12512218963831867,12,127,0,3,3.3314171499669663e-07,4.4144530963130535e-05,6.329998863541643e-09,7.411238371890505e-07,3.863161748740822,1
adult_edu_income_welch,0.001,0.12512218963831867,12,127,0,4,3.332220189152984e-07,4.40359962373682e-05,4.503736272629962e-09,4.466026467531137e-07,7.9637956246733665,2
adult_edu_income_welch,0.001,0.12512218963831867,12,127,0,5,3.333251205619542e-07,4.395605052232021e-05,6.4080092127799635e-09,8.601135315089437e-07,8.0392104126513,2
adult_edu_income_welch,0.001,0.12512218963831867,12,127,0,6,3.331416006083801e-07,4.414086206527834e-05,6.328479641744261e-09,7.419128099650507e-07,8.110204873606563,2
adult_edu_income_welch,0.001,0.12512218963831867,12,127,0,7,3.3321496652302497e-07,4.4042395007104496e-05,4.506735243228998e-09,4.599749273692666e-07,12.330017084721476,3
adult_edu_income_welch,0.001,0.12512218963831867,12,127,0,8,3.333167641880863e-07,4.396437379905471e-05,6.4039132784575925e-09,8.583274093698634e-07,12.408596273045987,3
adult_edu_income_welch,0.001,0.12512218963831867,12,127,0,9,3.331366663850621e-07,4.4151946978265855e-05,6.34345850665375e-09,7.275973998854823e-07,12.478491317015141,3
adult_edu_income_welch,0.001,0.12512218963831867,12,127,0,10,3.3322935774448873e-07,4.404686493864052e-05,4.48948528197345e-09,4.4175236546539765e-07,16.721748289186507,4
adult_edu_income_welch,0.001,0.12512218963831867,12,127,0,11,3.3331388337323354e-07,4.396221345526197e-05,6.3963968793198385e-09,8.46429876522059e-07,16.798734840005636,4
adult_edu_income_welch,0.001,0.12512218963831867,12,127,0,12,3.3313127775278623e-07,4.4142435824623405e-05,6.320610362504117e-09,7.374217386724169e-07,16.86786160012707,4
adult_edu_income_welch,0.001,0.12512218963831867,12,127,0,13,3.3321823065044073e-07,4.403234461580752e-05,4.506727556838683e-09,4.4640586394084636e-07,21.037288247141987,5
adult_edu_income_welch,0.001,0.12512218963831867,12,127,0,14,3.3331337075386087e-07,4.395418366098802e-05,6.394124282634484e-09,8.612289346121571e-07,21.112730130553246,5
adult_edu_income_welch,0.001,0.12512218963831867,12,127,0,15,3.3315173202086017e-07,4.4152297300925625e-05,6.337733119858363e-09,7.369712179405852e-07,21.18521212041378,5
adult_edu_income_welch,0.001,0.12512218963831867,12,255,0,1,3.3131334265777023e-07,3.0447114947929066e-05,4.555688254541141e-09,5.132544449448773e-07,4.832960097119212,1
adult_edu_income_welch,0.001,0.12512218963831867,12,255,0,2,3.3138917343975867e-07,3.059547652495276e-05,6.546300013747015e-09,8.806142035577835e-07,4.908150259871036,1
adult_edu_income_welch,0.001,0.12512218963831867,12,255,0,3,3.313751791290842e-07,3.0487029008430255e-05,6.3522017967354864e-09,8.956625017209063e-07,4.979350964538753,1
adult_edu_income_welch,0.001,0.12512218963831867,12,255,0,4,3.313014460397547e-07,3.0461706427287183e-05,4.55572350231291e-09,5.279501300581302e-07,9.843769532162696,2
adult_edu_income_welch,0.001,0.12512218963831867,12,255,0,5,3.3138224599490434e-07,3.0595644327169325e-05,6.534790134319154e-09,8.914213547317473e-07,9.920156489126384,2
adult_edu_income_welch,0.001,0.12512218963831867,12,255,0,6,3.313713682899989e-07,3.0492126444681134e-05,6.339452607180123e-09,8.608391566244933e-07,9.990924218203872,2
adult_edu_income_welch,0.001,0.12512218963831867,12,255,0,7,3.313019917298822e-07,3.0463827444648928e-05,4.556335213735664e-09,5.408642063109426e-07,15.018744900356978,3
adult_edu_income_welch,0.001,0.12512218963831867,12,255,0,8,3.313882605170536e-07,3.059938463145784e-05,6.541550384986654e-09,9.017314734904858e-07,15.09348620614037,3
adult_edu_income_welch,0.001,0.12512218963831867,12,255,0,9,3.3137863969074524e-07,3.0488718339327647e-05,6.338928420711966e-09,8.848701410490989e-07,15.16536859003827,3
adult_edu_income_welch,0.001,0.12512218963831867,12,255,0,10,3.3128978839981006e-07,3.04622386060327e-05,4.560611450513401e-09,5.379752403555926e-07,20.209693789016455,4
adult_edu_income_welch,0.001,0.12512218963831867,12,255,0,11,3.313818286638075e-07,3.059186880038922e-05,6.537155811414425e-09,8.873583683399744e-07,20.285898535046726,4
adult_edu_income_welch,0.001,0.12512218963831867,12,255,0,12,3.3137100762917383e-07,3.0489390646648573e-05,6.347819340857258e-09,8.869855041560015e-07,20.356218969915062,4
adult_edu_income_welch,0.001,0.12512218963831867,12,255,0,13,3.312891268571239e-07,3.0462808061404445e-05,4.5569433438285775e-09,5.295928093840274e-07,25.32140008592978,5
adult_edu_income_welch,0.001,0.12512218963831867,12,255,0,14,3.3138096473934615e-07,3.059538855931798e-05,6.540376029956794e-09,8.970732445767737e-07,25.396935985889286,5
adult_edu_income_welch,0.001,0.12512218963831867,12,255,0,15,3.313776863513447e-07,3.0488122464644718e-05,6.342692754354533e-09,8.698127160755575e-07,25.467605042271316,5
adult_edu_income_welch,0.001,0.12512218963831867,12,511,0,1,3.3034169783669406e-07,5.612255665199406e-05,4.557344561949804e-09,4.745800631367203e-07,6.707595317158848,2
adult_edu_income_welch,0.001,0.12512218963831867,12,511,0,2,3.304425333808627e-07,5.61135040155758e-05,6.422110971006812e-09,6.895765326531134e-07,6.785021997522563,2
adult_edu_income_welch,0.001,0.12512218963831867,12,511,0,3,3.3046452911145093e-07,5.603245527585621e-05,6.456185983529393e-09,6.981403304351375e-07,6.859610835555941,2
adult_edu_income_welch,0.001,0.12512218963831867,12,511,0,4,3.303524271906533e-07,5.6142419362581464e-05,4.565777916394544e-09,4.811280696070952e-07,11.04898626729846,3
adult_edu_income_welch,0.001,0.12512218963831867,12,511,0,5,3.304512472439831e-07,5.611694928364663e-05,6.430968523319139e-09,6.875142559703562e-07,11.123330874368548,3
adult_edu_income_welch,0.001,0.12512218963831867,12,511,0,6,3.3046666804487353e-07,5.602661358716787e-05,6.445795736899872e-09,6.934141258962967e-07,11.192934475373477,3
adult_edu_income_welch,0.001,0.12512218963831867,12,511,0,7,3.303654982926679e-07,5.613909403923145e-05,4.562824675999799e-09,4.5475963372787476e-07,15.444273485336453,4
adult_edu_income_welch,0.001,0.12512218963831867,12,511,0,8,3.3045342227533766e-07,5.6122869726671354e-05,6.427735489053082e-09,7.071390959456636e-07,15.520167181733996,4
adult_edu_income_welch,0.001,0.12512218963831867,12,511,0,9,3.3046562920980603e-07,5.602864473175373e-05,6.457218138115802e-09,7.016522218794563e-07,15.588844464626163,4
adult_edu_income_welch,0.001,0.12512218963831867,12,511,0,10,3.3034727663545937e-07,5.614256516883742e-05,4.566851020829446e-09,4.7563470617628667e-07,19.922817604616284,5
adult_edu_income_welch,0.001,0.12512218963831867,12,511,0,11,3.304447794719051e-07,5.612634184126719e-05,6.43162432512428e-09,6.85853324911001e-07,19.999250315595418,5
adult_edu_income_welch,0.001,0.12512218963831867,12,511,0,12,3.304614634541343e-07,5.603725492431266e-05,6.441708661806904e-09,7.057069091320756e-07,20.069822215475142,5
adult_edu_income_welch,0.001,0.12512218963831867,12,511,0,13,3.303479977963291e-07,5.6139282607725605e-05,4.558246465704934e-09,4.640045534465287e-07,24.24459372740239,6
adult_edu_income_welch,0.001,0.12512218963831867,12,511,0,14,3.304457103622695e-07,5.6120467692988285e-05,6.423051166261904e-09,6.769125736605375e-07,24.318404947407544,6
adult_edu_income_welch,0.001,0.12512218963831867,12,511,0,15,3.304654001096572e-07,5.6027128448432606e-05,6.462575455712345e-09,7.132532571230144e-07,24.38880417170003,6
adult_edu_income_welch,0.001,0.12512218963831867,11,15,0,1,9.070980388193095e-05,0.0030391566986204266,9.070959030945399e-05,0.0030665950496954197,0.4388939789496362,0
adult_edu_income_welch,0.001,0.12512218963831867,11,15,0,2,3.564584731743299e-07,4.885899635587165e-05,6.863057665158732e-08,1.4071555571870675e-05,5.432386395055801,1
adult_edu_income_welch,0.001,0.12512218963831867,11,15,0,3,3.408364715942741e-07,4.917348857103043e-05,6.454143781703045e-09,6.631083706576391e-07,5.50605899002403,1
adult_edu_income_welch,0.001,0.12512218963831867,11,15,0,4,3.4077754282726684e-07,4.9043917013325e-05,6.5212165978694695e-09,5.581393858200556e-07,5.574413692113012,1
adult_edu_income_welch,0.001,0.12512218963831867,11,15,0,5,3.407377902470889e-07,4.91252038556933e-05,4.599578958177096e-09,3.937169948953212e-07,10.469085334800184,2
adult_edu_income_welch,0.001,0.12512218963831867,11,15,0,6,3.408227116846331e-07,4.9169550363048486e-05,6.457693009824327e-09,6.804688488237787e-07,10.542150004766881,2
adult_edu_income_welch,0.001,0.12512218963831867,11,15,0,7,3.4078827369901765e-07,4.904283357332062e-05,6.524591072302533e-09,5.654143121480715e-07,10.610795100685209,2
adult_edu_income_welch,0.001,0.12512218963831867,11,15,0,8,3.4072881442079463e-07,4.913231130587725e-05,4.613300364393884e-09,3.9948665286893004e-07,15.67065291851759,3
adult_edu_income_welch,0.001,0.12512218963831867,11,15,0,9,3.408359121854045e-07,4.9170028922906894e-05,6.454052707304317e-09,6.910442973406816e-07,15.745686076581478,3
adult_edu_income_welch,0.001,0.12512218963831867,11,15,0,10,3.407833408058666e-07,4.904632638647044e-05,6.5227606087297975e-09,5.578561605990018e-07,15.814840134698898,3
adult_edu_income_welch,0.001,0.12512218963831867,11,15,0,11,3.407279320625755e-07,4.911804639529116e-05,4.603502313398934e-09,4.0171342063910487e-07,20.450448209419847,4
adult_edu_income_welch,0.001,0.12512218963831867,11,15,0,12,3.4083600011847653e-07,4.916609586635978e-05,6.444449082104004e-09,6.833013161955392e-07,20.520624884404242,4
adult_edu_income_welch,0.001,0.12512218963831867,11,15,0,13,3.4077966393873676e-07,4.904771673186481e-05,6.516075621571237e-09,5.743177534656141e-07,20.58793282136321,4
adult_edu_income_welch,0.001,0.12512218963831867,11,15,0,14,3.4073926356155044e-07,4.9123671179707173e-05,4.615117394657657e-09,4.091846901310703e-07,24.889295594301075,5
adult_edu_income_welch,0.001,0.12512218963831867,11,15,0,15,3.4083523782840416e-07,4.916653942754756e-05,6.44344986566091e-09,6.740564109097846e-07,24.962377016432583,5
adult_edu_income_welch,0.001,0.12512218963831867,11,31,0,1,3.730888764522264e-07,3.7203078816272495e-05,1.4197916176892272e-07,6.06772094691177e-06,2.6758972140960395,1
adult_edu_income_welch,0.001,0.12512218963831867,11,31,0,2,3.3664528382164433e-07,3.7256627405168885e-05,6.443267633762746e-09,6.039543302138739e-07,2.7517557782121003,1
adult_edu_income_welch,0.001,0.12512218963831867,11,31,0,3,3.3660534557880016e-07,3.7109946078972555e-05,6.439542399025498e-09,7.258856364877886e-07,2.8167072562500834,1
adult_edu_income_welch,0.001,0.12512218963831867,11,31,0,4,3.365575934793318e-07,3.720147775854166e-05,4.593028241525981e-09,6.182975991197992e-07,7.693193866405636,2
adult_edu_income_welch,0.001,0.12512218963831867,11,31,0,5,3.3664477128423056e-07,3.7254848279655306e-05,6.448888155497406e-09,6.132603431741046e-07,7.864579424727708,2
adult_edu_income_welch,0.001,0.12512218963831867,11,31,0,6,3.3660306703876583e-07,3.711005596152006e-05,6.443430833132129e-09,7.378061293028537e-07,7.933438072912395,2
adult_edu_income_welch,0.001,0.12512218963831867,11,31,0,7,3.3655833444163296e-07,3.7207530687366486e-05,4.60045074269423e-09,6.027233749872352e-07,12.766906851902604,3
adult_edu_income_welch,0.001,0.12512218963831867,11,31,0,8,3.3664738904905776e-07,3.7255372694389166e-05,6.442539486189178e-09,6.092788492617629e-07,12.841513806022704,3
adult_edu_income_welch,0.001,0.12512218963831867,11,31,0,9,3.3661411123933036e-07,3.711211917711843e-05,6.4427724745343205e-09,7.266946866479884e-07,12.909021753817797,3
adult_edu_income_welch,0.001,0.12512218963831867,11,31,0,10,3.365615856919863e-07,3.7198290085749264e-05,4.593013644112534e-09,6.024161532947048e-07,17.56747600156814,4
adult_edu_income_welch,0.001,0.12512218963831867,11,31,0,11,3.3664853377895105e-07,3.7253008899673645e-05,6.437074991592749e-09,6.094641291642944e-07,17.64496129238978,4
adult_edu_income_welch,0.001,0.12512218963831867,11,31,0,12,3.3660402632640444e-07,3.711322069643863e-05,6.443377042802869e-09,7.367310068673305e-07,17.712125231977552,4
adult_edu_income_welch,0.001,0.12512218963831867,11,31,0,13,3.3655722889375925e-07,3.720201116830246e-05,4.599256146243391e-09,6.13765063328664e-07,22.61492863111198,5
adult_edu_income_welch,0.001,0.12512218963831867,11,31,0,14,3.366482507749231e-07,3.725506808605061e-05,6.449631175675262e-09,6.112861963281091e-07,22.68832416133955,5
adult_edu_income_welch,0.001,0.12512218963831867,11,31,0,15,3.3661099354884415e-07,3.710899883313523e-05,6.427742320495774e-09,7.373363344331807e-07,22.755438425578177,5
adult_edu_income_welch,0.001,0.12512218963831867,11,63,0,1,3.3200695502404333e-07,5.0174962769489184e-05,4.578187315233998e-09,3.731518182226168e-07,3.262214575894177,1
adult_edu_income_welch,0.001,0.12512218963831867,11,63,0,2,3.3225215795006113e-07,5.021468170562926e-05,6.444395363138964e-09,8.337147789916344e-07,3.3348433380015194,1
adult_edu_income_welch,0.001,0.12512218963831867,11,63,0,3,3.3204194803037595e-07,5.024265261122096e-05,6.314739267684904e-09,7.977452980423294e-07,3.4022608785890043,1
adult_edu_income_welch,0.001,0.12512218963831867,11,63,0,4,3.3202557698132153e-07,5.0193297755463107e-05,4.5870987923505365e-09,3.78025276193128e-07,8.269562499597669,2
adult_edu_income_welch,0.001,0.12512218963831867,11,63,0,5,3.322524027633386e-07,5.021447149577973e-05,6.4361083840309345e-09,8.237441115888089e-07,8.34400166478008,2
adult_edu_income_welch,0.001,0.12512218963831867,11,63,0,6,3.3206040522380814e-07,5.023921231384065e-05,6.311389279341266e-09,7.791194811535007e-07,8.418194222729653,2
adult_edu_income_welch,0.001,0.12512218963831867,11,63,0,7,3.3201444601645155e-07,5.019333220213085e-05,4.5730758438377055e-09,3.756652029451857e-07,13.461252206470817,3
adult_edu_income_welch,0.001,0.12512218963831867,11,63,0,8,3.3224558354207127e-07,5.0212681985906116e-05,6.438116889046885e-09,8.23375554848127e-07,13.535411395598203,3
adult_edu_income_welch,0.001,0.12512218963831867,11,63,0,9,3.3205481889448624e-07,5.023994177477675e-05,6.3001090129948835e-09,7.927023095710695e-07,13.603072494734079,3
adult_edu_income_welch,0.001,0.12512218963831867,11,63,0,10,3.320228835834656e-07,5.01930864356126e-05,4.593230027999661e-09,3.70447000408447e-07,18.639290020801127,4
adult_edu_income_welch,0.001,0.12512218963831867,11,63,0,11,3.322424578978068e-07,5.021273078309463e-05,6.4383813194617055e-09,8.330527636601914e-07,18.710726480931044,4
adult_edu_income_welch,0.001,0.12512218963831867,11,63,0,12,3.3205814942386067e-07,5.024100273209875e-05,6.312527793676294e-09,8.064887359049422e-07,18.79642286710441,4
adult_edu_income_welch,0.001,0.12512218963831867,11,63,0,13,3.32025439629149e-07,5.0193471354598174e-05,4.579732563314695e-09,3.85601476637909e-07,23.421326716896147,5
adult_edu_income_welch,0.001,0.12512218963831867,11,63,0,14,3.3225090189684003e-07,5.021172920161021e-05,6.433356240025351e-09,8.252397105668052e-07,23.496461777947843,5
adult_edu_income_welch,0.001,0.12512218963831867,11,63,0,15,3.320496539315329e-07,5.0239959913822574e-05,6.307689502504509e-09,7.976810130205791e-07,23.567284799180925,5
adult_edu_income_welch,0.001,0.12512218963831867,11,127,0,1,3.3155320986712067e-07,3.8605768737931534e-05,4.6063225202457156e-09,4.2871580108183593e-07,3.796148627065122,1
adult_edu_income_welch,0.001,0.12512218963831867,11,127,0,2,3.3150059868185895e-07,3.8612630003931336e-05,6.5169284413323905e-09,7.85575341777367e-07,3.8692884012125432,1
adult_edu_income_welch,0.001,0.12512218963831867,11,127,0,3,3.3153779683006647e-07,3.859189545918351e-05,6.4836261591765096e-09,8.63758150670968e-07,3.936417120974511,1
adult_edu_income_welch,0.001,0.12512218963831867,11,127,0,4,3.3155626476421524e-07,3.859810397366381e-05,4.595654875672441e-09,4.185586996996449e-07,8.84664185391739,2
adult_edu_income_welch,0.001,0.12512218963831867,11,127,0,5,3.314881285122341e-07,3.861219456680054e-05,6.5246329944161e-09,7.918225302105952e-07,8.92084168177098,2
adult_edu_income_welch,0.001,0.12512218963831867,11,127,0,6,3.315457743070998e-07,3.859176694409605e-05,6.4986420144010515e-09,8.637047180792834e-07,8.988017787691206,2
adult_edu_income_welch,0.001,0.12512218963831867,11,127,0,7,3.315402495450758e-07,3.8598351640328765e-05,4.596781522025556e-09,4.294685773675866e-07,14.027041405439377,3
adult_edu_income_welch,0.001,0.12512218963831867,11,127,0,8,3.314972668111367e-07,3.8611079513750646e-05,6.51083646007673e-09,7.945426869770955e-07,14.099986830726266,3
adult_edu_income_welch,0.001,0.12512218963831867,11,127,0,9,3.315338101020486e-07,3.859343301004792e-05,6.494376141305205e-09,8.55670535759856e-07,14.16725375270471,3
adult_edu_income_welch,0.001,0.12512218963831867,11,127,0,10,3.3155328149314826e-07,3.859731446065329e-05,4.596161633712648e-09,4.2915775066987294e-07,18.895073206629604,4
adult_edu_income_welch,0.001,0.12512218963831867,11,127,0,11,3.3149905087011107e-07,3.86118169323213e-05,6.519042144299792e-09,7.861569913947264e-07,18.967785517219454,4
adult_edu_income_welch,0.001,0.12512218963831867,11,127,0,12,3.315464754066989e-07,3.859272120254609e-05,6.489746496750657e-09,8.639468762616787e-07,19.04186930740252,4
adult_edu_income_welch,0.001,0.12512218963831867,11,127,0,13,3.315521072724883e-07,3.859865680044816e-05,4.598595965369393e-09,4.1932410921319274e-07,24.1065591131337,5
adult_edu_income_welch,0.001,0.12512218963831867,11,127,0,14,3.315030579424238e-07,3.861124565995855e-05,6.51146510715077e-09,7.985756286243983e-07,24.178690218366683,5
adult_edu_income_welch,0.001,0.12512218963831867,11,127,0,15,3.315481207438078e-07,3.859269134254273e-05,6.492273021882342e-09,8.656260865880228e-07,24.246959717478603,5
adult_edu_income_welch,0.001,0.12512218963831867,11,255,0,1,3.337337110769494e-07,2.3133088493665355e-05,4.565231961918255e-09,3.932418126684212e-07,5.966680976562202,2
adult_edu_income_welch,0.001,0.12512218963831867,11,255,0,2,3.3384076671658135e-07,2.3130130941684257e-05,6.226916896646056e-09,7.250767175559503e-07,6.056134069804102,2
adult_edu_income_welch,0.001,0.12512218963831867,11,255,0,3,3.3371409343588407e-07,2.3118036637903572e-05,6.375009623526293e-09,5.977891108788214e-07,6.133588702883571,2
adult_edu_income_welch,0.001,0.12512218963831867,11,255,0,4,3.337156876886392e-07,2.3124025575915752e-05,4.545119941403006e-09,3.787983169356579e-07,11.041772020980716,3
adult_edu_income_welch,0.001,0.12512218963831867,11,255,0,5,3.3383698122831126e-07,2.312363265755124e-05,6.236139984641025e-09,7.356177038619904e-07,11.11715511418879,3
adult_edu_income_welch,0.001,0.12512218963831867,11,255,0,6,3.337278230687457e-07,2.3114220459419244e-05,6.367863444366667e-09,6.002722524600657e-07,11.191775118000805,3
adult_edu_income_welch,0.001,0.12512218963831867,11,255,0,7,3.3372402259833643e-07,2.312255255276785e-05,4.542539710699565e-09,3.8605694951954206e-07,16.204873512033373,4
adult_edu_income_welch,0.001,0.12512218963831867,11,255,0,8,3.338336488152914e-07,2.3126674092877053e-05,6.234174136844655e-09,7.245849731329912e-07,16.276160241104662,4
adult_edu_income_welch,0.001,0.12512218963831867,11,255,0,9,3.337171074721296e-07,2.311726517811863e-05,6.360632483449959e-09,5.962337500386994e-07,16.343802652321756,4
adult_edu_income_welch,0.001,0.12512218963831867,11,255,0,10,3.337274750322454e-07,2.3124094101767412e-05,4.54217471225604e-09,3.7056001600532795e-07,21.33945250324905,5
adult_edu_income_welch,0.001,0.12512218963831867,11,255,0,11,3.338352912326879e-07,2.3125015702785134e-05,6.236890435191793e-09,7.212404072864942e-07,21.414125381503254,5
adult_edu_income_welch,0.001,0.12512218963831867,11,255,0,12,3.337303006184663e-07,2.3113969236043808e-05,6.3630595435321396e-09,5.973552800186965e-07,21.48320403089747,5
adult_edu_income_welch,0.001,0.12512218963831867,11,255,0,13,3.337224642714707e-07,2.3117034189334973e-05,4.5557520868830595e-09,3.86316256317798e-07,26.58816161379218,6
adult_edu_income_welch,0.001,0.12512218963831867,11,255,0,14,3.33840691046832e-07,2.3127802231126537e-05,6.230180161511225e-09,7.391509070364677e-07,26.662299177609384,6
adult_edu_income_welch,0.001,0.12512218963831867,11,255,0,15,3.3370894565140267e-07,2.3119264330739853e-05,6.372926982364986e-09,6.002914149094707e-07,26.73283239034936,6
adult_edu_income_welch,0.001,0.12512218963831867,11,511,0,1,3.371884368748621e-07,5.379859362686368e-05,4.530501629575998e-09,4.394514905303737e-07,7.216828617267311,2
adult_edu_income_welch,0.001,0.12512218963831867,11,511,0,2,3.3714273663552685e-07,5.4067613855623975e-05,6.32864829274983e-09,5.719884298427402e-07,7.288071594201028,2
adult_edu_income_welch,0.001,0.12512218963831867,11,511,0,3,3.372265080139514e-07,5.387290781677656e-05,6.507849021062165e-09,7.38912155018312e-07,7.354327865410596,2
adult_edu_income_welch,0.001,0.12512218963831867,11,511,0,4,3.372033414011752e-07,5.382469034720394e-05,4.518712371062082e-09,4.42200061900877e-07,11.78130204230547,3
adult_edu_income_welch,0.001,0.12512218963831867,11,511,0,5,3.3712613613021063e-07,5.407314212413361e-05,6.331183525414095e-09,5.763959373128458e-07,11.85290770791471,3
adult_edu_income_welch,0.001,0.12512218963831867,11,511,0,6,3.372278161378453e-07,5.3868127950496e-05,6.500837753705405e-09,7.329776832154522e-07,11.921460976824164,3
adult_edu_income_welch,0.001,0.12512218963831867,11,511,0,7,3.371967213349687e-07,5.382312185298055e-05,4.50853292536629e-09,4.5616014276994576e-07,16.429844978731126,4
adult_edu_income_welch,0.001,0.12512218963831867,11,511,0,8,3.371268800655398e-07,5.408536809770048e-05,6.328380632391706e-09,5.78209395252216e-07,16.50391913857311,4
adult_edu_income_welch,0.001,0.12512218963831867,11,511,0,9,3.3722063824549094e-07,5.3846134004498225e-05,6.506859522946559e-09,7.364149146038557e-07,16.573352724313736,4
adult_edu_income_welch,0.001,0.12512218963831867,11,511,0,10,3.3720165635267487e-07,5.382900833250659e-05,4.518103386421345e-09,4.409943228367297e-07,21.332022660411894,5
adult_edu_income_welch,0.001,0.12512218963831867,11,511,0,11,3.3713042602610615e-07,5.407684308256222e-05,6.333246170780424e-09,5.798336242257562e-07,21.40544284833595,5
adult_edu_income_welch,0.001,0.12512218963831867,11,511,0,12,3.3722649051650723e-07,5.388505608650007e-05,6.5018482742876835e-09,7.329166806790965e-07,21.474001593422145,5
adult_edu_income_welch,0.001,0.12512218963831867,11,511,0,13,3.3719501862078987e-07,5.382564885980656e-05,4.528192455792142e-09,4.476332393643645e-07,26.563054060563445,6
adult_edu_income_welch,0.001,0.12512218963831867,11,511,0,14,3.37139682503652e-07,5.407390012379665e-05,6.320680532299113e-09,5.68878235518433e-07,26.638151559513062,6
adult_edu_income_welch,0.001,0.12512218963831867,11,511,0,15,3.3722612302024824e-07,5.386022839370952e-05,6.499145459454845e-09,7.385644842372585e-07,26.70738706830889,6
adult_edu_income_welch,0.001,0.12512218963831867,10,15,0,1,9.067560007056375e-05,0.003081846111658848,9.067467448588429e-05,0.0030764984337620094,2.6466970341280103,1
adult_edu_income_welch,0.001,0.12512218963831867,10,15,0,2,3.535230469835781e-07,3.2921320619383465e-05,6.895922458531416e-08,1.3973826165303294e-05,2.7153219231404364,1
adult_edu_income_welch,0.001,0.12512218963831867,10,15,0,3,3.395215997048898e-07,2.7938080379152908e-05,4.610028674739122e-09,6.969648813637264e-07,7.547630382236093,2
adult_edu_income_welch,0.001,0.12512218963831867,10,15,0,4,3.394905029948338e-07,2.7649194303425162e-05,6.439785842443998e-09,1.0645006069953666e-06,7.616894860286266,2
adult_edu_income_welch,0.001,0.12512218963831867,10,15,0,5,3.395246424592453e-07,2.7934170022447802e-05,4.617039987686583e-09,7.212594630434666e-07,12.400799297261983,3
adult_edu_income_welch,0.001,0.12512218963831867,10,15,0,6,3.3948355747853153e-07,2.7655599132203612e-05,6.42424356061004e-09,1.0653565405416288e-06,12.47121819248423,3
adult_edu_income_welch,0.001,0.12512218963831867,10,15,0,7,3.395242355303229e-07,2.7931436313854974e-05,4.615617400317227e-09,7.060289972660172e-07,17.001301769632846,4
adult_edu_income_welch,0.001,0.12512218963831867,10,15,0,8,3.3947916110131445e-07,2.7649572135746148e-05,6.4305591404474345e-09,1.054620845986065e-06,17.070327473804355,4
adult_edu_income_welch,0.001,0.12512218963831867,10,15,0,9,3.3953173564739693e-07,2.7927525034221468e-05,4.6123420240362656e-09,7.092440956757429e-07,21.720388947520405,5
adult_edu_income_welch,0.001,0.12512218963831867,10,15,0,10,3.3948013203837676e-07,2.7636376460749013e-05,6.416002936535402e-09,1.0709311124568188e-06,21.788163234479725,5
adult_edu_income_welch,0.001,0.12512218963831867,10,15,0,11,3.3953889933668253e-07,2.793460182926033e-05,4.616454879044545e-09,6.99099204304332e-07,26.477287855464965,6
adult_edu_income_welch,0.001,0.12512218963831867,10,15,0,12,3.3947678039895923e-07,2.764957482748187e-05,6.4386547966458006e-09,1.0794060747443268e-06,26.54708240646869,6
adult_edu_income_welch,0.001,0.12512218963831867,10,15,0,13,3.3952405579536945e-07,2.793381660692873e-05,4.605745502272654e-09,7.164995485808845e-07,31.526302056387067,7
adult_edu_income_welch,0.001,0.12512218963831867,10,15,0,14,3.394845594805441e-07,2.7645385496710695e-05,6.430481517040329e-09,1.055199639665716e-06,31.595108622219414,7
adult_edu_income_welch,0.001,0.12512218963831867,10,15,0,15,3.395158565171312e-07,2.7949520141179462e-05,4.6160682400577945e-09,6.941562842310844e-07,36.35200124792755,8
adult_edu_income_welch,0.001,0.12512218963831867,10,15,1,1,9.078677568740687e-05,0.003076668453861897,9.076925309971695e-05,0.0030675412100669153,2.3818268794566393,1
adult_edu_income_welch,0.001,0.12512218963831867,10,15,1,2,3.76154350527193e-07,4.364570668069501e-05,1.348145837544421e-07,1.752831158863266e-05,2.4481392721645534,1
adult_edu_income_welch,0.001,0.12512218963831867,10,15,1,3,3.469166507270906e-07,4.205752592467693e-05,6.912871318036823e-08,5.668898179878035e-06,7.065245115198195,2
adult_edu_income_welch,0.001,0.12512218963831867,10,15,1,4,3.4703381959483163e-07,4.224858561074907e-05,6.946188991803894e-08,5.44349098696717e-06,7.140621200203896,2
adult_edu_income_welch,0.001,0.12512218963831867,10,15,1,5,3.4708893477377256e-07,4.207892898866472e-05,6.93916266997979e-08,5.757766776581796e-06,7.2101677395403385,2
adult_edu_income_welch,0.001,0.12512218963831867,10,15,1,6,3.4690473214640184e-07,4.2048663661642394e-05,6.912060728985362e-08,5.6710960955053125e-06,11.505749771837145,3
adult_edu_income_welch,0.001,0.12512218963831867,10,15,1,7,3.4703196639547835e-07,4.224813296282992e-05,6.946139685939462e-08,5.435381700724662e-06,11.58099054498598,3
adult_edu_income_welch,0.001,0.12512218963831867,10,15,1,8,3.470855664935898e-07,4.207691619728671e-05,6.939056054571896e-08,5.758949547018943e-06,11.650915914215147,3
adult_edu_income_welch,0.001,0.12512218963831867,10,15,1,9,3.4690745998178834e-07,4.206263956096912e-05,6.912244638984544e-08,5.6514810885532896e-06,16.00025674654171,4
adult_edu_income_welch,0.001,0.12512218963831867,10,15,1,10,3.4704226662026955e-07,4.2235896258402406e-05,6.946861307489412e-08,5.445995258313019e-06,16.073236820753664,4
adult_edu_income_welch,0.001,0.12512218963831867,10,15,1,11,3.470955986204897e-07,4.20817763971959e-05,6.937936460812288e-08,5.752032679384733e-06,16.143235709052533,4
adult_edu_income_welch,0.001,0.12512218963831867,10,15,1,12,3.469151147797061e-07,4.205571981530376e-05,6.912328839380223e-08,5.6522872683428815e-06,20.769147667102516,5
adult_edu_income_welch,0.001,0.12512218963831867,10,15,1,13,3.470269519885792e-07,4.2246078695407085e-05,6.945940507233233e-08,5.4268963269876735e-06,20.847486102953553,5
adult_edu_income_welch,0.001,0.12512218963831867,10,15,1,14,3.4708576255294507e-07,4.20782406217457e-05,6.938641496344469e-08,5.764331521440624e-06,20.91922259191051,5
adult_edu_income_welch,0.001,0.12512218963831867,10,15,1,15,3.4692238990019763e-07,4.204465004331581e-05,6.913587613952498e-08,5.665458548187452e-06,24.983730134088546,6
adult_edu_income_welch,0.001,0.12512218963831867,10,31,0,1,3.684702213067473e-07,4.410955510814052e-05,1.421648446974656e-07,6.686904199693089e-06,2.732076846063137,1
adult_edu_income_welch,0.001,0.12512218963831867,10,31,0,2,3.3331430100963155e-07,4.422460818342966e-05,6.53607583747117e-09,6.07530922902555e-07,2.801682272925973,1
adult_edu_income_welch,0.001,0.12512218963831867,10,31,0,3,3.3319057540623346e-07,4.411045593011309e-05,4.522408156422094e-09,4.7377156164873924e-07,7.748607816640288,2
adult_edu_income_welch,0.001,0.12512218963831867,10,31,0,4,3.33300580728078e-07,4.421886675276543e-05,6.523394132003108e-09,5.942295162597588e-07,7.815246092621237,2
adult_edu_income_welch,0.001,0.12512218963831867,10,31,0,5,3.331850193638282e-07,4.410822763312172e-05,4.53795364381836e-09,4.3985130715462617e-07,12.739423470571637,3
adult_edu_income_welch,0.001,0.12512218963831867,10,31,0,6,3.3329677081405095e-07,4.4213516449786994e-05,6.523283587650845e-09,6.019259701783852e-07,12.808409205637872,3
adult_edu_income_welch,0.001,0.12512218963831867,10,31,0,7,3.3317841498772797e-07,4.411441553642259e-05,4.539798654145196e-09,4.517727418829054e-07,17.551021497696638,4
adult_edu_income_welch,0.001,0.12512218963831867,10,31,0,8,3.333083896400491e-07,4.4217393288303874e-05,6.531073389352479e-09,5.933321053364082e-07,17.619482322596014,4
adult_edu_income_welch,0.001,0.12512218963831867,10,31,0,9,3.331916048485289e-07,4.4108632302530815e-05,4.539410914849095e-09,4.5748868604533754e-07,22.453814349602908,5
adult_edu_income_welch,0.001,0.12512218963831867,10,31,0,10,3.3330931194382706e-07,4.4218028984688296e-05,6.5264164805285295e-09,6.02338796285018e-07,22.523273290600628,5
adult_edu_income_welch,0.001,0.12512218963831867,10,31,0,11,3.3318930863585685e-07,4.411387655989252e-05,4.542123104774731e-09,4.538433218126414e-07,27.238099886570126,6
adult_edu_income_welch,0.001,0.12512218963831867,10,31,0,12,3.333092509653831e-07,4.42182862965268e-05,6.532210973987532e-09,5.958072160083816e-07,27.327524561434984,6
adult_edu_income_welch,0.001,0.12512218963831867,10,31,0,13,3.331721926599568e-07,4.411617143429414e-05,4.544081155778511e-09,4.4089255557544504e-07,32.17539094109088,7
adult_edu_income_welch,0.001,0.12512218963831867,10,31,0,14,3.3331053519489767e-07,4.4215992801022175e-05,6.540857541546428e-09,5.951865615916319e-07,32.243506792001426,7
adult_edu_income_welch,0.001,0.12512218963831867,10,31,0,15,3.3318983790738566e-07,4.4116095022972424e-05,4.545875225577781e-09,4.5219598709955733e-07,36.950116485822946,8
adult_edu_income_welch,0.001,0.12512218963831867,10,31,1,1,3.959706653912944e-07,5.183957415022533e-05,2.0353405926657549e-07,8.814479533159059e-06,2.8372559817507863,1
adult_edu_income_welch,0.001,0.12512218963831867,10,31,1,2,3.42477915504454e-07,5.196531016316008e-05,6.871554857243412e-08,4.538944159748759e-06,7.187331948429346,2
adult_edu_income_welch,0.001,0.12512218963831867,10,31,1,3,3.4249012665343645e-07,5.157539568712011e-05,6.904937012321263e-08,4.344410979406632e-06,7.263332110829651,2
adult_edu_income_welch,0.001,0.12512218963831867,10,31,1,4,3.42640643223012e-07,5.208362767117336e-05,6.902018965786335e-08,4.682746181927655e-06,7.334612817037851,2
adult_edu_income_welch,0.001,0.12512218963831867,10,31,1,5,3.4247069317608374e-07,5.19490575874304e-05,6.871293938974136e-08,4.534092482910701e-06,11.58690800378099,3
adult_edu_income_welch,0.001,0.12512218963831867,10,31,1,6,3.4248195491739267e-07,5.158867943300116e-05,6.905695218497126e-08,4.351869437480005e-06,11.66988757206127,3
adult_edu_income_welch,0.001,0.12512218963831867,10,31,1,7,3.426449775176573e-07,5.205590941992355e-05,6.903228252915387e-08,4.697618352644817e-06,11.740508141927421,3
adult_edu_income_welch,0.001,0.12512218963831867,10,31,1,8,3.4247804055046095e-07,5.196513298910688e-05,6.871940479266143e-08,4.534123727140127e-06,16.004109204746783,4
adult_edu_income_welch,0.001,0.12512218963831867,10,31,1,9,3.4248481684656166e-07,5.158478153211021e-05,6.904982267655167e-08,4.346599938420681e-06,16.078634574543685,4
adult_edu_income_welch,0.001,0.12512218963831867,10,31,1,10,3.4263728098791023e-07,5.206050210171398e-05,6.902872131690213e-08,4.683460795740224e-06,16.149228205438703,4
adult_edu_income_welch,0.001,0.12512218963831867,10,31,1,11,3.424819017766394e-07,5.1964626499145794e-05,6.872417225366084e-08,4.553423964659409e-06,20.59250226430595,5
adult_edu_income_welch,0.001,0.12512218963831867,10,31,1,12,3.4248572428164183e-07,5.159498582041344e-05,6.905358889683477e-08,4.349399302383539e-06,20.67091383226216,5
adult_edu_income_welch,0.001,0.12512218963831867,10,31,1,13,3.4264007411957925e-07,5.205764409321745e-05,6.902951737848643e-08,4.699054336532171e-06,20.741858785040677,5
adult_edu_income_welch,0.001,0.12512218963831867,10,31,1,14,3.424775997057803e-07,5.1967916951500825e-05,6.871115701555618e-08,4.548574398910432e-06,25.202609698753804,6
adult_edu_income_welch,0.001,0.12512218963831867,10,31,1,15,3.4248206060887633e-07,5.157816499501422e-05,6.905424537739452e-08,4.345144898998399e-06,25.27654137648642,6
adult_edu_income_welch,0.001,0.12512218963831867,10,63,0,1,3.291440214544538e-07,3.7743769990772336e-05,4.5039782805817265e-09,5.88595089556776e-07,2.801284320652485,1
adult_edu_income_welch,0.001,0.12512218963831867,10,63,0,2,3.292577273840778e-07,3.762219376279852e-05,6.437876646965692e-09,7.948648189648466e-07,2.898546776268631,1
adult_edu_income_welch,0.001,0.12512218963831867,10,63,0,3,3.291327131740783e-07,3.772404438007193e-05,4.507623842637626e-09,5.772234826784128e-07,7.817624299321324,2
adult_edu_income_welch,0.001,0.12512218963831867,10,63,0,4,3.292541670813497e-07,3.760997430513058e-05,6.441002618733777e-09,7.866142212042959e-07,7.887840899638832,2
adult_edu_income_welch,0.001,0.12512218963831867,10,63,0,5,3.291418637579639e-07,3.772080247366194e-05,4.51211142944667e-09,5.509480366372443e-07,12.60737383691594,3
adult_edu_income_welch,0.001,0.12512218963831867,10,63,0,6,3.292639508929246e-07,3.761296154625171e-05,6.443120302732314e-09,7.765892687805476e-07,12.676487127318978,3
adult_edu_income_welch,0.001,0.12512218963831867,10,63,0,7,3.291382032139382e-07,3.7725087344342434e-05,4.516319234801905e-09,5.588368310327496e-07,17.04818667890504,4
adult_edu_income_welch,0.001,0.12512218963831867,10,63,0,8,3.29267617423664e-07,3.761476378638662e-05,6.446817048858081e-09,7.80590836080286e-07,17.115483690518886,4
adult_edu_income_welch,0.001,0.12512218963831867,10,63,0,9,3.291363505232384e-07,3.772398627222007e-05,4.51564635563009e-09,5.745628842701578e-07,22.122662365436554,5
adult_edu_income_welch,0.001,0.12512218963831867,10,63,0,10,3.2925638894606735e-07,3.762352307223882e-05,6.430589714603109e-09,7.741934676674944e-07,22.225196019746363,5
adult_edu_income_welch,0.001,0.12512218963831867,10,63,0,11,3.291382653249093e-07,3.7721735698381664e-05,4.517513067533958e-09,5.549058968989939e-07,27.092636265791953,6
adult_edu_income_welch,0.001,0.12512218963831867,10,63,0,12,3.292647962539881e-07,3.761546812242056e-05,6.441424756088688e-09,7.742346150863e-07,27.160575138870627,6
adult_edu_income_welch,0.001,0.12512218963831867,10,63,0,13,3.291358405192053e-07,3.772136834501172e-05,4.510314877966226e-09,5.65617142012087e-07,31.311346700880677,7
adult_edu_income_welch,0.001,0.12512218963831867,10,63,0,14,3.292615904971611e-07,3.7615677755953314e-05,6.433201542057997e-09,7.873778574696289e-07,31.380789812188596,7
adult_edu_income_welch,0.001,0.12512218963831867,10,63,0,15,3.2914054390621784e-07,3.7729096121541517e-05,4.5046192465234805e-09,5.68102955678107e-07,36.435692010913044,8
adult_edu_income_welch,0.001,0.12512218963831867,10,63,1,1,3.3963272893331874e-07,4.151442556754592e-05,6.927038476069536e-08,3.679141994505919e-06,3.0757540999911726,1
adult_edu_income_welch,0.001,0.12512218963831867,10,63,1,2,3.3969974907094763e-07,4.138557280053412e-05,6.900306404825779e-08,3.971877131303536e-06,7.918755374383181,2
adult_edu_income_welch,0.001,0.12512218963831867,10,63,1,3,3.396413621825483e-07,4.1437592062321116e-05,6.922674844824322e-08,3.932337498402383e-06,7.99531608261168,2
adult_edu_income_welch,0.001,0.12512218963831867,10,63,1,4,3.397498676775324e-07,4.145847723102669e-05,6.945875893179515e-08,4.364547755320025e-06,8.065788759384304,2
adult_edu_income_welch,0.001,0.12512218963831867,10,63,1,5,3.3970505350866014e-07,4.139762297250549e-05,6.900873485817929e-08,3.993853068484654e-06,13.077146168332547,3
adult_edu_income_welch,0.001,0.12512218963831867,10,63,1,6,3.396475878028382e-07,4.141966713111511e-05,6.922223227486842e-08,3.944804533473345e-06,13.152860238682479,3
adult_edu_income_welch,0.001,0.12512218963831867,10,63,1,7,3.397333303273925e-07,4.1469810230454485e-05,6.945650287729733e-08,4.374407761797983e-06,13.219849734567106,3
adult_edu_income_welch,0.001,0.12512218963831867,10,63,1,8,3.3970765506229316e-07,4.139568177419228e-05,6.901962645486891e-08,3.998826330953165e-06,18.259808041621,4
adult_edu_income_welch,0.001,0.12512218963831867,10,63,1,9,3.396483933988117e-07,4.144023017416121e-05,6.922544766664097e-08,3.940649460409951e-06,18.334397753700614,4
adult_edu_income_welch,0.001,0.12512218963831867,10,63,1,10,3.39735332995064e-07,4.146743628730132e-05,6.946225294368174e-08,4.373149688152722e-06,18.404015628620982,4
adult_edu_income_welch,0.001,0.12512218963831867,10,63,1,11,3.397045277208796e-07,4.1397110170260376e-05,6.901330705144009e-08,3.9937224377561975e-06,23.359665562864393,5
adult_edu_income_welch,0.001,0.12512218963831867,10,63,1,12,3.3964942588222646e-07,4.143284807633929e-05,6.9232488716347e-08,3.926551693234082e-06,23.43558368552476,5
adult_edu_income_welch,0.001,0.12512218963831867,10,63,1,13,3.3973928062511506e-07,4.1465723391698184e-05,6.94572271219667e-08,4.372084343229332e-06,23.505078938324004,5
adult_edu_income_welch,0.001,0.12512218963831867,10,63,1,14,3.397075600802265e-07,4.1389527308921537e-05,6.901532133866208e-08,3.988463171622492e-06,28.568503915332258,6
adult_edu_income_welch,0.001,0.12512218963831867,10,63,1,15,3.396423722863802e-07,4.143637585218851e-05,6.923011867480944e-08,3.9421781490300845e-06,28.65348576940596,6
adult_edu_income_welch,0.001,0.12512218963831867,10,127,0,1,3.3810144058535517e-07,3.723725953408419e-05,4.53588475295285e-09,5.762001668019323e-07,6.156945973169059,2
adult_edu_income_welch,0.001,0.12512218963831867,10,127,0,2,3.382929005520985e-07,3.723966504987075e-05,6.427038430516024e-09,8.563982454301566e-07,6.225655943155289,2
adult_edu_income_welch,0.001,0.12512218963831867,10,127,0,3,3.3812035706869123e-07,3.725470588689106e-05,4.521149328778461e-09,5.930495692307858e-07,11.003556760028005,3
adult_edu_income_welch,0.001,0.12512218963831867,10,127,0,4,3.383018485785512e-07,3.7239743554406957e-05,6.4340068150510596e-09,8.685437076216829e-07,11.071014107204974,3
adult_edu_income_welch,0.001,0.12512218963831867,10,127,0,5,3.3811996485606506e-07,3.725631316076061e-05,4.530537153389028e-09,5.917617544870524e-07,16.0871316450648,4
adult_edu_income_welch,0.001,0.12512218963831867,10,127,0,6,3.383023968535454e-07,3.72362118825631e-05,6.434459341874582e-09,8.794968177072704e-07,16.15482292883098,4
adult_edu_income_welch,0.001,0.12512218963831867,10,127,0,7,3.3811877434296016e-07,3.725406983723367e-05,4.5223601006244714e-09,5.829568437976107e-07,21.12052108766511,5
adult_edu_income_welch,0.001,0.12512218963831867,10,127,0,8,3.38299825240484e-07,3.7237767715803116e-05,6.427413393377213e-09,8.733425753693069e-07,21.208849702961743,5
adult_edu_income_welch,0.001,0.12512218963831867,10,127,0,9,3.381229500377639e-07,3.725515200603269e-05,4.5202931575112236e-09,5.851410875834517e-07,25.497458218131214,6
adult_edu_income_welch,0.001,0.12512218963831867,10,127,0,10,3.382950671658226e-07,3.7236269966989255e-05,6.4244262922983e-09,8.524963208689229e-07,25.567597727756947,6
adult_edu_income_welch,0.001,0.12512218963831867,10,127,0,11,3.3812508366463015e-07,3.725414518584991e-05,4.525350463806835e-09,5.741220046040496e-07,30.249556807801127,7
adult_edu_income_welch,0.001,0.12512218963831867,10,127,0,12,3.382967653843876e-07,3.723730967752914e-05,6.434472278198821e-09,8.643927451590372e-07,30.318174622952938,7
adult_edu_income_welch,0.001,0.12512218963831867,10,127,0,13,3.381193743436442e-07,3.725453638381282e-05,4.523073230449574e-09,6.007739471458606e-07,34.923410560935736,8
adult_edu_income_welch,0.001,0.12512218963831867,10,127,0,14,3.38295036491385e-07,3.7240065996257954e-05,6.436545335087462e-09,8.680638289293441e-07,34.99272080184892,8
adult_edu_income_welch,0.001,0.12512218963831867,10,127,0,15,3.381249843586331e-07,3.725349183336668e-05,4.5330322927719506e-09,5.739024577788854e-07,39.98283727187663,9
adult_edu_income_welch,0.001,0.12512218963831867,10,127,1,1,3.3611402894619563e-07,3.4853063711204335e-05,6.907303374537101e-08,4.178105878716032e-06,6.171955491881818,2
adult_edu_income_welch,0.001,0.12512218963831867,10,127,1,2,3.361580358580899e-07,3.487152142089833e-05,6.92502825609918e-08,3.7657551311687243e-06,6.243894061073661,2
adult_edu_income_welch,0.001,0.12512218963831867,10,127,1,3,3.362904199804751e-07,3.4828661391594906e-05,6.932977140122851e-08,3.972962202225538e-06,6.312357986345887,2
adult_edu_income_welch,0.001,0.12512218963831867,10,127,1,4,3.3607190489150704e-07,3.482755504347068e-05,6.894207229831784e-08,4.161745705166808e-06,11.350856511387974,3
adult_edu_income_welch,0.001,0.12512218963831867,10,127,1,5,3.3615562261366395e-07,3.48717062549353e-05,6.926419383959128e-08,3.7611485231847652e-06,11.42338709300384,3
adult_edu_income_welch,0.001,0.12512218963831867,10,127,1,6,3.3629212506481473e-07,3.4831541125046606e-05,6.932894878928806e-08,3.9909230417078945e-06,11.493252886924893,3
adult_edu_income_welch,0.001,0.12512218963831867,10,127,1,7,3.3607132223188797e-07,3.4826196813053656e-05,6.89405848548927e-08,4.169839722845126e-06,16.738866684027016,4
adult_edu_income_welch,0.001,0.12512218963831867,10,127,1,8,3.3616046256697526e-07,3.487043267613732e-05,6.925484274513806e-08,3.757085894506851e-06,16.81441402575001,4
adult_edu_income_welch,0.001,0.12512218963831867,10,127,1,9,3.362885099098322e-07,3.4831470490548355e-05,6.932956471263296e-08,3.975339254114196e-06,16.886287209112197,4
adult_edu_income_welch,0.001,0.12512218963831867,10,127,1,10,3.360692405234116e-07,3.483023247130568e-05,6.89468711679054e-08,4.163004467150344e-06,21.452544510364532,5
adult_edu_income_welch,0.001,0.12512218963831867,10,127,1,11,3.3615461521780654e-07,3.4871429656968544e-05,6.925078222676755e-08,3.7723212071849588e-06,21.527823580428958,5
adult_edu_income_welch,0.001,0.12512218963831867,10,127,1,12,3.3628894856133106e-07,3.4833549270696373e-05,6.933091923322073e-08,3.976796047910902e-06,21.59686444979161,5
adult_edu_income_welch,0.001,0.12512218963831867,10,127,1,13,3.360921828565238e-07,3.4822936317735476e-05,6.895338241526402e-08,4.160651278950489e-06,26.47523772995919,6
adult_edu_income_welch,0.001,0.12512218963831867,10,127,1,14,3.3616109259946317e-07,3.486762694082657e-05,6.926079821144887e-08,3.7688293134108264e-06,26.550309728831053,6
adult_edu_income_welch,0.001,0.12512218963831867,10,127,1,15,3.3626944474998095e-07,3.483046615915253e-05,6.932839687087312e-08,3.98084479114047e-06,26.619718896690756,6
adult_edu_income_welch,0.001,0.12512218963831867,10,255,0,1,3.365195780640566e-07,3.1964970883757715e-05,4.572857396412301e-09,5.680539134633733e-07,6.48160070925951,2
adult_edu_income_welch,0.001,0.12512218963831867,10,255,0,2,3.3650741478443645e-07,3.2079327103806676e-05,6.3626922380182e-09,7.112559853306166e-07,6.550910706166178,2
adult_edu_income_welch,0.001,0.12512218963831867,10,255,0,3,3.365117172211596e-07,3.1965320129723196e-05,4.5760159693773825e-09,5.577844103266116e-07,11.334718798287213,3
adult_edu_income_welch,0.001,0.12512218963831867,10,255,0,4,3.3649214971849853e-07,3.2073913664110165e-05,6.369851422267589e-09,6.988556613407582e-07,11.399547192268074,3
adult_edu_income_welch,0.001,0.12512218963831867,10,255,0,5,3.365204047171438e-07,3.197193660020581e-05,4.566510617153062e-09,5.73677423343355e-07,16.079624753911048,4
adult_edu_income_welch,0.001,0.12512218963831867,10,255,0,6,3.365081773810094e-07,3.207125200099803e-05,6.373942265989709e-09,7.165027450239947e-07,16.15086733782664,4
adult_edu_income_welch,0.001,0.12512218963831867,10,255,0,7,3.365138773146036e-07,3.197105284824531e-05,4.569844972721e-09,5.686333985899239e-07,20.64446475310251,5
adult_edu_income_welch,0.001,0.12512218963831867,10,255,0,8,3.365026421026207e-07,3.2074198108578145e-05,6.366209060139534e-09,7.063367272186483e-07,20.713278057053685,5
adult_edu_income_welch,0.001,0.12512218963831867,10,255,0,9,3.365257874145512e-07,3.19715804923959e-05,4.581453599981688e-09,5.56805206386457e-07,25.119875657372177,6
adult_edu_income_welch,0.001,0.12512218963831867,10,255,0,10,3.364975176672632e-07,3.207020529938376e-05,6.363371195356143e-09,7.204393167592471e-07,25.18758031213656,6
adult_edu_income_welch,0.001,0.12512218963831867,10,255,0,11,3.3652897208740675e-07,3.197426434398132e-05,4.567797948976641e-09,5.443373265467955e-07,29.70898526534438,7
adult_edu_income_welch,0.001,0.12512218963831867,10,255,0,12,3.3650694744707244e-07,3.207368024504831e-05,6.365322766811987e-09,7.061733087176947e-07,29.77857509860769,7
adult_edu_income_welch,0.001,0.12512218963831867,10,255,0,13,3.3651345037370454e-07,3.1972705643035226e-05,4.5728949642005366e-09,5.704156821328965e-07,34.13119855243713,8
adult_edu_income_welch,0.001,0.12512218963831867,10,255,0,14,3.3650767210036066e-07,3.2069018818248196e-05,6.371468310477281e-09,7.127543970586458e-07,34.19937938917428,8
adult_edu_income_welch,0.001,0.12512218963831867,10,255,0,15,3.3652475290360043e-07,3.196982268538484e-05,4.561723121859334e-09,5.704055429101018e-07,38.99833215912804,9
adult_edu_income_welch,0.001,0.12512218963831867,10,255,1,1,3.457373567624274e-07,6.330090130468591e-05,6.902856791268273e-08,5.232963621093489e-06,5.92943078186363,2
adult_edu_income_welch,0.001,0.12512218963831867,10,255,1,2,3.456553180781166e-07,6.311068908204653e-05,6.918232194056385e-08,5.413404637000241e-06,6.0049366117455065,2
adult_edu_income_welch,0.001,0.12512218963831867,10,255,1,3,3.458593538228677e-07,6.295783693022194e-05,6.926373891520034e-08,5.263522220966266e-06,6.073994630947709,2
adult_edu_income_welch,0.001,0.12512218963831867,10,255,1,4,3.457046718669065e-07,6.331743745979779e-05,6.88980690088413e-08,5.218536237250326e-06,10.653296709991992,3
adult_edu_income_welch,0.001,0.12512218963831867,10,255,1,5,3.4566160435168806e-07,6.312498481575446e-05,6.917603514882168e-08,5.4127214226262765e-06,10.729141311254352,3
adult_edu_income_welch,0.001,0.12512218963831867,10,255,1,6,3.4584737484569066e-07,6.295940764466934e-05,6.926545859813589e-08,5.2686500155996185e-06,10.799162414390594,3
adult_edu_income_welch,0.001,0.12512218963831867,10,255,1,7,3.4571407548113954e-07,6.331352045685357e-05,6.889880031801617e-08,5.206834284621209e-06,15.536597825121135,4
adult_edu_income_welch,0.001,0.12512218963831867,10,255,1,8,3.4565187572697614e-07,6.312371515004855e-05,6.918091257671034e-08,5.420567947833632e-06,15.612365557812154,4
adult_edu_income_welch,0.001,0.12512218963831867,10,255,1,9,3.4585587688044667e-07,6.296043583819966e-05,6.926532425214764e-08,5.260458368461229e-06,15.68221178650856,4
adult_edu_income_welch,0.001,0.12512218963831867,10,255,1,10,3.4571241304518323e-07,6.330799856435476e-05,6.889613399074028e-08,5.215060904117941e-06,20.612335173413157,5
adult_edu_income_welch,0.001,0.12512218963831867,10,255,1,11,3.456570866660071e-07,6.312302893163313e-05,6.917610816503024e-08,5.4071355375384655e-06,20.68753033550456,5
adult_edu_income_welch,0.001,0.12512218963831867,10,255,1,12,3.4585471606164367e-07,6.296319650300752e-05,6.926131070376999e-08,5.269061494006522e-06,20.758506036829203,5
adult_edu_income_welch,0.001,0.12512218963831867,10,255,1,13,3.457143508956913e-07,6.331032027584449e-05,6.890263067545785e-08,5.214041942092074e-06,25.51777646970004,6
adult_edu_income_welch,0.001,0.12512218963831867,10,255,1,14,3.456590901123932e-07,6.311680188253455e-05,6.917825329773113e-08,5.417021159859203e-06,25.591295470949262,6
adult_edu_income_welch,0.001,0.12512218963831867,10,255,1,15,3.458467782436145e-07,6.295959037028176e-05,6.926909428355723e-08,5.27551351503508e-06,25.66179987275973,6
adult_edu_income_welch,0.001,0.12512218963831867,10,511,0,1,3.3314600915158223e-07,5.655119744440995e-05,4.4787092321110355e-09,4.084857117003793e-07,7.010382334701717,2
adult_edu_income_welch,0.001,0.12512218963831867,10,511,0,2,3.3316009200450803e-07,5.592467663428913e-05,6.3409717115617975e-09,1.0504994381044241e-06,7.080178908072412,2
adult_edu_income_welch,0.001,0.12512218963831867,10,511,0,3,3.331368749398203e-07,5.656118957331202e-05,4.4755520792915575e-09,4.00568364700149e-07,11.996423403732479,3
adult_edu_income_welch,0.001,0.12512218963831867,10,511,0,4,3.331536341304166e-07,5.592896105266476e-05,6.333541771699384e-09,1.0439999716949089e-06,12.063417926896363,3
adult_edu_income_welch,0.001,0.12512218963831867,10,511,0,5,3.3314675273174034e-07,5.656366779738242e-05,4.481853909310882e-09,4.035648556444116e-07,17.142590462230146,4
adult_edu_income_welch,0.001,0.12512218963831867,10,511,0,6,3.331645087566283e-07,5.590815971423524e-05,6.3290333258163225e-09,1.049190225588248e-06,17.209723032079637,4
adult_edu_income_welch,0.001,0.12512218963831867,10,511,0,7,3.331486533653249e-07,5.655653740599398e-05,4.4737368656762875e-09,3.9896972392483576e-07,22.051935646217316,5
adult_edu_income_welch,0.001,0.12512218963831867,10,511,0,8,3.3314770019085183e-07,5.590397122134938e-05,6.3414962339327285e-09,1.0471831156655398e-06,22.118607429321855,5
adult_edu_income_welch,0.001,0.12512218963831867,10,511,0,9,3.331402979863379e-07,5.6559590518201475e-05,4.488386867211526e-09,4.0395119116354294e-07,26.808939593378454,6
adult_edu_income_welch,0.001,0.12512218963831867,10,511,0,10,3.331613028994991e-07,5.5925428508185604e-05,6.338022135499345e-09,1.0459496176951077e-06,26.874152374453843,6
adult_edu_income_welch,0.001,0.12512218963831867,10,511,0,11,3.3315684119312783e-07,5.658687154941333e-05,4.468086556076473e-09,4.284288168676653e-07,31.82303144549951,7
adult_edu_income_welch,0.001,0.12512218963831867,10,511,0,12,3.3315547710481165e-07,5.5912725346107806e-05,6.342841227012584e-09,1.0602608775389655e-06,31.89168968051672,7
adult_edu_income_welch,0.001,0.12512218963831867,10,511,0,13,3.3314539355062145e-07,5.657854561058606e-05,4.4666605327654005e-09,4.045110526540441e-07,36.56167387822643,8
adult_edu_income_welch,0.001,0.12512218963831867,10,511,0,14,3.3315364904034793e-07,5.5917563289265004e-05,6.3323557188429784e-09,1.0574127315976511e-06,36.62922834791243,8
adult_edu_income_welch,0.001,0.12512218963831867,10,511,0,15,3.3314978043877576e-07,5.656830495293086e-05,4.477315806324225e-09,3.9560407261163277e-07,41.41269891988486,9
adult_edu_income_welch,0.001,0.12512218963831867,10,511,1,1,3.3718019670859523e-07,3.1714775693636454e-05,6.92344261617463e-08,4.875699413542378e-06,7.624015287961811,2
adult_edu_income_welch,0.001,0.12512218963831867,10,511,1,2,3.371631367801572e-07,3.181684011321906e-05,6.945624436704311e-08,4.764129344358992e-06,7.700248742941767,2
adult_edu_income_welch,0.001,0.12512218963831867,10,511,1,3,3.372440277615568e-07,3.190977362943492e-05,6.952520877779043e-08,4.880390924166811e-06,7.77089897589758,2
adult_edu_income_welch,0.001,0.12512218963831867,10,511,1,4,3.371557382407548e-07,3.170508005556627e-05,6.911280066125634e-08,4.869323878886611e-06,12.779326526913792,3
adult_edu_income_welch,0.001,0.12512218963831867,10,511,1,5,3.371587546264766e-07,3.181211869729417e-05,6.945049662283341e-08,4.770151802557798e-06,12.855425516609102,3
adult_edu_income_welch,0.001,0.12512218963831867,10,511,1,6,3.372384812658261e-07,3.190257267915442e-05,6.952227558609973e-08,4.894571359104205e-06,12.936169987544417,3
adult_edu_income_welch,0.001,0.12512218963831867,10,511,1,7,3.37152520773389e-07,3.170387272555253e-05,6.91216601842247e-08,4.873691177076367e-06,18.052471153903753,4
adult_edu_income_welch,0.001,0.12512218963831867,10,511,1,8,3.37159279238118e-07,3.182777284171934e-05,6.944682148045915e-08,4.7482542734345046e-06,18.124928352888674,4
adult_edu_income_welch,0.001,0.12512218963831867,10,511,1,9,3.372357416541541e-07,3.188146374566436e-05,6.95157870112754e-08,4.895739756038964e-06,18.193098867777735,4
adult_edu_income_welch,0.001,0.12512218963831867,10,511,1,10,3.371563485307004e-07,3.170955552844745e-05,6.91233981287027e-08,4.8687175157047236e-06,23.25749384611845,5
adult_edu_income_welch,0.001,0.12512218963831867,10,511,1,11,3.3717388200481014e-07,3.182761071207629e-05,6.945726623441099e-08,4.774816145580729e-06,23.33167427405715,5
adult_edu_income_welch,0.001,0.12512218963831867,10,511,1,12,3.372396919353404e-07,3.1891083536184084e-05,6.951532182135676e-08,4.892652181065493e-06,23.40408688597381,5
adult_edu_income_welch,0.001,0.12512218963831867,10,511,1,13,3.3715683330564033e-07,3.1720833508996904e-05,6.911269203747675e-08,4.872127943533755e-06,28.15961570199579,6
adult_edu_income_welch,0.001,0.12512218963831867,10,511,1,14,3.3716939710931276e-07,3.1830814228639426e-05,6.944451384429759e-08,4.761894789484522e-06,28.232689841184765,6
adult_edu_income_welch,0.001,0.12512218963831867,10,511,1,15,3.37249191415912e-07,3.19067559029218e-05,6.951287629834835e-08,4.893190564625449e-06,28.300192634109408,6
adult_edu_income_welch,0.001,0.12512218963831867,9,15,0,1,9.068939397843063e-05,0.003070994485260825,9.067481094596311e-05,0.0030772665890075324,2.5818154895678163,1
adult_edu_income_welch,0.001,0.12512218963831867,9,15,0,2,3.465658126029912e-07,4.2230031796597345e-05,6.914862398765798e-08,1.3936530664393487e-05,2.646028882358223,1
adult_edu_income_welch,0.001,0.12512218963831867,9,15,0,3,3.3063593320136733e-07,4.2377998949794105e-05,4.493772005598445e-09,4.314558856854944e-07,7.596721129026264,2
adult_edu_income_welch,0.001,0.12512218963831867,9,15,0,4,3.3074284030253353e-07,4.223325641627973e-05,6.382130831185628e-09,7.172640533736896e-07,7.663286043796688,2
adult_edu_income_welch,0.001,0.12512218963831867,9,15,0,5,3.3063591328425155e-07,4.2382266907114996e-05,4.501078736116114e-09,4.454167985556978e-07,12.393838374875486,3
adult_edu_income_welch,0.001,0.12512218963831867,9,15,0,6,3.3073937736527033e-07,4.222835774292388e-05,6.387276787387069e-09,7.064403451106926e-07,12.462079249788076,3
adult_edu_income_welch,0.001,0.12512218963831867,9,15,0,7,3.306376580889544e-07,4.239300306208005e-05,4.5120425261759944e-09,4.393079633402408e-07,17.382963337935507,4
adult_edu_income_welch,0.001,0.12512218963831867,9,15,0,8,3.30737710507531e-07,4.222921769037047e-05,6.393738898015437e-09,7.278687946810081e-07,17.449811269063503,4
adult_edu_income_welch,0.001,0.12512218963831867,9,15,0,9,3.3063371218408245e-07,4.239065218092364e-05,4.499290006497046e-09,4.520350094239234e-07,22.02553516626358,5
adult_edu_income_welch,0.001,0.12512218963831867,9,15,0,10,3.3073874670432125e-07,4.223747885767626e-05,6.389232533349925e-09,7.141355214956846e-07,22.092869754415005,5
adult_edu_income_welch,0.001,0.12512218963831867,9,15,0,11,3.306346492396676e-07,4.2382940100393895e-05,4.497239487152746e-09,4.411929586112251e-07,26.880969006568193,6
adult_edu_income_welch,0.001,0.12512218963831867,9,15,0,12,3.3073869190580933e-07,4.223570424921608e-05,6.384116682227477e-09,7.182029334584783e-07,26.948169022332877,6
adult_edu_income_welch,0.001,0.12512218963831867,9,15,0,13,3.306342903557381e-07,4.2393385586647625e-05,4.495537067053594e-09,4.249551670554297e-07,32.1559639852494,7
adult_edu_income_welch,0.001,0.12512218963831867,9,15,0,14,3.307309290401857e-07,4.222332431402798e-05,6.385189289809793e-09,7.16843545078838e-07,32.223794931545854,7
adult_edu_income_welch,0.001,0.12512218963831867,9,15,0,15,3.3063067257040315e-07,4.238579133342135e-05,4.500536519914705e-09,4.5051471730950254e-07,37.280698460526764,8
adult_edu_income_welch,0.001,0.12512218963831867,9,15,1,1,9.077075315311389e-05,0.0030843110865458323,9.076883567294959e-05,0.003067291897062563,2.378023519180715,1
adult_edu_income_welch,0.001,0.12512218963831867,9,15,1,2,3.6917193233264173e-07,4.672094547519823e-05,1.3445578936239095e-07,1.7566717458450398e-05,2.4423940991982818,1
adult_edu_income_welch,0.001,0.12512218963831867,9,15,1,3,3.4226833680196445e-07,4.131746849667106e-05,6.879207530338034e-08,3.5156398191515947e-06,7.189249225426465,2
adult_edu_income_welch,0.001,0.12512218963831867,9,15,1,4,3.422005441909485e-07,4.108576152539456e-05,6.905433847106558e-08,3.500526072452992e-06,7.26455484284088,2
adult_edu_income_welch,0.001,0.12512218963831867,9,15,1,5,3.4226278575503425e-07,4.131711060739729e-05,6.900464442028759e-08,3.509669964429918e-06,7.333403672091663,2
adult_edu_income_welch,0.001,0.12512218963831867,9,15,1,6,3.422662895997096e-07,4.131315158562021e-05,6.877926921190324e-08,3.5170454585342625e-06,12.062291071750224,3
adult_edu_income_welch,0.001,0.12512218963831867,9,15,1,7,3.422015650955584e-07,4.1090074882954575e-05,6.906105439818963e-08,3.49923427633847e-06,12.138806705828756,3
adult_edu_income_welch,0.001,0.12512218963831867,9,15,1,8,3.4225936438976863e-07,4.131520291605906e-05,6.899682853307132e-08,3.5069714209301495e-06,12.207628667820245,3
adult_edu_income_welch,0.001,0.12512218963831867,9,15,1,9,3.4227047997804295e-07,4.132050415905919e-05,6.878742603660961e-08,3.512771051150665e-06,16.40734858158976,4
adult_edu_income_welch,0.001,0.12512218963831867,9,15,1,10,3.422055224669288e-07,4.1087443185761074e-05,6.905546025670658e-08,3.500146192658704e-06,16.47972575435415,4
adult_edu_income_welch,0.001,0.12512218963831867,9,15,1,11,3.422545676988989e-07,4.131691806164017e-05,6.90011371912108e-08,3.513090940820973e-06,16.547768984921277,4
adult_edu_income_welch,0.001,0.12512218963831867,9,15,1,12,3.422726108336308e-07,4.131947131624791e-05,6.879519148095389e-08,3.5140245322473618e-06,21.419292906299233,5
adult_edu_income_welch,0.001,0.12512218963831867,9,15,1,13,3.4220969315996576e-07,4.108303262850832e-05,6.905419562969602e-08,3.5015104823399312e-06,21.49367220606655,5
adult_edu_income_welch,0.001,0.12512218963831867,9,15,1,14,3.422524378247105e-07,4.1314755084953525e-05,6.900515874692971e-08,3.516920379253996e-06,21.56178507534787,5
adult_edu_income_welch,0.001,0.12512218963831867,9,15,1,15,3.4227057987582803e-07,4.131849823241218e-05,6.879413569087193e-08,3.5180400766998687e-06,26.500196516048163,6
adult_edu_income_welch,0.001,0.12512218963831867,9,31,0,1,3.6739841070432825e-07,3.740085265757642e-05,1.421388363303951e-07,6.696447971799024e-06,2.911208094097674,1
adult_edu_income_welch,0.001,0.12512218963831867,9,31,0,2,3.301873151384218e-07,3.448609505740663e-05,6.409410836958013e-09,5.828848410605048e-07,2.9783924240618944,1
adult_edu_income_welch,0.001,0.12512218963831867,9,31,0,3,3.3017115764350375e-07,3.465093137355879e-05,4.52764031920523e-09,6.961399454663564e-07,7.7356797168031335,2
adult_edu_income_welch,0.001,0.12512218963831867,9,31,0,4,3.302058614096402e-07,3.448016021256883e-05,6.419917757954506e-09,5.770604382115962e-07,7.802246906794608,2
adult_edu_income_welch,0.001,0.12512218963831867,9,31,0,5,3.3017052767727415e-07,3.464536319397471e-05,4.533990723640122e-09,6.945182919881887e-07,12.670967099722475,3
adult_edu_income_welch,0.001,0.12512218963831867,9,31,0,6,3.302062564944602e-07,3.447964226444e-05,6.417296683407052e-09,5.869187842399981e-07,12.736435531638563,3
adult_edu_income_welch,0.001,0.12512218963831867,9,31,0,7,3.301619800114438e-07,3.4647626957817756e-05,4.52177196969095e-09,7.017630223593585e-07,17.078237272799015,4
adult_edu_income_welch,0.001,0.12512218963831867,9,31,0,8,3.3020044748658005e-07,3.448527249760858e-05,6.4146314301960494e-09,5.808145638885875e-07,17.143799430690706,4
adult_edu_income_welch,0.001,0.12512218963831867,9,31,0,9,3.3016791502229857e-07,3.46457894411234e-05,4.539242420551398e-09,7.015455211201171e-07,22.165489975363016,5
adult_edu_income_welch,0.001,0.12512218963831867,9,31,0,10,3.3020064566649247e-07,3.4481478867087745e-05,6.40749500866624e-09,5.702738750112957e-07,22.233045778237283,5
adult_edu_income_welch,0.001,0.12512218963831867,9,31,0,11,3.3017135085505633e-07,3.464733393521158e-05,4.528852661836571e-09,7.106855485217167e-07,26.991027146112174,6
adult_edu_income_welch,0.001,0.12512218963831867,9,31,0,12,3.3020036065056817e-07,3.447588025784487e-05,6.40693411238646e-09,5.7861600744058e-07,27.05673815915361,6
adult_edu_income_welch,0.001,0.12512218963831867,9,31,0,13,3.301803534712273e-07,3.464500054528585e-05,4.5327864706274366e-09,6.914281195369298e-07,31.559693709481508,7
adult_edu_income_welch,0.001,0.12512218963831867,9,31,0,14,3.3019254047489185e-07,3.447710185511266e-05,6.401824935172129e-09,5.8465906782601e-07,31.6265373933129,7
adult_edu_income_welch,0.001,0.12512218963831867,9,31,0,15,3.3016323838403085e-07,3.4643264921974115e-05,4.528525530736178e-09,7.04220814773393e-07,35.79104065010324,8
adult_edu_income_welch,0.001,0.12512218963831867,9,31,1,1,3.874525183327603e-07,3.26994670147851e-05,2.0350114308253177e-07,9.015373859666553e-06,2.9807724682614207,1
adult_edu_income_welch,0.001,0.12512218963831867,9,31,1,2,3.377722326442588e-07,3.174328812616256e-05,6.88232846191246e-08,3.5880140321076226e-06,7.930372014641762,2
adult_edu_income_welch,0.001,0.12512218963831867,9,31,1,3,3.3775081322365963e-07,3.1926421605432687e-05,6.915951208626077e-08,3.5474667805512894e-06,8.00257485639304,2
adult_edu_income_welch,0.001,0.12512218963831867,9,31,1,4,3.3773163812941134e-07,3.1525391974818184e-05,6.906796931905535e-08,3.605502496339952e-06,8.072306999471039,2
adult_edu_income_welch,0.001,0.12512218963831867,9,31,1,5,3.377700605403382e-07,3.1749609806341894e-05,6.881792429328038e-08,3.597526246124083e-06,13.096068509854376,3
adult_edu_income_welch,0.001,0.12512218963831867,9,31,1,6,3.377401233731622e-07,3.1936907974094986e-05,6.915978680036708e-08,3.5419457542484878e-06,13.170929612126201,3
adult_edu_income_welch,0.001,0.12512218963831867,9,31,1,7,3.3773486134618946e-07,3.1535195113452374e-05,6.906735602698442e-08,3.6097351582276005e-06,13.238093097228557,3
adult_edu_income_welch,0.001,0.12512218963831867,9,31,1,8,3.377844938382178e-07,3.174537474903705e-05,6.882700588769445e-08,3.596599515209853e-06,17.62339063314721,4
adult_edu_income_welch,0.001,0.12512218963831867,9,31,1,9,3.37741444453455e-07,3.1938809461951045e-05,6.915887545099519e-08,3.55785142902576e-06,17.69580392120406,4
adult_edu_income_welch,0.001,0.12512218963831867,9,31,1,10,3.377372094381557e-07,3.1523309972580904e-05,6.906374875188838e-08,3.602894587784178e-06,17.763765277341008,4
adult_edu_income_welch,0.001,0.12512218963831867,9,31,1,11,3.3777209174212035e-07,3.173833810432569e-05,6.88303357457275e-08,3.5930312590748414e-06,22.10938501637429,5
adult_edu_income_welch,0.001,0.12512218963831867,9,31,1,12,3.3773803672108304e-07,3.192902421800259e-05,6.915789097105852e-08,3.5440611496628804e-06,22.184679239522666,5
adult_edu_income_welch,0.001,0.12512218963831867,9,31,1,13,3.3772804142947083e-07,3.152363795677626e-05,6.905914320144691e-08,3.602595193497038e-06,22.251587071921676,5
adult_edu_income_welch,0.001,0.12512218963831867,9,31,1,14,3.377724728480236e-07,3.1738157644678466e-05,6.881369305981714e-08,3.5924860132263703e-06,27.01540689356625,6
adult_edu_income_welch,0.001,0.12512218963831867,9,31,1,15,3.377499062490435e-07,3.193419751790216e-05,6.91679005255231e-08,3.5393382555870545e-06,27.090762810315937,6
adult_edu_income_welch,0.001,0.12512218963831867,9,63,0,1,3.251417197947819e-07,3.2043996771813354e-05,6.39153831454321e-09,6.081853749506649e-07,3.361191486939788,1
adult_edu_income_welch,0.001,0.12512218963831867,9,63,0,2,3.250734546934194e-07,3.212312061684486e-05,4.513474708324613e-09,3.827912260501165e-07,7.949353661388159,2
adult_edu_income_welch,0.001,0.12512218963831867,9,63,0,3,3.251449472626761e-07,3.2046167880661613e-05,6.372447246922127e-09,6.00235274816896e-07,8.014679831452668,2
adult_edu_income_welch,0.001,0.12512218963831867,9,63,0,4,3.250763678161044e-07,3.21143308412708e-05,4.521624460973334e-09,3.8961938764181525e-07,12.534476842265576,3
adult_edu_income_welch,0.001,0.12512218963831867,9,63,0,5,3.2514651369066656e-07,3.20348199400744e-05,6.375338604228158e-09,6.01952694356811e-07,12.602216254454106,3
adult_edu_income_welch,0.001,0.12512218963831867,9,63,0,6,3.250849599968365e-07,3.212512000705381e-05,4.5222984511542204e-09,3.926623723948808e-07,16.998883412219584,4
adult_edu_income_welch,0.001,0.12512218963831867,9,63,0,7,3.2514839082403013e-07,3.2045009271675085e-05,6.380754991761143e-09,6.002585457576259e-07,17.064766440540552,4
adult_edu_income_welch,0.001,0.12512218963831867,9,63,0,8,3.250774720745771e-07,3.2129974623762436e-05,4.523260644302186e-09,3.9580294508567704e-07,21.227603629231453,5
adult_edu_income_welch,0.001,0.12512218963831867,9,63,0,9,3.2514620883513677e-07,3.204992229788317e-05,6.376659197880223e-09,5.958620317159102e-07,21.29376052133739,5
adult_edu_income_welch,0.001,0.12512218963831867,9,63,0,10,3.2508930056805694e-07,3.2120518355327476e-05,4.525713658002419e-09,3.9423463160659367e-07,26.070368357002735,6
adult_edu_income_welch,0.001,0.12512218963831867,9,63,0,11,3.2514532872401133e-07,3.204611051721429e-05,6.380723375521162e-09,6.051998349132504e-07,26.135133535135537,6
adult_edu_income_welch,0.001,0.12512218963831867,9,63,0,12,3.2508314311226576e-07,3.2122864139116913e-05,4.519804908696066e-09,3.893709543678625e-07,30.529047640040517,7
adult_edu_income_welch,0.001,0.12512218963831867,9,63,0,13,3.251502423927332e-07,3.2042878407301245e-05,6.389265601085893e-09,5.999589940408612e-07,30.595024765934795,7
adult_edu_income_welch,0.001,0.12512218963831867,9,63,0,14,3.250837526249265e-07,3.212935340157763e-05,4.520441779358881e-09,3.8856237094542223e-07,34.73784074280411,8
adult_edu_income_welch,0.001,0.12512218963831867,9,63,0,15,3.251562042523233e-07,3.2043979537377254e-05,6.387949026642433e-09,6.00503429648569e-07,34.804663243703544,8
adult_edu_income_welch,0.001,0.12512218963831867,9,63,1,1,3.428322715035367e-07,4.601772356294109e-05,6.942998423613929e-08,4.329792806179178e-06,3.171527503989637,1
adult_edu_income_welch,0.001,0.12512218963831867,9,63,1,2,3.426159569741478e-07,4.624986610113346e-05,6.899278066746552e-08,4.09689809699465e-06,7.970200750045478,2
adult_edu_income_welch,0.001,0.12512218963831867,9,63,1,3,3.4273259713959325e-07,4.6332456732578464e-05,6.934016926418856e-08,4.154580527160334e-06,8.042397166136652,2
adult_edu_income_welch,0.001,0.12512218963831867,9,63,1,4,3.4263817243486745e-07,4.6231240780958416e-05,6.932674544819165e-08,4.142662282102805e-06,8.110317689366639,2
adult_edu_income_welch,0.001,0.12512218963831867,9,63,1,5,3.426235012005845e-07,4.62515316168588e-05,6.89911347306336e-08,4.081328862093336e-06,13.055635052267462,3
adult_edu_income_welch,0.001,0.12512218963831867,9,63,1,6,3.4274312960339343e-07,4.6327070924889746e-05,6.933968716609298e-08,4.157621214195828e-06,13.128562851343304,3
adult_edu_income_welch,0.001,0.12512218963831867,9,63,1,7,3.426389871177833e-07,4.6230462779406345e-05,6.932502786508805e-08,4.140231718241516e-06,13.199968010187149,3
adult_edu_income_welch,0.001,0.12512218963831867,9,63,1,8,3.426331442433575e-07,4.624679374543028e-05,6.899022561002223e-08,4.108296999150163e-06,17.83326699445024,4
adult_edu_income_welch,0.001,0.12512218963831867,9,63,1,9,3.4274250091976483e-07,4.633170689882782e-05,6.933443636418382e-08,4.137220333211289e-06,17.909830001182854,4
adult_edu_income_welch,0.001,0.12512218963831867,9,63,1,10,3.426276207888305e-07,4.622337329884818e-05,6.932563227442272e-08,4.138235858097694e-06,17.9801436685957,4
adult_edu_income_welch,0.001,0.12512218963831867,9,63,1,11,3.426310250098816e-07,4.62596288896e-05,6.898890308504018e-08,4.108486629350594e-06,22.56206175358966,5
adult_edu_income_welch,0.001,0.12512218963831867,9,63,1,12,3.4272290427593473e-07,4.633259153263847e-05,6.933198263526252e-08,4.1561412560398026e-06,22.637860686518252,5
adult_edu_income_welch,0.001,0.12512218963831867,9,63,1,13,3.4264251121574824e-07,4.623432811468042e-05,6.933019511364796e-08,4.1398915163748384e-06,22.70794728724286,5
adult_edu_income_welch,0.001,0.12512218963831867,9,63,1,14,3.4262245511290583e-07,4.625404343405748e-05,6.899319238147015e-08,4.093898971602172e-06,27.551551821175963,6
adult_edu_income_welch,0.001,0.12512218963831867,9,63,1,15,3.4273297386794554e-07,4.634082838372855e-05,6.933266254542783e-08,4.156227971785498e-06,27.624473392497748,6
adult_edu_income_welch,0.001,0.12512218963831867,9,127,0,1,3.3190400855140774e-07,3.625962029363272e-05,4.562788408288553e-09,4.4552456668345286e-07,6.279671533033252,2
adult_edu_income_welch,0.001,0.12512218963831867,9,127,0,2,3.3192276672049803e-07,3.6307357365261694e-05,6.470106362491606e-09,7.929349373769767e-07,6.347659802995622,2
adult_edu_income_welch,0.001,0.12512218963831867,9,127,0,3,3.318952397908454e-07,3.626254213839886e-05,4.551801238252467e-09,4.409249151349215e-07,11.10195348598063,3
adult_edu_income_welch,0.001,0.12512218963831867,9,127,0,4,3.3190521852787287e-07,3.6299307481835186e-05,6.478704170341396e-09,8.034692817737721e-07,11.168882778845727,3
adult_edu_income_welch,0.001,0.12512218963831867,9,127,0,5,3.3189316533076195e-07,3.626375797005643e-05,4.557373783753004e-09,4.377608823213919e-07,15.83922908687964,4
adult_edu_income_welch,0.001,0.12512218963831867,9,127,0,6,3.3189903376529124e-07,3.630377337771051e-05,6.474077415026395e-09,8.122330558135715e-07,15.905999845825136,4
adult_edu_income_welch,0.001,0.12512218963831867,9,127,0,7,3.3188952633556954e-07,3.6269302733593634e-05,4.560381759152526e-09,4.5233961609714157e-07,20.615604285616428,5
adult_edu_income_welch,0.001,0.12512218963831867,9,127,0,8,3.3191076636221716e-07,3.630620742200996e-05,6.473000057161338e-09,7.937688442094526e-07,20.68549915868789,5
adult_edu_income_welch,0.001,0.12512218963831867,9,127,0,9,3.3189229283213845e-07,3.625983244925912e-05,4.548688895969564e-09,4.3306524666331114e-07,25.450929649639875,6
adult_edu_income_welch,0.001,0.12512218963831867,9,127,0,10,3.319132756690088e-07,3.630240196250689e-05,6.4786450879366286e-09,7.964848469654839e-07,25.517242106609046,6
adult_edu_income_welch,0.001,0.12512218963831867,9,127,0,11,3.3188741256236955e-07,3.6267213574747714e-05,4.559418712229231e-09,4.3896939494469933e-07,30.31797306565568,7
adult_edu_income_welch,0.001,0.12512218963831867,9,127,0,12,3.319227451959509e-07,3.630243093333263e-05,6.476802850300994e-09,8.056863818328708e-07,30.385908463504165,7
adult_edu_income_welch,0.001,0.12512218963831867,9,127,0,13,3.318949497385648e-07,3.6259732891341656e-05,4.551489266432969e-09,4.461014794232554e-07,35.329194685444236,8
adult_edu_income_welch,0.001,0.12512218963831867,9,127,0,14,3.3191398310363846e-07,3.630322700831634e-05,6.490551946472062e-09,8.104536303177312e-07,35.39859886933118,8
adult_edu_income_welch,0.001,0.12512218963831867,9,127,0,15,3.3189384714562314e-07,3.6270618035905144e-05,4.561284618174473e-09,4.377450907311342e-07,40.34408277831972,9
adult_edu_income_welch,0.001,0.12512218963831867,9,127,1,1,3.459754445443017e-07,5.6641309501559434e-05,6.903434022432074e-08,3.884133452314309e-06,6.315495058428496,2
adult_edu_income_welch,0.001,0.12512218963831867,9,127,1,2,3.459336281495436e-07,5.65873774081016e-05,6.931656208516499e-08,3.94687686466888e-06,6.3893389706499875,2
adult_edu_income_welch,0.001,0.12512218963831867,9,127,1,3,3.4586870847976193e-07,5.654667768628663e-05,6.901091540988135e-08,3.743395810440475e-06,6.457736938726157,2
adult_edu_income_welch,0.001,0.12512218963831867,9,127,1,4,3.459299806160931e-07,5.665421905542978e-05,6.889285106907289e-08,3.872735194865307e-06,11.01009558653459,3
adult_edu_income_welch,0.001,0.12512218963831867,9,127,1,5,3.459289851986368e-07,5.6596368900541094e-05,6.932613538914722e-08,3.955387559373413e-06,11.082745588384569,3
adult_edu_income_welch,0.001,0.12512218963831867,9,127,1,6,3.458728719524461e-07,5.654458989590161e-05,6.901524759291759e-08,3.7471441211023304e-06,11.151905785314739,3
adult_edu_income_welch,0.001,0.12512218963831867,9,127,1,7,3.459350863194525e-07,5.6657394611470124e-05,6.890766527873615e-08,3.872709727681389e-06,15.362655675504357,4
adult_edu_income_welch,0.001,0.12512218963831867,9,127,1,8,3.4592659943401627e-07,5.6587592873524883e-05,6.932496694180625e-08,3.962068049978562e-06,15.43549776636064,4
adult_edu_income_welch,0.001,0.12512218963831867,9,127,1,9,3.458716605617273e-07,5.653452002474246e-05,6.900628455884018e-08,3.7486815636089688e-06,15.504906300455332,4
adult_edu_income_welch,0.001,0.12512218963831867,9,127,1,10,3.4593493037773923e-07,5.666470699705606e-05,6.889983521236791e-08,3.875320892965384e-06,20.076003527268767,5
adult_edu_income_welch,0.001,0.12512218963831867,9,127,1,11,3.459253543709765e-07,5.6589611330926104e-05,6.931900093169708e-08,3.9573815472371265e-06,20.1492592333816,5
adult_edu_income_welch,0.001,0.12512218963831867,9,127,1,12,3.4586692894744684e-07,5.654870026061687e-05,6.900325877119158e-08,3.742504750881004e-06,20.21839270601049,5
adult_edu_income_welch,0.001,0.12512218963831867,9,127,1,13,3.459297897734477e-07,5.66494063733991e-05,6.890540965599475e-08,3.873676227894585e-06,24.40270997909829,6
adult_edu_income_welch,0.001,0.12512218963831867,9,127,1,14,3.4592733471589424e-07,5.659316604456066e-05,6.93292961758363e-08,3.9592739676796995e-06,24.478679798077792,6
adult_edu_income_welch,0.001,0.12512218963831867,9,127,1,15,3.458629520783097e-07,5.653956530782267e-05,6.901195862465468e-08,3.741229144815783e-06,24.54890463547781,6
adult_edu_income_welch,0.001,0.12512218963831867,9,255,0,1,3.286106726314549e-07,2.6379177492596995e-05,4.591907953859365e-09,3.7815810771668623e-07,5.807015036698431,2
adult_edu_income_welch,0.001,0.12512218963831867,9,255,0,2,3.2879210801280194e-07,2.6491628919877996e-05,6.43845658796814e-09,8.485375313505017e-07,5.876619395799935,2
adult_edu_income_welch,0.001,0.12512218963831867,9,255,0,3,3.2861115207668054e-07,2.6385013371488242e-05,4.598539443802723e-09,3.473538264797682e-07,10.290928343776613,3
adult_edu_income_welch,0.001,0.12512218963831867,9,255,0,4,3.2880410311027637e-07,2.649320017811263e-05,6.438769324407668e-09,8.498400714262999e-07,10.358862586785108,3
adult_edu_income_welch,0.001,0.12512218963831867,9,255,0,5,3.2860385434191027e-07,2.638946328192837e-05,4.587565680631232e-09,3.5021140032398534e-07,14.597152104601264,4
adult_edu_income_welch,0.001,0.12512218963831867,9,255,0,6,3.2879784148770827e-07,2.6488903129173735e-05,6.4390066189226245e-09,8.428072975075196e-07,14.667885581962764,4
adult_edu_income_welch,0.001,0.12512218963831867,9,255,0,7,3.286162299910133e-07,2.6388403048471787e-05,4.590689623145544e-09,3.5392369657216705e-07,19.234448238275945,5
adult_edu_income_welch,0.001,0.12512218963831867,9,255,0,8,3.2879476575661186e-07,2.648899638968416e-05,6.431267085610972e-09,8.632892358750865e-07,19.301917211618274,5
adult_edu_income_welch,0.001,0.12512218963831867,9,255,0,9,3.2859590457787053e-07,2.6379048757574353e-05,4.58841850009423e-09,3.553044207738054e-07,23.65854375483468,6
adult_edu_income_welch,0.001,0.12512218963831867,9,255,0,10,3.288077153298222e-07,2.6492685259338344e-05,6.4426307383767334e-09,8.60096992960635e-07,23.72945450991392,6
adult_edu_income_welch,0.001,0.12512218963831867,9,255,0,11,3.2861640135602765e-07,2.6379992689617993e-05,4.583908827629534e-09,3.6477177089988544e-07,28.015664744656533,7
adult_edu_income_welch,0.001,0.12512218963831867,9,255,0,12,3.287989568834479e-07,2.648858776699292e-05,6.435683290334526e-09,8.446951949014903e-07,28.081664382480085,7
adult_edu_income_welch,0.001,0.12512218963831867,9,255,0,13,3.285965680314291e-07,2.638405053856374e-05,4.596590243046409e-09,3.652446868285253e-07,32.42694467259571,8
adult_edu_income_welch,0.001,0.12512218963831867,9,255,0,14,3.287958919116215e-07,2.6494353827066774e-05,6.441458035440591e-09,8.358712499934029e-07,32.49219127045944,8
adult_edu_income_welch,0.001,0.12512218963831867,9,255,0,15,3.285999210436499e-07,2.6381792401553028e-05,4.593641181393842e-09,3.660967426988293e-07,36.92453670455143,9
adult_edu_income_welch,0.001,0.12512218963831867,9,255,1,1,3.4147485860137994e-07,4.530178806883001e-05,6.89694569398388e-08,3.7088782690597455e-06,6.6701777102425694,2
adult_edu_income_welch,0.001,0.12512218963831867,9,255,1,2,3.4148480310024134e-07,4.530673097380422e-05,6.91073261048233e-08,3.8086026816763763e-06,6.745191727299243,2
adult_edu_income_welch,0.001,0.12512218963831867,9,255,1,3,3.4143446421125965e-07,4.497117599777667e-05,6.92351516317674e-08,3.7497049418799833e-06,6.814354096073657,2
adult_edu_income_welch,0.001,0.12512218963831867,9,255,1,4,3.4142390761094393e-07,4.530786480150262e-05,6.885771545364408e-08,3.68943354089879e-06,11.36490720603615,3
adult_edu_income_welch,0.001,0.12512218963831867,9,255,1,5,3.414900904624269e-07,4.5312323102342233e-05,6.911132477589732e-08,3.820032726475908e-06,11.439851531293243,3
adult_edu_income_welch,0.001,0.12512218963831867,9,255,1,6,3.4142904876775166e-07,4.498077500447728e-05,6.922554872781903e-08,3.7334904724461992e-06,11.509397882968187,3
adult_edu_income_welch,0.001,0.12512218963831867,9,255,1,7,3.4142142120442326e-07,4.531139511287918e-05,6.884644464175748e-08,3.693984915287274e-06,15.866512767970562,4
adult_edu_income_welch,0.001,0.12512218963831867,9,255,1,8,3.414872572232498e-07,4.531308432098591e-05,6.910278651413507e-08,3.80757172813162e-06,15.948400321882218,4
adult_edu_income_welch,0.001,0.12512218963831867,9,255,1,9,3.414179198125995e-07,4.4978503231041245e-05,6.921518715183854e-08,3.7412121544067034e-06,16.019167928025126,4
adult_edu_income_welch,0.001,0.12512218963831867,9,255,1,10,3.4143161686716114e-07,4.531861586976049e-05,6.884737407485928e-08,3.6909102373305913e-06,20.81086901994422,5
adult_edu_income_welch,0.001,0.12512218963831867,9,255,1,11,3.414815403836572e-07,4.53118412817588e-05,6.910254360939226e-08,3.833399141006666e-06,20.88711623288691,5
adult_edu_income_welch,0.001,0.12512218963831867,9,255,1,12,3.4143826118342627e-07,4.498058604784916e-05,6.922367075537107e-08,3.724465699184165e-06,20.958859810605645,5
adult_edu_income_welch,0.001,0.12512218963831867,9,255,1,13,3.414300200233085e-07,4.53165002622935e-05,6.885025397239568e-08,3.6927572777400997e-06,25.780372503679246,6
adult_edu_income_welch,0.001,0.12512218963831867,9,255,1,14,3.414773665579062e-07,4.53038818690743e-05,6.910073370085615e-08,3.826603649281779e-06,25.85663886507973,6
adult_edu_income_welch,0.001,0.12512218963831867,9,255,1,15,3.414294184084033e-07,4.497846947115747e-05,6.92129303215263e-08,3.7369547095655875e-06,25.925553580280393,6
adult_edu_income_welch,0.001,0.12512218963831867,9,511,0,1,3.332000219291668e-07,4.084781963564765e-05,4.544000389394669e-09,4.461123761512198e-07,6.979764521121979,2
adult_edu_income_welch,0.001,0.12512218963831867,9,511,0,2,3.33334356824249e-07,4.0743900680206835e-05,6.457439316219575e-09,7.760532144684973e-07,7.047655554953963,2
adult_edu_income_welch,0.001,0.12512218963831867,9,511,0,3,3.3320921804379396e-07,4.0859752744815125e-05,4.546768608682905e-09,4.405646061300672e-07,11.918412421829998,3
adult_edu_income_welch,0.001,0.12512218963831867,9,511,0,4,3.33325035662202e-07,4.074925151176245e-05,6.462535146007308e-09,7.906049536154924e-07,11.98680181754753,3
adult_edu_income_welch,0.001,0.12512218963831867,9,511,0,5,3.332045543141017e-07,4.0857408587280375e-05,4.554472614549449e-09,4.4475319982417716e-07,17.08550912514329,4
adult_edu_income_welch,0.001,0.12512218963831867,9,511,0,6,3.3331931997519765e-07,4.0748379029231785e-05,6.454993011348933e-09,7.700612656424966e-07,17.151715917978436,4
adult_edu_income_welch,0.001,0.12512218963831867,9,511,0,7,3.332012726334968e-07,4.086209783760175e-05,4.54679735691676e-09,4.337349530647572e-07,21.815140103921294,5
adult_edu_income_welch,0.001,0.12512218963831867,9,511,0,8,3.3333344859578015e-07,4.07478850386056e-05,6.450740084274159e-09,7.861237615314209e-07,21.88267335901037,5
adult_edu_income_welch,0.001,0.12512218963831867,9,511,0,9,3.332021239908793e-07,4.0863261319357136e-05,4.53893609803847e-09,4.521910441646071e-07,26.6956366780214,6
adult_edu_income_welch,0.001,0.12512218963831867,9,511,0,10,3.333305997137036e-07,4.07498069345813e-05,6.459619610748885e-09,7.811236504284835e-07,26.762363941874355,6
adult_edu_income_welch,0.001,0.12512218963831867,9,511,0,11,3.332024193713359e-07,4.086933182434471e-05,4.5565060216767514e-09,4.364961128100475e-07,31.57296235160902,7
adult_edu_income_welch,0.001,0.12512218963831867,9,511,0,12,3.333290901871165e-07,4.0746883485542895e-05,6.454650402669605e-09,7.838097452195214e-07,31.641778788529336,7
adult_edu_income_welch,0.001,0.12512218963831867,9,511,0,13,3.3320202297848354e-07,4.0861171821449105e-05,4.55912853896526e-09,4.562507431860041e-07,36.58719172375277,8
adult_edu_income_welch,0.001,0.12512218963831867,9,511,0,14,3.333242464076557e-07,4.075438744122195e-05,6.462757153027687e-09,7.838076729882459e-07,36.654991201125085,8
adult_edu_income_welch,0.001,0.12512218963831867,9,511,0,15,3.332013890330829e-07,4.0867026385837946e-05,4.550342222513432e-09,4.505538762078487e-07,41.43175188917667,9
adult_edu_income_welch,0.001,0.12512218963831867,9,511,1,1,3.429846573295065e-07,4.40202529999878e-05,6.87808238714009e-08,3.5270020977140604e-06,6.921122869942337,2
adult_edu_income_welch,0.001,0.12512218963831867,9,511,1,2,3.4302688835796127e-07,4.38684701048464e-05,6.907116987122402e-08,3.66933922046897e-06,6.995585890952498,2
adult_edu_income_welch,0.001,0.12512218963831867,9,511,1,3,3.4303363895174844e-07,4.4300342027403516e-05,6.891853895106003e-08,3.5659499653117877e-06,7.064593734685332,2
adult_edu_income_welch,0.001,0.12512218963831867,9,511,1,4,3.4294771184425435e-07,4.4013431720002494e-05,6.86694251510711e-08,3.4941060143012237e-06,11.966579452622682,3
adult_edu_income_welch,0.001,0.12512218963831867,9,511,1,5,3.4302754155892464e-07,4.3865860768876885e-05,6.908649625225407e-08,3.6534526053344507e-06,12.04186981357634,3
adult_edu_income_welch,0.001,0.12512218963831867,9,511,1,6,3.4303349075095747e-07,4.4302908745685876e-05,6.891287700465392e-08,3.5532457275389007e-06,12.11012526229024,3
adult_edu_income_welch,0.001,0.12512218963831867,9,511,1,7,3.429443087644853e-07,4.400022022743588e-05,6.865877039475125e-08,3.516764725430832e-06,16.988928199280053,4
adult_edu_income_welch,0.001,0.12512218963831867,9,511,1,8,3.4303171524040563e-07,4.386016365975909e-05,6.90685344204607e-08,3.6721980831710965e-06,17.064100516494364,4
adult_edu_income_welch,0.001,0.12512218963831867,9,511,1,9,3.430349150975465e-07,4.429543023865001e-05,6.892003712597925e-08,3.55785436700895e-06,17.133120321668684,4
adult_edu_income_welch,0.001,0.12512218963831867,9,511,1,10,3.4294378756109776e-07,4.4002756022121225e-05,6.865733956568017e-08,3.5046406572369904e-06,22.010337909683585,5
adult_edu_income_welch,0.001,0.12512218963831867,9,511,1,11,3.4303581825845776e-07,4.386613835305475e-05,6.907808775550567e-08,3.6771355768072667e-06,22.084729467518628,5
adult_edu_income_welch,0.001,0.12512218963831867,9,511,1,12,3.430297622503458e-07,4.429213620116279e-05,6.892213000991019e-08,3.5609995665542016e-06,22.155679690651596,5
adult_edu_income_welch,0.001,0.12512218963831867,9,511,1,13,3.429454300349473e-07,4.400379122426745e-05,6.866629521548698e-08,3.5052988949235697e-06,27.129162449389696,6
adult_edu_income_welch,0.001,0.12512218963831867,9,511,1,14,3.430294380719785e-07,4.386833870906326e-05,6.90693397478536e-08,3.677797091539148e-06,27.204996533691883,6
adult_edu_income_welch,0.001,0.12512218963831867,9,511,1,15,3.4302774395928714e-07,4.429710056097491e-05,6.892182852388424e-08,3.557263155484769e-06,27.27239002333954,6
adult_edu_income_welch,0.001,0.12512218963831867,8,15,0,1,9.067333080534993e-05,0.0030755734123706358,9.067459479932354e-05,0.003077313141077842,2.320097262971103,1
adult_edu_income_welch,0.001,0.12512218963831867,8,15,0,2,3.5195109705476505e-07,3.2980254794257036e-05,6.831438142857772e-08,1.442347313618253e-05,6.717154173646122,2
adult_edu_income_welch,0.001,0.12512218963831867,8,15,0,3,3.3428224293447563e-07,2.997827614836801e-05,4.589744943684477e-09,7.086847637616245e-07,11.07608630368486,3
adult_edu_income_welch,0.001,0.12512218963831867,8,15,0,4,3.3427946334337367e-07,2.9976214698246295e-05,4.587653479248621e-09,7.044492620345011e-07,15.350436794571579,4
adult_edu_income_welch,0.001,0.12512218963831867,8,15,0,5,3.342850992736405e-07,2.9978687397180792e-05,4.5897765473273836e-09,7.135467203767121e-07,19.66996610024944,5
adult_edu_income_welch,0.001,0.12512218963831867,8,15,0,6,3.3428742340036805e-07,2.9971352795477024e-05,4.594830601931273e-09,7.144477938147986e-07,23.85801232792437,6
adult_edu_income_welch,0.001,0.12512218963831867,8,15,0,7,3.3429125238581625e-07,2.9977975759210018e-05,4.587619893301284e-09,7.044653443921689e-07,28.23780912673101,7
adult_edu_income_welch,0.001,0.12512218963831867,8,15,0,8,3.342753973993912e-07,2.998121626496264e-05,4.589834315709611e-09,7.040337156594134e-07,32.41901192581281,8
adult_edu_income_welch,0.001,0.12512218963831867,8,15,0,9,3.3427341478303605e-07,2.997470456522766e-05,4.59433465936339e-09,7.118249167881174e-07,36.77132390998304,9
adult_edu_income_welch,0.001,0.12512218963831867,8,15,0,10,3.342669199096171e-07,2.9975092765477385e-05,4.594431859839817e-09,7.072670927810165e-07,40.984864233992994,10
adult_edu_income_welch,0.001,0.12512218963831867,8,15,0,11,3.342827413498139e-07,2.997570897489421e-05,4.596797022755596e-09,7.152659184939125e-07,45.25220975698903,11
adult_edu_income_welch,0.001,0.12512218963831867,8,15,0,12,3.3427330624144575e-07,2.99673636693365e-05,4.596563946810306e-09,7.23199970908972e-07,49.57904236204922,12
adult_edu_income_welch,0.001,0.12512218963831867,8,15,0,13,3.3428004417070123e-07,2.9982300305042564e-05,4.583220352904035e-09,6.934872137653869e-07,53.90577090997249,13
adult_edu_income_welch,0.001,0.12512218963831867,8,15,0,14,3.3428028751956374e-07,2.997170597196508e-05,4.591784802231445e-09,6.977972885069406e-07,58.191046512220055,14
adult_edu_income_welch,0.001,0.12512218963831867,8,15,0,15,3.3427694181982923e-07,2.9979180729777788e-05,4.586513391651538e-09,7.042055961692384e-07,62.30106367031112,15
adult_edu_income_welch,0.001,0.12512218963831867,8,15,1,1,9.07864961871262e-05,0.0030579831679955483,9.07688360389723e-05,0.003068448629801046,2.482129255309701,1
adult_edu_income_welch,0.001,0.12512218963831867,8,15,1,2,3.7397128100559004e-07,5.55136595453698e-05,1.3447140215124405e-07,1.692145133302958e-05,2.5499029541388154,1
adult_edu_income_welch,0.001,0.12512218963831867,8,15,1,3,3.439170643200991e-07,4.617545534635337e-05,6.88601478597171e-08,3.568217404104068e-06,7.5094399764202535,2
adult_edu_income_welch,0.001,0.12512218963831867,8,15,1,4,3.439391454979311e-07,4.6115321667872244e-05,6.925928958656898e-08,3.6537395433633435e-06,7.5853056674823165,2
adult_edu_income_welch,0.001,0.12512218963831867,8,15,1,5,3.440090299637262e-07,4.6159570440518216e-05,6.914581654456433e-08,3.7003332755691787e-06,7.658002999611199,2
adult_edu_income_welch,0.001,0.12512218963831867,8,15,1,6,3.4392357556810825e-07,4.6175733564246535e-05,6.885911321847575e-08,3.5650174682322344e-06,12.13848538743332,3
adult_edu_income_welch,0.001,0.12512218963831867,8,15,1,7,3.439402106497024e-07,4.611542867360985e-05,6.926255500702119e-08,3.650348895378741e-06,12.214662955608219,3
adult_edu_income_welch,0.001,0.12512218963831867,8,15,1,8,3.4401811908169356e-07,4.616108130939267e-05,6.91421227594523e-08,3.6966359472367927e-06,12.285197607707232,3
adult_edu_income_welch,0.001,0.12512218963831867,8,15,1,9,3.4392598279048907e-07,4.617330209033543e-05,6.88683664105807e-08,3.5668029009228164e-06,16.480238479562104,4
adult_edu_income_welch,0.001,0.12512218963831867,8,15,1,10,3.439398676913238e-07,4.611297042211859e-05,6.926077061128008e-08,3.6571387521666665e-06,16.556757281534374,4
adult_edu_income_welch,0.001,0.12512218963831867,8,15,1,11,3.440283842987689e-07,4.615898132098728e-05,6.915249187787833e-08,3.6961276783653574e-06,16.627503861673176,4
adult_edu_income_welch,0.001,0.12512218963831867,8,15,1,12,3.4391966946337307e-07,4.6174811391686e-05,6.885755676419998e-08,3.565515706460687e-06,21.698787422850728,5
adult_edu_income_welch,0.001,0.12512218963831867,8,15,1,13,3.4393533391081406e-07,4.611214475613856e-05,6.926430880360899e-08,3.6524462478926267e-06,21.773028819821775,5
adult_edu_income_welch,0.001,0.12512218963831867,8,15,1,14,3.440213102804535e-07,4.615893490411693e-05,6.91523837247509e-08,3.7009007270993877e-06,21.84426609100774,5
adult_edu_income_welch,0.001,0.12512218963831867,8,15,1,15,3.439274319659516e-07,4.6176133328135194e-05,6.885570924214601e-08,3.5638092910073027e-06,26.81010823789984,6
adult_edu_income_welch,0.001,0.12512218963831867,8,31,0,1,3.7247573867594765e-07,3.199129269992884e-05,1.4237417336682024e-07,5.666273209081751e-06,2.7996715349145234,1
adult_edu_income_welch,0.001,0.12512218963831867,8,31,0,2,3.349966909327525e-07,2.9118210745915363e-05,4.5507573550380065e-09,5.679036243488866e-07,7.539626709185541,2
adult_edu_income_welch,0.001,0.12512218963831867,8,31,0,3,3.349957334280776e-07,2.91241430352418e-05,4.547953998475143e-09,5.635053252905919e-07,12.213104616384953,3
adult_edu_income_welch,0.001,0.12512218963831867,8,31,0,4,3.3500051618459467e-07,2.9121252687613897e-05,4.5533371342491695e-09,5.836426686389729e-07,16.84986838698387,4
adult_edu_income_welch,0.001,0.12512218963831867,8,31,0,5,3.349965009576078e-07,2.912110292074832e-05,4.556640841007337e-09,5.733578538613671e-07,21.28879091097042,5
adult_edu_income_welch,0.001,0.12512218963831867,8,31,0,6,3.3499628162419947e-07,2.912018735257149e-05,4.563629678823233e-09,5.843358488188954e-07,26.212257543578744,6
adult_edu_income_welch,0.001,0.12512218963831867,8,31,0,7,3.349960749939103e-07,2.9122152076732633e-05,4.549904911207016e-09,5.67595771938656e-07,31.070389318745583,7
adult_edu_income_welch,0.001,0.12512218963831867,8,31,0,8,3.350013313384473e-07,2.9127209335566562e-05,4.5451766450173845e-09,5.642320548560065e-07,35.80798209179193,8
adult_edu_income_welch,0.001,0.12512218963831867,8,31,0,9,3.3500028383845975e-07,2.912657706899413e-05,4.54286513977873e-09,5.635408262261166e-07,40.26250123884529,9
adult_edu_income_welch,0.001,0.12512218963831867,8,31,0,10,3.349952891001535e-07,2.9125328515955395e-05,4.5426445348519884e-09,5.724803224804731e-07,44.88249929761514,10
adult_edu_income_welch,0.001,0.12512218963831867,8,31,0,11,3.35007432168707e-07,2.9125444815147894e-05,4.546346745343152e-09,5.707321693027012e-07,49.55311638163403,11
adult_edu_income_welch,0.001,0.12512218963831867,8,31,0,12,3.349923748187851e-07,2.9120063018250875e-05,4.546711266385355e-09,5.864675634015271e-07,54.227300450671464,12
adult_edu_income_welch,0.001,0.12512218963831867,8,31,0,13,3.349896555583163e-07,2.9125593758339008e-05,4.546030950511597e-09,5.714069815088152e-07,59.38478465285152,13
adult_edu_income_welch,0.001,0.12512218963831867,8,31,0,14,3.3500092612596263e-07,2.912773489971432e-05,4.546336433353988e-09,5.762121313424018e-07,64.40320337703452,14
adult_edu_income_welch,0.001,0.12512218963831867,8,31,0,15,3.3500024127188963e-07,2.9124962195203885e-05,4.549944005440102e-09,5.625741836823295e-07,69.37422450585291,15
adult_edu_income_welch,0.001,0.12512218963831867,8,31,1,1,3.9023795166139065e-07,3.8373654346668395e-05,2.038517735078269e-07,9.279442312104536e-06,2.916138876695186,1
adult_edu_income_welch,0.001,0.12512218963831867,8,31,1,2,3.403322737798408e-07,3.552948509621956e-05,6.901457816500863e-08,7.106012635871295e-06,7.203240577597171,2
adult_edu_income_welch,0.001,0.12512218963831867,8,31,1,3,3.403205706735223e-07,3.542900854391906e-05,6.942302920675918e-08,6.845364514451724e-06,7.2791948188096285,2
adult_edu_income_welch,0.001,0.12512218963831867,8,31,1,4,3.4033489932329343e-07,3.5560620983754454e-05,6.937069558274239e-08,7.2933195695013e-06,7.347561727743596,2
adult_edu_income_welch,0.001,0.12512218963831867,8,31,1,5,3.4032964121311285e-07,3.552598048683908e-05,6.900017913582894e-08,7.107671396888726e-06,11.579193587880582,3
adult_edu_income_welch,0.001,0.12512218963831867,8,31,1,6,3.4032486054657503e-07,3.543290458840609e-05,6.942074964522344e-08,6.838241391360356e-06,11.655452130828053,3
adult_edu_income_welch,0.001,0.12512218963831867,8,31,1,7,3.403249123097071e-07,3.5559886978231425e-05,6.937049426163539e-08,7.29241743702147e-06,11.725709706544876,3
adult_edu_income_welch,0.001,0.12512218963831867,8,31,1,8,3.403428743457269e-07,3.552635052694875e-05,6.901048805385142e-08,7.110755780304068e-06,16.18450961029157,4
adult_edu_income_welch,0.001,0.12512218963831867,8,31,1,9,3.4032064247761993e-07,3.543399049066309e-05,6.94150650782841e-08,6.840787241446655e-06,16.260319945402443,4
adult_edu_income_welch,0.001,0.12512218963831867,8,31,1,10,3.403426505569829e-07,3.55625929071568e-05,6.93745661628751e-08,7.292453329976745e-06,16.330202631186694,4
adult_edu_income_welch,0.001,0.12512218963831867,8,31,1,11,3.4032918955791673e-07,3.5529274998391536e-05,6.901336759322841e-08,7.11061893265974e-06,20.837481886148453,5
adult_edu_income_welch,0.001,0.12512218963831867,8,31,1,12,3.4032682229820816e-07,3.5433028838349756e-05,6.94224564218807e-08,6.8348303924326e-06,20.911025664303452,5
adult_edu_income_welch,0.001,0.12512218963831867,8,31,1,13,3.4033345114688256e-07,3.556437491236686e-05,6.937288333457348e-08,7.293896818083567e-06,20.981701734941453,5
adult_edu_income_welch,0.001,0.12512218963831867,8,31,1,14,3.4033788511276554e-07,3.552846529897291e-05,6.899686852012118e-08,7.090036233226016e-06,25.561521219089627,6
adult_edu_income_welch,0.001,0.12512218963831867,8,31,1,15,3.4033294644886375e-07,3.5429682219589864e-05,6.942121265473021e-08,6.8339781167381375e-06,25.685262554325163,6
adult_edu_income_welch,0.001,0.12512218963831867,8,63,0,1,3.36096868755728e-07,4.544564422981345e-05,6.549959683251847e-09,7.119611078465482e-07,3.354705836623907,1
adult_edu_income_welch,0.001,0.12512218963831867,8,63,0,2,3.359742353760806e-07,4.546352763634687e-05,4.5795856395885255e-09,4.1332374478564304e-07,8.381137041375041,2
adult_edu_income_welch,0.001,0.12512218963831867,8,63,0,3,3.35984557144528e-07,4.5462321455636e-05,4.575464846549995e-09,4.239518831550271e-07,13.222821443341672,3
adult_edu_income_welch,0.001,0.12512218963831867,8,63,0,4,3.35984606178835e-07,4.546141706152085e-05,4.574912227984395e-09,4.143959893010418e-07,18.02900449046865,4
adult_edu_income_welch,0.001,0.12512218963831867,8,63,0,5,3.359885218376309e-07,4.546081609246855e-05,4.565102250128579e-09,4.1175643672453077e-07,22.98593425611034,5
adult_edu_income_welch,0.001,0.12512218963831867,8,63,0,6,3.3597457985061425e-07,4.546205480537857e-05,4.56993051262678e-09,4.1997315203268215e-07,27.998508118093014,6
adult_edu_income_welch,0.001,0.12512218963831867,8,63,0,7,3.3597899765552535e-07,4.546226493817862e-05,4.565309487506607e-09,4.130285993220184e-07,32.69753339095041,7
adult_edu_income_welch,0.001,0.12512218963831867,8,63,0,8,3.359793634153566e-07,4.546090077628406e-05,4.56918544997805e-09,4.2738483552184903e-07,37.64884349191561,8
adult_edu_income_welch,0.001,0.12512218963831867,8,63,0,9,3.359734527717492e-07,4.54649404508789e-05,4.5717870077141055e-09,4.2511371600717496e-07,42.32935021817684,9
adult_edu_income_welch,0.001,0.12512218963831867,8,63,0,10,3.359670015995857e-07,4.546152209394805e-05,4.5662493806386e-09,4.326209501748224e-07,47.22925048600882,10
adult_edu_income_welch,0.001,0.12512218963831867,8,63,0,11,3.359774605019422e-07,4.5464482288704033e-05,4.569555985523384e-09,4.1690465013566325e-07,51.82877879310399,11
adult_edu_income_welch,0.001,0.12512218963831867,8,63,0,12,3.3597360516671865e-07,4.54601987653902e-05,4.571192595685691e-09,3.886097308392067e-07,56.08304236922413,12
adult_edu_income_welch,0.001,0.12512218963831867,8,63,0,13,3.3597782185371917e-07,4.546164755536708e-05,4.583266570274243e-09,4.1649281312672315e-07,60.913031176198274,13
adult_edu_income_welch,0.001,0.12512218963831867,8,63,0,14,3.3597654983944967e-07,4.5462602477286396e-05,4.5754421998536006e-09,4.419848351755462e-07,65.66258261352777,14
adult_edu_income_welch,0.001,0.12512218963831867,8,63,0,15,3.359811641147066e-07,4.546538596783556e-05,4.577667513089691e-09,4.3019890982876063e-07,70.31180326174945,15
adult_edu_income_welch,0.001,0.12512218963831867,8,63,1,1,3.43727083040815e-07,4.935068137679188e-05,6.89436363566862e-08,3.844770159133759e-06,3.6197816957719624,1
adult_edu_income_welch,0.001,0.12512218963831867,8,63,1,2,3.4368087824678906e-07,4.9294693828638714e-05,6.855617834112445e-08,3.6697999086232613e-06,8.519482105970383,2
adult_edu_income_welch,0.001,0.12512218963831867,8,63,1,3,3.436498841894894e-07,4.934177083915081e-05,6.890411949193355e-08,3.6636055206207274e-06,8.595799583010375,2
adult_edu_income_welch,0.001,0.12512218963831867,8,63,1,4,3.4373883727817573e-07,4.907546339327773e-05,6.896570272918524e-08,3.6776030108987e-06,8.6635636780411,2
adult_edu_income_welch,0.001,0.12512218963831867,8,63,1,5,3.4368848294663823e-07,4.9298435780054106e-05,6.855442809800588e-08,3.662804629267491e-06,13.016653336118907,3
adult_edu_income_welch,0.001,0.12512218963831867,8,63,1,6,3.436557316291653e-07,4.932944463764688e-05,6.891057076081463e-08,3.6628286849138547e-06,13.092546174302697,3
adult_edu_income_welch,0.001,0.12512218963831867,8,63,1,7,3.437301988643559e-07,4.9076939166559086e-05,6.897929074581224e-08,3.6831496263989294e-06,13.161751901265234,3
adult_edu_income_welch,0.001,0.12512218963831867,8,63,1,8,3.436873959986187e-07,4.9289810805541734e-05,6.855844609675562e-08,3.6453052579821232e-06,17.650018797256052,4
adult_edu_income_welch,0.001,0.12512218963831867,8,63,1,9,3.4364821158787057e-07,4.93320771119965e-05,6.889297666362514e-08,3.6592322496531438e-06,17.725157429929823,4
adult_edu_income_welch,0.001,0.12512218963831867,8,63,1,10,3.4374342485038356e-07,4.9057290908871565e-05,6.89679713060318e-08,3.6774133850281387e-06,17.797543049789965,4
adult_edu_income_welch,0.001,0.12512218963831867,8,63,1,11,3.436828458540931e-07,4.927513167629627e-05,6.855679316904908e-08,3.6490843011716123e-06,22.516756252851337,5
adult_edu_income_welch,0.001,0.12512218963831867,8,63,1,12,3.436513694455739e-07,4.9332399451595954e-05,6.889663674302954e-08,3.6522209954092943e-06,22.59154636412859,5
adult_edu_income_welch,0.001,0.12512218963831867,8,63,1,13,3.437441900333479e-07,4.906998487608227e-05,6.8968303344465e-08,3.6792814086528125e-06,22.66144358087331,5
adult_edu_income_welch,0.001,0.12512218963831867,8,63,1,14,3.4368905446705236e-07,4.928025943862213e-05,6.856791030609942e-08,3.6448770764918592e-06,27.56458885082975,6
adult_edu_income_welch,0.001,0.12512218963831867,8,63,1,15,3.436486864988577e-07,4.932976658489352e-05,6.888813119829097e-08,3.6642228506966745e-06,27.638895860873163,6
adult_edu_income_welch,0.001,0.12512218963831867,8,127,0,1,3.3716621686069663e-07,3.977415335953971e-05,4.456136536787477e-09,6.508597663046345e-07,6.214124774560332,2
adult_edu_income_welch,0.001,0.12512218963831867,8,127,0,2,3.371685316844613e-07,3.9792585948994486e-05,4.448371320254406e-09,6.604450476510593e-07,10.950147735420614,3
adult_edu_income_welch,0.001,0.12512218963831867,8,127,0,3,3.371752920108569e-07,3.98010472819621e-05,4.4392400515897606e-09,6.350171407598637e-07,15.656173472292721,4
adult_edu_income_welch,0.001,0.12512218963831867,8,127,0,4,3.3716685484016284e-07,3.978605590004847e-05,4.447288658258869e-09,6.416572633227702e-07,20.524075117893517,5
adult_edu_income_welch,0.001,0.12512218963831867,8,127,0,5,3.371714214183372e-07,3.979395498809879e-05,4.449888276652006e-09,6.264485021834076e-07,25.376980762928724,6
adult_edu_income_welch,0.001,0.12512218963831867,8,127,0,6,3.37168233575925e-07,3.980178011819824e-05,4.4449965134828835e-09,6.468614052179689e-07,29.989262948744,7
adult_edu_income_welch,0.001,0.12512218963831867,8,127,0,7,3.37173252709329e-07,3.979918071772559e-05,4.434665868604523e-09,6.316324309141308e-07,34.80831000581384,8
adult_edu_income_welch,0.001,0.12512218963831867,8,127,0,8,3.3716763113659585e-07,3.979245334573278e-05,4.437467659938591e-09,6.188209684676593e-07,39.589004069101065,9
adult_edu_income_welch,0.001,0.12512218963831867,8,127,0,9,3.3716834872583596e-07,3.977618043204956e-05,4.44454289625352e-09,6.180769969166278e-07,44.19452579319477,10
adult_edu_income_welch,0.001,0.12512218963831867,8,127,0,10,3.3716097954873583e-07,3.980217351751136e-05,4.450354902010286e-09,6.482938964547103e-07,48.70866536628455,11
adult_edu_income_welch,0.001,0.12512218963831867,8,127,0,11,3.371748681099557e-07,3.978534190984817e-05,4.452783221542368e-09,6.440911315408471e-07,53.21917470544577,12
adult_edu_income_welch,0.001,0.12512218963831867,8,127,0,12,3.371654268217334e-07,3.979527206721123e-05,4.441808063812444e-09,6.402549155293258e-07,57.45540225831792,13
adult_edu_income_welch,0.001,0.12512218963831867,8,127,0,13,3.3717310223611803e-07,3.978363164169885e-05,4.443319536810123e-09,6.445048005288001e-07,62.34092418802902,14
adult_edu_income_welch,0.001,0.12512218963831867,8,127,0,14,3.371651486634861e-07,3.979683177157689e-05,4.448934447432622e-09,6.453303925679776e-07,66.96139047900215,15
adult_edu_income_welch,0.001,0.12512218963831867,8,127,0,15,3.3716589342521454e-07,3.9786409395947686e-05,4.443945192553428e-09,6.450024102599983e-07,71.55103043979034,16
adult_edu_income_welch,0.001,0.12512218963831867,8,127,1,1,3.411747941612912e-07,3.4662883909741815e-05,6.90145718613691e-08,4.016231522463443e-06,6.304094253107905,2
adult_edu_income_welch,0.001,0.12512218963831867,8,127,1,2,3.412291886484086e-07,3.465453063911106e-05,6.925569918711703e-08,3.912871628264369e-06,6.3769890908151865,2
adult_edu_income_welch,0.001,0.12512218963831867,8,127,1,3,3.4120484870135516e-07,3.478511640941928e-05,6.91639696570377e-08,3.940729133677934e-06,6.446836499031633,2
adult_edu_income_welch,0.001,0.12512218963831867,8,127,1,4,3.4113054129076157e-07,3.464512253137375e-05,6.89025863471744e-08,4.001700051659007e-06,11.569834182970226,3
adult_edu_income_welch,0.001,0.12512218963831867,8,127,1,5,3.412199398437988e-07,3.465193599039296e-05,6.925438368787348e-08,3.911471337936234e-06,11.645370393060148,3
adult_edu_income_welch,0.001,0.12512218963831867,8,127,1,6,3.412118724774912e-07,3.4785594262176645e-05,6.917861522846188e-08,3.940812122960047e-06,11.718854472506791,3
adult_edu_income_welch,0.001,0.12512218963831867,8,127,1,7,3.411362891662512e-07,3.464884503778798e-05,6.89040391213106e-08,4.007614152645722e-06,16.523039780557156,4
adult_edu_income_welch,0.001,0.12512218963831867,8,127,1,8,3.4123097308656235e-07,3.465131557667256e-05,6.926305742753781e-08,3.909445759564534e-06,16.597183853853494,4
adult_edu_income_welch,0.001,0.12512218963831867,8,127,1,9,3.412064754543003e-07,3.47888416417641e-05,6.917231217836613e-08,3.935514054198563e-06,16.666506985668093,4
adult_edu_income_welch,0.001,0.12512218963831867,8,127,1,10,3.411391931269501e-07,3.4644242591919117e-05,6.889659535108745e-08,4.010778782648217e-06,21.363488369621336,5
adult_edu_income_welch,0.001,0.12512218963831867,8,127,1,11,3.4123871252125226e-07,3.465120543355571e-05,6.92602920052574e-08,3.9071780632005115e-06,21.43808282772079,5
adult_edu_income_welch,0.001,0.12512218963831867,8,127,1,12,3.4120413597120086e-07,3.4789708711513434e-05,6.916681336571824e-08,3.9422513249398605e-06,21.50787097401917,5
adult_edu_income_welch,0.001,0.12512218963831867,8,127,1,13,3.4113351361750896e-07,3.464610432812876e-05,6.890152111103522e-08,4.006179788684783e-06,26.399481932166964,6
adult_edu_income_welch,0.001,0.12512218963831867,8,127,1,14,3.4122731425476294e-07,3.465594285623208e-05,6.926205067294872e-08,3.90894963375743e-06,26.47408747114241,6
adult_edu_income_welch,0.001,0.12512218963831867,8,127,1,15,3.4120261697054345e-07,3.478570990989027e-05,6.917280841139178e-08,3.936070950838477e-06,26.5428391774185,6
adult_edu_income_welch,0.001,0.12512218963831867,8,255,0,1,3.238130102017401e-07,4.370074764892262e-05,4.5148167139531445e-09,6.144456387024988e-07,6.354972074273974,2
adult_edu_income_welch,0.001,0.12512218963831867,8,255,0,2,3.238034679383678e-07,4.3689647032274515e-05,4.512764429676785e-09,5.993586154051656e-07,11.155339378397912,3
adult_edu_income_welch,0.001,0.12512218963831867,8,255,0,3,3.237982501584447e-07,4.3692141266871154e-05,4.507755754486962e-09,6.145208711894057e-07,15.72140530264005,4
adult_edu_income_welch,0.001,0.12512218963831867,8,255,0,4,3.2379765923974956e-07,4.36938625136829e-05,4.5182896411093685e-09,5.966880612939818e-07,20.61808775179088,5
adult_edu_income_welch,0.001,0.12512218963831867,8,255,0,5,3.237989220017223e-07,4.36847180538269e-05,4.497031766288311e-09,6.041156807023995e-07,25.51976384362206,6
adult_edu_income_welch,0.001,0.12512218963831867,8,255,0,6,3.238058668712607e-07,4.369908483692342e-05,4.512864952653501e-09,6.121945083092939e-07,30.085003678686917,7
adult_edu_income_welch,0.001,0.12512218963831867,8,255,0,7,3.238065654627207e-07,4.3687573482387165e-05,4.517350890082721e-09,5.947261793037839e-07,34.500379481352866,8
adult_edu_income_welch,0.001,0.12512218963831867,8,255,0,8,3.2379823837514913e-07,4.368376122676487e-05,4.515194648639593e-09,5.969832651553375e-07,39.68513342179358,9
adult_edu_income_welch,0.001,0.12512218963831867,8,255,0,9,3.2381431514567243e-07,4.369483730803925e-05,4.5093142479945495e-09,5.876727415810024e-07,44.472981557715684,10
adult_edu_income_welch,0.001,0.12512218963831867,8,255,0,10,3.2380131401040207e-07,4.36871177494913e-05,4.5142014934795665e-09,5.974463517244288e-07,49.4538123998791,11
adult_edu_income_welch,0.001,0.12512218963831867,8,255,0,11,3.238051721195603e-07,4.3693359486063343e-05,4.517894915864989e-09,6.12975652014569e-07,54.24186718882993,12
adult_edu_income_welch,0.001,0.12512218963831867,8,255,0,12,3.238074803395173e-07,4.367690420248316e-05,4.512524888339173e-09,5.858154773497048e-07,59.14879358187318,13
adult_edu_income_welch,0.001,0.12512218963831867,8,255,0,13,3.238117086092495e-07,4.36762867483953e-05,4.510761200276798e-09,5.995014469295512e-07,64.21400849567726,14
adult_edu_income_welch,0.001,0.12512218963831867,8,255,0,14,3.2380590194831807e-07,4.3685204143439904e-05,4.502988910977959e-09,5.973356330679636e-07,68.97597384359688,15
adult_edu_income_welch,0.001,0.12512218963831867,8,255,0,15,3.2380057520769613e-07,4.3695844585189825e-05,4.512157546484132e-09,5.996178072953384e-07,73.53429350350052,16
adult_edu_income_welch,0.001,0.12512218963831867,8,255,1,1,3.3859114447889346e-07,4.6241657955414794e-05,6.90523441123401e-08,3.6080892910073104e-06,6.283312381245196,2
adult_edu_income_welch,0.001,0.12512218963831867,8,255,1,2,3.386691057995541e-07,4.6575162481632404e-05,6.916755375512018e-08,3.6378666138370264e-06,6.360527691897005,2
adult_edu_income_welch,0.001,0.12512218963831867,8,255,1,3,3.3866955866423195e-07,4.647855888051389e-05,6.927477063926093e-08,3.6443182880319114e-06,6.430660975631326,2
adult_edu_income_welch,0.001,0.12512218963831867,8,255,1,4,3.3855387604629416e-07,4.6229391132301956e-05,6.893069376541936e-08,3.5918234337906085e-06,10.878299391828477,3
adult_edu_income_welch,0.001,0.12512218963831867,8,255,1,5,3.386889174552304e-07,4.657755685322229e-05,6.917232280364568e-08,3.647792785055337e-06,10.954159712884575,3
adult_edu_income_welch,0.001,0.12512218963831867,8,255,1,6,3.38668558161654e-07,4.646270876973446e-05,6.928386171196012e-08,3.6506221466892086e-06,11.021666389890015,3
adult_edu_income_welch,0.001,0.12512218963831867,8,255,1,7,3.385702526134125e-07,4.623474084852752e-05,6.892314660452846e-08,3.5899011496809408e-06,15.282293843571097,4
adult_edu_income_welch,0.001,0.12512218963831867,8,255,1,8,3.3868038936835996e-07,4.656952540438297e-05,6.918456599909307e-08,3.6387961102057886e-06,15.361918886657804,4
adult_edu_income_welch,0.001,0.12512218963831867,8,255,1,9,3.386752988952357e-07,4.6472387817964034e-05,6.927597847672731e-08,3.6486452957840143e-06,15.431642510462552,4
adult_edu_income_welch,0.001,0.12512218963831867,8,255,1,10,3.3856387933516456e-07,4.623648498491839e-05,6.891489133175761e-08,3.6040849756835414e-06,20.424643185455352,5
adult_edu_income_welch,0.001,0.12512218963831867,8,255,1,11,3.386737910996417e-07,4.657618322956303e-05,6.916802994673982e-08,3.6437116255338964e-06,20.500411220360547,5
adult_edu_income_welch,0.001,0.12512218963831867,8,255,1,12,3.386727709915545e-07,4.6454475337132095e-05,6.927054347754944e-08,3.6613096857651684e-06,20.57063064025715,5
adult_edu_income_welch,0.001,0.12512218963831867,8,255,1,13,3.385635421102944e-07,4.624274593978406e-05,6.892785810382287e-08,3.584919471610881e-06,25.30146608920768,6
adult_edu_income_welch,0.001,0.12512218963831867,8,255,1,14,3.386803766592032e-07,4.655448836832221e-05,6.916744925615387e-08,3.6400849323658946e-06,25.37716213101521,6
adult_edu_income_welch,0.001,0.12512218963831867,8,255,1,15,3.386787889287542e-07,4.64759359481981e-05,6.927934770550566e-08,3.6601889762399864e-06,25.446546154096723,6
adult_edu_income_welch,0.001,0.12512218963831867,8,511,0,1,3.2968512048470763e-07,3.901023347729904e-05,4.661893737988336e-09,5.225956202226101e-07,6.684138384647667,2
adult_edu_income_welch,0.001,0.12512218963831867,8,511,0,2,3.2968157655057615e-07,3.901938621231338e-05,4.659631701533785e-09,5.120768482580473e-07,10.986067154444754,3
adult_edu_income_welch,0.001,0.12512218963831867,8,511,0,3,3.2968845033018766e-07,3.902202158179158e-05,4.658470346829974e-09,5.120652140089277e-07,15.048580885399133,4
adult_edu_income_welch,0.001,0.12512218963831867,8,511,0,4,3.2967943621710973e-07,3.9022939925859035e-05,4.652598944110897e-09,5.222897462298093e-07,20.00574896344915,5
adult_edu_income_welch,0.001,0.12512218963831867,8,511,0,5,3.296870285014244e-07,3.902168177782883e-05,4.6580737529699264e-09,5.176891870739553e-07,24.697514477185905,6
adult_edu_income_welch,0.001,0.12512218963831867,8,511,0,6,3.2968295024125084e-07,3.9020575548276426e-05,4.657102439289669e-09,5.004319617585296e-07,29.349994807504117,7
adult_edu_income_welch,0.001,0.12512218963831867,8,511,0,7,3.296730058091526e-07,3.90173739184263e-05,4.658158579636695e-09,5.119256711871856e-07,34.2183546917513,8
adult_edu_income_welch,0.001,0.12512218963831867,8,511,0,8,3.2969688026056947e-07,3.90178939546626e-05,4.660782823025884e-09,5.15648854393369e-07,38.73199421679601,9
adult_edu_income_welch,0.001,0.12512218963831867,8,511,0,9,3.2968955045845996e-07,3.901875030876134e-05,4.655952823429127e-09,5.010538869365533e-07,43.35726602561772,10
adult_edu_income_welch,0.001,0.12512218963831867,8,511,0,10,3.296896860814283e-07,3.901999497024633e-05,4.654379465675773e-09,5.11281000759034e-07,48.27448456548154,11
adult_edu_income_welch,0.001,0.12512218963831867,8,511,0,11,3.2968537189557553e-07,3.902235810926413e-05,4.65298759379801e-09,5.021172492236659e-07,52.35292334621772,12
adult_edu_income_welch,0.001,0.12512218963831867,8,511,0,12,3.296924140976326e-07,3.9018599779616636e-05,4.6591159279730425e-09,4.983963829419125e-07,57.49018412735313,13
adult_edu_income_welch,0.001,0.12512218963831867,8,511,0,13,3.296747700145183e-07,3.902321582516244e-05,4.65284428732943e-09,5.089671850644351e-07,62.487084759399295,14
adult_edu_income_welch,0.001,0.12512218963831867,8,511,0,14,3.2968005507498334e-07,3.9022117013676194e-05,4.657921853877257e-09,4.94626054003966e-07,67.44962417148054,15
adult_edu_income_welch,0.001,0.12512218963831867,8,511,0,15,3.2968559165816866e-07,3.9022030128510465e-05,4.648586338860386e-09,5.09632611112032e-07,71.69131420738995,16
adult_edu_income_welch,0.001,0.12512218963831867,8,511,1,1,3.3761319984457324e-07,3.213445600636078e-05,6.900806080934645e-08,4.176539212030761e-06,6.900344207882881,2
adult_edu_income_welch,0.001,0.12512218963831867,8,511,1,2,3.375362342618828e-07,3.2213050742746496e-05,6.911101418449758e-08,4.235834326959953e-06,6.975247336085886,2
adult_edu_income_welch,0.001,0.12512218963831867,8,511,1,3,3.3753420991537543e-07,3.207595373355687e-05,6.923924450472635e-08,4.251677370281648e-06,7.044828264042735,2
adult_edu_income_welch,0.001,0.12512218963831867,8,511,1,4,3.3758329632239294e-07,3.21264413570832e-05,6.888812111443488e-08,4.163323707229161e-06,11.539665266871452,3
adult_edu_income_welch,0.001,0.12512218963831867,8,511,1,5,3.3753714435312614e-07,3.221669435893304e-05,6.912212061119577e-08,4.2363470424966465e-06,11.615386107936502,3
adult_edu_income_welch,0.001,0.12512218963831867,8,511,1,6,3.3752811969961087e-07,3.2074185446817616e-05,6.92328562602194e-08,4.25520315616712e-06,11.684957722667605,3
adult_edu_income_welch,0.001,0.12512218963831867,8,511,1,7,3.375901238305969e-07,3.212843737843141e-05,6.888290058135651e-08,4.1575523316295104e-06,16.093609510920942,4
adult_edu_income_welch,0.001,0.12512218963831867,8,511,1,8,3.3753617108026545e-07,3.2211646537216865e-05,6.911670961432954e-08,4.23570018559527e-06,16.18670636974275,4
adult_edu_income_welch,0.001,0.12512218963831867,8,511,1,9,3.3753374426755416e-07,3.207835405394377e-05,6.922813432023086e-08,4.248573743481643e-06,16.254648016765714,4
adult_edu_income_welch,0.001,0.12512218963831867,8,511,1,10,3.37577238957551e-07,3.213182404460113e-05,6.887610488187228e-08,4.155089869506412e-06,21.14129835087806,5
adult_edu_income_welch,0.001,0.12512218963831867,8,511,1,11,3.3753156049060813e-07,3.2217027288727884e-05,6.911280574633733e-08,4.233982361379063e-06,21.216572700068355,5
adult_edu_income_welch,0.001,0.12512218963831867,8,511,1,12,3.3752478016780765e-07,3.2074517232194566e-05,6.922792747180698e-08,4.2530168353760445e-06,21.28600202128291,5
adult_edu_income_welch,0.001,0.12512218963831867,8,511,1,13,3.375750494131983e-07,3.21261897689995e-05,6.888911463389023e-08,4.158916331875595e-06,25.966108312364668,6
adult_edu_income_welch,0.001,0.12512218963831867,8,511,1,14,3.375295986926762e-07,3.221684206955455e-05,6.912300264492677e-08,4.232567232698159e-06,26.04079321026802,6
adult_edu_income_welch,0.001,0.12512218963831867,8,511,1,15,3.375237501415406e-07,3.207524380166582e-05,6.923599149132137e-08,4.250255742799247e-06,26.109898258000612,6
adult_edu_income_welch,0.001,0.12512218963831867,7,15,0,1,9.071975112643072e-05,0.003064195397109448,9.07083362789739e-05,0.0030651914112781453,2.5571374776773155,1
adult_edu_income_welch,0.001,0.12512218963831867,7,15,0,2,3.5060526083271354e-07,5.166375522969169e-05,6.848495447630241e-08,1.3990896358784255e-05,7.568303796928376,2
adult_edu_income_welch,0.001,0.12512218963831867,7,15,0,3,3.3252381805260964e-07,4.9969510226843816e-05,4.5562896825434576e-09,7.384657191300548e-07,12.170573190320283,3
adult_edu_income_welch,0.001,0.12512218963831867,7,15,0,4,3.3251825669041056e-07,4.996478053487241e-05,4.556093622283552e-09,7.341639653990484e-07,16.500720143318176,4
adult_edu_income_welch,0.001,0.12512218963831867,7,15,0,5,3.3252435069362874e-07,4.9964037281635676e-05,4.555338475240023e-09,7.123499917716103e-07,21.458996754139662,5
adult_edu_income_welch,0.001,0.12512218963831867,7,15,0,6,3.325237706274416e-07,4.9965804475915476e-05,4.54590181823137e-09,7.402634244479955e-07,26.462830401491374,6
adult_edu_income_welch,0.001,0.12512218963831867,7,15,0,7,3.325181987348544e-07,4.9961155905831056e-05,4.549215672898255e-09,7.33284875709117e-07,31.608266200404614,7
adult_edu_income_welch,0.001,0.12512218963831867,7,15,0,8,3.3251639761712096e-07,4.997332363387841e-05,4.557762788401132e-09,7.317090652270153e-07,36.4560430473648,8
adult_edu_income_welch,0.001,0.12512218963831867,7,15,0,9,3.325224967878364e-07,4.996596377260243e-05,4.555566201809721e-09,7.399236270355658e-07,40.784256366081536,9
adult_edu_income_welch,0.001,0.12512218963831867,7,15,0,10,3.3250961424512385e-07,4.997311480836597e-05,4.552414761580339e-09,7.205922647468554e-07,45.15788821084425,10
adult_edu_income_welch,0.001,0.12512218963831867,7,15,0,11,3.325190159298328e-07,4.996765706899442e-05,4.552338992274145e-09,7.177124436985594e-07,49.65280458703637,11
adult_edu_income_welch,0.001,0.12512218963831867,7,15,0,12,3.325302376122465e-07,4.9970345943006755e-05,4.548797107603255e-09,7.463589769551859e-07,54.08780302433297,12
adult_edu_income_welch,0.001,0.12512218963831867,7,15,0,13,3.325230012074016e-07,4.996412359792313e-05,4.5527993031000595e-09,7.387476530507087e-07,58.82431452535093,13
adult_edu_income_welch,0.001,0.12512218963831867,7,15,0,14,3.3252627437724985e-07,4.996768572751442e-05,4.55283119445973e-09,7.449630508027383e-07,63.30217835213989,14
adult_edu_income_welch,0.001,0.12512218963831867,7,15,0,15,3.325153358439371e-07,4.996433450299431e-05,4.551218423202855e-09,7.278333123972303e-07,67.63462418923154,15
adult_edu_income_welch,0.001,0.12512218963831867,7,15,1,1,9.077923108132295e-05,0.0030817296914207315,9.07686434843499e-05,0.0030650810898645853,2.4064394012093544,1
adult_edu_income_welch,0.001,0.12512218963831867,7,15,1,2,3.750546701760966e-07,5.266333551634528e-05,1.341840098073768e-07,1.6362587777818405e-05,2.4761381964199245,1
adult_edu_income_welch,0.001,0.12512218963831867,7,15,1,3,3.458179059897023e-07,4.736763058066362e-05,6.851972996790471e-08,4.723970084219431e-06,7.111039836425334,2
adult_edu_income_welch,0.001,0.12512218963831867,7,15,1,4,3.457660211111947e-07,4.7230048507596045e-05,6.880598578815409e-08,4.6645604845352295e-06,7.190223158337176,2
adult_edu_income_welch,0.001,0.12512218963831867,7,15,1,5,3.458982550156274e-07,4.755674947376498e-05,6.88788620826239e-08,4.750136926912063e-06,7.261055876500905,2
adult_edu_income_welch,0.001,0.12512218963831867,7,15,1,6,3.4582220993486913e-07,4.7366250884972594e-05,6.852679233931722e-08,4.725431763663579e-06,11.628748763352633,3
adult_edu_income_welch,0.001,0.12512218963831867,7,15,1,7,3.4576471908727294e-07,4.722871306028775e-05,6.881261065270737e-08,4.6414996834887035e-06,11.705215083435178,3
adult_edu_income_welch,0.001,0.12512218963831867,7,15,1,8,3.458918997414578e-07,4.755867891859111e-05,6.887674088446863e-08,4.748787114428055e-06,11.776275814510882,3
adult_edu_income_welch,0.001,0.12512218963831867,7,15,1,9,3.458037285819465e-07,4.7376031335200075e-05,6.851506280740712e-08,4.732935650730852e-06,16.07632480422035,4
adult_edu_income_welch,0.001,0.12512218963831867,7,15,1,10,3.45780793050973e-07,4.723223123259679e-05,6.881663159915888e-08,4.655231758632361e-06,16.15051393210888,4
adult_edu_income_welch,0.001,0.12512218963831867,7,15,1,11,3.4588570030625297e-07,4.754621940095127e-05,6.886996110648991e-08,4.748670748622175e-06,16.216882112901658,4
adult_edu_income_welch,0.001,0.12512218963831867,7,15,1,12,3.45804944811612e-07,4.73703822666538e-05,6.852916823309012e-08,4.74140230732889e-06,20.70844659814611,5
adult_edu_income_welch,0.001,0.12512218963831867,7,15,1,13,3.4576749173835953e-07,4.7233504705701534e-05,6.881653763270845e-08,4.6547770619076445e-06,20.784006831236184,5
adult_edu_income_welch,0.001,0.12512218963831867,7,15,1,14,3.4588343759114546e-07,4.755415235835336e-05,6.88586840876509e-08,4.744256041577799e-06,20.854330638423562,5
adult_edu_income_welch,0.001,0.12512218963831867,7,15,1,15,3.458184437511067e-07,4.736938121452372e-05,6.852557504798736e-08,4.7352790829569e-06,25.222210811451077,6
adult_edu_income_welch,0.001,0.12512218963831867,7,31,0,1,3.7328737700040884e-07,5.0979547936869096e-05,1.423919899665952e-07,5.790614303280428e-06,2.663540462963283,1
adult_edu_income_welch,0.001,0.12512218963831867,7,31,0,2,3.356281367270154e-07,5.0741414262867046e-05,4.499907200343939e-09,6.458813192056212e-07,7.210948579013348,2
adult_edu_income_welch,0.001,0.12512218963831867,7,31,0,3,3.356306527324485e-07,5.07542030114827e-05,4.496031198407538e-09,6.602524033061385e-07,11.580906998831779,3
adult_edu_income_welch,0.001,0.12512218963831867,7,31,0,4,3.356244469170222e-07,5.075141565202834e-05,4.495818005473094e-09,6.298338599552977e-07,15.94761491380632,4
adult_edu_income_welch,0.001,0.12512218963831867,7,31,0,5,3.356133545271473e-07,5.0749559780904896e-05,4.497909220793172e-09,6.41338674167713e-07,20.537128465715796,5
adult_edu_income_welch,0.001,0.12512218963831867,7,31,0,6,3.356143801638457e-07,5.076069069520628e-05,4.496231845496542e-09,6.435310071495337e-07,25.152422208804637,6
adult_edu_income_welch,0.001,0.12512218963831867,7,31,0,7,3.356189540330933e-07,5.0746142524316085e-05,4.504107225315306e-09,6.400832346376006e-07,30.10274940961972,7
adult_edu_income_welch,0.001,0.12512218963831867,7,31,0,8,3.356227856088225e-07,5.074443683295016e-05,4.500340006302438e-09,6.458880743576145e-07,35.61396224796772,8
adult_edu_income_welch,0.001,0.12512218963831867,7,31,0,9,3.356227921390433e-07,5.0757028646430946e-05,4.504444168923087e-09,6.378011325747224e-07,40.91141883004457,9
adult_edu_income_welch,0.001,0.12512218963831867,7,31,0,10,3.356231045065356e-07,5.073911338360215e-05,4.497155783519529e-09,6.517077878465116e-07,45.95941761601716,10
adult_edu_income_welch,0.001,0.12512218963831867,7,31,0,11,3.35633068470719e-07,5.0756445050148535e-05,4.501795138680013e-09,6.54483514050952e-07,51.1608558781445,11
adult_edu_income_welch,0.001,0.12512218963831867,7,31,0,12,3.3562237174323897e-07,5.074993373199721e-05,4.490679116568976e-09,6.477729748155525e-07,56.28519278485328,12
adult_edu_income_welch,0.001,0.12512218963831867,7,31,0,13,3.3562072121380457e-07,5.074701909824064e-05,4.491210864513806e-09,6.583949717642312e-07,61.24488741764799,13
adult_edu_income_welch,0.001,0.12512218963831867,7,31,0,14,3.35622391496935e-07,5.0753519579616047e-05,4.502156988668191e-09,6.4403822586101e-07,66.29964398872107,14
adult_edu_income_welch,0.001,0.12512218963831867,7,31,0,15,3.3563019845871437e-07,5.074962871687294e-05,4.49489003437388e-09,6.471303790611671e-07,71.2652852148749,15
adult_edu_income_welch,0.001,0.12512218963831867,7,31,1,1,4.014951376331528e-07,3.373292383901383e-05,2.0360946610416925e-07,9.29913815195249e-06,2.9318004422821105,1
adult_edu_income_welch,0.001,0.12512218963831867,7,31,1,2,3.472237404961741e-07,3.3164717678557665e-05,6.880800452239392e-08,5.678158043420645e-06,7.71369538968429,2
adult_edu_income_welch,0.001,0.12512218963831867,7,31,1,3,3.472988565587581e-07,3.313863443044074e-05,6.911753161133763e-08,5.943097509675255e-06,7.790966092608869,2
adult_edu_income_welch,0.001,0.12512218963831867,7,31,1,4,3.472521819162882e-07,3.3357146234869184e-05,6.915201515041887e-08,5.625875694970084e-06,7.861528144683689,2
adult_edu_income_welch,0.001,0.12512218963831867,7,31,1,5,3.472135172440349e-07,3.3157370937120234e-05,6.880680227954966e-08,5.676718398461844e-06,12.908131652511656,3
adult_edu_income_welch,0.001,0.12512218963831867,7,31,1,6,3.4730688450606664e-07,3.313790349634971e-05,6.911808211140606e-08,5.95259193836295e-06,12.986505358479917,3
adult_edu_income_welch,0.001,0.12512218963831867,7,31,1,7,3.4725540249549717e-07,3.3360650197766795e-05,6.914412288498137e-08,5.624475846177646e-06,13.058178517501801,3
adult_edu_income_welch,0.001,0.12512218963831867,7,31,1,8,3.4722162384866605e-07,3.316273215836496e-05,6.881029094026834e-08,5.672367062170558e-06,17.979606291744858,4
adult_edu_income_welch,0.001,0.12512218963831867,7,31,1,9,3.4730254007908444e-07,3.3138677845157005e-05,6.911286108511735e-08,5.949462769994085e-06,18.055125191807747,4
adult_edu_income_welch,0.001,0.12512218963831867,7,31,1,10,3.472504706079538e-07,3.3358051256149324e-05,6.914884168602505e-08,5.635211913435079e-06,18.12535394402221,4
adult_edu_income_welch,0.001,0.12512218963831867,7,31,1,11,3.4721533895334594e-07,3.316479562964769e-05,6.880770310726801e-08,5.6910203836135764e-06,22.985205145087093,5
adult_edu_income_welch,0.001,0.12512218963831867,7,31,1,12,3.4731858670652407e-07,3.313945404748164e-05,6.911707824869926e-08,5.95117398327627e-06,23.06245420826599,5
adult_edu_income_welch,0.001,0.12512218963831867,7,31,1,13,3.472491101162581e-07,3.335637616719289e-05,6.914410901680908e-08,5.644619786915328e-06,23.13354489998892,5
adult_edu_income_welch,0.001,0.12512218963831867,7,31,1,14,3.472202484592024e-07,3.31691452003513e-05,6.880880984691708e-08,5.682904003712075e-06,27.967139575164765,6
adult_edu_income_welch,0.001,0.12512218963831867,7,31,1,15,3.4729508135856037e-07,3.3138614857208815e-05,6.911653227228143e-08,5.9297855363737995e-06,28.040276780258864,6
adult_edu_income_welch,0.001,0.12512218963831867,7,63,0,1,3.324881148616024e-07,4.729794936109144e-05,4.584119792819892e-09,5.120643262745972e-07,3.074400575365871,1
adult_edu_income_welch,0.001,0.12512218963831867,7,63,0,2,3.3248886600131274e-07,4.729882608156544e-05,4.5785663549460776e-09,5.110470129299216e-07,8.284620043355972,2
adult_edu_income_welch,0.001,0.12512218963831867,7,63,0,3,3.324953120786984e-07,4.730452788548334e-05,4.585961592492059e-09,5.176425770248017e-07,13.357820319477469,3
adult_edu_income_welch,0.001,0.12512218963831867,7,63,0,4,3.3249884356201137e-07,4.7300252150273e-05,4.5816286281051934e-09,5.307105719332128e-07,18.46212906530127,4
adult_edu_income_welch,0.001,0.12512218963831867,7,63,0,5,3.324892084752291e-07,4.729652469537271e-05,4.582589822896082e-09,5.170742285454111e-07,23.496666393708438,5
adult_edu_income_welch,0.001,0.12512218963831867,7,63,0,6,3.3248830684166734e-07,4.7298866002964957e-05,4.5877915143906125e-09,5.226527191037889e-07,28.324761333875358,6
adult_edu_income_welch,0.001,0.12512218963831867,7,63,0,7,3.3249015283168265e-07,4.730944121800196e-05,4.581628461144835e-09,5.15529875455556e-07,32.91878470266238,7
adult_edu_income_welch,0.001,0.12512218963831867,7,63,0,8,3.3249672797273886e-07,4.730684278142494e-05,4.588910698586751e-09,5.248345127384368e-07,37.31475950591266,8
adult_edu_income_welch,0.001,0.12512218963831867,7,63,0,9,3.3249074207970355e-07,4.7306081200626515e-05,4.5795209334745235e-09,5.057493410731695e-07,41.44668802805245,9
adult_edu_income_welch,0.001,0.12512218963831867,7,63,0,10,3.324915361371266e-07,4.7308041758120645e-05,4.584887368615025e-09,5.027242431232537e-07,46.47193625988439,10
adult_edu_income_welch,0.001,0.12512218963831867,7,63,0,11,3.324898491298185e-07,4.730692613885701e-05,4.580616215949266e-09,5.241002145606188e-07,51.26175259659067,11
adult_edu_income_welch,0.001,0.12512218963831867,7,63,0,12,3.324801289268367e-07,4.730301449884511e-05,4.583403021667912e-09,5.104938451960805e-07,55.46594860125333,12
adult_edu_income_welch,0.001,0.12512218963831867,7,63,0,13,3.324816845642e-07,4.7302333691656706e-05,4.584658560184354e-09,5.160537142057109e-07,60.26192307425663,13
adult_edu_income_welch,0.001,0.12512218963831867,7,63,0,14,3.324814888513761e-07,4.730592383028753e-05,4.5847528228184836e-09,5.145198307410226e-07,65.49588966090232,14
adult_edu_income_welch,0.001,0.12512218963831867,7,63,0,15,3.3248907971496916e-07,4.7305461364888224e-05,4.591367928586602e-09,5.209057163391151e-07,70.19182355282828,15
adult_edu_income_welch,0.001,0.12512218963831867,7,63,1,1,3.407544101365508e-07,5.13691059538246e-05,6.903538398957061e-08,3.5194474508060125e-06,3.6116622081026435,1
adult_edu_income_welch,0.001,0.12512218963831867,7,63,1,2,3.4062610156227857e-07,5.1335175931921384e-05,6.861008916810569e-08,3.3574007450853927e-06,8.66642486397177,2
adult_edu_income_welch,0.001,0.12512218963831867,7,63,1,3,3.406578062626603e-07,5.116334197352579e-05,6.897051997083273e-08,3.540829861425898e-06,8.747021729126573,2
adult_edu_income_welch,0.001,0.12512218963831867,7,63,1,4,3.407182881432894e-07,5.1373889525141436e-05,6.893711916084559e-08,3.5431107398009587e-06,8.816342157311738,2
adult_edu_income_welch,0.001,0.12512218963831867,7,63,1,5,3.4063240207390805e-07,5.13330290614622e-05,6.86218249890999e-08,3.350433534055064e-06,13.173378789331764,3
adult_edu_income_welch,0.001,0.12512218963831867,7,63,1,6,3.40663590841724e-07,5.116213919253987e-05,6.897598308748952e-08,3.5400443898492284e-06,13.249606327153742,3
adult_edu_income_welch,0.001,0.12512218963831867,7,63,1,7,3.407094417165956e-07,5.1378959823322745e-05,6.893179652205862e-08,3.553233581254922e-06,13.321646408177912,3
adult_edu_income_welch,0.001,0.12512218963831867,7,63,1,8,3.4062789123957504e-07,5.133302260462713e-05,6.861888374517857e-08,3.3622327576532385e-06,18.14978905627504,4
adult_edu_income_welch,0.001,0.12512218963831867,7,63,1,9,3.406808692289275e-07,5.11568144998531e-05,6.897201499437604e-08,3.547167467199408e-06,18.228086029179394,4
adult_edu_income_welch,0.001,0.12512218963831867,7,63,1,10,3.407027002483687e-07,5.136557539464626e-05,6.892899618458884e-08,3.5442257744211503e-06,18.29894144833088,4
adult_edu_income_welch,0.001,0.12512218963831867,7,63,1,11,3.4063284546813414e-07,5.133698276527099e-05,6.863006144911991e-08,3.3543788202639035e-06,23.38448277954012,5
adult_edu_income_welch,0.001,0.12512218963831867,7,63,1,12,3.4068075694795443e-07,5.115227067786776e-05,6.89727723900752e-08,3.545651256042781e-06,23.459304449614137,5
adult_edu_income_welch,0.001,0.12512218963831867,7,63,1,13,3.407178585987737e-07,5.136529931015765e-05,6.893707065980001e-08,3.5533354709738063e-06,23.52763373684138,5
adult_edu_income_welch,0.001,0.12512218963831867,7,63,1,14,3.4062999887863357e-07,5.1341800990645226e-05,6.861565310094811e-08,3.3550076465882483e-06,28.32369399862364,6
adult_edu_income_welch,0.001,0.12512218963831867,7,63,1,15,3.406694712541462e-07,5.115568810398763e-05,6.89714800110635e-08,3.5391783023142054e-06,28.396332308650017,6
adult_edu_income_welch,0.001,0.12512218963831867,7,127,0,1,3.324322570543346e-07,3.752354356190146e-05,4.5219152883601925e-09,4.559418442795504e-07,5.668325871229172,2
adult_edu_income_welch,0.001,0.12512218963831867,7,127,0,2,3.324417699980206e-07,3.753008568541105e-05,4.51708634869642e-09,4.5551119531861417e-07,10.75430086441338,3
adult_edu_income_welch,0.001,0.12512218963831867,7,127,0,3,3.3243526659115807e-07,3.7529572928240995e-05,4.528008569177846e-09,4.597717611076746e-07,15.323587125632912,4
adult_edu_income_welch,0.001,0.12512218963831867,7,127,0,4,3.324550587772671e-07,3.752751693997247e-05,4.520602419604561e-09,4.451696700158436e-07,19.588617279659957,5
adult_edu_income_welch,0.001,0.12512218963831867,7,127,0,5,3.3244332828506897e-07,3.753450572019368e-05,4.513970667260561e-09,4.618185314164691e-07,24.655244302470237,6
adult_edu_income_welch,0.001,0.12512218963831867,7,127,0,6,3.324436661869929e-07,3.7526245719066154e-05,4.51540483873043e-09,4.597189078303643e-07,29.72289121663198,7
adult_edu_income_welch,0.001,0.12512218963831867,7,127,0,7,3.3244241228641455e-07,3.7526071314131215e-05,4.518501392539425e-09,4.5576300200522724e-07,34.86988156242296,8
adult_edu_income_welch,0.001,0.12512218963831867,7,127,0,8,3.3244086246358005e-07,3.7521671598206296e-05,4.526710074452745e-09,4.3445202280167905e-07,39.91952270362526,9
adult_edu_income_welch,0.001,0.12512218963831867,7,127,0,9,3.324512488070987e-07,3.753473691570086e-05,4.5123283813032695e-09,4.4781611419075773e-07,44.52263982547447,10
adult_edu_income_welch,0.001,0.12512218963831867,7,127,0,10,3.3244207726218004e-07,3.753975248543817e-05,4.519570737950528e-09,4.483064822702332e-07,48.764934783335775,11
adult_edu_income_welch,0.001,0.12512218963831867,7,127,0,11,3.324509005363768e-07,3.7519987576173364e-05,4.514194982364406e-09,4.5319670616272845e-07,53.76228894619271,12
adult_edu_income_welch,0.001,0.12512218963831867,7,127,0,12,3.324509915117777e-07,3.75332017923391e-05,4.51158202011915e-09,4.3889389744755647e-07,58.693666242063046,13
adult_edu_income_welch,0.001,0.12512218963831867,7,127,0,13,3.3243535213277147e-07,3.752845408033778e-05,4.509987402628255e-09,4.59932686824871e-07,63.288289370015264,14
adult_edu_income_welch,0.001,0.12512218963831867,7,127,0,14,3.324361498134999e-07,3.7523785091142514e-05,4.519082173724018e-09,4.513084126411826e-07,68.3552170721814,15
adult_edu_income_welch,0.001,0.12512218963831867,7,127,0,15,3.3244745456829724e-07,3.75328179340606e-05,4.517315290243401e-09,4.548432132045477e-07,73.43380596628413,16
adult_edu_income_welch,0.001,0.12512218963831867,7,127,1,1,3.481037225641856e-07,6.507006693468043e-05,6.902417802945719e-08,3.955160056134943e-06,6.210964076220989,2
adult_edu_income_welch,0.001,0.12512218963831867,7,127,1,2,3.479346388933675e-07,6.51386199880255e-05,6.927799391104198e-08,3.797106154279639e-06,6.286378080490977,2
adult_edu_income_welch,0.001,0.12512218963831867,7,127,1,3,3.481578915982646e-07,6.512193877217243e-05,6.912792189955986e-08,3.888995560807906e-06,6.356600118800998,2
adult_edu_income_welch,0.001,0.12512218963831867,7,127,1,4,3.480684432286685e-07,6.505054358652007e-05,6.889727752203452e-08,3.952482800828605e-06,11.429028153885156,3
adult_edu_income_welch,0.001,0.12512218963831867,7,127,1,5,3.4794174358283744e-07,6.514396407386602e-05,6.927027332197117e-08,3.7980553192484834e-06,11.505579342134297,3
adult_edu_income_welch,0.001,0.12512218963831867,7,127,1,6,3.4816443449833305e-07,6.512028124316949e-05,6.912574874067665e-08,3.888991121137053e-06,11.576479170005769,3
adult_edu_income_welch,0.001,0.12512218963831867,7,127,1,7,3.480740427378027e-07,6.50567799845847e-05,6.890139563350904e-08,3.940937582824766e-06,16.409191450104117,4
adult_edu_income_welch,0.001,0.12512218963831867,7,127,1,8,3.4794799507196415e-07,6.514199501050921e-05,6.927806780704333e-08,3.8053680911920296e-06,16.484512792900205,4
adult_edu_income_welch,0.001,0.12512218963831867,7,127,1,9,3.481567703102182e-07,6.51207897369721e-05,6.912027399679182e-08,3.879641888082652e-06,16.55653424281627,4
adult_edu_income_welch,0.001,0.12512218963831867,7,127,1,10,3.480810876107275e-07,6.505103000264967e-05,6.890392744879516e-08,3.93462615289053e-06,21.622444856911898,5
adult_edu_income_welch,0.001,0.12512218963831867,7,127,1,11,3.4794529416852215e-07,6.513732506707726e-05,6.927282481129156e-08,3.8028892135333336e-06,21.698705156799406,5
adult_edu_income_welch,0.001,0.12512218963831867,7,127,1,12,3.481538729722734e-07,6.511412457532728e-05,6.911956157610609e-08,3.896479243925555e-06,21.768841194920242,5
adult_edu_income_welch,0.001,0.12512218963831867,7,127,1,13,3.480694034501067e-07,6.504895904113628e-05,6.889849738449561e-08,3.939428684485158e-06,26.610866869799793,6
adult_edu_income_welch,0.001,0.12512218963831867,7,127,1,14,3.4794501365991427e-07,6.513240498673412e-05,6.927088254823314e-08,3.8011235613533145e-06,26.686932234559208,6
adult_edu_income_welch,0.001,0.12512218963831867,7,127,1,15,3.4816228753655937e-07,6.511286442034692e-05,6.91319326795594e-08,3.9062593563121695e-06,26.758182014338672,6
adult_edu_income_welch,0.001,0.12512218963831867,7,255,0,1,3.379639180911727e-07,5.16086187640763e-05,4.577059340702728e-09,7.872104993422724e-07,6.4998459024354815,2
adult_edu_income_welch,0.001,0.12512218963831867,7,255,0,2,3.3797969959192624e-07,5.159992227421473e-05,4.5509865345944695e-09,7.836674766892315e-07,10.946098796557635,3
adult_edu_income_welch,0.001,0.12512218963831867,7,255,0,3,3.379732718893957e-07,5.1594451023317944e-05,4.553661680818259e-09,7.790814254837741e-07,15.828474856447428,4
adult_edu_income_welch,0.001,0.12512218963831867,7,255,0,4,3.3797210552246254e-07,5.159971366142102e-05,4.5622141066078514e-09,7.872285283649916e-07,20.69553042249754,5
adult_edu_income_welch,0.001,0.12512218963831867,7,255,0,5,3.379726197858313e-07,5.160409798743437e-05,4.566172534939877e-09,7.907379701022066e-07,25.661963641177863,6
adult_edu_income_welch,0.001,0.12512218963831867,7,255,0,6,3.3797966218802533e-07,5.159908030383242e-05,4.556587885652663e-09,7.864449451666644e-07,30.698148443829268,7
adult_edu_income_welch,0.001,0.12512218963831867,7,255,0,7,3.3796713752638576e-07,5.159155491363254e-05,4.551241865591836e-09,7.79103421222338e-07,35.68582694372162,8
adult_edu_income_welch,0.001,0.12512218963831867,7,255,0,8,3.3798066456013033e-07,5.1603622342466515e-05,4.5487341239815735e-09,7.93194582016099e-07,40.689217953942716,9
adult_edu_income_welch,0.001,0.12512218963831867,7,255,0,9,3.379765231771269e-07,5.159637895313374e-05,4.552514089617183e-09,7.745313307383483e-07,45.732764809858054,10
adult_edu_income_welch,0.001,0.12512218963831867,7,255,0,10,3.379713964400963e-07,5.159858579084631e-05,4.556973381548122e-09,7.859782268360149e-07,50.24713966296986,11
adult_edu_income_welch,0.001,0.12512218963831867,7,255,0,11,3.379742450272597e-07,5.1601706022363913e-05,4.5575914365463075e-09,7.79670654371678e-07,55.31684590084478,12
adult_edu_income_welch,0.001,0.12512218963831867,7,255,0,12,3.3796810357980507e-07,5.159897759199339e-05,4.54907748357255e-09,7.778999097096673e-07,60.341624811757356,13
adult_edu_income_welch,0.001,0.12512218963831867,7,255,0,13,3.379823355350224e-07,5.1599910550592654e-05,4.563323808287086e-09,7.810800737306778e-07,65.00620851758868,14
adult_edu_income_welch,0.001,0.12512218963831867,7,255,0,14,3.379674328608485e-07,5.1599606952112964e-05,4.559979436690072e-09,7.885184752920438e-07,69.93762030359358,15
adult_edu_income_welch,0.001,0.12512218963831867,7,255,0,15,3.379802794190739e-07,5.160245734570079e-05,4.553394098515915e-09,7.79189357258403e-07,74.68203008035198,16
adult_edu_income_welch,0.001,0.12512218963831867,7,255,1,1,3.428419584368228e-07,4.615636622506969e-05,6.902992652429733e-08,5.937406159839398e-06,5.84730640379712,2
adult_edu_income_welch,0.001,0.12512218963831867,7,255,1,2,3.429310730336925e-07,4.605782751676557e-05,6.922155792129345e-08,5.838863488261126e-06,5.920430023688823,2
adult_edu_income_welch,0.001,0.12512218963831867,7,255,1,3,3.4307115573603756e-07,4.6121468168069946e-05,6.928134166461455e-08,5.902506699184684e-06,5.985811598598957,2
adult_edu_income_welch,0.001,0.12512218963831867,7,255,1,4,3.4279165367711266e-07,4.6143705334289464e-05,6.889044597291756e-08,5.924744759910894e-06,10.878064717631787,3
adult_edu_income_welch,0.001,0.12512218963831867,7,255,1,5,3.4291964575580976e-07,4.6056424540141805e-05,6.922278658699847e-08,5.8374604552380305e-06,10.95596753526479,3
adult_edu_income_welch,0.001,0.12512218963831867,7,255,1,6,3.430673685791905e-07,4.6129723577981174e-05,6.926704469041974e-08,5.9107624411636195e-06,11.02450069412589,3
adult_edu_income_welch,0.001,0.12512218963831867,7,255,1,7,3.4280654471600494e-07,4.6140225638202637e-05,6.889374471231538e-08,5.921264923824943e-06,15.970445379149169,4
adult_edu_income_welch,0.001,0.12512218963831867,7,255,1,8,3.4291825851105954e-07,4.605577516036963e-05,6.923670164896208e-08,5.83681104926459e-06,16.04643945209682,4
adult_edu_income_welch,0.001,0.12512218963831867,7,255,1,9,3.4306892609684497e-07,4.6115332164697875e-05,6.928138001780561e-08,5.8963704490100355e-06,16.11460860213265,4
adult_edu_income_welch,0.001,0.12512218963831867,7,255,1,10,3.4280391967558485e-07,4.61384974550505e-05,6.889692158661991e-08,5.91953667106182e-06,20.907004163134843,5
adult_edu_income_welch,0.001,0.12512218963831867,7,255,1,11,3.429253810833059e-07,4.606813053775749e-05,6.923491439954325e-08,5.8491669236993005e-06,20.98284068936482,5
adult_edu_income_welch,0.001,0.12512218963831867,7,255,1,12,3.4307569903439567e-07,4.613639568606942e-05,6.928272849002586e-08,5.9174348175927705e-06,21.05364873446524,5
adult_edu_income_welch,0.001,0.12512218963831867,7,255,1,13,3.428133858639364e-07,4.614040127048913e-05,6.889727917007603e-08,5.92144056310584e-06,25.76492894254625,6
adult_edu_income_welch,0.001,0.12512218963831867,7,255,1,14,3.429223519140341e-07,4.60623993719933e-05,6.923748579702797e-08,5.843435527341789e-06,25.841217087581754,6
adult_edu_income_welch,0.001,0.12512218963831867,7,255,1,15,3.4306602797252157e-07,4.611611360771928e-05,6.928138952927071e-08,5.89715192345075e-06,25.912177552934736,6
adult_edu_income_welch,0.001,0.12512218963831867,7,511,0,1,3.323766224334417e-07,4.775870450324238e-05,4.512048123508623e-09,4.773272790359329e-07,7.155945992097259,2
adult_edu_income_welch,0.001,0.12512218963831867,7,511,0,2,3.3237754960809953e-07,4.7747056157732004e-05,4.5193616807662576e-09,4.89321015262334e-07,11.851303120143712,3
adult_edu_income_welch,0.001,0.12512218963831867,7,511,0,3,3.323781814197937e-07,4.7757831902806025e-05,4.509071316444836e-09,4.941289275528504e-07,16.16219823807478,4
adult_edu_income_welch,0.001,0.12512218963831867,7,511,0,4,3.323861851109924e-07,4.7752167391945655e-05,4.503488986582122e-09,4.988531507876814e-07,21.08836691081524,5
adult_edu_income_welch,0.001,0.12512218963831867,7,511,0,5,3.3238074254822705e-07,4.7749374876837614e-05,4.500445598876375e-09,4.9379414246431e-07,26.02347195893526,6
adult_edu_income_welch,0.001,0.12512218963831867,7,511,0,6,3.3237964138442647e-07,4.773779719946525e-05,4.515726437353813e-09,4.892734848382929e-07,30.80952702788636,7
adult_edu_income_welch,0.001,0.12512218963831867,7,511,0,7,3.323752903960323e-07,4.774711891775141e-05,4.51461472065096e-09,4.891174405496912e-07,35.40836706897244,8
adult_edu_income_welch,0.001,0.12512218963831867,7,511,0,8,3.3237439336941156e-07,4.774652534267343e-05,4.511775164664646e-09,4.87404288040949e-07,39.69112095795572,9
adult_edu_income_welch,0.001,0.12512218963831867,7,511,0,9,3.323846335236663e-07,4.774201866808436e-05,4.5224646375988445e-09,5.013616892757256e-07,44.42062803497538,10
adult_edu_income_welch,0.001,0.12512218963831867,7,511,0,10,3.3237185193962386e-07,4.77660240392197e-05,4.5150351800776485e-09,4.839493408237416e-07,48.70032296702266,11
adult_edu_income_welch,0.001,0.12512218963831867,7,511,0,11,3.3237541902023844e-07,4.7763033440451075e-05,4.518767266782891e-09,4.845375867201795e-07,53.72420461894944,12
adult_edu_income_welch,0.001,0.12512218963831867,7,511,0,12,3.3237218847570715e-07,4.77461457897288e-05,4.514022029281886e-09,4.917991469621796e-07,58.434727917890996,13
adult_edu_income_welch,0.001,0.12512218963831867,7,511,0,13,3.3235945949717784e-07,4.775050508476486e-05,4.5167216653186585e-09,4.948169995966367e-07,62.94707258278504,14
adult_edu_income_welch,0.001,0.12512218963831867,7,511,0,14,3.323762276571246e-07,4.7758268639563894e-05,4.504329559280239e-09,4.84960289259817e-07,67.20943269273266,15
adult_edu_income_welch,0.001,0.12512218963831867,7,511,0,15,3.3238148995190205e-07,4.7748189816454456e-05,4.515787373496962e-09,4.894583414127851e-07,71.5335577246733,16
adult_edu_income_welch,0.001,0.12512218963831867,7,511,1,1,3.3888422329453146e-07,2.6372742772950986e-05,6.908994130243114e-08,4.492206027162382e-06,7.285364446230233,2
adult_edu_income_welch,0.001,0.12512218963831867,7,511,1,2,3.3895135982244264e-07,2.610213488840607e-05,6.917173160538901e-08,4.745877659195763e-06,7.360117248259485,2
adult_edu_income_welch,0.001,0.12512218963831867,7,511,1,3,3.388687034952457e-07,2.6191580598466935e-05,6.92122991979922e-08,4.5885545223445234e-06,7.4288388774730265,2
adult_edu_income_welch,0.001,0.12512218963831867,7,511,1,4,3.388462347543682e-07,2.6363878965707244e-05,6.89529761134916e-08,4.481732247541004e-06,12.113591461442411,3
adult_edu_income_welch,0.001,0.12512218963831867,7,511,1,5,3.38958449552894e-07,2.6104265704707252e-05,6.918621577488838e-08,4.75649450770721e-06,12.18947868142277,3
adult_edu_income_welch,0.001,0.12512218963831867,7,511,1,6,3.3886310283114476e-07,2.6182021644283182e-05,6.921151197081585e-08,4.584186663825207e-06,12.259297091513872,3
adult_edu_income_welch,0.001,0.12512218963831867,7,511,1,7,3.3883430891853394e-07,2.6370372748774074e-05,6.896206192751888e-08,4.485899883888145e-06,17.0740346936509,4
adult_edu_income_welch,0.001,0.12512218963831867,7,511,1,8,3.3893847570567857e-07,2.611006274766403e-05,6.91745950022391e-08,4.75756796647353e-06,17.149124240968376,4
adult_edu_income_welch,0.001,0.12512218963831867,7,511,1,9,3.3886779110348455e-07,2.617961364193011e-05,6.921357532212316e-08,4.580427702571832e-06,17.219287869986147,4
adult_edu_income_welch,0.001,0.12512218963831867,7,511,1,10,3.388391924109549e-07,2.635822563668011e-05,6.895915012397253e-08,4.48784996032181e-06,22.074796083383262,5
adult_edu_income_welch,0.001,0.12512218963831867,7,511,1,11,3.3894711653969516e-07,2.610136951297637e-05,6.917790622469012e-08,4.748643095076055e-06,22.15034891758114,5
adult_edu_income_welch,0.001,0.12512218963831867,7,511,1,12,3.388749765995995e-07,2.6193500904603262e-05,6.922104714724304e-08,4.591814443011266e-06,22.217786688823253,5
adult_edu_income_welch,0.001,0.12512218963831867,7,511,1,13,3.388388110218309e-07,2.6356857659282085e-05,6.89609372809699e-08,4.4929016592698545e-06,26.573240514844656,6
adult_edu_income_welch,0.001,0.12512218963831867,7,511,1,14,3.3895120596131334e-07,2.610515671352953e-05,6.917460800419145e-08,4.7536942116011005e-06,26.64868936361745,6
adult_edu_income_welch,0.001,0.12512218963831867,7,511,1,15,3.38865320770234e-07,2.6187991639670116e-05,6.921833820791137e-08,4.594719067996245e-06,26.717091764789075,6
adult_edu_income_welch,0.001,0.12512218963831867,6,15,0,1,9.070248493197297e-05,0.0030590548013743613,9.069895365928664e-05,0.0030612923809721915,4.409926428925246,2
adult_edu_income_welch,0.001,0.12512218963831867,6,15,0,2,4.316088171534395e-07,4.52467567226833e-05,2.2002742989740503e-07,3.577942884058771e-05,4.475091522093862,2
adult_edu_income_welch,0.001,0.12512218963831867,6,15,0,3,4.2066090110348667e-07,4.551978392286493e-05,1.904223101165811e-07,3.5508939066342116e-05,8.885008811019361,3
adult_edu_income_welch,0.001,0.12512218963831867,6,15,0,4,4.206653660170194e-07,4.550187657659244e-05,1.9044198946137087e-07,3.527660106894537e-05,9.002673062030226,3
adult_edu_income_welch,0.001,0.12512218963831867,6,15,0,5,4.2068357793921055e-07,4.543955205105199e-05,1.9062685408215767e-07,3.550915686700851e-05,9.079355189111084,3
adult_edu_income_welch,0.001,0.12512218963831867,6,15,0,6,4.2073707203597673e-07,4.5253042714077374e-05,1.9065345680740564e-07,3.5746239518963385e-05,9.15110049303621,3
adult_edu_income_welch,0.001,0.12512218963831867,6,15,0,7,4.206652008694336e-07,4.552482152486714e-05,1.9042158446918453e-07,3.5515886415038445e-05,13.821099636144936,4
adult_edu_income_welch,0.001,0.12512218963831867,6,15,0,8,4.2066650378762564e-07,4.549599303771412e-05,1.9043419912130526e-07,3.5282136744974046e-05,13.902082543354481,4
adult_edu_income_welch,0.001,0.12512218963831867,6,15,0,9,4.2067447941837786e-07,4.5438563495481255e-05,1.9061802922025185e-07,3.551705977744568e-05,13.974409106653184,4
adult_edu_income_welch,0.001,0.12512218963831867,6,15,0,10,4.207354786354621e-07,4.52463382516477e-05,1.9064761630412322e-07,3.574219699864489e-05,14.042512211482972,4
adult_edu_income_welch,0.001,0.12512218963831867,6,15,0,11,4.206652895556873e-07,4.550321283103287e-05,1.9041876273310108e-07,3.551561044778939e-05,18.672432993538678,5
adult_edu_income_welch,0.001,0.12512218963831867,6,15,0,12,4.2067247209702947e-07,4.548154790018355e-05,1.9043066828940806e-07,3.527892084231876e-05,18.749224413651973,5
adult_edu_income_welch,0.001,0.12512218963831867,6,15,0,13,4.2067739871606515e-07,4.543397547185357e-05,1.906301591224032e-07,3.550986945966006e-05,18.821683754678816,5
adult_edu_income_welch,0.001,0.12512218963831867,6,15,0,14,4.2074115396974573e-07,4.524393655402914e-05,1.9065035311036113e-07,3.5753145569694667e-05,18.888791804667562,5
adult_edu_income_welch,0.001,0.12512218963831867,6,15,0,15,4.206647207745574e-07,4.551945568476157e-05,1.904205510235505e-07,3.5501525132763945e-05,23.28316736454144,6
adult_edu_income_welch,0.001,0.12512218963831867,6,15,1,1,9.077185002870602e-05,0.00306437516983038,9.076878600750281e-05,0.003068287299511585,2.537476080469787,1
adult_edu_income_welch,0.001,0.12512218963831867,6,15,1,2,3.7405884502733804e-07,3.972176587307974e-05,1.3440175551893098e-07,1.7454492451940418e-05,2.612109996378422,1
adult_edu_income_welch,0.001,0.12512218963831867,6,15,1,3,3.478477212146179e-07,3.5866019977293107e-05,6.885619220183673e-08,3.666736806073878e-06,7.280218719970435,2
adult_edu_income_welch,0.001,0.12512218963831867,6,15,1,4,3.479679428475495e-07,3.592268495400397e-05,6.930311596150849e-08,3.6713953364131413e-06,7.3577123479917645,2
adult_edu_income_welch,0.001,0.12512218963831867,6,15,1,5,3.4782558204143614e-07,3.5897545497265426e-05,6.901606454592918e-08,3.6312291261664242e-06,7.427320274990052,2
adult_edu_income_welch,0.001,0.12512218963831867,6,15,1,6,3.478535175744022e-07,3.587301056939829e-05,6.884369760311085e-08,3.6644259533424872e-06,12.08251846395433,3
adult_edu_income_welch,0.001,0.12512218963831867,6,15,1,7,3.4796965067282676e-07,3.5929910130905185e-05,6.930359530764484e-08,3.676080566283879e-06,12.161184755619615,3
adult_edu_income_welch,0.001,0.12512218963831867,6,15,1,8,3.478056769324047e-07,3.589734264219935e-05,6.900723484689602e-08,3.6334332996768026e-06,12.233196788467467,3
adult_edu_income_welch,0.001,0.12512218963831867,6,15,1,9,3.478387630040611e-07,3.586508708997016e-05,6.884041263642131e-08,3.6636767913877932e-06,17.150577411521226,4
adult_edu_income_welch,0.001,0.12512218963831867,6,15,1,10,3.4796610610340363e-07,3.5930455455357446e-05,6.93073400060879e-08,3.6699251684257916e-06,17.226351156365126,4
adult_edu_income_welch,0.001,0.12512218963831867,6,15,1,11,3.4782852559780145e-07,3.589708470719266e-05,6.900333328539146e-08,3.630753892092109e-06,17.296555197332054,4
adult_edu_income_welch,0.001,0.12512218963831867,6,15,1,12,3.4784672276336743e-07,3.586998516569295e-05,6.884650774582047e-08,3.6604432760434236e-06,22.263754412997514,5
adult_edu_income_welch,0.001,0.12512218963831867,6,15,1,13,3.479654459543679e-07,3.591950447323633e-05,6.931114282510611e-08,3.6770692517507086e-06,22.337497123051435,5
adult_edu_income_welch,0.001,0.12512218963831867,6,15,1,14,3.478198608830665e-07,3.589796277347901e-05,6.900033806304197e-08,3.6269468750571576e-06,22.407332359813154,5
adult_edu_income_welch,0.001,0.12512218963831867,6,15,1,15,3.478553556693081e-07,3.585982491949302e-05,6.884125858287263e-08,3.6652986572516255e-06,27.26804933184758,6
adult_edu_income_welch,0.001,0.12512218963831867,6,31,0,1,4.583839433049967e-07,7.610705317839805e-05,2.591668593239403e-07,7.455620985807876e-05,4.719454896170646,2
adult_edu_income_welch,0.001,0.12512218963831867,6,31,0,2,4.3438246017724326e-07,7.15396841491911e-05,1.904411372742925e-07,6.998883374509379e-05,9.296119103208184,3
adult_edu_income_welch,0.001,0.12512218963831867,6,31,0,3,4.343436097177591e-07,7.146925615364452e-05,1.904418863481369e-07,6.991840564030127e-05,9.375084737315774,3
adult_edu_income_welch,0.001,0.12512218963831867,6,31,0,4,4.343243764799574e-07,7.14750025779809e-05,1.9045716038200566e-07,6.992415207363045e-05,9.449126622639596,3
adult_edu_income_welch,0.001,0.12512218963831867,6,31,0,5,4.344120577976624e-07,7.166570494732127e-05,1.9042310264112862e-07,7.011485473873424e-05,9.55128999054432,3
adult_edu_income_welch,0.001,0.12512218963831867,6,31,0,6,4.3438663903161545e-07,7.155568355765585e-05,1.9043742903206279e-07,7.000483317831652e-05,14.362343643326312,4
adult_edu_income_welch,0.001,0.12512218963831867,6,31,0,7,4.343441191973433e-07,7.146187079687394e-05,1.9045322912002941e-07,6.991102027209539e-05,14.445953430142254,4
adult_edu_income_welch,0.001,0.12512218963831867,6,31,0,8,4.3432472010684485e-07,7.146760049814294e-05,1.904582232697189e-07,6.991674998224617e-05,14.52091587614268,4
adult_edu_income_welch,0.001,0.12512218963831867,6,31,0,9,4.3440287878367836e-07,7.166955470128133e-05,1.904417327165637e-07,7.011870449857849e-05,14.589950992260128,4
adult_edu_income_welch,0.001,0.12512218963831867,6,31,0,10,4.3438979811966804e-07,7.155577159623228e-05,1.904390293897164e-07,7.000492121700397e-05,19.21660568891093,5
adult_edu_income_welch,0.001,0.12512218963831867,6,31,0,11,4.3435018914309104e-07,7.146644407529656e-05,1.9043782076021322e-07,6.991559355762345e-05,19.29831960890442,5
adult_edu_income_welch,0.001,0.12512218963831867,6,31,0,12,4.343139286689315e-07,7.147039083721385e-05,1.9045277410569374e-07,6.991954032564696e-05,19.372552047949284,5
adult_edu_income_welch,0.001,0.12512218963831867,6,31,0,13,4.3441025968565927e-07,7.166863109975274e-05,1.904311615146807e-07,7.011778089560661e-05,19.440253436099738,5
adult_edu_income_welch,0.001,0.12512218963831867,6,31,0,14,4.3438811344305244e-07,7.155114068846391e-05,1.9044998755968556e-07,7.000029030213017e-05,23.997743836138397,6
adult_edu_income_welch,0.001,0.12512218963831867,6,31,0,15,4.3434824105076543e-07,7.147239488369816e-05,1.9043879036239564e-07,6.99215443752399e-05,24.07605694187805,6
adult_edu_income_welch,0.001,0.12512218963831867,6,31,1,1,3.942849312843704e-07,6.232810602768701e-05,2.0363506462628788e-07,8.92714795819316e-06,2.8898641676642,1
adult_edu_income_welch,0.001,0.12512218963831867,6,31,1,2,3.4159713589861865e-07,6.184301276279669e-05,6.899469819531874e-08,3.8241890321089045e-06,7.447538776788861,2
adult_edu_income_welch,0.001,0.12512218963831867,6,31,1,3,3.416256746632217e-07,6.173284960930836e-05,6.932442190162749e-08,3.776343551975536e-06,7.521758735645562,2
adult_edu_income_welch,0.001,0.12512218963831867,6,31,1,4,3.417277541388856e-07,6.16863705792392e-05,6.918776016990187e-08,3.732712608783828e-06,7.591242166701704,2
adult_edu_income_welch,0.001,0.12512218963831867,6,31,1,5,3.416066124274163e-07,6.185698778737869e-05,6.899382725052296e-08,3.821877373355598e-06,11.823028660845011,3
adult_edu_income_welch,0.001,0.12512218963831867,6,31,1,6,3.416260640360683e-07,6.172995686415383e-05,6.932101464650776e-08,3.8040423344654073e-06,11.921214796602726,3
adult_edu_income_welch,0.001,0.12512218963831867,6,31,1,7,3.417388660385957e-07,6.169725146754068e-05,6.920743780650739e-08,3.748692111948948e-06,11.993016913998872,3
adult_edu_income_welch,0.001,0.12512218963831867,6,31,1,8,3.415986167209736e-07,6.185082587495394e-05,6.899078328351444e-08,3.832477366794151e-06,17.05566379521042,4
adult_edu_income_welch,0.001,0.12512218963831867,6,31,1,9,3.4162835603148865e-07,6.174066073671991e-05,6.933132753253739e-08,3.7846490399395805e-06,17.13086854433641,4
adult_edu_income_welch,0.001,0.12512218963831867,6,31,1,10,3.4174182789078797e-07,6.170085638912415e-05,6.919902870672573e-08,3.749059089619422e-06,17.200978172477335,4
adult_edu_income_welch,0.001,0.12512218963831867,6,31,1,11,3.4159860324463874e-07,6.18439057221698e-05,6.899953775968607e-08,3.819607549471193e-06,21.995323199313134,5
adult_edu_income_welch,0.001,0.12512218963831867,6,31,1,12,3.416239310820918e-07,6.17288129791671e-05,6.933147648889869e-08,3.7885120051095456e-06,22.071049142163247,5
adult_edu_income_welch,0.001,0.12512218963831867,6,31,1,13,3.4173999619996275e-07,6.169819100354523e-05,6.919650840745223e-08,3.763947977075688e-06,22.142611583229154,5
adult_edu_income_welch,0.001,0.12512218963831867,6,31,1,14,3.4159542639379024e-07,6.184066213865691e-05,6.899079882372638e-08,3.820443833180143e-06,27.052085509058088,6
adult_edu_income_welch,0.001,0.12512218963831867,6,31,1,15,3.4162206080680504e-07,6.173553561739098e-05,6.933137563459657e-08,3.791762853366798e-06,27.128562949132174,6
adult_edu_income_welch,0.001,0.12512218963831867,6,63,0,1,4.228718402572051e-07,4.1975897184687305e-05,1.9430318568618732e-07,4.830018925539026e-05,5.307157153729349,2
adult_edu_income_welch,0.001,0.12512218963831867,6,63,0,2,4.2273355549432595e-07,4.152070273955033e-05,1.942340992722939e-07,4.784499768917261e-05,9.629384011030197,3
adult_edu_income_welch,0.001,0.12512218963831867,6,63,0,3,4.2282817885423436e-07,4.17422586560523e-05,1.9430181210280798e-07,4.8066552204351076e-05,9.709926510229707,3
adult_edu_income_welch,0.001,0.12512218963831867,6,63,0,4,4.2283525246826435e-07,4.177064629806715e-05,1.9435764979179983e-07,4.809493966684286e-05,9.783412328455597,3
adult_edu_income_welch,0.001,0.12512218963831867,6,63,0,5,4.228625647737137e-07,4.196676995948945e-05,1.9430367030285744e-07,4.8291062087924e-05,9.853189470712095,3
adult_edu_income_welch,0.001,0.12512218963831867,6,63,0,6,4.227447422758042e-07,4.154802323774742e-05,1.942422562237977e-07,4.7872318014507975e-05,14.132435254752636,4
adult_edu_income_welch,0.001,0.12512218963831867,6,63,0,7,4.228263458440774e-07,4.1754767949875315e-05,1.9429973872176322e-07,4.807906141901519e-05,14.216391399502754,4
adult_edu_income_welch,0.001,0.12512218963831867,6,63,0,8,4.228541809561003e-07,4.176341183004251e-05,1.9436545075676213e-07,4.808770524467043e-05,14.288789195474237,4
adult_edu_income_welch,0.001,0.12512218963831867,6,63,0,9,4.228518649914263e-07,4.19693203224103e-05,1.9429183041410106e-07,4.829361243474661e-05,14.355549742467701,4
adult_edu_income_welch,0.001,0.12512218963831867,6,63,0,10,4.2274102290877587e-07,4.1540544371221344e-05,1.942508309067739e-07,4.78648391952774e-05,18.73583349585533,5
adult_edu_income_welch,0.001,0.12512218963831867,6,63,0,11,4.228181942564673e-07,4.176158871249669e-05,1.9429022761073808e-07,4.808588213867093e-05,18.815371208824217,5
adult_edu_income_welch,0.001,0.12512218963831867,6,63,0,12,4.2284050725423364e-07,4.1748699676769085e-05,1.9436044408282317e-07,4.80729931844337e-05,18.88870341097936,5
adult_edu_income_welch,0.001,0.12512218963831867,6,63,0,13,4.228603661379192e-07,4.197343759382299e-05,1.9429144028485068e-07,4.829772968006907e-05,18.9577130721882,5
adult_edu_income_welch,0.001,0.12512218963831867,6,63,0,14,4.227493345080959e-07,4.15473932148247e-05,1.942448216226764e-07,4.787168799558206e-05,23.3943596011959,6
adult_edu_income_welch,0.001,0.12512218963831867,6,63,0,15,4.2281315612808184e-07,4.1756200535481014e-05,1.942904569269345e-07,4.808049399562808e-05,23.473725509364158,6
adult_edu_income_welch,0.001,0.12512218963831867,6,63,1,1,3.446184158941488e-07,4.11306815457646e-05,6.928329049752478e-08,3.839103085545581e-06,3.2429541838355362,1
adult_edu_income_welch,0.001,0.12512218963831867,6,63,1,2,3.444995006868473e-07,4.134688860357727e-05,6.894523617244878e-08,3.87003661672658e-06,7.764166682958603,2
adult_edu_income_welch,0.001,0.12512218963831867,6,63,1,3,3.4468174985240825e-07,4.1384486565432255e-05,6.932783615011889e-08,3.969602478282042e-06,7.840028341859579,2
adult_edu_income_welch,0.001,0.12512218963831867,6,63,1,4,3.445385620703323e-07,4.135241061042905e-05,6.926616885330735e-08,3.9286997366438925e-06,7.9099510316737,2
adult_edu_income_welch,0.001,0.12512218963831867,6,63,1,5,3.444946618168098e-07,4.132893999519993e-05,6.894892304533829e-08,3.8744462935724755e-06,12.671823191456497,3
adult_edu_income_welch,0.001,0.12512218963831867,6,63,1,6,3.4467588347134094e-07,4.13771457064005e-05,6.932025531755076e-08,3.977590275705545e-06,12.744624610524625,3
adult_edu_income_welch,0.001,0.12512218963831867,6,63,1,7,3.4453535917896015e-07,4.135211056066623e-05,6.926794314709975e-08,3.942738691975478e-06,12.817393185570836,3
adult_edu_income_welch,0.001,0.12512218963831867,6,63,1,8,3.44496802765317e-07,4.133909181747164e-05,6.895409788357091e-08,3.872951580219386e-06,17.44951049843803,4
adult_edu_income_welch,0.001,0.12512218963831867,6,63,1,9,3.446702262565117e-07,4.137612150678649e-05,6.932485030442074e-08,3.973463276074618e-06,17.524446685332805,4
adult_edu_income_welch,0.001,0.12512218963831867,6,63,1,10,3.445369623179176e-07,4.1348616802494575e-05,6.927497314801654e-08,3.935232743335071e-06,17.593297731131315,4
adult_edu_income_welch,0.001,0.12512218963831867,6,63,1,11,3.445005441491948e-07,4.134619232210035e-05,6.895088458702922e-08,3.864452295498921e-06,22.342276144772768,5
adult_edu_income_welch,0.001,0.12512218963831867,6,63,1,12,3.446771922036959e-07,4.13782555763742e-05,6.932141831237124e-08,3.966884623451961e-06,22.41541984444484,5
adult_edu_income_welch,0.001,0.12512218963831867,6,63,1,13,3.4453293533283607e-07,4.133686228402489e-05,6.927303213951217e-08,3.933471368955388e-06,22.483446838799864,5
adult_edu_income_welch,0.001,0.12512218963831867,6,63,1,14,3.4449634759034324e-07,4.133780278481325e-05,6.895031615106184e-08,3.86644755034915e-06,27.41746453475207,6
adult_edu_income_welch,0.001,0.12512218963831867,6,63,1,15,3.44682121298287e-07,4.136436320334447e-05,6.931427592070928e-08,3.965579497000604e-06,27.493435862008482,6
adult_edu_income_welch,0.001,0.12512218963831867,6,127,0,1,4.326859968557647e-07,8.304361266620042e-05,1.9987335091516286e-07,7.940099224468256e-05,8.626170439179987,3
adult_edu_income_welch,0.001,0.12512218963831867,6,127,0,2,4.3270969445043594e-07,8.31878095182148e-05,2.0004307425054469e-07,7.954518857156145e-05,8.705549375154078,3
adult_edu_income_welch,0.001,0.12512218963831867,6,127,0,3,4.326950963336498e-07,8.315085726540161e-05,2.000069341538853e-07,7.950823645308525e-05,8.777826221194118,3
adult_edu_income_welch,0.001,0.12512218963831867,6,127,0,4,4.3271789487819276e-07,8.303354605887492e-05,1.9999879772131078e-07,7.939092567399442e-05,8.84595292340964,3
adult_edu_income_welch,0.001,0.12512218963831867,6,127,0,5,4.327123369656743e-07,8.309320011212762e-05,1.999045721627587e-07,7.94505795100875e-05,14.226803559344262,4
adult_edu_income_welch,0.001,0.12512218963831867,6,127,0,6,4.327109565775846e-07,8.318934326956295e-05,2.000559051207611e-07,7.954672231713644e-05,14.305703912395984,4
adult_edu_income_welch,0.001,0.12512218963831867,6,127,0,7,4.3268467385268e-07,8.314188100499997e-05,2.0000045780677438e-07,7.949926022554621e-05,14.382916202768683,4
adult_edu_income_welch,0.001,0.12512218963831867,6,127,0,8,4.327222679011665e-07,8.303450408386759e-05,2.0001410090872204e-07,7.939188369543437e-05,14.450856401585042,4
adult_edu_income_welch,0.001,0.12512218963831867,6,127,0,9,4.327048135462055e-07,8.309456787602976e-05,1.998961428083322e-07,7.94519472688826e-05,19.246729898732156,5
adult_edu_income_welch,0.001,0.12512218963831867,6,127,0,10,4.3271376830039015e-07,8.320395503247369e-05,2.0005384004373258e-07,7.956133402697851e-05,19.328284916002303,5
adult_edu_income_welch,0.001,0.12512218963831867,6,127,0,11,4.3269008612140347e-07,8.315368097222553e-05,1.9999303135859523e-07,7.951106014969511e-05,19.402700137812644,5
adult_edu_income_welch,0.001,0.12512218963831867,6,127,0,12,4.327312578374203e-07,8.302761505007972e-05,2.0000689591473874e-07,7.938499468673754e-05,19.472247735597193,5
adult_edu_income_welch,0.001,0.12512218963831867,6,127,0,13,4.327125469899127e-07,8.308426688952153e-05,1.9989990303720566e-07,7.944164631989992e-05,24.363136721774936,6
adult_edu_income_welch,0.001,0.12512218963831867,6,127,0,14,4.327154412550794e-07,8.319224000374881e-05,2.000497137907705e-07,7.95496190408862e-05,24.442334378603846,6
adult_edu_income_welch,0.001,0.12512218963831867,6,127,0,15,4.326909634096832e-07,8.313713900376385e-05,2.0000018325137155e-07,7.949451824162956e-05,24.517606428358704,6
adult_edu_income_welch,0.001,0.12512218963831867,6,127,1,1,3.4538200075744655e-07,6.568397023087869e-05,6.927717631724658e-08,4.697570652467675e-06,6.6246914700604975,2
adult_edu_income_welch,0.001,0.12512218963831867,6,127,1,2,3.4550129829639945e-07,6.566351435743911e-05,6.944220938280535e-08,5.107049217301096e-06,6.699929698836058,2
adult_edu_income_welch,0.001,0.12512218963831867,6,127,1,3,3.454064654561528e-07,6.57703372837215e-05,6.944135907655349e-08,4.512787548205388e-06,6.768696505110711,2
adult_edu_income_welch,0.001,0.12512218963831867,6,127,1,4,3.453568251453463e-07,6.569878030027176e-05,6.914799357257207e-08,4.677828848831389e-06,11.868462899234146,3
adult_edu_income_welch,0.001,0.12512218963831867,6,127,1,5,3.4550415798755493e-07,6.567426997894366e-05,6.943756251157933e-08,5.0925629936360295e-06,11.939893341623247,3
adult_edu_income_welch,0.001,0.12512218963831867,6,127,1,6,3.45400021282799e-07,6.577158407927719e-05,6.943787314443964e-08,4.520083989212331e-06,12.00526028778404,3
adult_edu_income_welch,0.001,0.12512218963831867,6,127,1,7,3.4535451301553264e-07,6.57046872882816e-05,6.91576646683241e-08,4.688036058464462e-06,16.996010337024927,4
adult_edu_income_welch,0.001,0.12512218963831867,6,127,1,8,3.4550380779812046e-07,6.567379587640865e-05,6.943833197146373e-08,5.110553072951163e-06,17.072401167824864,4
adult_edu_income_welch,0.001,0.12512218963831867,6,127,1,9,3.454064193337689e-07,6.577560783638248e-05,6.943863003337932e-08,4.507096842187863e-06,17.14079654077068,4
adult_edu_income_welch,0.001,0.12512218963831867,6,127,1,10,3.453524957593314e-07,6.57068481022538e-05,6.915869041364936e-08,4.687550827608966e-06,22.140194529667497,5
adult_edu_income_welch,0.001,0.12512218963831867,6,127,1,11,3.455141169145113e-07,6.568304628951083e-05,6.944785111420436e-08,5.105774462221824e-06,22.21302187955007,5
adult_edu_income_welch,0.001,0.12512218963831867,6,127,1,12,3.454134312291328e-07,6.576913177314125e-05,6.944244103829672e-08,4.513253736293521e-06,22.28336002631113,5
adult_edu_income_welch,0.001,0.12512218963831867,6,127,1,13,3.453550919330279e-07,6.569757566565748e-05,6.916233901260976e-08,4.6762261177724085e-06,27.014264578465372,6
adult_edu_income_welch,0.001,0.12512218963831867,6,127,1,14,3.4551363058534044e-07,6.567618076802617e-05,6.944193778795547e-08,5.096531526471715e-06,27.090048731304705,6
adult_edu_income_welch,0.001,0.12512218963831867,6,127,1,15,3.454097780290217e-07,6.57731913176196e-05,6.944628474110163e-08,4.513449700316308e-06,27.15987567929551,6
adult_edu_income_welch,0.001,0.12512218963831867,6,255,0,1,4.306141001383972e-07,5.540830901051841e-05,1.960329074157343e-07,5.0109574278867086e-05,8.417395294178277,3
adult_edu_income_welch,0.001,0.12512218963831867,6,255,0,2,4.30654797409461e-07,5.538958226458668e-05,1.962397177397849e-07,5.018903078890524e-05,8.496785204391927,3
adult_edu_income_welch,0.001,0.12512218963831867,6,255,0,3,4.30720741326868e-07,5.5397308063032114e-05,1.962329761102118e-07,5.0270101584981575e-05,8.569187798537314,3
adult_edu_income_welch,0.001,0.12512218963831867,6,255,0,4,4.306736740375896e-07,5.536145953444205e-05,1.961220998067967e-07,5.003524589253239e-05,8.635460664518178,3
adult_edu_income_welch,0.001,0.12512218963831867,6,255,0,5,4.3062794026501954e-07,5.542878626663139e-05,1.960586481339494e-07,5.013866244940601e-05,13.728342733345926,4
adult_edu_income_welch,0.001,0.12512218963831867,6,255,0,6,4.306611344937844e-07,5.538951178540863e-05,1.9623742704237817e-07,5.019659679317279e-05,13.830082938540727,4
adult_edu_income_welch,0.001,0.12512218963831867,6,255,0,7,4.3071298733767535e-07,5.5393259273950335e-05,1.962249135702505e-07,5.026143965625174e-05,13.906061688438058,4
adult_edu_income_welch,0.001,0.12512218963831867,6,255,0,8,4.306785740565144e-07,5.5361385234764526e-05,1.9612209516576764e-07,5.0031316655374525e-05,13.974645440466702,4
adult_edu_income_welch,0.001,0.12512218963831867,6,255,0,9,4.3063172885769927e-07,5.542734158914264e-05,1.9605941695477117e-07,5.0140272755738735e-05,19.087761288508773,5
adult_edu_income_welch,0.001,0.12512218963831867,6,255,0,10,4.306489038922533e-07,5.5386793589073946e-05,1.962341424848801e-07,5.018811083257191e-05,19.169022482354194,5
adult_edu_income_welch,0.001,0.12512218963831867,6,255,0,11,4.307007961467712e-07,5.539573358182004e-05,1.9621831238951092e-07,5.025890813192824e-05,19.240087814163417,5
adult_edu_income_welch,0.001,0.12512218963831867,6,255,0,12,4.3068160098935833e-07,5.5357763237173785e-05,1.9613048913661251e-07,5.0031554164053915e-05,19.308304037433118,5
adult_edu_income_welch,0.001,0.12512218963831867,6,255,0,13,4.306297240366634e-07,5.542366191257919e-05,1.9605133927195803e-07,5.013706745460311e-05,24.203659421298653,6
adult_edu_income_welch,0.001,0.12512218963831867,6,255,0,14,4.306565670447518e-07,5.5389567249042315e-05,1.9623350431560734e-07,5.018698280889744e-05,24.283547674305737,6
adult_edu_income_welch,0.001,0.12512218963831867,6,255,0,15,4.307012175638432e-07,5.539596885739684e-05,1.9622348153813853e-07,5.025988324525166e-05,24.357209453359246,6
adult_edu_income_welch,0.001,0.12512218963831867,6,255,1,1,3.3884675988480717e-07,4.174424952885225e-05,6.890220919027765e-08,3.8020479451450484e-06,6.7383524607867,2
adult_edu_income_welch,0.001,0.12512218963831867,6,255,1,2,3.3883218820364485e-07,4.1747794131241633e-05,6.906968945686793e-08,3.777004334626355e-06,6.814040610566735,2
adult_edu_income_welch,0.001,0.12512218963831867,6,255,1,3,3.3886472019219874e-07,4.171744004310973e-05,6.901390401766586e-08,3.837928952088454e-06,6.883379881735891,2
adult_edu_income_welch,0.001,0.12512218963831867,6,255,1,4,3.388131161339868e-07,4.175873938772057e-05,6.877652763761862e-08,3.806400402983634e-06,11.575312864035368,3
adult_edu_income_welch,0.001,0.12512218963831867,6,255,1,5,3.3883712493693155e-07,4.174954420799182e-05,6.908080074029041e-08,3.7765856585325608e-06,11.64875074988231,3
adult_edu_income_welch,0.001,0.12512218963831867,6,255,1,6,3.388773320664478e-07,4.171534428976109e-05,6.901189821499672e-08,3.836282459923623e-06,11.720354575663805,3
adult_edu_income_welch,0.001,0.12512218963831867,6,255,1,7,3.3881649979530874e-07,4.176167365055328e-05,6.879008844873997e-08,3.8017829563363748e-06,15.93382596457377,4
adult_edu_income_welch,0.001,0.12512218963831867,6,255,1,8,3.38851771594811e-07,4.174900785858249e-05,6.908776769033788e-08,3.776717664938367e-06,16.009519087616354,4
adult_edu_income_welch,0.001,0.12512218963831867,6,255,1,9,3.3886805786210834e-07,4.171634331484597e-05,6.901675013886563e-08,3.834759387810749e-06,16.078721350524575,4
adult_edu_income_welch,0.001,0.12512218963831867,6,255,1,10,3.3881807537673703e-07,4.1760159884329795e-05,6.878285969060698e-08,3.805864160044692e-06,20.421431825496256,5
adult_edu_income_welch,0.001,0.12512218963831867,6,255,1,11,3.3883421996663715e-07,4.1751887912999663e-05,6.907750306650069e-08,3.773515482086154e-06,20.496260612737387,5
adult_edu_income_welch,0.001,0.12512218963831867,6,255,1,12,3.3887313442194057e-07,4.1712939301330465e-05,6.902430357924884e-08,3.834830931914723e-06,20.56352479197085,5
adult_edu_income_welch,0.001,0.12512218963831867,6,255,1,13,3.388073704874373e-07,4.176111061493515e-05,6.877254066832509e-08,3.8030792515186818e-06,25.048943202011287,6
adult_edu_income_welch,0.001,0.12512218963831867,6,255,1,14,3.3882918069019676e-07,4.174748107543813e-05,6.908282723805476e-08,3.768540488113814e-06,25.124530071858317,6
adult_edu_income_welch,0.001,0.12512218963831867,6,255,1,15,3.388641064762217e-07,4.171648820983087e-05,6.900796698168407e-08,3.8309764602839635e-06,25.194544414058328,6
adult_edu_income_welch,0.001,0.12512218963831867,6,511,0,1,4.219173144694994e-07,4.7534997002496304e-05,1.8831719934328105e-07,4.0206144455212645e-05,8.948888846673071,3
adult_edu_income_welch,0.001,0.12512218963831867,6,511,0,2,4.219029586623104e-07,4.731729684825936e-05,1.883909385314104e-07,4.0426977252594476e-05,9.027943258639425,3
adult_edu_income_welch,0.001,0.12512218963831867,6,511,0,3,4.2202542392633127e-07,4.762512247813433e-05,1.885273149664135e-07,3.991544118753243e-05,9.09793235687539,3
adult_edu_income_welch,0.001,0.12512218963831867,6,511,0,4,4.220379571668493e-07,4.751749179343623e-05,1.8852288425141248e-07,3.9961331411597634e-05,9.16553755570203,3
adult_edu_income_welch,0.001,0.12512218963831867,6,511,0,5,4.219422094445003e-07,4.753286071279561e-05,1.8833146583013428e-07,4.019094335150353e-05,14.105032230727375,4
adult_edu_income_welch,0.001,0.12512218963831867,6,511,0,6,4.2190194516530515e-07,4.730648033546281e-05,1.8838514595072796e-07,4.0443220366226384e-05,14.186215110588819,4
adult_edu_income_welch,0.001,0.12512218963831867,6,511,0,7,4.220286248302219e-07,4.763535556051579e-05,1.885229121216628e-07,3.99246532747366e-05,14.257001064252108,4
adult_edu_income_welch,0.001,0.12512218963831867,6,511,0,8,4.220342225005323e-07,4.751531161939493e-05,1.8851885835218315e-07,3.9980929184002534e-05,14.340493289288133,4
adult_edu_income_welch,0.001,0.12512218963831867,6,511,0,9,4.219344406227409e-07,4.754371249615641e-05,1.883323453023394e-07,4.020736237830835e-05,19.363489161711186,5
adult_edu_income_welch,0.001,0.12512218963831867,6,511,0,10,4.219097394775487e-07,4.730424439758352e-05,1.8838411122479347e-07,4.0432198932238705e-05,19.44519905373454,5
adult_edu_income_welch,0.001,0.12512218963831867,6,511,0,11,4.220206633709848e-07,4.762384804513076e-05,1.8852194863451955e-07,3.9929267563909576e-05,19.577048731967807,5
adult_edu_income_welch,0.001,0.12512218963831867,6,511,0,12,4.2204690447249387e-07,4.751001428604518e-05,1.8852651497864854e-07,3.998873407418113e-05,19.643278304953128,5
adult_edu_income_welch,0.001,0.12512218963831867,6,511,0,13,4.219415353419215e-07,4.755083703744667e-05,1.8833323677296948e-07,4.019728985704685e-05,24.73691947897896,6
adult_edu_income_welch,0.001,0.12512218963831867,6,511,0,14,4.2191434434919154e-07,4.729834978411951e-05,1.8838532572340827e-07,4.042463891917869e-05,24.82042418094352,6
adult_edu_income_welch,0.001,0.12512218963831867,6,511,0,15,4.2203218201366645e-07,4.762723258033841e-05,1.8852531517940286e-07,3.991123548829911e-05,24.894639880862087,6
adult_edu_income_welch,0.001,0.12512218963831867,6,511,1,1,3.457477439160958e-07,7.052204436319709e-05,6.886386078313201e-08,4.267575770766641e-06,7.187644666060805,2
adult_edu_income_welch,0.001,0.12512218963831867,6,511,1,2,3.457018346478197e-07,6.999701439280859e-05,6.904873722436862e-08,4.203821987625034e-06,7.263185365125537,2
adult_edu_income_welch,0.001,0.12512218963831867,6,511,1,3,3.4566135542671617e-07,7.066683041956345e-05,6.914155822105282e-08,4.074593130454218e-06,7.334587001241744,2
adult_edu_income_welch,0.001,0.12512218963831867,6,511,1,4,3.4572156026985474e-07,7.052242304850243e-05,6.874825671023417e-08,4.259359155156517e-06,12.62483223946765,3
adult_edu_income_welch,0.001,0.12512218963831867,6,511,1,5,3.456964266732687e-07,6.999414697472783e-05,6.904428129360672e-08,4.209182147385526e-06,12.70210330048576,3
adult_edu_income_welch,0.001,0.12512218963831867,6,511,1,6,3.4565915319511095e-07,7.066243180486875e-05,6.914619598410307e-08,4.078245970484673e-06,12.772229337599128,3
adult_edu_income_welch,0.001,0.12512218963831867,6,511,1,7,3.4571956268035587e-07,7.052006205432448e-05,6.8740286685373e-08,4.2692258392929006e-06,17.704972921404988,4
adult_edu_income_welch,0.001,0.12512218963831867,6,511,1,8,3.457089122139936e-07,7.00101745668702e-05,6.905650192334762e-08,4.222998548852885e-06,17.78228678321466,4
adult_edu_income_welch,0.001,0.12512218963831867,6,511,1,9,3.456623803302838e-07,7.065880259948809e-05,6.913631019971566e-08,4.061233850771728e-06,17.85341103002429,4
adult_edu_income_welch,0.001,0.12512218963831867,6,511,1,10,3.4570849484939493e-07,7.052346297398149e-05,6.874611719396141e-08,4.262213809336224e-06,22.801649529952556,5
adult_edu_income_welch,0.001,0.12512218963831867,6,511,1,11,3.4569842039257575e-07,7.000310505489438e-05,6.905944328253996e-08,4.200386809816159e-06,22.87875719135627,5
adult_edu_income_welch,0.001,0.12512218963831867,6,511,1,12,3.4566102194627713e-07,7.065287100049833e-05,6.914742204897648e-08,4.0699973604674256e-06,22.94962628837675,5
adult_edu_income_welch,0.001,0.12512218963831867,6,511,1,13,3.457188984487772e-07,7.051138131974888e-05,6.874229887096395e-08,4.2689918684502e-06,27.945935853291303,6
adult_edu_income_welch,0.001,0.12512218963831867,6,511,1,14,3.4570029390399256e-07,7.000448998106812e-05,6.905854079493858e-08,4.211440658652421e-06,28.030433119274676,6
adult_edu_income_welch,0.001,0.12512218963831867,6,511,1,15,3.456572125906345e-07,7.064100448794797e-05,6.913910894501083e-08,4.066960242132822e-06,28.118228109553456,6
adult_edu_income_welch,0.001,0.12512218963831867,5,15,1,1,9.077069825275897e-05,0.003063218392604705,9.076942521469205e-05,0.003068267008020875,2.7711213207803667,1
adult_edu_income_welch,0.001,0.12512218963831867,5,15,1,2,3.6611934763722094e-07,6.967864293416781e-05,1.3484181396605454e-07,1.738737728973483e-05,2.878264596685767,1
adult_edu_income_welch,0.001,0.12512218963831867,5,15,1,3,3.417169158684901e-07,6.812575705017476e-05,6.929640411839784e-08,4.507127296937696e-06,7.79888274287805,2
adult_edu_income_welch,0.001,0.12512218963831867,5,15,1,4,3.4177688557720696e-07,6.810281022850972e-05,6.951443036816199e-08,4.96730844257165e-06,7.876096776686609,2
adult_edu_income_welch,0.001,0.12512218963831867,5,15,1,5,3.41672280067372e-07,6.8307981517024e-05,6.953478385974903e-08,4.489082566561109e-06,7.947317526675761,2
adult_edu_income_welch,0.001,0.12512218963831867,5,15,1,6,3.4172356398425363e-07,6.813079478285022e-05,6.929487197913117e-08,4.501705164750014e-06,12.947845830582082,3
adult_edu_income_welch,0.001,0.12512218963831867,5,15,1,7,3.4175897488206993e-07,6.809367622806484e-05,6.951946805292583e-08,4.970697576545113e-06,13.02454651799053,3
adult_edu_income_welch,0.001,0.12512218963831867,5,15,1,8,3.416595017581995e-07,6.830328508500294e-05,6.95391444515351e-08,4.481954184565318e-06,13.09451876906678,3
adult_edu_income_welch,0.001,0.12512218963831867,5,15,1,9,3.4171699765794743e-07,6.81280983467758e-05,6.92998058779712e-08,4.512820733881817e-06,18.06188279716298,4
adult_edu_income_welch,0.001,0.12512218963831867,5,15,1,10,3.4176728410346017e-07,6.809176985078658e-05,6.951727959335805e-08,4.970041071028497e-06,18.13834721641615,4
adult_edu_income_welch,0.001,0.12512218963831867,5,15,1,11,3.4166775912391085e-07,6.83169118066429e-05,6.953435361545194e-08,4.487767339522719e-06,18.209578410256654,4
adult_edu_income_welch,0.001,0.12512218963831867,5,15,1,12,3.417164141342362e-07,6.813630843227614e-05,6.929595534290028e-08,4.5110797065595065e-06,23.406219258438796,5
adult_edu_income_welch,0.001,0.12512218963831867,5,15,1,13,3.417736845071454e-07,6.810531984258184e-05,6.952988791968426e-08,4.960116562258143e-06,23.481242516543716,5
adult_edu_income_welch,0.001,0.12512218963831867,5,15,1,14,3.416634574984386e-07,6.830097839294336e-05,6.954474803987497e-08,4.477627931986916e-06,23.55043919198215,5
adult_edu_income_welch,0.001,0.12512218963831867,5,15,1,15,3.417245561474127e-07,6.81313746300205e-05,6.928911112418298e-08,4.504399622740074e-06,28.769154970999807,6
adult_edu_income_welch,0.001,0.12512218963831867,5,31,1,1,3.937239948625232e-07,4.135517304659775e-05,2.034546804919006e-07,8.252747161208163e-06,2.6581678721122444,1
adult_edu_income_welch,0.001,0.12512218963831867,5,31,1,2,3.415854597486324e-07,3.9308519016234555e-05,6.874795791094929e-08,4.179427762873722e-06,7.527313231024891,2
adult_edu_income_welch,0.001,0.12512218963831867,5,31,1,3,3.4177975238676634e-07,3.939657922358286e-05,6.921205145355385e-08,4.126485727118379e-06,7.602545398753136,2
adult_edu_income_welch,0.001,0.12512218963831867,5,31,1,4,3.4161835032538274e-07,3.918555013915359e-05,6.896264634446026e-08,4.388112091358032e-06,7.672015585005283,2
adult_edu_income_welch,0.001,0.12512218963831867,5,31,1,5,3.4159049364482116e-07,3.9302193539980657e-05,6.874202261031439e-08,4.191030033573462e-06,12.366323677822948,3
adult_edu_income_welch,0.001,0.12512218963831867,5,31,1,6,3.417860144569575e-07,3.939322781298937e-05,6.921025195711264e-08,4.131519172889675e-06,12.441367114894092,3
adult_edu_income_welch,0.001,0.12512218963831867,5,31,1,7,3.4163215046200754e-07,3.918023815419058e-05,6.89596835379905e-08,4.3866809399384366e-06,12.509780690073967,3
adult_edu_income_welch,0.001,0.12512218963831867,5,31,1,8,3.4159760151731216e-07,3.930752176761754e-05,6.875074305251247e-08,4.183708283811427e-06,17.673375548794866,4
adult_edu_income_welch,0.001,0.12512218963831867,5,31,1,9,3.417740143301402e-07,3.939712570932841e-05,6.92090153971351e-08,4.131954168928864e-06,17.750100468751043,4
adult_edu_income_welch,0.001,0.12512218963831867,5,31,1,10,3.4162702052676345e-07,3.9187415242669665e-05,6.896240527539031e-08,4.3918371044338045e-06,17.81972333835438,4
adult_edu_income_welch,0.001,0.12512218963831867,5,31,1,11,3.415787336038143e-07,3.9314711786753165e-05,6.875460262631262e-08,4.183725959783224e-06,22.835095402318984,5
adult_edu_income_welch,0.001,0.12512218963831867,5,31,1,12,3.417864401802433e-07,3.9394621890620485e-05,6.921464257152074e-08,4.131869013934697e-06,22.907784140203148,5
adult_edu_income_welch,0.001,0.12512218963831867,5,31,1,13,3.4162531906812123e-07,3.918558042770304e-05,6.895417487654494e-08,4.382951889869702e-06,22.97642188426107,5
adult_edu_income_welch,0.001,0.12512218963831867,5,31,1,14,3.415875389514498e-07,3.9311756444559975e-05,6.874203323593275e-08,4.182490458526367e-06,28.02056602202356,6
adult_edu_income_welch,0.001,0.12512218963831867,5,31,1,15,3.417913205888104e-07,3.939208410785877e-05,6.919965129267933e-08,4.135930815052369e-06,28.096465670969337,6
adult_edu_income_welch,0.001,0.12512218963831867,5,63,1,1,3.4774855780768396e-07,4.995642578098369e-05,6.89599718861187e-08,3.6730252265249064e-06,3.619571034796536,1
adult_edu_income_welch,0.001,0.12512218963831867,5,63,1,2,3.476521779160845e-07,5.006742128488284e-05,6.864986600365824e-08,3.597199691007802e-06,8.417037498671561,2
adult_edu_income_welch,0.001,0.12512218963831867,5,63,1,3,3.477158568583781e-07,4.9962037811823734e-05,6.894458866064997e-08,3.4723557221782997e-06,8.492842388805002,2
adult_edu_income_welch,0.001,0.12512218963831867,5,63,1,4,3.4760091298237673e-07,5.009901886865453e-05,6.898666900342066e-08,3.821898651890088e-06,8.562027079984546,2
adult_edu_income_welch,0.001,0.12512218963831867,5,63,1,5,3.4764759531191123e-07,5.0068197259056646e-05,6.864756905413869e-08,3.603631058002321e-06,13.581939333118498,3
adult_edu_income_welch,0.001,0.12512218963831867,5,63,1,6,3.477232645241912e-07,4.996214984054337e-05,6.894909553852935e-08,3.491599465110795e-06,13.65485554607585,3
adult_edu_income_welch,0.001,0.12512218963831867,5,63,1,7,3.476044903261338e-07,5.010004354166764e-05,6.899401514606966e-08,3.821838370221542e-06,13.72531779622659,3
adult_edu_income_welch,0.001,0.12512218963831867,5,63,1,8,3.476484933052439e-07,5.006763952675186e-05,6.86538507546538e-08,3.5980420978187766e-06,18.455113080330193,4
adult_edu_income_welch,0.001,0.12512218963831867,5,63,1,9,3.477225039500788e-07,4.9966283679037105e-05,6.894911056666583e-08,3.4700222484307375e-06,18.531470471527427,4
adult_edu_income_welch,0.001,0.12512218963831867,5,63,1,10,3.476079305930277e-07,5.010189754750538e-05,6.898846246032722e-08,3.803192881735029e-06,18.60851439833641,4
adult_edu_income_welch,0.001,0.12512218963831867,5,63,1,11,3.4765498982541684e-07,5.006887814384964e-05,6.864085137136606e-08,3.5966288278732605e-06,23.71361855044961,5
adult_edu_income_welch,0.001,0.12512218963831867,5,63,1,12,3.477253053859911e-07,4.996329556183898e-05,6.894542065512016e-08,3.4720188570869226e-06,23.786379840690643,5
adult_edu_income_welch,0.001,0.12512218963831867,5,63,1,13,3.4760775794662194e-07,5.009833809987985e-05,6.899143333881429e-08,3.80127720356338e-06,23.867739539593458,5
adult_edu_income_welch,0.001,0.12512218963831867,5,63,1,14,3.4763968550200565e-07,5.0069557467113945e-05,6.865306246386495e-08,3.6049759405409887e-06,28.453419257421046,6
adult_edu_income_welch,0.001,0.12512218963831867,5,63,1,15,3.477196211875348e-07,4.996802648682408e-05,6.894732679867778e-08,3.47943041378862e-06,28.528051170520484,6
adult_edu_income_welch,0.001,0.12512218963831867,5,127,1,1,3.356181338989377e-07,3.3903173899729744e-05,6.847190229032244e-08,3.458161996094944e-06,6.007943694014102,2
adult_edu_income_welch,0.001,0.12512218963831867,5,127,1,2,3.3557961895134186e-07,3.382455408618146e-05,6.852460590500522e-08,3.3157522268956185e-06,6.0831760433502495,2
adult_edu_income_welch,0.001,0.12512218963831867,5,127,1,3,3.3573635043078397e-07,3.3920502213513615e-05,6.863433248279787e-08,3.5094016924697158e-06,6.152216616552323,2
adult_edu_income_welch,0.001,0.12512218963831867,5,127,1,4,3.355762104579108e-07,3.3887602164939246e-05,6.836038638467846e-08,3.4468954441813082e-06,10.50238725868985,3
adult_edu_income_welch,0.001,0.12512218963831867,5,127,1,5,3.3558483684412705e-07,3.382261902207251e-05,6.85247154623642e-08,3.3357672251099757e-06,10.579768903553486,3
adult_edu_income_welch,0.001,0.12512218963831867,5,127,1,6,3.357380008528417e-07,3.39211907002257e-05,6.863979289045694e-08,3.5009372916228187e-06,10.647963994648308,3
adult_edu_income_welch,0.001,0.12512218963831867,5,127,1,7,3.355790324591833e-07,3.38901206052844e-05,6.835122240296442e-08,3.458552704671547e-06,15.48260190198198,4
adult_edu_income_welch,0.001,0.12512218963831867,5,127,1,8,3.355900014158494e-07,3.3822330121502375e-05,6.85339189311076e-08,3.3353976757188875e-06,15.557016394566745,4
adult_edu_income_welch,0.001,0.12512218963831867,5,127,1,9,3.357436255736507e-07,3.392062322971068e-05,6.863412612177706e-08,3.4947924846262524e-06,15.625684993807226,4
adult_edu_income_welch,0.001,0.12512218963831867,5,127,1,10,3.3558371344903875e-07,3.3888263449077805e-05,6.83468423264153e-08,3.45101809517967e-06,20.71864902274683,5
adult_edu_income_welch,0.001,0.12512218963831867,5,127,1,11,3.3558638572935706e-07,3.3822683770834416e-05,6.852828333992836e-08,3.315176026252864e-06,20.794061351567507,5
adult_edu_income_welch,0.001,0.12512218963831867,5,127,1,12,3.357285787594228e-07,3.3921809007742e-05,6.862986341764831e-08,3.490817209517161e-06,20.865724148694426,5
adult_edu_income_welch,0.001,0.12512218963831867,5,127,1,13,3.3556965260479364e-07,3.389020317823288e-05,6.834344089105905e-08,3.435619949754276e-06,25.693639433477074,6
adult_edu_income_welch,0.001,0.12512218963831867,5,127,1,14,3.355850323777798e-07,3.3827198024027894e-05,6.851682636104875e-08,3.330941784507324e-06,25.769478676375,6
adult_edu_income_welch,0.001,0.12512218963831867,5,127,1,15,3.3573960521793354e-07,3.392257845613589e-05,6.863368772298199e-08,3.5206950385058278e-06,25.839681623503566,6
adult_edu_income_welch,0.001,0.12512218963831867,5,255,1,1,3.358694489334182e-07,5.215644658718155e-05,6.854175119445907e-08,3.7347373066376477e-06,5.966991571709514,2
adult_edu_income_welch,0.001,0.12512218963831867,5,255,1,2,3.359762616998542e-07,5.203268690956442e-05,6.874820001629968e-08,3.70242575342683e-06,6.042814042419195,2
adult_edu_income_welch,0.001,0.12512218963831867,5,255,1,3,3.35815189250439e-07,5.253381575798244e-05,6.868725733080418e-08,3.7601587242752643e-06,6.113311566412449,2
adult_edu_income_welch,0.001,0.12512218963831867,5,255,1,4,3.358358004538975e-07,5.217721007810816e-05,6.84241508800272e-08,3.7342858364430853e-06,10.61469988245517,3
adult_edu_income_welch,0.001,0.12512218963831867,5,255,1,5,3.3597125578843125e-07,5.2038230203610425e-05,6.87358515165677e-08,3.6998726066217458e-06,10.689117782283574,3
adult_edu_income_welch,0.001,0.12512218963831867,5,255,1,6,3.358231210677107e-07,5.252180141512852e-05,6.870450726722134e-08,3.757691254713258e-06,10.75829485245049,3
adult_edu_income_welch,0.001,0.12512218963831867,5,255,1,7,3.3582983604744194e-07,5.2186211612736955e-05,6.841866048349528e-08,3.7286648008061363e-06,15.140598910395056,4
adult_edu_income_welch,0.001,0.12512218963831867,5,255,1,8,3.359786605985134e-07,5.20280179883148e-05,6.873902376611639e-08,3.7047711225479674e-06,15.225803368724883,4
adult_edu_income_welch,0.001,0.12512218963831867,5,255,1,9,3.3581316659954594e-07,5.251885434032211e-05,6.870263253253988e-08,3.771268895613744e-06,15.2954162475653,4
adult_edu_income_welch,0.001,0.12512218963831867,5,255,1,10,3.358396622735886e-07,5.21819814502944e-05,6.841745176828593e-08,3.7334805498279167e-06,19.682415305636823,5
adult_edu_income_welch,0.001,0.12512218963831867,5,255,1,11,3.3597972493957593e-07,5.204387827295598e-05,6.873793131949779e-08,3.704359677447755e-06,19.768459507729858,5
adult_edu_income_welch,0.001,0.12512218963831867,5,255,1,12,3.358154757345018e-07,5.2528708658350354e-05,6.869033295446632e-08,3.7625106388272656e-06,19.87355329748243,5
adult_edu_income_welch,0.001,0.12512218963831867,5,255,1,13,3.3583798356253455e-07,5.2181526233763265e-05,6.84213085040141e-08,3.7254926873453442e-06,24.429093721322715,6
adult_edu_income_welch,0.001,0.12512218963831867,5,255,1,14,3.359818888421136e-07,5.203860805513827e-05,6.87343685622444e-08,3.6994088733477426e-06,24.505665906704962,6
adult_edu_income_welch,0.001,0.12512218963831867,5,255,1,15,3.358193302683441e-07,5.252916495979143e-05,6.87006678396831e-08,3.7598952211670422e-06,24.574873895850033,6
adult_edu_income_welch,0.001,0.12512218963831867,5,511,1,1,3.36521599644998e-07,4.640553969958994e-05,6.895798185182846e-08,3.439843289432254e-06,6.871227066963911,2
adult_edu_income_welch,0.001,0.12512218963831867,5,511,1,2,3.363934961098805e-07,4.629139584988451e-05,6.905705644824896e-08,3.6656523336731084e-06,6.945070219691843,2
adult_edu_income_welch,0.001,0.12512218963831867,5,511,1,3,3.364622429639863e-07,4.651384179643614e-05,6.913554244576239e-08,3.528766262306249e-06,7.015561787877232,2
adult_edu_income_welch,0.001,0.12512218963831867,5,511,1,4,3.364882375632952e-07,4.6423175748433465e-05,6.883780278265145e-08,3.433476108316569e-06,12.070648080669343,3
adult_edu_income_welch,0.001,0.12512218963831867,5,511,1,5,3.363961651255712e-07,4.629176621229192e-05,6.905282643437425e-08,3.6629178782332517e-06,12.145838385913521,3
adult_edu_income_welch,0.001,0.12512218963831867,5,511,1,6,3.3645352948040105e-07,4.6511687351813435e-05,6.913015117203462e-08,3.5091448330470953e-06,12.212968199979514,3
adult_edu_income_welch,0.001,0.12512218963831867,5,511,1,7,3.364912506378534e-07,4.642092940754239e-05,6.883808871162983e-08,3.4377937835339267e-06,16.963043862953782,4
adult_edu_income_welch,0.001,0.12512218963831867,5,511,1,8,3.364053558044898e-07,4.629107198050875e-05,6.905918505543192e-08,3.6712944427863548e-06,17.036940799094737,4
adult_edu_income_welch,0.001,0.12512218963831867,5,511,1,9,3.364465123615408e-07,4.650767669356348e-05,6.913757776676402e-08,3.5113295192568117e-06,17.106632828712463,4
adult_edu_income_welch,0.001,0.12512218963831867,5,511,1,10,3.3649576819933224e-07,4.6422382758093406e-05,6.883419901939467e-08,3.4318637496255633e-06,22.13241977384314,5
adult_edu_income_welch,0.001,0.12512218963831867,5,511,1,11,3.3640605920846913e-07,4.629169863368254e-05,6.906906875061596e-08,3.6659104012404242e-06,22.208643396850675,5
adult_edu_income_welch,0.001,0.12512218963831867,5,511,1,12,3.364661196731139e-07,4.651059623150822e-05,6.914417035335825e-08,3.5227778087953965e-06,22.2771688378416,5
adult_edu_income_welch,0.001,0.12512218963831867,5,511,1,13,3.3648429488942363e-07,4.6417983259106066e-05,6.884244550109178e-08,3.426411627538428e-06,27.222117741126567,6
adult_edu_income_welch,0.001,0.12512218963831867,5,511,1,14,3.3639968297429984e-07,4.628929675076776e-05,6.906500707505613e-08,3.666420999359765e-06,27.29965115431696,6
adult_edu_income_welch,0.001,0.12512218963831867,5,511,1,15,3.36460135210043e-07,4.6508610830109376e-05,6.913644828687563e-08,3.5127386464051114e-06,27.371937038376927,6
adult_edu_income_welch,0.001,0.12512218963831867,4,15,1,1,9.077933405739507e-05,0.0030677072126915617,9.076891363778456e-05,0.003068015953379577,2.384591171517968,1
adult_edu_income_welch,0.001,0.12512218963831867,4,15,1,2,3.697033390377501e-07,6.02993785746575e-05,1.344116983437605e-07,1.7706042807152933e-05,2.4533442496322095,1
adult_edu_income_welch,0.001,0.12512218963831867,4,15,1,3,3.428797356570854e-07,5.9146573362811594e-05,6.874524762322926e-08,3.4263293321457056e-06,7.341233000624925,2
adult_edu_income_welch,0.001,0.12512218963831867,4,15,1,4,3.4297841157975644e-07,5.914710568277748e-05,6.912857899346971e-08,3.5380153096120637e-06,7.417686363682151,2
adult_edu_income_welch,0.001,0.12512218963831867,4,15,1,5,3.42754695638961e-07,5.917764500640299e-05,6.892789931072893e-08,3.580508513123526e-06,7.486503006890416,2
adult_edu_income_welch,0.001,0.12512218963831867,4,15,1,6,3.4288010293187914e-07,5.9141120080319354e-05,6.874084184511537e-08,3.4219936246859817e-06,12.668258893769234,3
adult_edu_income_welch,0.001,0.12512218963831867,4,15,1,7,3.429735993844907e-07,5.912673672758828e-05,6.913094097113503e-08,3.522012047119105e-06,12.744739378802478,3
adult_edu_income_welch,0.001,0.12512218963831867,4,15,1,8,3.4276103324763847e-07,5.919210392157925e-05,6.891310848168561e-08,3.5923896621881113e-06,12.81273758970201,3
adult_edu_income_welch,0.001,0.12512218963831867,4,15,1,9,3.428759230998683e-07,5.9147595382169627e-05,6.873883561074064e-08,3.427735178029856e-06,17.784993009641767,4
adult_edu_income_welch,0.001,0.12512218963831867,4,15,1,10,3.429657380497894e-07,5.9140947418989676e-05,6.912674161290396e-08,3.527317704699051e-06,17.859926241915673,4
adult_edu_income_welch,0.001,0.12512218963831867,4,15,1,11,3.4275957134189417e-07,5.918561943052403e-05,6.892061802143197e-08,3.581485109926952e-06,17.929322778712958,4
adult_edu_income_welch,0.001,0.12512218963831867,4,15,1,12,3.428749431913752e-07,5.913535137158643e-05,6.874908000197277e-08,3.4297429837293336e-06,22.89626659778878,5
adult_edu_income_welch,0.001,0.12512218963831867,4,15,1,13,3.42978581248445e-07,5.9134197838206504e-05,6.913113443946057e-08,3.5428504828738383e-06,22.972729295957834,5
adult_edu_income_welch,0.001,0.12512218963831867,4,15,1,14,3.4275184307439515e-07,5.918651766323446e-05,6.891638738072917e-08,3.5821479855702165e-06,23.042332821059972,5
adult_edu_income_welch,0.001,0.12512218963831867,4,15,1,15,3.4288216965815195e-07,5.914542840179671e-05,6.874129343175943e-08,3.425463394157724e-06,27.95266184816137,6
adult_edu_income_welch,0.001,0.12512218963831867,4,31,1,1,3.960871783469059e-07,5.170527688957982e-05,2.0357485870279606e-07,9.385999405031598e-06,3.046881504356861,1
adult_edu_income_welch,0.001,0.12512218963831867,4,31,1,2,3.455247585114323e-07,4.8861280851131283e-05,6.868262452981524e-08,3.5840416445775958e-06,7.555196484085172,2
adult_edu_income_welch,0.001,0.12512218963831867,4,31,1,3,3.457017402430602e-07,4.884396887872011e-05,6.902993820325198e-08,3.8304721021731325e-06,7.630976392421871,2
adult_edu_income_welch,0.001,0.12512218963831867,4,31,1,4,3.457003454556544e-07,4.889326285395512e-05,6.910820392155671e-08,3.982420148207488e-06,7.7017887304537,2
adult_edu_income_welch,0.001,0.12512218963831867,4,31,1,5,3.4551516751020773e-07,4.886109607660227e-05,6.868615863799183e-08,3.568688285437993e-06,12.442023533396423,3
adult_edu_income_welch,0.001,0.12512218963831867,4,31,1,6,3.4570635933601354e-07,4.8842981123509155e-05,6.902170889406368e-08,3.8276821858751475e-06,12.517938703298569,3
adult_edu_income_welch,0.001,0.12512218963831867,4,31,1,7,3.4569194723364265e-07,4.88962603311105e-05,6.910127839354472e-08,4.00201998929095e-06,12.587907359469682,3
adult_edu_income_welch,0.001,0.12512218963831867,4,31,1,8,3.4552546994594805e-07,4.886217081478961e-05,6.868661629492122e-08,3.579143957765929e-06,17.444642547052354,4
adult_edu_income_welch,0.001,0.12512218963831867,4,31,1,9,3.457038309788275e-07,4.884637191093777e-05,6.902940793132643e-08,3.827164498870772e-06,17.52087777806446,4
adult_edu_income_welch,0.001,0.12512218963831867,4,31,1,10,3.45707827176545e-07,4.889610531544353e-05,6.910051634859352e-08,3.9929259777471415e-06,17.59079148294404,4
adult_edu_income_welch,0.001,0.12512218963831867,4,31,1,11,3.4552346537436676e-07,4.8859387455468806e-05,6.869500888119249e-08,3.595906781339586e-06,21.933105487842113,5
adult_edu_income_welch,0.001,0.12512218963831867,4,31,1,12,3.4569483716590383e-07,4.884663543325285e-05,6.902422464674215e-08,3.825797983303403e-06,22.009116069879383,5
adult_edu_income_welch,0.001,0.12512218963831867,4,31,1,13,3.4570636633819097e-07,4.8894332637550164e-05,6.910272185119265e-08,3.973154989789229e-06,22.07920949300751,5
adult_edu_income_welch,0.001,0.12512218963831867,4,31,1,14,3.4551987738631936e-07,4.88611425272234e-05,6.869940797429874e-08,3.5651790688540075e-06,26.80463417014107,6
adult_edu_income_welch,0.001,0.12512218963831867,4,31,1,15,3.457060221225648e-07,4.884653621717305e-05,6.902194705169166e-08,3.8291534903978075e-06,26.879207387100905,6
adult_edu_income_welch,0.001,0.12512218963831867,4,63,1,1,3.3698439804912353e-07,4.0812625448971573e-05,6.9203774203368e-08,3.671987185316361e-06,3.3248788565397263,1
adult_edu_income_welch,0.001,0.12512218963831867,4,63,1,2,3.3692419403530475e-07,4.0896348376451286e-05,6.894495059592081e-08,3.6414739964518716e-06,7.7629721774719656,2
adult_edu_income_welch,0.001,0.12512218963831867,4,63,1,3,3.3688022010573167e-07,4.107540574371793e-05,6.925477479981083e-08,3.6752101629788925e-06,7.837366882711649,2
adult_edu_income_welch,0.001,0.12512218963831867,4,63,1,4,3.3699698069819143e-07,4.0683998278168154e-05,6.919268074032949e-08,3.794133099588315e-06,7.908365712501109,2
adult_edu_income_welch,0.001,0.12512218963831867,4,63,1,5,3.369281880554835e-07,4.0896654591282555e-05,6.895131080267159e-08,3.643823297982962e-06,12.017410842236131,3
adult_edu_income_welch,0.001,0.12512218963831867,4,63,1,6,3.3688579615873465e-07,4.1076072776813355e-05,6.926176463093549e-08,3.672521727282607e-06,12.095990783069283,3
adult_edu_income_welch,0.001,0.12512218963831867,4,63,1,7,3.369927165994094e-07,4.068989598704498e-05,6.919974420260523e-08,3.802149618481465e-06,12.164439770858735,3
adult_edu_income_welch,0.001,0.12512218963831867,4,63,1,8,3.369368514426637e-07,4.090370645670749e-05,6.894929305178619e-08,3.648331458605547e-06,16.30876766797155,4
adult_edu_income_welch,0.001,0.12512218963831867,4,63,1,9,3.3688596480148673e-07,4.107730965807743e-05,6.92639038050442e-08,3.673486511646118e-06,16.382002422120422,4
adult_edu_income_welch,0.001,0.12512218963831867,4,63,1,10,3.3700072553633395e-07,4.069079757662575e-05,6.920210533933625e-08,3.787616135841887e-06,16.451024658977985,4
adult_edu_income_welch,0.001,0.12512218963831867,4,63,1,11,3.369291218191971e-07,4.089971019194394e-05,6.894946753080195e-08,3.635991799755267e-06,20.803015127778053,5
adult_edu_income_welch,0.001,0.12512218963831867,4,63,1,12,3.3688408878492594e-07,4.1078589216203554e-05,6.925729079919273e-08,3.676854267053997e-06,20.8914862498641,5
adult_edu_income_welch,0.001,0.12512218963831867,4,63,1,13,3.369955061364976e-07,4.069013771590413e-05,6.919262616113134e-08,3.789372825080406e-06,20.959782632999122,5
adult_edu_income_welch,0.001,0.12512218963831867,4,63,1,14,3.369282355825428e-07,4.089546326169202e-05,6.895905593163874e-08,3.641508349194744e-06,25.4840807011351,6
adult_edu_income_welch,0.001,0.12512218963831867,4,63,1,15,3.368767734564919e-07,4.10731670776876e-05,6.925505153195619e-08,3.6837158039482176e-06,25.560681557282805,6
adult_edu_income_welch,0.001,0.12512218963831867,4,127,1,1,3.36468366245376e-07,3.566998483517381e-05,6.88228440913461e-08,5.144649150912173e-06,6.263324846047908,2
adult_edu_income_welch,0.001,0.12512218963831867,4,127,1,2,3.364826096089379e-07,3.559806930675258e-05,6.894771805542388e-08,5.499238749373525e-06,6.337734372820705,2
adult_edu_income_welch,0.001,0.12512218963831867,4,127,1,3,3.3659261471160083e-07,3.576055816667534e-05,6.902762610087881e-08,5.269181538536394e-06,6.407375461421907,2
adult_edu_income_welch,0.001,0.12512218963831867,4,127,1,4,3.3644412460086e-07,3.565062153665366e-05,6.87057201925402e-08,5.123304439136334e-06,11.1881697694771,3
adult_edu_income_welch,0.001,0.12512218963831867,4,127,1,5,3.3648223495335994e-07,3.560004597047417e-05,6.896090904936515e-08,5.504412866397246e-06,11.260444809217006,3
adult_edu_income_welch,0.001,0.12512218963831867,4,127,1,6,3.3658562085670036e-07,3.575903497199384e-05,6.902251320385831e-08,5.269647046168835e-06,11.328884549904615,3
adult_edu_income_welch,0.001,0.12512218963831867,4,127,1,7,3.364363495440369e-07,3.565084480428027e-05,6.869619082830062e-08,5.125541418515844e-06,15.905370824038982,4
adult_edu_income_welch,0.001,0.12512218963831867,4,127,1,8,3.364868738152525e-07,3.559832862343182e-05,6.895592513301614e-08,5.503535897455336e-06,15.981940914876759,4
adult_edu_income_welch,0.001,0.12512218963831867,4,127,1,9,3.365949874482583e-07,3.576014564066199e-05,6.902562781888307e-08,5.249767939585759e-06,16.05846940772608,4
adult_edu_income_welch,0.001,0.12512218963831867,4,127,1,10,3.364371994883109e-07,3.5649731086384584e-05,6.870222947527295e-08,5.14268757678682e-06,20.466400366742164,5
adult_edu_income_welch,0.001,0.12512218963831867,4,127,1,11,3.364753710211807e-07,3.560005704827951e-05,6.896125996214882e-08,5.4975878907015385e-06,20.53921244572848,5
adult_edu_income_welch,0.001,0.12512218963831867,4,127,1,12,3.3658680508955063e-07,3.576039616759452e-05,6.902790680009282e-08,5.2631273784742305e-06,20.607532624620944,5
adult_edu_income_welch,0.001,0.12512218963831867,4,127,1,13,3.3644485783979617e-07,3.564928096133624e-05,6.869794571496562e-08,5.136965875451871e-06,25.424068502616137,6
adult_edu_income_welch,0.001,0.12512218963831867,4,127,1,14,3.3649593447347527e-07,3.5594079903500386e-05,6.89684773237686e-08,5.512008713459693e-06,25.49962515756488,6
adult_edu_income_welch,0.001,0.12512218963831867,4,127,1,15,3.365898727994754e-07,3.576251057813007e-05,6.903151363486047e-08,5.249575950050378e-06,25.569001814816147,6
adult_edu_income_welch,0.001,0.12512218963831867,4,255,1,1,3.5630825651094866e-07,4.879043197747457e-05,6.910074188686037e-08,3.4425776893609594e-06,6.487642764113843,2
adult_edu_income_welch,0.001,0.12512218963831867,4,255,1,2,3.5630412785657024e-07,4.899090289200991e-05,6.92436203333612e-08,3.6685505845346356e-06,6.563159362412989,2
adult_edu_income_welch,0.001,0.12512218963831867,4,255,1,3,3.564195123933546e-07,4.8755518400778186e-05,6.920176579043469e-08,3.6696475621544877e-06,6.632006228435785,2
adult_edu_income_welch,0.001,0.12512218963831867,4,255,1,4,3.562784651077176e-07,4.880220576342076e-05,6.898720401778881e-08,3.411276987996814e-06,11.490370357874781,3
adult_edu_income_welch,0.001,0.12512218963831867,4,255,1,5,3.563048052482423e-07,4.898927886820559e-05,6.92447675499501e-08,3.660892590517939e-06,11.565450983587652,3
adult_edu_income_welch,0.001,0.12512218963831867,4,255,1,6,3.564103408265859e-07,4.8758920206504186e-05,6.919787269322534e-08,3.656525385475895e-06,11.635382634587586,3
adult_edu_income_welch,0.001,0.12512218963831867,4,255,1,7,3.5627652164531474e-07,4.879668680457527e-05,6.898832828659159e-08,3.430845684326833e-06,16.414421973749995,4
adult_edu_income_welch,0.001,0.12512218963831867,4,255,1,8,3.563037769589146e-07,4.899233547028814e-05,6.925351414270817e-08,3.683875362758826e-06,16.485521541908383,4
adult_edu_income_welch,0.001,0.12512218963831867,4,255,1,9,3.5642077143519256e-07,4.8755757762863894e-05,6.92066758549026e-08,3.669103572190302e-06,16.555387356784195,4
adult_edu_income_welch,0.001,0.12512218963831867,4,255,1,10,3.5626949365085637e-07,4.879515443145799e-05,6.897740638857561e-08,3.4222051807919485e-06,21.421105285640806,5
adult_edu_income_welch,0.001,0.12512218963831867,4,255,1,11,3.563118290863778e-07,4.8988782600734027e-05,6.926690716314176e-08,3.6835798367107486e-06,21.493840089533478,5
adult_edu_income_welch,0.001,0.12512218963831867,4,255,1,12,3.564118477461513e-07,4.875886851207767e-05,6.920259995955695e-08,3.6554729780924333e-06,21.565438189543784,5
adult_edu_income_welch,0.001,0.12512218963831867,4,255,1,13,3.562856105606549e-07,4.88002002432264e-05,6.898761731081871e-08,3.4118350480394355e-06,26.554454672615975,6
adult_edu_income_welch,0.001,0.12512218963831867,4,255,1,14,3.563105110892036e-07,4.8989977796232154e-05,6.924463904523997e-08,3.667170010768217e-06,26.630197902675718,6
adult_edu_income_welch,0.001,0.12512218963831867,4,255,1,15,3.564060692034848e-07,4.876003058673639e-05,6.921391150896121e-08,3.6661892452993783e-06,26.700128440745175,6
adult_edu_income_welch,0.001,0.12512218963831867,4,511,1,1,3.429615381310563e-07,6.186954044107296e-05,6.894376132721912e-08,3.969458187924602e-06,7.307680143043399,2
adult_edu_income_welch,0.001,0.12512218963831867,4,511,1,2,3.4294054683065307e-07,6.166476385627284e-05,6.92258729170588e-08,3.98848196536683e-06,7.383473199326545,2
adult_edu_income_welch,0.001,0.12512218963831867,4,511,1,3,3.430375902428792e-07,6.237638523831635e-05,6.915794496034565e-08,4.013646819567285e-06,7.454298936296254,2
adult_edu_income_welch,0.001,0.12512218963831867,4,511,1,4,3.4293164976910217e-07,6.188759349989859e-05,6.882072858028861e-08,3.9759616522472285e-06,11.91491768322885,3
adult_edu_income_welch,0.001,0.12512218963831867,4,511,1,5,3.4293316984431574e-07,6.166411612151812e-05,6.923229578782879e-08,3.989129657488988e-06,11.992084731347859,3
adult_edu_income_welch,0.001,0.12512218963831867,4,511,1,6,3.430277668878998e-07,6.236587846619734e-05,6.915162603863124e-08,4.005607424639734e-06,12.061620258260518,3
adult_edu_income_welch,0.001,0.12512218963831867,4,511,1,7,3.42943009260866e-07,6.187350885289433e-05,6.881977242184721e-08,3.973097448484175e-06,16.929917552974075,4
adult_edu_income_welch,0.001,0.12512218963831867,4,511,1,8,3.429436171385397e-07,6.165250323020288e-05,6.923334069687808e-08,4.000741786414075e-06,17.00431768782437,4
adult_edu_income_welch,0.001,0.12512218963831867,4,511,1,9,3.430291691625043e-07,6.236998045494602e-05,6.915425273810427e-08,4.0062877483260095e-06,17.07503163581714,4
adult_edu_income_welch,0.001,0.12512218963831867,4,511,1,10,3.4294249645855455e-07,6.188108682070315e-05,6.881743765492558e-08,3.968521174679829e-06,22.019519027788192,5
adult_edu_income_welch,0.001,0.12512218963831867,4,511,1,11,3.429471172916998e-07,6.166821539532741e-05,6.923214205390013e-08,3.985030652797761e-06,22.09246269520372,5
adult_edu_income_welch,0.001,0.12512218963831867,4,511,1,12,3.4303436273215227e-07,6.236345179266856e-05,6.915824405922608e-08,4.016779574622653e-06,22.16339505650103,5
adult_edu_income_welch,0.001,0.12512218963831867,4,511,1,13,3.429359402576802e-07,6.186690449117016e-05,6.881735500000386e-08,3.971377717570945e-06,26.35626602638513,6
adult_edu_income_welch,0.001,0.12512218963831867,4,511,1,14,3.4295050084170124e-07,6.16659299095268e-05,6.923388787761752e-08,3.987315988718265e-06,26.432883364148438,6
adult_edu_income_welch,0.001,0.12512218963831867,4,511,1,15,3.4303554502416883e-07,6.237578602164007e-05,6.91548673730172e-08,4.00881789885954e-06,26.503578858915716,6
adult_age_gender_welch,0.001,3.9589442815249267,12,15,0,1,0.0034078253929154018,0.48627896465716713,0.003407826026208658,0.4862794258182299,0.4693537545390427,0
adult_age_gender_welch,0.001,3.9589442815249267,12,15,0,2,0.00022926513778178184,0.29720616796993593,0.0002292653429876166,0.29720679885932566,5.493544134311378,1
adult_age_gender_welch,0.001,3.9589442815249267,12,15,0,3,2.3013254897060376e-05,0.11937056214528918,2.3006571843964765e-05,0.11937135267551768,5.570163910277188,1
adult_age_gender_welch,0.001,3.9589442815249267,12,15,0,4,2.0291355143312497e-06,0.02052272348901274,2.016767964137604e-06,0.020523602753731773,5.649561314377934,1
adult_age_gender_welch,0.001,3.9589442815249267,12,15,0,5,5.207032910503986e-08,0.0006263345510008067,3.694588369270875e-08,0.0006272316764638353,10.769249574281275,2
adult_age_gender_welch,0.001,3.9589442815249267,12,15,0,6,1.7533909447821572e-08,2.2197449993432983e-05,5.667236755665147e-10,4.32724479693114e-07,10.842907187063247,2
adult_age_gender_welch,0.001,3.9589442815249267,12,15,0,7,1.7535693835105907e-08,2.2205181058554402e-05,5.640508687596339e-10,2.7322989537559295e-07,10.933160562999547,2
adult_age_gender_welch,0.001,3.9589442815249267,12,15,0,8,1.7553770804257213e-08,2.2141255434871e-05,5.151832942998542e-10,2.8529949980260483e-07,15.469626070000231,3
adult_age_gender_welch,0.001,3.9589442815249267,12,15,0,9,1.7562279210035916e-08,2.2199307336157048e-05,5.625401604395831e-10,1.5682319620680119e-07,15.544231034815311,3
adult_age_gender_welch,0.001,3.9589442815249267,12,15,0,10,1.7532036496042822e-08,2.22012108286318e-05,5.637113555757639e-10,2.6844365352829413e-07,15.61386057594791,3
adult_age_gender_welch,0.001,3.9589442815249267,12,15,0,11,1.7555899994188675e-08,2.2139981430857603e-05,5.133770021302519e-10,2.779208303493874e-07,20.318007661029696,4
adult_age_gender_welch,0.001,3.9589442815249267,12,15,0,12,1.7557454982535014e-08,2.2196398637319703e-05,5.615077980793799e-10,1.5705865386017592e-07,20.39718459220603,4
adult_age_gender_welch,0.001,3.9589442815249267,12,15,0,13,1.753658056025424e-08,2.220595469903941e-05,5.621238276896511e-10,2.6490848381577337e-07,20.46739814290777,4
adult_age_gender_welch,0.001,3.9589442815249267,12,15,0,14,1.7551028396515887e-08,2.2137441964442672e-05,5.128791311190695e-10,2.814621042901422e-07,25.352344125974923,5
adult_age_gender_welch,0.001,3.9589442815249267,12,15,0,15,1.7560015481378943e-08,2.2193681534776744e-05,5.628508887435644e-10,1.4406630000074472e-07,25.425302045885473,5
adult_age_gender_welch,0.001,3.9589442815249267,12,31,0,1,0.0006200649860409099,0.1849133031590816,0.000620064401495953,0.18492665203121084,0.6765871308743954,0
adult_age_gender_welch,0.001,3.9589442815249267,12,31,0,2,1.553400182597194e-05,0.04811927057604248,1.5531781561924033e-05,0.04813485975715481,5.668362706899643,1
adult_age_gender_welch,0.001,3.9589442815249267,12,31,0,3,2.7027306636183225e-07,0.003403589218872516,2.5789019354277194e-07,0.003419910719522079,5.741413443814963,1
adult_age_gender_welch,0.001,3.9589442815249267,12,31,0,4,1.8177849481285498e-08,3.1829608195810266e-05,1.3035618416203988e-09,1.7551652190084255e-05,5.810250760987401,1
adult_age_gender_welch,0.001,3.9589442815249267,12,31,0,5,1.8844092282061968e-08,3.3128463820863985e-05,5.210639154445149e-10,2.3063030141212693e-07,10.799896391108632,2
adult_age_gender_welch,0.001,3.9589442815249267,12,31,0,6,1.8841095142141688e-08,3.3166714469734515e-05,5.820126255838217e-10,2.6879864478690507e-07,10.87734095286578,2
adult_age_gender_welch,0.001,3.9589442815249267,12,31,0,7,1.8837939371131102e-08,3.314470850712681e-05,5.772447783780458e-10,1.8794241374298082e-07,10.946575767826289,2
adult_age_gender_welch,0.001,3.9589442815249267,12,31,0,8,1.88424032384833e-08,3.3127949452982364e-05,5.225925518877444e-10,2.3562968143320262e-07,15.899514540564269,3
adult_age_gender_welch,0.001,3.9589442815249267,12,31,0,9,1.8840156760651798e-08,3.316803488395692e-05,5.813694348422692e-10,2.628519280012398e-07,15.973605495877564,3
adult_age_gender_welch,0.001,3.9589442815249267,12,31,0,10,1.883959039074347e-08,3.314210285210173e-05,5.769519093537935e-10,1.8829277015353085e-07,16.041477971244603,3
adult_age_gender_welch,0.001,3.9589442815249267,12,31,0,11,1.8848906830419126e-08,3.312734288263286e-05,5.213482301034619e-10,2.3724988595930085e-07,20.82330784527585,4
adult_age_gender_welch,0.001,3.9589442815249267,12,31,0,12,1.8841185398733493e-08,3.31673118321163e-05,5.829240524253456e-10,2.735070031567588e-07,20.89937134506181,4
adult_age_gender_welch,0.001,3.9589442815249267,12,31,0,13,1.8838954433575194e-08,3.3144329919299054e-05,5.709340606215767e-10,1.9199372613964982e-07,20.968636324163526,4
adult_age_gender_welch,0.001,3.9589442815249267,12,31,0,14,1.8843831980963258e-08,3.312829002477535e-05,5.205942812422468e-10,2.3004305016449678e-07,25.941331097390503,5
adult_age_gender_welch,0.001,3.9589442815249267,12,31,0,15,1.8843647427185155e-08,3.316632548688858e-05,5.818757807670664e-10,2.69338962022303e-07,26.019009525422007,5
adult_age_gender_welch,0.001,3.9589442815249267,12,63,0,1,4.008883697409027e-05,0.01991646457525653,4.0087938536330634e-05,0.019906980440439814,3.5898960041813552,1
adult_age_gender_welch,0.001,3.9589442815249267,12,63,0,2,1.2469973157073485e-07,0.0006001767952577008,1.1466384481389328e-07,0.0005905057393563728,3.665580395143479,1
adult_age_gender_welch,0.001,3.9589442815249267,12,63,0,3,1.940312556441827e-08,1.65123442796844e-05,6.136595862299562e-10,6.078434932055288e-07,3.736683311406523,1
adult_age_gender_welch,0.001,3.9589442815249267,12,63,0,4,1.9376561680845266e-08,1.6458558226739584e-05,5.328992320254586e-10,2.1123563909153376e-07,8.48811233183369,2
adult_age_gender_welch,0.001,3.9589442815249267,12,63,0,5,1.9347128531283452e-08,1.642829781056676e-05,5.640113806054052e-10,2.263378784395087e-07,8.565304826479405,2
adult_age_gender_welch,0.001,3.9589442815249267,12,63,0,6,1.9383495653745248e-08,1.65146195241217e-05,5.953408902029101e-10,2.5386575042141146e-07,8.635263983625919,2
adult_age_gender_welch,0.001,3.9589442815249267,12,63,0,7,1.937545436688076e-08,1.6460782303218124e-05,5.344197306233643e-10,2.108086596397385e-07,12.88831810420379,3
adult_age_gender_welch,0.001,3.9589442815249267,12,63,0,8,1.9348021616534522e-08,1.642904272758372e-05,5.675737383540095e-10,2.2659397092006373e-07,12.965235635172576,3
adult_age_gender_welch,0.001,3.9589442815249267,12,63,0,9,1.9379728993940143e-08,1.6515142949202755e-05,5.942380607560868e-10,2.558179730272059e-07,13.035748534835875,3
adult_age_gender_welch,0.001,3.9589442815249267,12,63,0,10,1.9369748473532214e-08,1.6459115556699544e-05,5.314736816874194e-10,2.1357534785160226e-07,18.07361871888861,4
adult_age_gender_welch,0.001,3.9589442815249267,12,63,0,11,1.9346522923525906e-08,1.6429537435191932e-05,5.670138353016752e-10,2.2299399982106394e-07,18.147727260831743,4
adult_age_gender_welch,0.001,3.9589442815249267,12,63,0,12,1.9384995584733174e-08,1.651455977569327e-05,5.905676952207403e-10,2.560091600933845e-07,18.217884613666683,4
adult_age_gender_welch,0.001,3.9589442815249267,12,63,0,13,1.9371431182686792e-08,1.646251779718888e-05,5.27390848897982e-10,2.0593359884024665e-07,23.177695848513395,5
adult_age_gender_welch,0.001,3.9589442815249267,12,63,0,14,1.9347936618611245e-08,1.642766677312224e-05,5.681824558981534e-10,2.2176048597444264e-07,23.249379398301244,5
adult_age_gender_welch,0.001,3.9589442815249267,12,63,0,15,1.9379748613205258e-08,1.6513303290999204e-05,5.9234768901294e-10,2.552257029053706e-07,23.319098603446037,5
adult_age_gender_welch,0.001,3.9589442815249267,12,127,0,1,3.2635786778504084e-07,0.00022906063268668397,3.234100759197037e-07,0.00021764129407397803,3.8708050823770463,1
adult_age_gender_welch,0.001,3.9589442815249267,12,127,0,2,1.9457266256951017e-08,2.3048991813157116e-05,5.96988304944697e-10,4.990281250449868e-07,3.9451505872420967,1
adult_age_gender_welch,0.001,3.9589442815249267,12,127,0,3,1.9454309078544246e-08,2.3024332732823893e-05,5.82112568586914e-10,4.823648034335548e-07,4.015735354274511,1
adult_age_gender_welch,0.001,3.9589442815249267,12,127,0,4,1.9468046004749215e-08,2.3036549676835882e-05,5.29665752796053e-10,1.7818785835732598e-07,9.230038811918348,2
adult_age_gender_welch,0.001,3.9589442815249267,12,127,0,5,1.9446296468271566e-08,2.3022582414933268e-05,5.902726245816752e-10,5.074812214900248e-07,9.305639422964305,2
adult_age_gender_welch,0.001,3.9589442815249267,12,127,0,6,1.9453426442420362e-08,2.302313757851504e-05,5.786721054015732e-10,4.6759942939900156e-07,9.375097211916,2
adult_age_gender_welch,0.001,3.9589442815249267,12,127,0,7,1.9463084848327962e-08,2.303748636434122e-05,5.282822344114253e-10,1.7886854120074958e-07,14.512735525611788,3
adult_age_gender_welch,0.001,3.9589442815249267,12,127,0,8,1.9447241427981955e-08,2.302613147664445e-05,5.945550210270504e-10,5.118610830745496e-07,14.588546187616885,3
adult_age_gender_welch,0.001,3.9589442815249267,12,127,0,9,1.9456788968054406e-08,2.302146715527087e-05,5.778621104065055e-10,4.798580820475351e-07,14.656584038864821,3
adult_age_gender_welch,0.001,3.9589442815249267,12,127,0,10,1.9463676833054717e-08,2.303703415129643e-05,5.290817399707028e-10,1.6781410860922108e-07,19.859260289929807,4
adult_age_gender_welch,0.001,3.9589442815249267,12,127,0,11,1.9451434615974422e-08,2.3022669960681696e-05,5.910127372681171e-10,5.06606807615384e-07,19.935685014817864,4
adult_age_gender_welch,0.001,3.9589442815249267,12,127,0,12,1.9448554574811726e-08,2.302673680842915e-05,5.767933095257799e-10,4.747349486855512e-07,20.006439608056098,4
adult_age_gender_welch,0.001,3.9589442815249267,12,127,0,13,1.94635024879447e-08,2.303562576899676e-05,5.301235038748483e-10,1.7731640666873716e-07,25.007567553780973,5
adult_age_gender_welch,0.001,3.9589442815249267,12,127,0,14,1.944427908778012e-08,2.302241899765356e-05,5.923391276375901e-10,4.988219506341096e-07,25.08688529348001,5
adult_age_gender_welch,0.001,3.9589442815249267,12,127,0,15,1.945607011965238e-08,2.302487377081608e-05,5.819164130188613e-10,4.75847472314328e-07,25.157816974446177,5
adult_age_gender_welch,0.001,3.9589442815249267,12,255,0,1,1.975128787117954e-08,2.6320479672659047e-05,5.385625681009231e-10,1.6451101148007297e-07,6.297289289068431,1
adult_age_gender_welch,0.001,3.9589442815249267,12,255,0,2,1.974563530006613e-08,2.6208787097137254e-05,5.813606250965303e-10,2.200290876164246e-07,6.372286383993924,1
adult_age_gender_welch,0.001,3.9589442815249267,12,255,0,3,1.9750468519546827e-08,2.6312750499024595e-05,5.748778522208858e-10,1.8769793230788423e-07,6.442473692819476,1
adult_age_gender_welch,0.001,3.9589442815249267,12,255,0,4,1.974366503265513e-08,2.6284375022611606e-05,5.30191387839628e-10,1.5556392285454024e-07,11.265073580201715,2
adult_age_gender_welch,0.001,3.9589442815249267,12,255,0,5,1.974834998948435e-08,2.620957473797869e-05,5.846621408786188e-10,2.2297196711207334e-07,11.338927252218127,2
adult_age_gender_welch,0.001,3.9589442815249267,12,255,0,6,1.9751775199466394e-08,2.6307883334686366e-05,5.804903519436718e-10,1.8611807584001383e-07,11.409110171254724,2
adult_age_gender_welch,0.001,3.9589442815249267,12,255,0,7,1.9745202793574435e-08,2.6283959963069314e-05,5.304778359204593e-10,1.4894103639306877e-07,16.275982006452978,3
adult_age_gender_welch,0.001,3.9589442815249267,12,255,0,8,1.9742026703713895e-08,2.6206027621711314e-05,5.812273013686316e-10,2.224593229627203e-07,16.349347879644483,3
adult_age_gender_welch,0.001,3.9589442815249267,12,255,0,9,1.9743257342497454e-08,2.6306945912213386e-05,5.779135587337121e-10,1.8691357006606069e-07,16.42533184355125,3
adult_age_gender_welch,0.001,3.9589442815249267,12,255,0,10,1.9737809239950282e-08,2.6282958103251985e-05,5.275189049178174e-10,1.56616274837873e-07,21.167754085734487,4
adult_age_gender_welch,0.001,3.9589442815249267,12,255,0,11,1.9745353854077382e-08,2.6208952225825755e-05,5.818628659066418e-10,2.2274906208430423e-07,21.24001179356128,4
adult_age_gender_welch,0.001,3.9589442815249267,12,255,0,12,1.9748481173925507e-08,2.6310864095879793e-05,5.773099733418668e-10,1.9115500438093846e-07,21.310182300861925,4
adult_age_gender_welch,0.001,3.9589442815249267,12,255,0,13,1.9742854675953276e-08,2.6284189469705233e-05,5.324651381770806e-10,1.4812329918179046e-07,26.14828984858468,5
adult_age_gender_welch,0.001,3.9589442815249267,12,255,0,14,1.974797079920708e-08,2.620779057060929e-05,5.841783521594909e-10,2.164858337039277e-07,26.219352471642196,5
adult_age_gender_welch,0.001,3.9589442815249267,12,255,0,15,1.9745907043834568e-08,2.6306818388999176e-05,5.787652752954381e-10,1.9390314964784494e-07,26.289922246709466,5
adult_age_gender_welch,0.001,3.9589442815249267,12,511,0,1,1.8518433331128224e-08,1.8582410965528595e-05,5.268619087623401e-10,1.578923809475441e-07,11.481793673243374,2
adult_age_gender_welch,0.001,3.9589442815249267,12,511,0,2,1.855199705681342e-08,1.8714577940226462e-05,5.90461184554568e-10,4.1307125120404464e-07,11.555006445385516,2
adult_age_gender_welch,0.001,3.9589442815249267,12,511,0,3,1.8507715931063745e-08,1.8544746213988716e-05,5.64175445967721e-10,2.2922681519599308e-07,11.62251687142998,2
adult_age_gender_welch,0.001,3.9589442815249267,12,511,0,4,1.852239833834821e-08,1.859121486136317e-05,5.274207511871229e-10,1.2652492131781656e-07,16.6561218672432,3
adult_age_gender_welch,0.001,3.9589442815249267,12,511,0,5,1.8552728279228395e-08,1.8725899543658997e-05,5.942836847898803e-10,4.185993351946138e-07,16.731237044092268,3
adult_age_gender_welch,0.001,3.9589442815249267,12,511,0,6,1.850679981926266e-08,1.8535530903696085e-05,5.635141470068444e-10,2.288342707545965e-07,16.80156512511894,3
adult_age_gender_welch,0.001,3.9589442815249267,12,511,0,7,1.851680397651462e-08,1.859483432253839e-05,5.282677878918154e-10,1.394355644279699e-07,21.78405007114634,4
adult_age_gender_welch,0.001,3.9589442815249267,12,511,0,8,1.8552371979894554e-08,1.8712801319376027e-05,5.942953459974973e-10,4.156307701341788e-07,21.86023415112868,4
adult_age_gender_welch,0.001,3.9589442815249267,12,511,0,9,1.850771924805493e-08,1.8545099436328982e-05,5.643836860023661e-10,2.2579696679070338e-07,21.93073981301859,4
adult_age_gender_welch,0.001,3.9589442815249267,12,511,0,10,1.8516128812766196e-08,1.8592678407314267e-05,5.286252692669106e-10,1.2641620406039777e-07,27.06907187635079,5
adult_age_gender_welch,0.001,3.9589442815249267,12,511,0,11,1.8548219744372993e-08,1.8712008314825113e-05,5.889954704484926e-10,4.0988627325599936e-07,27.144732494372874,5
adult_age_gender_welch,0.001,3.9589442815249267,12,511,0,12,1.850896951275112e-08,1.8543001186310804e-05,5.670187248874546e-10,2.291128632370132e-07,27.21615456836298,5
adult_age_gender_welch,0.001,3.9589442815249267,12,511,0,13,1.8522976698207808e-08,1.8584636976015645e-05,5.269411121264494e-10,1.3053868463952512e-07,31.624949112534523,6
adult_age_gender_welch,0.001,3.9589442815249267,12,511,0,14,1.8555720464422673e-08,1.8722411566196584e-05,5.966070388336209e-10,4.163678937185722e-07,31.700883043464273,6
adult_age_gender_welch,0.001,3.9589442815249267,12,511,0,15,1.8506320528634073e-08,1.8542814461897095e-05,5.64516295288467e-10,2.251820141463412e-07,31.772429692558944,6
adult_age_gender_welch,0.001,3.9589442815249267,11,15,0,1,0.0034078262620096315,0.4862787448028887,0.003407824334697965,0.48628110821905257,0.37683326937258244,0
adult_age_gender_welch,0.001,3.9589442815249267,11,15,0,2,0.00022926730404505458,0.29720544587916564,0.00022926405035639678,0.29720867914232596,5.444774149451405,1
adult_age_gender_welch,0.001,3.9589442815249267,11,15,0,3,2.301630066723143e-05,0.11936867504012294,2.3006012956438026e-05,0.11937272645572383,5.518298912327737,1
adult_age_gender_welch,0.001,3.9589442815249267,11,15,0,4,2.0327221942386057e-06,0.020519685344868366,2.016677996213946e-06,0.020524191523237256,5.585809055250138,1
adult_age_gender_welch,0.001,3.9589442815249267,11,15,0,5,5.401202197216948e-08,0.0006228306679734175,3.6949129828050344e-08,0.0006274283834307726,10.594447448384017,2
adult_age_gender_welch,0.001,3.9589442815249267,11,15,0,6,1.8169561010898037e-08,1.3503055735220038e-05,5.662094226196481e-10,2.898276098006747e-07,10.667943085543811,2
adult_age_gender_welch,0.001,3.9589442815249267,11,15,0,7,1.8171049883542188e-08,1.3518406818735507e-05,5.748075840447068e-10,2.45988421854193e-07,10.736321506556123,2
adult_age_gender_welch,0.001,3.9589442815249267,11,15,0,8,1.8166740804996545e-08,1.3452422185755708e-05,5.184618756687851e-10,2.5749880916414725e-07,15.820581182371825,3
adult_age_gender_welch,0.001,3.9589442815249267,11,15,0,9,1.818334204444638e-08,1.35025390848309e-05,5.643294956567146e-10,3.0539673656626576e-07,15.89158609835431,3
adult_age_gender_welch,0.001,3.9589442815249267,11,15,0,10,1.8171232093149833e-08,1.351758978751505e-05,5.708602155133529e-10,2.3056915954278168e-07,15.959159363526851,3
adult_age_gender_welch,0.001,3.9589442815249267,11,15,0,11,1.8173039485001982e-08,1.3457144275585975e-05,5.18776631522951e-10,2.5469859044058296e-07,20.814150140155107,4
adult_age_gender_welch,0.001,3.9589442815249267,11,15,0,12,1.8184398524457007e-08,1.350102384123364e-05,5.68538129210272e-10,3.0714688259436684e-07,20.886781837325543,4
adult_age_gender_welch,0.001,3.9589442815249267,11,15,0,13,1.816923752936446e-08,1.3512538441395883e-05,5.716608801050816e-10,2.5295310046580255e-07,20.954706908669323,4
adult_age_gender_welch,0.001,3.9589442815249267,11,15,0,14,1.81713055232153e-08,1.3454554370073701e-05,5.196751139764817e-10,2.4454361557957327e-07,25.61711421282962,5
adult_age_gender_welch,0.001,3.9589442815249267,11,15,0,15,1.818219120014073e-08,1.3501796549908462e-05,5.648553178877946e-10,3.0153385588427284e-07,25.68799932906404,5
adult_age_gender_welch,0.001,3.9589442815249267,11,31,0,1,0.0006200432844170258,0.18494107729307918,0.0006200434841599401,0.18494183643475348,2.845584164839238,1
adult_age_gender_welch,0.001,3.9589442815249267,11,31,0,2,1.5532073916398406e-05,0.04814143969509699,1.5529996478198245e-05,0.048142326251247924,2.916608160827309,1
adult_age_gender_welch,0.001,3.9589442815249267,11,31,0,3,2.70754276944444e-07,0.0034200249620511824,2.579604877226862e-07,0.003420953171496932,2.9836196238175035,1
adult_age_gender_welch,0.001,3.9589442815249267,11,31,0,4,1.8581552657147765e-08,1.774735149528972e-05,1.2541802909665214e-09,1.760617495127903e-05,7.558875864837319,2
adult_age_gender_welch,0.001,3.9589442815249267,11,31,0,5,1.8286384862912326e-08,1.787845433298685e-05,5.648539587217868e-10,2.0073259565656087e-07,7.63368309289217,2
adult_age_gender_welch,0.001,3.9589442815249267,11,31,0,6,1.8300105828793954e-08,1.7810158433384515e-05,5.702027135775622e-10,2.7411230729690317e-07,7.705257661174983,2
adult_age_gender_welch,0.001,3.9589442815249267,11,31,0,7,1.827817342313088e-08,1.7741079803679227e-05,5.191391715956477e-10,1.26740063111086e-07,12.44270385010168,3
adult_age_gender_welch,0.001,3.9589442815249267,11,31,0,8,1.828280723960052e-08,1.788077818309919e-05,5.664880751750508e-10,2.0305648684715294e-07,12.516064786817878,3
adult_age_gender_welch,0.001,3.9589442815249267,11,31,0,9,1.830194969407116e-08,1.7809076463648488e-05,5.697524296972845e-10,2.8154665887569763e-07,12.582962405867875,3
adult_age_gender_welch,0.001,3.9589442815249267,11,31,0,10,1.8280950851310497e-08,1.7743561181227108e-05,5.205450321717133e-10,1.3271869581110707e-07,17.869410486891866,4
adult_age_gender_welch,0.001,3.9589442815249267,11,31,0,11,1.8283728564072856e-08,1.7873414729363546e-05,5.649912065263253e-10,1.9569290288234953e-07,17.94142904272303,4
adult_age_gender_welch,0.001,3.9589442815249267,11,31,0,12,1.830238403528365e-08,1.7803470537702815e-05,5.670769544181354e-10,2.741620417356927e-07,18.00941086700186,4
adult_age_gender_welch,0.001,3.9589442815249267,11,31,0,13,1.827851297947616e-08,1.7743690353011488e-05,5.185281556784234e-10,1.2703358109877882e-07,23.187932861037552,5
adult_age_gender_welch,0.001,3.9589442815249267,11,31,0,14,1.828585291378023e-08,1.787734826674825e-05,5.648298909073949e-10,1.9962650987803698e-07,23.262243065983057,5
adult_age_gender_welch,0.001,3.9589442815249267,11,31,0,15,1.8300854462330302e-08,1.7810992939626402e-05,5.735644054635238e-10,2.735175224088948e-07,23.329809135757387,5
adult_age_gender_welch,0.001,3.9589442815249267,11,63,0,1,4.0087213960638795e-05,0.01989486589924605,4.0088009998900606e-05,0.019911840960740945,3.3744921600446105,1
adult_age_gender_welch,0.001,3.9589442815249267,11,63,0,2,1.2345055608100892e-07,0.000573230613616249,1.1465586536531285e-07,0.0005905403187486113,3.4488881221041083,1
adult_age_gender_welch,0.001,3.9589442815249267,11,63,0,3,1.8247811351499186e-08,2.265611445162463e-05,5.891977083771803e-10,6.563275458670859e-07,3.552376269362867,1
adult_age_gender_welch,0.001,3.9589442815249267,11,63,0,4,1.8288492258601352e-08,2.2681268650903696e-05,5.396679948590827e-10,1.5240244244374423e-07,8.666489912196994,2
adult_age_gender_welch,0.001,3.9589442815249267,11,63,0,5,1.829571587256434e-08,2.2653918228643377e-05,5.709194623102745e-10,2.509189434007908e-07,8.742894251830876,2
adult_age_gender_welch,0.001,3.9589442815249267,11,63,0,6,1.8257635491989826e-08,2.265708359094898e-05,5.717724955711645e-10,2.151213427392662e-07,8.815566543955356,2
adult_age_gender_welch,0.001,3.9589442815249267,11,63,0,7,1.829111998357717e-08,2.2679627622812504e-05,5.422032915692026e-10,1.5270314968063303e-07,13.893586503807455,3
adult_age_gender_welch,0.001,3.9589442815249267,11,63,0,8,1.8291108394221663e-08,2.265786508026668e-05,5.714824635211387e-10,2.4027438927376465e-07,13.967509409878403,3
adult_age_gender_welch,0.001,3.9589442815249267,11,63,0,9,1.8256994469080024e-08,2.265961945502326e-05,5.699571998445205e-10,2.1966171903642362e-07,14.033420326653868,3
adult_age_gender_welch,0.001,3.9589442815249267,11,63,0,10,1.8291617417017907e-08,2.2680963921661856e-05,5.328770566419131e-10,1.5025128119461328e-07,19.063658960629255,4
adult_age_gender_welch,0.001,3.9589442815249267,11,63,0,11,1.8289891996335384e-08,2.265838273796117e-05,5.658910020571071e-10,2.451606095910108e-07,19.137673374265432,4
adult_age_gender_welch,0.001,3.9589442815249267,11,63,0,12,1.8261089562213975e-08,2.2658356713889383e-05,5.714658473740682e-10,2.145001454234574e-07,19.205602264031768,4
adult_age_gender_welch,0.001,3.9589442815249267,11,63,0,13,1.8284707871138662e-08,2.2679205316067375e-05,5.363294197660248e-10,1.6421601412019982e-07,24.337237370666116,5
adult_age_gender_welch,0.001,3.9589442815249267,11,63,0,14,1.8295363648834556e-08,2.265673337342733e-05,5.710193199731032e-10,2.459197216975184e-07,24.411642890889198,5
adult_age_gender_welch,0.001,3.9589442815249267,11,63,0,15,1.8261778863477613e-08,2.265537394707806e-05,5.663532971119105e-10,2.1982241094065103e-07,24.47933150595054,5
adult_age_gender_welch,0.001,3.9589442815249267,11,127,0,1,3.2614718304266663e-07,0.0002320630091841025,3.2340941603424767e-07,0.00021767165968289426,3.9227241002954543,1
adult_age_gender_welch,0.001,3.9589442815249267,11,127,0,2,1.8339055525523173e-08,1.4935607973720622e-05,5.870870876982992e-10,2.1469661848350086e-07,3.9962636725977063,1
adult_age_gender_welch,0.001,3.9589442815249267,11,127,0,3,1.8320363777022883e-08,1.4918706116695546e-05,5.72043322321405e-10,2.8529548412592476e-07,4.063673494383693,1
adult_age_gender_welch,0.001,3.9589442815249267,11,127,0,4,1.832805268915872e-08,1.4907330784685868e-05,5.176056769813967e-10,1.3748896565690671e-07,8.348563353531063,2
adult_age_gender_welch,0.001,3.9589442815249267,11,127,0,5,1.833628941714946e-08,1.4936232703099961e-05,5.886012592684088e-10,2.480569660789911e-07,8.42213165666908,2
adult_age_gender_welch,0.001,3.9589442815249267,11,127,0,6,1.831758609034575e-08,1.492183093088073e-05,5.729112437245548e-10,2.75563773577403e-07,8.494109920691699,2
adult_age_gender_welch,0.001,3.9589442815249267,11,127,0,7,1.8334498729274924e-08,1.4907492884352891e-05,5.22839974392592e-10,1.3552784228210157e-07,12.747908283490688,3
adult_age_gender_welch,0.001,3.9589442815249267,11,127,0,8,1.8338068599311303e-08,1.4934784424713854e-05,5.926179889832262e-10,2.466129744860268e-07,12.823159208521247,3
adult_age_gender_welch,0.001,3.9589442815249267,11,127,0,9,1.8316006562902666e-08,1.4919847378003226e-05,5.727364760060828e-10,2.7966546833901873e-07,12.891640327405185,3
adult_age_gender_welch,0.001,3.9589442815249267,11,127,0,10,1.8332398930333022e-08,1.491027949107604e-05,5.21857544126574e-10,1.3716340574454478e-07,17.188158153556287,4
adult_age_gender_welch,0.001,3.9589442815249267,11,127,0,11,1.833477007746881e-08,1.4944735656108321e-05,5.911181937408002e-10,2.434057133626766e-07,17.264132174663246,4
adult_age_gender_welch,0.001,3.9589442815249267,11,127,0,12,1.832085670031811e-08,1.4920353324177071e-05,5.76010742941546e-10,2.848839426583538e-07,17.332646317780018,4
adult_age_gender_welch,0.001,3.9589442815249267,11,127,0,13,1.8328708375950337e-08,1.4905961962297098e-05,5.242025509582485e-10,1.435124804549659e-07,21.493555821012706,5
adult_age_gender_welch,0.001,3.9589442815249267,11,127,0,14,1.8337156860029818e-08,1.4939434531457962e-05,5.903031427078145e-10,2.4810909082795263e-07,21.568650409113616,5
adult_age_gender_welch,0.001,3.9589442815249267,11,127,0,15,1.8320379774625838e-08,1.4916342319759579e-05,5.712990559920657e-10,2.828377225760903e-07,21.637042684014887,5
adult_age_gender_welch,0.001,3.9589442815249267,11,255,0,1,1.9401556257386533e-08,2.9357727819423474e-05,5.486112979714527e-10,2.484044059336554e-07,8.31481167441234,2
adult_age_gender_welch,0.001,3.9589442815249267,11,255,0,2,1.9418870899006282e-08,2.9224330964972012e-05,5.844146532098325e-10,2.890178310011038e-07,8.389134533237666,2
adult_age_gender_welch,0.001,3.9589442815249267,11,255,0,3,1.9407843555105527e-08,2.9231848184152476e-05,5.754072013582447e-10,1.338808108819478e-07,8.457632823847234,2
adult_age_gender_welch,0.001,3.9589442815249267,11,255,0,4,1.9401910516157018e-08,2.926315200335594e-05,5.337831989431349e-10,2.2537213362205932e-07,13.36905561061576,3
adult_age_gender_welch,0.001,3.9589442815249267,11,255,0,5,1.9415266679327495e-08,2.9220351859926552e-05,5.864116389131253e-10,2.7995343510056614e-07,13.44292690558359,3
adult_age_gender_welch,0.001,3.9589442815249267,11,255,0,6,1.941117948138087e-08,2.9230869580287866e-05,5.741402380614097e-10,1.3293405676240155e-07,13.51164637459442,3
adult_age_gender_welch,0.001,3.9589442815249267,11,255,0,7,1.9407355863187428e-08,2.9261260416135748e-05,5.330977157753751e-10,2.270519157132611e-07,18.62257989961654,4
adult_age_gender_welch,0.001,3.9589442815249267,11,255,0,8,1.9416641774260842e-08,2.9223359421015616e-05,5.853619594115489e-10,2.870346813566016e-07,18.697619657497853,4
adult_age_gender_welch,0.001,3.9589442815249267,11,255,0,9,1.9406344416743928e-08,2.923266968413163e-05,5.732038600314451e-10,1.3714540714193646e-07,18.7660887488164,4
adult_age_gender_welch,0.001,3.9589442815249267,11,255,0,10,1.9404477005241668e-08,2.9261495140375793e-05,5.350631623288497e-10,2.3444154106933013e-07,23.497208068612963,5
adult_age_gender_welch,0.001,3.9589442815249267,11,255,0,11,1.9414888284685215e-08,2.9222889792124285e-05,5.839322823865888e-10,2.924932567260896e-07,23.571557353716344,5
adult_age_gender_welch,0.001,3.9589442815249267,11,255,0,12,1.9402623373173137e-08,2.923071638705199e-05,5.74038202866609e-10,1.368297424253484e-07,23.642584289889783,5
adult_age_gender_welch,0.001,3.9589442815249267,11,255,0,13,1.940395611553416e-08,2.9263015405067705e-05,5.336646717085311e-10,2.2752493933353435e-07,28.23824506206438,6
adult_age_gender_welch,0.001,3.9589442815249267,11,255,0,14,1.941290205323748e-08,2.9221424085457137e-05,5.8344734533473e-10,2.841972224221223e-07,28.31107115186751,6
adult_age_gender_welch,0.001,3.9589442815249267,11,255,0,15,1.940606836369537e-08,2.9230674599367568e-05,5.705294190167941e-10,1.41883563120615e-07,28.378932068590075,6
adult_age_gender_welch,0.001,3.9589442815249267,11,511,0,1,1.9184439396939702e-08,2.8052974472503323e-05,5.140659986585397e-10,1.0870884681324355e-07,10.967226036824286,2
adult_age_gender_welch,0.001,3.9589442815249267,11,511,0,2,1.9172740375630702e-08,2.8076291827994204e-05,5.678738483952655e-10,2.7913194799999985e-07,11.039928611833602,2
adult_age_gender_welch,0.001,3.9589442815249267,11,511,0,3,1.914750215174606e-08,2.8051743318324718e-05,5.750802520345104e-10,1.9750961022246827e-07,11.107988125644624,2
adult_age_gender_welch,0.001,3.9589442815249267,11,511,0,4,1.9177992802582735e-08,2.8028450766659496e-05,5.115324505971174e-10,8.633614156927649e-08,15.95900220470503,3
adult_age_gender_welch,0.001,3.9589442815249267,11,511,0,5,1.9174133815590068e-08,2.807758561673701e-05,5.65598576874731e-10,2.73215507329283e-07,16.03244978375733,3
adult_age_gender_welch,0.001,3.9589442815249267,11,511,0,6,1.914706726555257e-08,2.805218131995968e-05,5.760920362679731e-10,1.9438798393167644e-07,16.104342576581985,3
adult_age_gender_welch,0.001,3.9589442815249267,11,511,0,7,1.918271800035147e-08,2.8029642646143493e-05,5.11315503334825e-10,8.942510421050542e-08,20.818271222524345,4
adult_age_gender_welch,0.001,3.9589442815249267,11,511,0,8,1.9175457359047924e-08,2.808004082621718e-05,5.711972813412115e-10,2.66553615624332e-07,20.893768125679344,4
adult_age_gender_welch,0.001,3.9589442815249267,11,511,0,9,1.9145909058236843e-08,2.8051652434579744e-05,5.755823122605857e-10,1.9026732789306777e-07,20.960623543709517,4
adult_age_gender_welch,0.001,3.9589442815249267,11,511,0,10,1.917647923896883e-08,2.8028838574112314e-05,5.110839883221792e-10,9.036410775209447e-08,25.752014815807343,5
adult_age_gender_welch,0.001,3.9589442815249267,11,511,0,11,1.9173449572874954e-08,2.8075275831707103e-05,5.705605475013226e-10,2.650848300866926e-07,25.827300984878093,5
adult_age_gender_welch,0.001,3.9589442815249267,11,511,0,12,1.9154076535009328e-08,2.8051833681819183e-05,5.734177640398833e-10,1.991053695249434e-07,25.89671046845615,5
adult_age_gender_welch,0.001,3.9589442815249267,11,511,0,13,1.917550115128149e-08,2.803273324625266e-05,5.083397814083343e-10,9.121457922312004e-08,30.881983790546656,6
adult_age_gender_welch,0.001,3.9589442815249267,11,511,0,14,1.9178298567497262e-08,2.8073139922146773e-05,5.675876376598423e-10,2.675645633942736e-07,30.95650580758229,6
adult_age_gender_welch,0.001,3.9589442815249267,11,511,0,15,1.9144239504266265e-08,2.8050311268623673e-05,5.761139498912328e-10,1.9768588632729234e-07,31.02496236562729,6
adult_age_gender_welch,0.001,3.9589442815249267,10,15,0,1,0.003407785751695084,0.48628386105006627,0.0034077871460203805,0.4862953938774345,2.6125350720249116,1
adult_age_gender_welch,0.001,3.9589442815249267,10,15,0,2,0.0002292587497237844,0.2972086725384534,0.00022925944514220402,0.29722445006701625,2.68273368710652,1
adult_age_gender_welch,0.001,3.9589442815249267,10,15,0,3,2.30140421406126e-05,0.1193650041519786,2.300769274328822e-05,0.11938477423629457,7.320985445287079,2
adult_age_gender_welch,0.001,3.9589442815249267,10,15,0,4,2.029183097524176e-06,0.02050624003621404,2.017031097181126e-06,0.020528229480549887,7.391825573518872,2
adult_age_gender_welch,0.001,3.9589442815249267,10,15,0,5,5.216264156514505e-08,0.0006052830301358503,3.6975779381115e-08,0.0006277192470843795,12.327925513498485,3
adult_age_gender_welch,0.001,3.9589442815249267,10,15,0,6,1.8043047419330076e-08,2.1992060726505613e-05,5.676512392327167e-10,4.5823842587111585e-07,12.393688592594117,3
adult_age_gender_welch,0.001,3.9589442815249267,10,15,0,7,1.8057608687841836e-08,2.2535727570494046e-05,5.144046067606005e-10,1.211256761557422e-07,17.046933016739786,4
adult_age_gender_welch,0.001,3.9589442815249267,10,15,0,8,1.804908455769268e-08,2.2577508710153182e-05,5.52457996471007e-10,1.4060849751196258e-07,17.11680083349347,4
adult_age_gender_welch,0.001,3.9589442815249267,10,15,0,9,1.8049788383677395e-08,2.2528799837662206e-05,5.171506900794284e-10,1.0832792840531624e-07,21.989914837293327,5
adult_age_gender_welch,0.001,3.9589442815249267,10,15,0,10,1.805491959409571e-08,2.2577411234125933e-05,5.522391062845401e-10,1.2709894092743923e-07,22.057531980331987,5
adult_age_gender_welch,0.001,3.9589442815249267,10,15,0,11,1.8051614162195703e-08,2.2539463574888785e-05,5.118857442989197e-10,1.1828479995479313e-07,27.068749190308154,6
adult_age_gender_welch,0.001,3.9589442815249267,10,15,0,12,1.8052197619323394e-08,2.2580828478613313e-05,5.515526330945072e-10,1.3162082401763087e-07,27.140123318415135,6
adult_age_gender_welch,0.001,3.9589442815249267,10,15,0,13,1.8056622886032322e-08,2.2531451015606052e-05,5.170035032377206e-10,1.1106715014363999e-07,32.23290858324617,7
adult_age_gender_welch,0.001,3.9589442815249267,10,15,0,14,1.8056118845009535e-08,2.2576584865374727e-05,5.524548309394765e-10,1.275782957055327e-07,32.30168512603268,7
adult_age_gender_welch,0.001,3.9589442815249267,10,15,0,15,1.8056428954366213e-08,2.252443707440044e-05,5.135140736841747e-10,1.2489683154370823e-07,37.259989337064326,8
adult_age_gender_welch,0.001,3.9589442815249267,10,15,1,1,0.0034079303890657323,0.4862852596995515,0.003407929380370017,0.4862811933170583,2.4540072409436107,1
adult_age_gender_welch,0.001,3.9589442815249267,10,15,1,2,0.00022939036996403526,0.2972272653368302,0.00022938895392443336,0.29722170243874557,2.5222184429876506,1
adult_age_gender_welch,0.001,3.9589442815249267,10,15,1,3,2.315432749856095e-05,0.11942270581608805,2.315137358578505e-05,0.1194157354805846,7.538429148960859,2
adult_age_gender_welch,0.001,3.9589442815249267,10,15,1,4,2.1719713123782017e-06,0.020611542452238396,2.168920551717848e-06,0.020603789962840402,7.6142780827358365,2
adult_age_gender_welch,0.001,3.9589442815249267,10,15,1,5,1.93636543791777e-07,0.0007293731874190579,1.9057103613057848e-07,0.0007214633178668217,7.68354429397732,2
adult_age_gender_welch,0.001,3.9589442815249267,10,15,1,6,1.5725182620912874e-07,0.00010666908399104003,1.5418418066019012e-07,9.568285561711853e-05,12.486069510225207,3
adult_age_gender_welch,0.001,3.9589442815249267,10,15,1,7,1.572560925538898e-07,0.00010654426745415613,1.541886437760208e-07,9.525395986242913e-05,12.582294952124357,3
adult_age_gender_welch,0.001,3.9589442815249267,10,15,1,8,1.57227698242621e-07,0.0001065581566896956,1.5415622724442393e-07,9.479556064695416e-05,12.651502423454076,3
adult_age_gender_welch,0.001,3.9589442815249267,10,15,1,9,1.5723232952289103e-07,0.00010653847577513087,1.5416263220554283e-07,9.510132754642076e-05,17.714044298511,4
adult_age_gender_welch,0.001,3.9589442815249267,10,15,1,10,1.5725153589552835e-07,0.00010654124955133959,1.5418371247463103e-07,9.526209030752408e-05,17.788352401927114,4
adult_age_gender_welch,0.001,3.9589442815249267,10,15,1,11,1.5722125698496462e-07,0.00010655926954394879,1.5415206243162862e-07,9.480159999186721e-05,17.8602403877303,4
adult_age_gender_welch,0.001,3.9589442815249267,10,15,1,12,1.572335475819038e-07,0.00010653739801591566,1.5416376602339526e-07,9.510900978426662e-05,22.82620153669268,5
adult_age_gender_welch,0.001,3.9589442815249267,10,15,1,13,1.572571634871658e-07,0.00010654547832511518,1.5418726763445628e-07,9.525208464822299e-05,22.89965194556862,5
adult_age_gender_welch,0.001,3.9589442815249267,10,15,1,14,1.5722638164394223e-07,0.00010655526498715151,1.5415706118649053e-07,9.479078377572225e-05,22.971037386450917,5
adult_age_gender_welch,0.001,3.9589442815249267,10,15,1,15,1.5722519373175025e-07,0.00010653729726217698,1.541571731127601e-07,9.510125581391193e-05,27.95676140440628,6
adult_age_gender_welch,0.001,3.9589442815249267,10,31,0,1,0.0006200438681323461,0.18494777482159097,0.0006200431229031171,0.18493073155460293,2.8928976729512215,1
adult_age_gender_welch,0.001,3.9589442815249267,10,31,0,2,1.5532186836294906e-05,0.048156451139572454,1.552969190926663e-05,0.048136547477901415,2.961267942097038,1
adult_age_gender_welch,0.001,3.9589442815249267,10,31,0,3,2.7126027425000595e-07,0.0034405408947263405,2.5789181699777735e-07,0.003419702194571439,7.884601531084627,2
adult_age_gender_welch,0.001,3.9589442815249267,10,31,0,4,1.948167014002321e-08,3.79675345416608e-05,1.2881239921251392e-09,1.7057684386201366e-05,7.953458981122822,2
adult_age_gender_welch,0.001,3.9589442815249267,10,31,0,5,1.8855865034055205e-08,2.3005280961996277e-05,5.357835791072469e-10,2.616764303020602e-07,12.882314442191273,3
adult_age_gender_welch,0.001,3.9589442815249267,10,31,0,6,1.8841865146041468e-08,2.300306015112774e-05,5.783569961788143e-10,4.777253364007805e-07,12.95156954601407,3
adult_age_gender_welch,0.001,3.9589442815249267,10,31,0,7,1.885811234873832e-08,2.3001126595811883e-05,5.323491855905996e-10,2.537813632574881e-07,17.18266597390175,4
adult_age_gender_welch,0.001,3.9589442815249267,10,31,0,8,1.8846610061283705e-08,2.300581774461463e-05,5.799117497886058e-10,4.817581165106333e-07,17.25098543614149,4
adult_age_gender_welch,0.001,3.9589442815249267,10,31,0,9,1.8860248534111605e-08,2.3002296598018113e-05,5.361424954340819e-10,2.539165941950472e-07,22.04768633004278,5
adult_age_gender_welch,0.001,3.9589442815249267,10,31,0,10,1.884291918850811e-08,2.300588457115893e-05,5.778587853278491e-10,4.772795998420065e-07,22.11924448888749,5
adult_age_gender_welch,0.001,3.9589442815249267,10,31,0,11,1.8852502158362772e-08,2.300499345864182e-05,5.336684964824163e-10,2.6206052283761494e-07,27.183684905990958,6
adult_age_gender_welch,0.001,3.9589442815249267,10,31,0,12,1.884366568736219e-08,2.3003908461438627e-05,5.794266526136386e-10,4.844809569082287e-07,27.250967071857303,6
adult_age_gender_welch,0.001,3.9589442815249267,10,31,0,13,1.885380747728674e-08,2.3001666710320556e-05,5.331186976318997e-10,2.620038308531747e-07,32.172609088011086,7
adult_age_gender_welch,0.001,3.9589442815249267,10,31,0,14,1.8851267212958777e-08,2.3007998716240152e-05,5.788338274811218e-10,4.799555677337253e-07,32.24163442617282,7
adult_age_gender_welch,0.001,3.9589442815249267,10,31,0,15,1.8854403108415794e-08,2.300555501644208e-05,5.334959406515726e-10,2.5379952095505587e-07,37.15290943486616,8
adult_age_gender_welch,0.001,3.9589442815249267,10,31,1,1,0.0006201938500796356,0.18495240995288076,0.0006201945809091921,0.18494173198521358,2.939699560869485,1
adult_age_gender_welch,0.001,3.9589442815249267,10,31,1,2,1.567525297318627e-05,0.04820720471097073,1.567558022023788e-05,0.048194735239472264,7.3641957198269665,2
adult_age_gender_welch,0.001,3.9589442815249267,10,31,1,3,4.109017333188952e-07,0.0035246469617031817,4.1019855547483466e-07,0.003511592102415362,7.440711886622012,2
adult_age_gender_welch,0.001,3.9589442815249267,10,31,1,4,1.5444299073860685e-07,0.00012730626984558402,1.537352581571946e-07,0.00011420690187569082,7.509749921504408,2
adult_age_gender_welch,0.001,3.9589442815249267,10,31,1,5,1.5372420034636238e-07,0.0001098458978546768,1.530184379208611e-07,9.674630113576388e-05,12.224753488320857,3
adult_age_gender_welch,0.001,3.9589442815249267,10,31,1,6,1.5374021472079993e-07,0.00010987935475526012,1.5303336656422492e-07,9.677975847477427e-05,12.302435806486756,3
adult_age_gender_welch,0.001,3.9589442815249267,10,31,1,7,1.5371024993935035e-07,0.00010982742908782761,1.5300322079783165e-07,9.672783212699709e-05,12.373963813763112,3
adult_age_gender_welch,0.001,3.9589442815249267,10,31,1,8,1.537241960708416e-07,0.0001098463867235111,1.530154164535176e-07,9.674679001103748e-05,16.756284261588007,4
adult_age_gender_welch,0.001,3.9589442815249267,10,31,1,9,1.5373690101616968e-07,0.00010988112760390578,1.5303367183979835e-07,9.67815313466236e-05,16.831366603728384,4
adult_age_gender_welch,0.001,3.9589442815249267,10,31,1,10,1.537088930977839e-07,0.00010983303327727345,1.5300071722235633e-07,9.67334363899397e-05,16.918952219653875,4
adult_age_gender_welch,0.001,3.9589442815249267,10,31,1,11,1.5372260945545392e-07,0.0001098385690900816,1.5301653056228555e-07,9.673897227524542e-05,22.05177437979728,5
adult_age_gender_welch,0.001,3.9589442815249267,10,31,1,12,1.5373300786959864e-07,0.00010987185632771457,1.5302416530911742e-07,9.677225994897398e-05,22.128065045922995,5
adult_age_gender_welch,0.001,3.9589442815249267,10,31,1,13,1.5370766632077262e-07,0.00010982958173610946,1.530012396009038e-07,9.672998480347861e-05,22.223490204662085,5
adult_age_gender_welch,0.001,3.9589442815249267,10,31,1,14,1.5372854124231833e-07,0.00010984569103633657,1.5302245312597083e-07,9.674609431475911e-05,26.798630189616233,6
adult_age_gender_welch,0.001,3.9589442815249267,10,31,1,15,1.5373899795168282e-07,0.00010988782035536993,1.5302892043034095e-07,9.678822418568434e-05,26.873104561585933,6
adult_age_gender_welch,0.001,3.9589442815249267,10,63,0,1,4.008989692384932e-05,0.019912504708011314,4.008786307428453e-05,0.01990791613401477,3.068606953136623,1
adult_age_gender_welch,0.001,3.9589442815249267,10,63,0,2,1.2517571817479572e-07,0.0005953374253340193,1.1465011216712237e-07,0.0005906584122166159,3.137539359740913,1
adult_age_gender_welch,0.001,3.9589442815249267,10,63,0,3,1.8901165744429128e-08,3.0170607658419613e-05,5.457607272432317e-10,5.640113021065929e-07,7.546526216901839,2
adult_age_gender_welch,0.001,3.9589442815249267,10,63,0,4,1.8886849294087282e-08,3.01130659490223e-05,5.783171486318942e-10,1.9765125180981613e-07,7.615391832776368,2
adult_age_gender_welch,0.001,3.9589442815249267,10,63,0,5,1.8876349955658582e-08,3.0170377885552213e-05,5.308569867598732e-10,2.289501253027737e-07,11.950110295787454,3
adult_age_gender_welch,0.001,3.9589442815249267,10,63,0,6,1.8887889154376358e-08,3.0114331571073905e-05,5.803465490595747e-10,2.0430041125507614e-07,12.05838968558237,3
adult_age_gender_welch,0.001,3.9589442815249267,10,63,0,7,1.8880221625550007e-08,3.017001342497938e-05,5.307355550255763e-10,2.378029485550215e-07,16.57915891939774,4
adult_age_gender_welch,0.001,3.9589442815249267,10,63,0,8,1.889071652855844e-08,3.0113841066436997e-05,5.814920939273065e-10,2.0131362687969556e-07,16.647144434042275,4
adult_age_gender_welch,0.001,3.9589442815249267,10,63,0,9,1.887628561182396e-08,3.01717788302458e-05,5.281692298079207e-10,2.4535379117285316e-07,21.191028754226863,5
adult_age_gender_welch,0.001,3.9589442815249267,10,63,0,10,1.888460543497672e-08,3.0116213852848794e-05,5.803967531665326e-10,1.9595725442300704e-07,21.25964448135346,5
adult_age_gender_welch,0.001,3.9589442815249267,10,63,0,11,1.8878909192020232e-08,3.0169905190002844e-05,5.29808318801983e-10,2.4056565151031606e-07,25.657409775536507,6
adult_age_gender_welch,0.001,3.9589442815249267,10,63,0,12,1.8890614820592797e-08,3.0114160670557943e-05,5.77684392750105e-10,1.9775894721796305e-07,25.729049577377737,6
adult_age_gender_welch,0.001,3.9589442815249267,10,63,0,13,1.88829971376259e-08,3.016964954305479e-05,5.326462036092325e-10,2.3594358289358297e-07,29.955399218481034,7
adult_age_gender_welch,0.001,3.9589442815249267,10,63,0,14,1.888700698864714e-08,3.0112403567761348e-05,5.759416265336637e-10,2.0076308993033365e-07,30.023913592565805,7
adult_age_gender_welch,0.001,3.9589442815249267,10,63,0,15,1.887085221756346e-08,3.0169873218022225e-05,5.303579001513794e-10,2.4550646260390607e-07,34.32880583638325,8
adult_age_gender_welch,0.001,3.9589442815249267,10,63,1,1,4.02350218777514e-05,0.019953515500274577,4.023645892130702e-05,0.01997112439379012,3.686829997226596,1
adult_age_gender_welch,0.001,3.9589442815249267,10,63,1,2,2.6907310540395663e-07,0.000674011721374379,2.690716931527135e-07,0.0006919670175702386,8.660210481379181,2
adult_age_gender_welch,0.001,3.9589442815249267,10,63,1,3,1.5494438338066566e-07,9.819149648448988e-05,1.5488114746127583e-07,0.00010443859861286597,8.735702748410404,2
adult_age_gender_welch,0.001,3.9589442815249267,10,63,1,4,1.5489642782349374e-07,9.821899152040459e-05,1.5483442296309035e-07,0.00010397596156297428,8.806854034308344,2
adult_age_gender_welch,0.001,3.9589442815249267,10,63,1,5,1.5489350899268084e-07,9.818444392561965e-05,1.5483233794101768e-07,0.00010376469955275525,13.824056128505617,3
adult_age_gender_welch,0.001,3.9589442815249267,10,63,1,6,1.5491553092757498e-07,9.814787029938099e-05,1.548500317514712e-07,0.00010391601424553087,13.899139490444213,3
adult_age_gender_welch,0.001,3.9589442815249267,10,63,1,7,1.5490061728627258e-07,9.82159567513019e-05,1.5483673416328533e-07,0.00010397657878480349,13.968980059493333,3
adult_age_gender_welch,0.001,3.9589442815249267,10,63,1,8,1.548958445163688e-07,9.818799622374197e-05,1.54830388588778e-07,0.00010376666560851788,18.45331709878519,4
adult_age_gender_welch,0.001,3.9589442815249267,10,63,1,9,1.5491747271018276e-07,9.814436633215351e-05,1.5485257594418552e-07,0.00010391050459768181,18.528415750712156,4
adult_age_gender_welch,0.001,3.9589442815249267,10,63,1,10,1.5489750562538363e-07,9.821245190244632e-05,1.5483657029792444e-07,0.00010396732158457489,18.599597312975675,4
adult_age_gender_welch,0.001,3.9589442815249267,10,63,1,11,1.5489177442531643e-07,9.818573613318282e-05,1.548287847184076e-07,0.00010378108313657819,23.710723496973515,5
adult_age_gender_welch,0.001,3.9589442815249267,10,63,1,12,1.5491756578137357e-07,9.814804295116275e-05,1.548516885295422e-07,0.00010391916623742059,23.785972232930362,5
adult_age_gender_welch,0.001,3.9589442815249267,10,63,1,13,1.5490003742790666e-07,9.821520332209399e-05,1.548356918624199e-07,0.00010397094100000892,23.853943270165473,5
adult_age_gender_welch,0.001,3.9589442815249267,10,63,1,14,1.5488778154911328e-07,9.81864327539439e-05,1.548276803524227e-07,0.00010377112656978493,29.04910431895405,6
adult_age_gender_welch,0.001,3.9589442815249267,10,63,1,15,1.5492179304620285e-07,9.814565897348082e-05,1.5485812015018287e-07,0.00010391926344588409,29.125665746163577,6
adult_age_gender_welch,0.001,3.9589442815249267,10,127,0,1,3.274244788322773e-07,0.00023090983588880398,3.232761319658749e-07,0.00022038119953837754,6.95028797769919,2
adult_age_gender_welch,0.001,3.9589442815249267,10,127,0,2,2.122002412420352e-08,2.6841899260166002e-05,5.950828962491541e-10,3.261815266775159e-07,7.018081308808178,2
adult_age_gender_welch,0.001,3.9589442815249267,10,127,0,3,2.1214626370212917e-08,2.678887322471457e-05,5.27264034438712e-10,2.6908551520321566e-07,12.048264947719872,3
adult_age_gender_welch,0.001,3.9589442815249267,10,127,0,4,2.1221486596877137e-08,2.681219862676887e-05,5.96713624258921e-10,4.003714191291863e-07,12.11774083552882,3
adult_age_gender_welch,0.001,3.9589442815249267,10,127,0,5,2.1218695309385195e-08,2.678608244410796e-05,5.274349352044462e-10,2.6587003598699255e-07,17.37614522362128,4
adult_age_gender_welch,0.001,3.9589442815249267,10,127,0,6,2.1219895063016462e-08,2.6810878817395967e-05,5.988334471037412e-10,3.923449440890181e-07,17.44356087455526,4
adult_age_gender_welch,0.001,3.9589442815249267,10,127,0,7,2.1221046091155366e-08,2.6788883232820027e-05,5.256715496581937e-10,2.594171739644935e-07,22.409219628199935,5
adult_age_gender_welch,0.001,3.9589442815249267,10,127,0,8,2.121456135088646e-08,2.680911910679651e-05,5.960350425089395e-10,3.9471541990465653e-07,22.479663823265582,5
adult_age_gender_welch,0.001,3.9589442815249267,10,127,0,9,2.122063319123007e-08,2.679000796335096e-05,5.241332579236679e-10,2.6826209653663113e-07,27.504999953322113,6
adult_age_gender_welch,0.001,3.9589442815249267,10,127,0,10,2.1221119613635517e-08,2.68120028574792e-05,5.992340927526681e-10,4.058025748765459e-07,27.574459180235863,6
adult_age_gender_welch,0.001,3.9589442815249267,10,127,0,11,2.1218700573471345e-08,2.6789099416002493e-05,5.28461813104243e-10,2.5567370798285083e-07,31.79291125200689,7
adult_age_gender_welch,0.001,3.9589442815249267,10,127,0,12,2.121566846663848e-08,2.6809935314453526e-05,5.969071067299055e-10,4.0162035186419587e-07,31.862949337344617,7
adult_age_gender_welch,0.001,3.9589442815249267,10,127,0,13,2.1216240215873487e-08,2.6787415122631053e-05,5.278428101440527e-10,2.671709240509301e-07,36.37652512313798,8
adult_age_gender_welch,0.001,3.9589442815249267,10,127,0,14,2.121600757332785e-08,2.680869012616771e-05,5.97591981595872e-10,3.978658260628265e-07,36.44838085118681,8
adult_age_gender_welch,0.001,3.9589442815249267,10,127,0,15,2.122141851062056e-08,2.6790333856996362e-05,5.254597155340043e-10,2.642838194955033e-07,41.39571000216529,9
adult_age_gender_welch,0.001,3.9589442815249267,10,127,1,1,4.7048231253064686e-07,0.0003338848441182263,4.709144132344838e-07,0.00032294238030594613,6.196288610808551,2
adult_age_gender_welch,0.001,3.9589442815249267,10,127,1,2,1.5555836454883923e-07,0.00011708711520175275,1.547336026950152e-07,0.00010614227829586209,6.269977835472673,2
adult_age_gender_welch,0.001,3.9589442815249267,10,127,1,3,1.5549620802580088e-07,0.00011677716341129685,1.5466823066266324e-07,0.00010583232311256463,6.339597450569272,2
adult_age_gender_welch,0.001,3.9589442815249267,10,127,1,4,1.55536242684813e-07,0.00011699716921398373,1.5470549580334352e-07,0.0001060523313235473,10.985281819477677,3
adult_age_gender_welch,0.001,3.9589442815249267,10,127,1,5,1.5554592541739844e-07,0.00011701722715784513,1.5471671760436897e-07,0.00010607238948701081,11.058190505485982,3
adult_age_gender_welch,0.001,3.9589442815249267,10,127,1,6,1.5550017769142425e-07,0.00011676705808816301,1.546684625169329e-07,0.00010582221767885258,11.127083604689687,3
adult_age_gender_welch,0.001,3.9589442815249267,10,127,1,7,1.5553122644267468e-07,0.0001169979753692374,1.547028158058029e-07,0.00010605313748757172,16.280223074369133,4
adult_age_gender_welch,0.001,3.9589442815249267,10,127,1,8,1.555434824537475e-07,0.00011701049162959887,1.54715492772928e-07,0.00010606565388493472,16.381751887500286,4
adult_age_gender_welch,0.001,3.9589442815249267,10,127,1,9,1.5549414619114673e-07,0.00011678008064830436,1.5466811374601096e-07,0.00010583524038154657,16.452136779669672,4
adult_age_gender_welch,0.001,3.9589442815249267,10,127,1,10,1.5552344564953436e-07,0.0001169948302456314,1.54696609048354e-07,0.00010604999232954881,21.27633887855336,5
adult_age_gender_welch,0.001,3.9589442815249267,10,127,1,11,1.5554419749792128e-07,0.00011701367114735906,1.5471665429691643e-07,0.00010606883343755591,21.352354882285,5
adult_age_gender_welch,0.001,3.9589442815249267,10,127,1,12,1.5549419612738798e-07,0.00011676745068067707,1.54668948326117e-07,0.0001058226102756965,21.44909272296354,5
adult_age_gender_welch,0.001,3.9589442815249267,10,127,1,13,1.555296046432121e-07,0.00011699356449423881,1.5470182913682138e-07,0.00010604872656427844,26.45833519892767,6
adult_age_gender_welch,0.001,3.9589442815249267,10,127,1,14,1.5554829164475003e-07,0.00011702915952682691,1.5472072360397205e-07,0.0001060843219864438,26.533492683898658,6
adult_age_gender_welch,0.001,3.9589442815249267,10,127,1,15,1.5549717669104628e-07,0.00011678427946892889,1.5466924830906604e-07,0.00010583943924813433,26.60242685675621,6
adult_age_gender_welch,0.001,3.9589442815249267,10,255,0,1,1.985054061330962e-08,2.3778873851743043e-05,5.355940817060507e-10,1.8428563974826062e-07,7.637158014811575,2
adult_age_gender_welch,0.001,3.9589442815249267,10,255,0,2,1.9835602049045304e-08,2.387229887279574e-05,5.778598106646199e-10,2.752766039559873e-07,7.707147878129035,2
adult_age_gender_welch,0.001,3.9589442815249267,10,255,0,3,1.983949616465592e-08,2.3784586816510966e-05,5.208147824955437e-10,1.7826321041525262e-07,12.700533039867878,3
adult_age_gender_welch,0.001,3.9589442815249267,10,255,0,4,1.9837169537002635e-08,2.386914599794565e-05,5.777766389206595e-10,2.850020066613723e-07,12.768813779577613,3
adult_age_gender_welch,0.001,3.9589442815249267,10,255,0,5,1.983239119411674e-08,2.3784330745901805e-05,5.179952730719741e-10,1.7717411493478608e-07,17.608478346839547,4
adult_age_gender_welch,0.001,3.9589442815249267,10,255,0,6,1.9836419101291883e-08,2.3868207272625952e-05,5.764888094313429e-10,2.806653423004235e-07,17.677038156893104,4
adult_age_gender_welch,0.001,3.9589442815249267,10,255,0,7,1.9834952602389454e-08,2.3780916761140247e-05,5.19763965811578e-10,1.799808229119293e-07,22.02081194985658,5
adult_age_gender_welch,0.001,3.9589442815249267,10,255,0,8,1.9839861422982707e-08,2.3865434353509407e-05,5.761037670339356e-10,2.850899842865573e-07,22.135495168622583,5
adult_age_gender_welch,0.001,3.9589442815249267,10,255,0,9,1.9835322223647425e-08,2.3776331624758562e-05,5.206003841688419e-10,1.817590442598771e-07,27.064587383531034,6
adult_age_gender_welch,0.001,3.9589442815249267,10,255,0,10,1.9839699112455817e-08,2.3869035991053167e-05,5.771897200607925e-10,2.7864260898624593e-07,27.146633507683873,6
adult_age_gender_welch,0.001,3.9589442815249267,10,255,0,11,1.9834378805652197e-08,2.377835679800988e-05,5.212330478087431e-10,1.7905966753772873e-07,31.830329324584454,7
adult_age_gender_welch,0.001,3.9589442815249267,10,255,0,12,1.9839432111231627e-08,2.3873197446899752e-05,5.782461268437258e-10,2.729413817181836e-07,31.898347953800112,7
adult_age_gender_welch,0.001,3.9589442815249267,10,255,0,13,1.983499860717811e-08,2.3782812810790865e-05,5.170350203240247e-10,1.8367343423975058e-07,36.9186594854109,8
adult_age_gender_welch,0.001,3.9589442815249267,10,255,0,14,1.9836141100050607e-08,2.3873441741706358e-05,5.763801431442469e-10,2.794896312163786e-07,36.987643933389336,8
adult_age_gender_welch,0.001,3.9589442815249267,10,255,0,15,1.983758311720042e-08,2.3787199108782353e-05,5.204717192034683e-10,1.7993767831292473e-07,41.89240370830521,9
adult_age_gender_welch,0.001,3.9589442815249267,10,255,1,1,1.5544642172068016e-07,0.00010451305623970786,1.547794926779943e-07,9.74544409442224e-05,8.328322268091142,2
adult_age_gender_welch,0.001,3.9589442815249267,10,255,1,2,1.5537866579143226e-07,0.00010449810026924577,1.5471055489962981e-07,9.740985691186754e-05,8.405627619475126,2
adult_age_gender_welch,0.001,3.9589442815249267,10,255,1,3,1.5540136028511985e-07,0.00010451703181157956,1.5472937157831376e-07,9.716129002157459e-05,8.476892767474055,2
adult_age_gender_welch,0.001,3.9589442815249267,10,255,1,4,1.554008270512624e-07,0.00010450867919187257,1.5473366725957984e-07,9.736407662264135e-05,13.329633832443506,3
adult_age_gender_welch,0.001,3.9589442815249267,10,255,1,5,1.5537952834368668e-07,0.00010450533186989741,1.5471316591873067e-07,9.741248559391735e-05,13.401645299512893,3
adult_age_gender_welch,0.001,3.9589442815249267,10,255,1,6,1.5539453153490807e-07,0.00010451352767870681,1.5472746214077377e-07,9.716016373950698e-05,13.4721599384211,3
adult_age_gender_welch,0.001,3.9589442815249267,10,255,1,7,1.5539994658874025e-07,0.00010450682367435515,1.547324792106598e-07,9.735590214354772e-05,17.653036799281836,4
adult_age_gender_welch,0.001,3.9589442815249267,10,255,1,8,1.5538181671690955e-07,0.00010450376610027234,1.5471593957307018e-07,9.741284877140544e-05,17.728955503553152,4
adult_age_gender_welch,0.001,3.9589442815249267,10,255,1,9,1.5539369352890952e-07,0.0001045118535506484,1.5472423154881202e-07,9.717031793554654e-05,17.799982574768364,4
adult_age_gender_welch,0.001,3.9589442815249267,10,255,1,10,1.5540645555645537e-07,0.00010450893561464447,1.547345516011605e-07,9.737695959100012e-05,22.487494227010757,5
adult_age_gender_welch,0.001,3.9589442815249267,10,255,1,11,1.553827586908864e-07,0.00010450300951792002,1.5471301874451314e-07,9.739694176413849e-05,22.561810162384063,5
adult_age_gender_welch,0.001,3.9589442815249267,10,255,1,12,1.5539424604726435e-07,0.00010451542197931207,1.5472723393165956e-07,9.715440423263555e-05,22.63226563297212,5
adult_age_gender_welch,0.001,3.9589442815249267,10,255,1,13,1.5539648412714026e-07,0.00010450969156972079,1.547306180945944e-07,9.735995012583043e-05,26.98108449904248,6
adult_age_gender_welch,0.001,3.9589442815249267,10,255,1,14,1.5538084280212664e-07,0.00010449973441362115,1.5471304869763442e-07,9.741209101743475e-05,27.057888394221663,6
adult_age_gender_welch,0.001,3.9589442815249267,10,255,1,15,1.5539409129941014e-07,0.00010451236637398775,1.5472461045376793e-07,9.715690172018565e-05,27.128812354058027,6
adult_age_gender_welch,0.001,3.9589442815249267,10,511,0,1,1.7654981435153772e-08,1.4067788543847826e-05,5.392913010183033e-10,2.0329942695962444e-07,11.414419073145837,2
adult_age_gender_welch,0.001,3.9589442815249267,10,511,0,2,1.7647172854765578e-08,1.410857533845622e-05,5.799998906140817e-10,2.5139376225169485e-07,11.483471628278494,2
adult_age_gender_welch,0.001,3.9589442815249267,10,511,0,3,1.7649352923326827e-08,1.4145852410329951e-05,5.299495995641644e-10,1.7083486314461993e-07,16.35345209017396,3
adult_age_gender_welch,0.001,3.9589442815249267,10,511,0,4,1.7644111343814142e-08,1.4104809153536735e-05,5.823237490117322e-10,2.6042226886069386e-07,16.42169073037803,3
adult_age_gender_welch,0.001,3.9589442815249267,10,511,0,5,1.7650366731664102e-08,1.4128994961559727e-05,5.272357406041516e-10,1.7211760117152863e-07,21.315403767395765,4
adult_age_gender_welch,0.001,3.9589442815249267,10,511,0,6,1.764921519287275e-08,1.4105677383469128e-05,5.771594396629203e-10,2.52852748627852e-07,21.38256963621825,4
adult_age_gender_welch,0.001,3.9589442815249267,10,511,0,7,1.765250561332283e-08,1.4140922768746123e-05,5.284593367898692e-10,1.8146690827780532e-07,26.46824619639665,5
adult_age_gender_welch,0.001,3.9589442815249267,10,511,0,8,1.7647316136609216e-08,1.4104087608712845e-05,5.765527382299855e-10,2.543663887299985e-07,26.53696622652933,5
adult_age_gender_welch,0.001,3.9589442815249267,10,511,0,9,1.7649886189778115e-08,1.4139054039796761e-05,5.308488630328945e-10,1.798699635902068e-07,31.38343626447022,6
adult_age_gender_welch,0.001,3.9589442815249267,10,511,0,10,1.7648549344731696e-08,1.4102332722032429e-05,5.838943057253851e-10,2.575415471994802e-07,31.452440188731998,6
adult_age_gender_welch,0.001,3.9589442815249267,10,511,0,11,1.765154935472825e-08,1.4133375528802006e-05,5.300238426999464e-10,1.8031761339631913e-07,36.12999581312761,7
adult_age_gender_welch,0.001,3.9589442815249267,10,511,0,12,1.7642356466873087e-08,1.4112271745414517e-05,5.778208123156632e-10,2.5920895163622504e-07,36.20186594221741,7
adult_age_gender_welch,0.001,3.9589442815249267,10,511,0,13,1.7654463621171975e-08,1.413130597160972e-05,5.291882001977571e-10,1.7969473853352014e-07,41.056945014279336,8
adult_age_gender_welch,0.001,3.9589442815249267,10,511,0,14,1.764254428803335e-08,1.4106130018065599e-05,5.787443506305781e-10,2.635041985721287e-07,41.127809861674905,8
adult_age_gender_welch,0.001,3.9589442815249267,10,511,0,15,1.765441056962824e-08,1.4137118953039263e-05,5.272221809246493e-10,1.802933382588634e-07,45.97308581555262,9
adult_age_gender_welch,0.001,3.9589442815249267,10,511,1,1,1.5564923429463228e-07,9.038554884088779e-05,1.5506581300556244e-07,9.744382135490337e-05,11.543118653353304,2
adult_age_gender_welch,0.001,3.9589442815249267,10,511,1,2,1.5563921077470182e-07,9.041148914179509e-05,1.5505726211719864e-07,9.72961902380165e-05,11.618950506206602,2
adult_age_gender_welch,0.001,3.9589442815249267,10,511,1,3,1.5563971224703281e-07,9.043349990045524e-05,1.5505734535249378e-07,9.758301550444326e-05,11.690146242268384,2
adult_age_gender_welch,0.001,3.9589442815249267,10,511,1,4,1.5564213258782285e-07,9.037824970203889e-05,1.550611085254776e-07,9.742692315362067e-05,16.761159220244735,3
adult_age_gender_welch,0.001,3.9589442815249267,10,511,1,5,1.5563655159394455e-07,9.041127193332166e-05,1.5505296092357767e-07,9.729492533105955e-05,16.837509913370013,3
adult_age_gender_welch,0.001,3.9589442815249267,10,511,1,6,1.5563900673372797e-07,9.043175647882595e-05,1.5505783083215156e-07,9.758458129760506e-05,16.90975192654878,3
adult_age_gender_welch,0.001,3.9589442815249267,10,511,1,7,1.5564133613497032e-07,9.037540686041012e-05,1.5506273457553107e-07,9.742086548802931e-05,22.051254592370242,4
adult_age_gender_welch,0.001,3.9589442815249267,10,511,1,8,1.5563520614320263e-07,9.041152428035382e-05,1.550494450116e-07,9.730057205370457e-05,22.12515707220882,4
adult_age_gender_welch,0.001,3.9589442815249267,10,511,1,9,1.556464361272372e-07,9.042867816333455e-05,1.550610524434126e-07,9.758133810533476e-05,22.194517615251243,4
adult_age_gender_welch,0.001,3.9589442815249267,10,511,1,10,1.556488474373177e-07,9.037598582128936e-05,1.5506389594939816e-07,9.74263631414729e-05,27.188925844151527,5
adult_age_gender_welch,0.001,3.9589442815249267,10,511,1,11,1.55633781149721e-07,9.041321393787882e-05,1.5505425282005163e-07,9.729993345308774e-05,27.260741776786745,5
adult_age_gender_welch,0.001,3.9589442815249267,10,511,1,12,1.5564889523038942e-07,9.043707124067879e-05,1.550660920661133e-07,9.758093339518048e-05,27.331045653671026,5
adult_age_gender_welch,0.001,3.9589442815249267,10,511,1,13,1.5564405827157675e-07,9.037577973780575e-05,1.550606815462994e-07,9.743162500264191e-05,32.505978444591165,6
adult_age_gender_welch,0.001,3.9589442815249267,10,511,1,14,1.5563407628474134e-07,9.041050508173942e-05,1.5505130692309373e-07,9.729863047758247e-05,32.58217038633302,6
adult_age_gender_welch,0.001,3.9589442815249267,10,511,1,15,1.5564287589361683e-07,9.043492732419e-05,1.550617310889916e-07,9.758125257364192e-05,32.6657447302714,6
adult_age_gender_welch,0.001,3.9589442815249267,9,15,0,1,0.0034077864138525094,0.4862852115402869,0.003407786853576552,0.4862853883305207,2.61508922977373,1
adult_age_gender_welch,0.001,3.9589442815249267,9,15,0,2,0.00022925927939329596,0.29721322313080545,0.00022925894101690172,0.29721346498843026,2.6830857596360147,1
adult_age_gender_welch,0.001,3.9589442815249267,9,15,0,3,2.3014637860387326e-05,0.11937621314775304,2.3007314245531508e-05,0.11937651620635403,6.9969093487598,2
adult_age_gender_welch,0.001,3.9589442815249267,9,15,0,4,2.030874843909798e-06,0.020525420799908378,2.0169193771528407e-06,0.0205257578771032,7.063516594003886,2
adult_age_gender_welch,0.001,3.9589442815249267,9,15,0,5,5.4444297626192743e-08,0.0006274356421442917,3.698825011010345e-08,0.0006277795670481812,11.66510665602982,3
adult_age_gender_welch,0.001,3.9589442815249267,9,15,0,6,1.914594063164745e-08,2.8764232078648533e-05,5.981741011467311e-10,9.297847786138291e-07,11.73077809298411,3
adult_age_gender_welch,0.001,3.9589442815249267,9,15,0,7,1.910961011137327e-08,2.8871933015928164e-05,5.333503580699382e-10,1.8699658688170473e-07,16.45997288497165,4
adult_age_gender_welch,0.001,3.9589442815249267,9,15,0,8,1.9122967447020306e-08,2.876873928903123e-05,5.751304712322072e-10,3.5186223956706897e-07,16.52625505812466,4
adult_age_gender_welch,0.001,3.9589442815249267,9,15,0,9,1.9108531664952292e-08,2.887424449815601e-05,5.274951798841067e-10,1.8856647610032695e-07,21.423170886468142,5
adult_age_gender_welch,0.001,3.9589442815249267,9,15,0,10,1.9125827265776218e-08,2.875629663345869e-05,5.763030546655529e-10,3.402398743856949e-07,21.490784195251763,5
adult_age_gender_welch,0.001,3.9589442815249267,9,15,0,11,1.910864096723916e-08,2.887002071139122e-05,5.314697708515986e-10,1.8439536508818577e-07,25.943270986434072,6
adult_age_gender_welch,0.001,3.9589442815249267,9,15,0,12,1.91245016776452e-08,2.8762167077034384e-05,5.758717932513049e-10,3.400041792556152e-07,26.01154361665249,6
adult_age_gender_welch,0.001,3.9589442815249267,9,15,0,13,1.9110581071217372e-08,2.8862132301910037e-05,5.282994049551123e-10,1.7736640611776266e-07,30.706581443548203,7
adult_age_gender_welch,0.001,3.9589442815249267,9,15,0,14,1.91248283809533e-08,2.8759728799676587e-05,5.79731555987238e-10,3.4854250041682633e-07,30.773003162350506,7
adult_age_gender_welch,0.001,3.9589442815249267,9,15,0,15,1.911009234221585e-08,2.8867168497259676e-05,5.274763866556858e-10,1.8186859052082838e-07,35.700830426532775,8
adult_age_gender_welch,0.001,3.9589442815249267,9,15,1,1,0.0034079312458321904,0.4862866090553706,0.0034079300612584206,0.4862744556298496,2.381762929726392,1
adult_age_gender_welch,0.001,3.9589442815249267,9,15,1,2,0.0002293911691933868,0.29723171386173197,0.00022938959881395546,0.29721508777766514,2.44978964375332,1
adult_age_gender_welch,0.001,3.9589442815249267,9,15,1,3,2.3155278895770577e-05,0.11943381218981919,2.3152194170958122e-05,0.1194129797650304,7.439390973653644,2
adult_age_gender_welch,0.001,3.9589442815249267,9,15,1,4,2.1726777499125806e-06,0.02063055250072532,2.1695148587669676e-06,0.020607382589549972,7.515573564451188,2
adult_age_gender_welch,0.001,3.9589442815249267,9,15,1,5,1.9431742287128083e-07,0.0007517880372801544,1.911493706137227e-07,0.0007281478345227965,7.585940954275429,2
adult_age_gender_welch,0.001,3.9589442815249267,9,15,1,6,1.5792833028995787e-07,0.00012587516459683368,1.5475766551405058e-07,0.00010222015399985462,12.222400346305221,3
adult_age_gender_welch,0.001,3.9589442815249267,9,15,1,7,1.5792985102285186e-07,0.0001255267067127308,1.54756102308187e-07,0.00010187168787201273,12.298217992298305,3
adult_age_gender_welch,0.001,3.9589442815249267,9,15,1,8,1.579063190888516e-07,0.0001253308908213402,1.5473884616053822e-07,0.0001016758673479945,12.368241422344,3
adult_age_gender_welch,0.001,3.9589442815249267,9,15,1,9,1.5790994066336133e-07,0.00012528667177402752,1.547390618416184e-07,0.00010163164725451868,17.110350971110165,4
adult_age_gender_welch,0.001,3.9589442815249267,9,15,1,10,1.5792587426581445e-07,0.00012552922356245944,1.5475370942513546e-07,0.00010187420478124931,17.182904306333512,4
adult_age_gender_welch,0.001,3.9589442815249267,9,15,1,11,1.579107891497087e-07,0.00012532870606318802,1.5473781856286032e-07,0.00010167368253810594,17.25307322340086,4
adult_age_gender_welch,0.001,3.9589442815249267,9,15,1,12,1.5790673807138147e-07,0.00012528508288001117,1.5473538856256415e-07,0.00010163005832297678,22.169972787145525,5
adult_age_gender_welch,0.001,3.9589442815249267,9,15,1,13,1.5792422035002025e-07,0.00012553122072878065,1.5475348090144e-07,0.000101876201994755,22.2458156789653,5
adult_age_gender_welch,0.001,3.9589442815249267,9,15,1,14,1.5791040141536605e-07,0.00012532412045485053,1.5473931395657058e-07,0.00010166909682129965,22.31664155004546,5
adult_age_gender_welch,0.001,3.9589442815249267,9,15,1,15,1.5790341508069853e-07,0.0001252859475563417,1.547320921580838e-07,0.00010163092301973542,26.865733433049172,6
adult_age_gender_welch,0.001,3.9589442815249267,9,31,0,1,0.0006200425936079071,0.18493827037114652,0.0006200436691351093,0.18494642411936657,2.416869421955198,1
adult_age_gender_welch,0.001,3.9589442815249267,9,31,0,2,1.5530473382592008e-05,0.04813530638772223,1.5529913561983586e-05,0.048144828691087826,2.4842245541512966,1
adult_age_gender_welch,0.001,3.9589442815249267,9,31,0,3,2.699329513832794e-07,0.0034112559914694085,2.579345194169639e-07,0.003421225707138986,7.4582763109356165,2
adult_age_gender_welch,0.001,3.9589442815249267,9,31,0,4,1.7968085020208336e-08,1.4306703137734189e-05,1.3054713838197836e-09,1.7761470400001755e-05,7.522141289897263,2
adult_age_gender_welch,0.001,3.9589442815249267,9,31,0,5,1.808422405179716e-08,1.2975052957164834e-05,5.271949271821736e-10,1.9702123221776446e-07,11.724137502722442,3
adult_age_gender_welch,0.001,3.9589442815249267,9,31,0,6,1.80905200222865e-08,1.2996922227115348e-05,5.820501531312162e-10,4.161398763358193e-07,11.792802935000509,3
adult_age_gender_welch,0.001,3.9589442815249267,9,31,0,7,1.8084860968392878e-08,1.2973810145533449e-05,5.265915658169903e-10,2.0457732241574433e-07,16.63860965380445,4
adult_age_gender_welch,0.001,3.9589442815249267,9,31,0,8,1.8088029243642644e-08,1.2993195285804227e-05,5.824784480599002e-10,4.0227250441837725e-07,16.70460796309635,4
adult_age_gender_welch,0.001,3.9589442815249267,9,31,0,9,1.8084940307339857e-08,1.2976384492269233e-05,5.253658428365743e-10,2.0109197185202987e-07,21.84458563895896,5
adult_age_gender_welch,0.001,3.9589442815249267,9,31,0,10,1.809114945977103e-08,1.2994821805167867e-05,5.82447229474783e-10,3.9629091674875383e-07,21.914052315056324,5
adult_age_gender_welch,0.001,3.9589442815249267,9,31,0,11,1.8088789129164663e-08,1.2974796088971452e-05,5.240507713988687e-10,2.1099428626492056e-07,26.86643270496279,6
adult_age_gender_welch,0.001,3.9589442815249267,9,31,0,12,1.809562462656985e-08,1.2993079822942732e-05,5.826281285191707e-10,3.9782890759454403e-07,26.934380090795457,6
adult_age_gender_welch,0.001,3.9589442815249267,9,31,0,13,1.808461190172593e-08,1.2974551852784622e-05,5.287094770473619e-10,2.0497222297244377e-07,31.713208505883813,7
adult_age_gender_welch,0.001,3.9589442815249267,9,31,0,14,1.8091419136057404e-08,1.2994547237354936e-05,5.821921619825904e-10,4.139560985105817e-07,31.780431220773607,7
adult_age_gender_welch,0.001,3.9589442815249267,9,31,0,15,1.808742850337687e-08,1.2975147038241097e-05,5.272180533059923e-10,2.0857651417127698e-07,36.750837250147015,8
adult_age_gender_welch,0.001,3.9589442815249267,9,31,1,1,0.0006201964388978121,0.18494684241397308,0.0006201965432735801,0.18495335580991257,2.937062168959528,1
adult_age_gender_welch,0.001,3.9589442815249267,9,31,1,2,1.5677975324631492e-05,0.04819467604645733,1.5677719558215078e-05,0.04820228228032619,7.790184958372265,2
adult_age_gender_welch,0.001,3.9589442815249267,9,31,1,3,4.1350628746761214e-07,0.0035072188554232664,4.1223605877242564e-07,0.003515182203548517,7.866840632632375,2
adult_age_gender_welch,0.001,3.9589442815249267,9,31,1,4,1.5707752240438468e-07,0.00010934672478835061,1.5580883093659515e-07,0.00011733722658602286,7.938484271522611,2
adult_age_gender_welch,0.001,3.9589442815249267,9,31,1,5,1.5632855222585447e-07,9.188307828134068e-05,1.5506402920510253e-07,9.987371963759983e-05,12.965458455495536,3
adult_age_gender_welch,0.001,3.9589442815249267,9,31,1,6,1.563264493225097e-07,9.171898469018114e-05,1.550585384297402e-07,9.97096273577247e-05,13.038872050587088,3
adult_age_gender_welch,0.001,3.9589442815249267,9,31,1,7,1.56337367228578e-07,9.186110836412187e-05,1.5506966662250853e-07,9.985174989590728e-05,13.109627371653914,3
adult_age_gender_welch,0.001,3.9589442815249267,9,31,1,8,1.5632876587226663e-07,9.187808908117656e-05,1.5506459144517637e-07,9.986873047729272e-05,17.988037855830044,4
adult_age_gender_welch,0.001,3.9589442815249267,9,31,1,9,1.5632592310601528e-07,9.172564477355483e-05,1.5505710075958042e-07,9.971628738802973e-05,18.064082230906934,4
adult_age_gender_welch,0.001,3.9589442815249267,9,31,1,10,1.5633878098566276e-07,9.186127594296156e-05,1.550707699400835e-07,9.985191747352573e-05,18.13222047779709,4
adult_age_gender_welch,0.001,3.9589442815249267,9,31,1,11,1.5632757978452263e-07,9.187570029178804e-05,1.5505957095188132e-07,9.986634170711106e-05,23.051520822569728,5
adult_age_gender_welch,0.001,3.9589442815249267,9,31,1,12,1.5632529129391116e-07,9.17214150781831e-05,1.5505648082525669e-07,9.971205772629776e-05,23.124785663560033,5
adult_age_gender_welch,0.001,3.9589442815249267,9,31,1,13,1.5633718512816306e-07,9.186223143908823e-05,1.5507034833048432e-07,9.985287296188083e-05,23.194182250648737,5
adult_age_gender_welch,0.001,3.9589442815249267,9,31,1,14,1.5632543766985095e-07,9.188117587233258e-05,1.5505767458427993e-07,9.987181724380179e-05,27.82773136580363,6
adult_age_gender_welch,0.001,3.9589442815249267,9,31,1,15,1.5632292214589848e-07,9.172155096015544e-05,1.5505536217268214e-07,9.971219360715988e-05,27.901645701844245,6
adult_age_gender_welch,0.001,3.9589442815249267,9,63,0,1,4.0088118960371555e-05,0.01989690518070364,4.0088241156398764e-05,0.019894339323359378,3.2496221251785755,1
adult_age_gender_welch,0.001,3.9589442815249267,9,63,0,2,1.2292422202078376e-07,0.0005920852626920547,1.1462814484787591e-07,0.000589468866364462,7.7263465682044625,2
adult_age_gender_welch,0.001,3.9589442815249267,9,63,0,3,1.8823022293321166e-08,2.0348621116883514e-05,5.684245772811819e-10,2.1548912820801291e-07,7.794924592133611,2
adult_age_gender_welch,0.001,3.9589442815249267,9,63,0,4,1.8799321832436143e-08,2.029172966977466e-05,5.260371787956745e-10,2.957554285920594e-07,12.565222679171711,3
adult_age_gender_welch,0.001,3.9589442815249267,9,63,0,5,1.8811252804007363e-08,2.0348728430596985e-05,5.781806911328124e-10,3.5690857536074816e-07,12.630809742026031,3
adult_age_gender_welch,0.001,3.9589442815249267,9,63,0,6,1.8800757242258017e-08,2.029333258057875e-05,5.237859620994345e-10,2.8241820904106874e-07,17.485991328954697,4
adult_age_gender_welch,0.001,3.9589442815249267,9,63,0,7,1.880516998815641e-08,2.0347637034512367e-05,5.734575590741488e-10,3.595619197938049e-07,17.552855434827507,4
adult_age_gender_welch,0.001,3.9589442815249267,9,63,0,8,1.880391052860587e-08,2.0291572888408993e-05,5.239879525691408e-10,2.9625352948592365e-07,22.147963672876358,5
adult_age_gender_welch,0.001,3.9589442815249267,9,63,0,9,1.8806193296794894e-08,2.034934563033275e-05,5.749389792208861e-10,3.4958002648188824e-07,22.21462315879762,5
adult_age_gender_welch,0.001,3.9589442815249267,9,63,0,10,1.880040056088521e-08,2.0292975567270943e-05,5.247879032103508e-10,2.8396352758086607e-07,26.50040425779298,6
adult_age_gender_welch,0.001,3.9589442815249267,9,63,0,11,1.8806253555606452e-08,2.0349290878352022e-05,5.774597339677236e-10,3.5412882937180257e-07,26.56757968198508,6
adult_age_gender_welch,0.001,3.9589442815249267,9,63,0,12,1.8806641867168177e-08,2.029305530870662e-05,5.27299185791027e-10,2.8754733993885395e-07,31.21221037581563,7
adult_age_gender_welch,0.001,3.9589442815249267,9,63,0,13,1.8812267797933265e-08,2.0347171221457572e-05,5.788397667033532e-10,3.442871194803132e-07,31.28647499345243,7
adult_age_gender_welch,0.001,3.9589442815249267,9,63,0,14,1.8809299825626406e-08,2.0291106057168662e-05,5.24075378901997e-10,2.9731876849403704e-07,35.98573808372021,8
adult_age_gender_welch,0.001,3.9589442815249267,9,63,0,15,1.88079730421896e-08,2.0349029818844677e-05,5.790489022347827e-10,3.553431211500424e-07,36.057977785822004,8
adult_age_gender_welch,0.001,3.9589442815249267,9,63,1,1,4.023684881337546e-05,0.019967050497211813,4.0236837034063825e-05,0.019965158000440297,3.460254692006856,1
adult_age_gender_welch,0.001,3.9589442815249267,9,63,1,2,2.7095537851861556e-07,0.0006906208353191223,2.695439231945134e-07,0.0006886911147165886,8.338768132962286,2
adult_age_gender_welch,0.001,3.9589442815249267,9,63,1,3,1.5691155072894883e-07,0.00011168714515730205,1.5556937762636734e-07,0.0001011228835356981,8.414950750302523,2
adult_age_gender_welch,0.001,3.9589442815249267,9,63,1,4,1.5691839624746868e-07,0.00011176001503065969,1.5557065420950545e-07,0.00010056701263538859,8.485537872184068,2
adult_age_gender_welch,0.001,3.9589442815249267,9,63,1,5,1.5689912852015568e-07,0.00011174012521197874,1.5555753774210702e-07,0.00010065592224828279,12.994734448380768,3
adult_age_gender_welch,0.001,3.9589442815249267,9,63,1,6,1.568865219525172e-07,0.00011168562611230115,1.5554131372457218e-07,0.00010060374087916824,13.072201683185995,3
adult_age_gender_welch,0.001,3.9589442815249267,9,63,1,7,1.5691924364734044e-07,0.00011176084179398416,1.5557006432608447e-07,0.00010056760412413546,13.142815447412431,3
adult_age_gender_welch,0.001,3.9589442815249267,9,63,1,8,1.5690648578104723e-07,0.00011174007745118342,1.5556034373525644e-07,0.00010065428919225905,17.53616114705801,4
adult_age_gender_welch,0.001,3.9589442815249267,9,63,1,9,1.5688986856173808e-07,0.00011168406575023937,1.5553974931484778e-07,0.0001006002800189032,17.607887214049697,4
adult_age_gender_welch,0.001,3.9589442815249267,9,63,1,10,1.5691448479650887e-07,0.00011176225402986795,1.5557050497694365e-07,0.0001005758734302642,17.67892784019932,4
adult_age_gender_welch,0.001,3.9589442815249267,9,63,1,11,1.5690450717725655e-07,0.0001117382370474651,1.5556008174750507e-07,0.00010065855679763924,22.126643866300583,5
adult_age_gender_welch,0.001,3.9589442815249267,9,63,1,12,1.568890344596805e-07,0.00011168502447767015,1.5554288196305152e-07,0.00010059398427730848,22.20384995220229,5
adult_age_gender_welch,0.001,3.9589442815249267,9,63,1,13,1.5691794482450188e-07,0.00011176041612648291,1.5557201830446914e-07,0.00010058056187189912,22.2749172761105,5
adult_age_gender_welch,0.001,3.9589442815249267,9,63,1,14,1.5690277989229855e-07,0.00011173965261379593,1.5555838891724528e-07,0.00010065838312500741,27.422499557957053,6
adult_age_gender_welch,0.001,3.9589442815249267,9,63,1,15,1.5688195030902482e-07,0.00011168703002750746,1.5553674983586634e-07,0.00010059981110988048,27.497689180076122,6
adult_age_gender_welch,0.001,3.9589442815249267,9,127,0,1,3.246822632141208e-07,0.00020778087540040957,3.233435315236692e-07,0.00022098499093103907,6.289387523196638,2
adult_age_gender_welch,0.001,3.9589442815249267,9,127,0,2,1.9768273667470227e-08,3.395686941010112e-05,5.767085893954276e-10,4.768209729277828e-07,6.355202687438577,2
adult_age_gender_welch,0.001,3.9589442815249267,9,127,0,3,1.9787390490059808e-08,3.399421288574622e-05,5.29681239980342e-10,2.1996644139488097e-07,11.30763578414917,3
adult_age_gender_welch,0.001,3.9589442815249267,9,127,0,4,1.977420299138644e-08,3.3976682100256284e-05,5.79904221061615e-10,4.081599248584311e-07,11.373087773099542,3
adult_age_gender_welch,0.001,3.9589442815249267,9,127,0,5,1.9794191016208826e-08,3.399579372476147e-05,5.273712495245883e-10,2.2036584601536902e-07,15.819709152448922,4
adult_age_gender_welch,0.001,3.9589442815249267,9,127,0,6,1.977843084386346e-08,3.39762944612243e-05,5.755005525645942e-10,4.0648733423687133e-07,15.886669415514916,4
adult_age_gender_welch,0.001,3.9589442815249267,9,127,0,7,1.978473478777209e-08,3.3994959056204976e-05,5.271621364768013e-10,2.257689472040525e-07,20.614473206922412,5
adult_age_gender_welch,0.001,3.9589442815249267,9,127,0,8,1.9773273989268558e-08,3.397672307459132e-05,5.762646284331421e-10,4.09759871144999e-07,20.681020009797066,5
adult_age_gender_welch,0.001,3.9589442815249267,9,127,0,9,1.9781473499793728e-08,3.3997918628569934e-05,5.313266071927736e-10,2.284540021602055e-07,25.309225875418633,6
adult_age_gender_welch,0.001,3.9589442815249267,9,127,0,10,1.977587945337149e-08,3.397709556440809e-05,5.799275131124118e-10,4.0528186007193767e-07,25.374939957167953,6
adult_age_gender_welch,0.001,3.9589442815249267,9,127,0,11,1.978825150734484e-08,3.399771328993495e-05,5.286939104588164e-10,2.2084608330974476e-07,30.18470714846626,7
adult_age_gender_welch,0.001,3.9589442815249267,9,127,0,12,1.9776875605418786e-08,3.3978050199889864e-05,5.794844707133118e-10,4.016080912272457e-07,30.248426123522222,7
adult_age_gender_welch,0.001,3.9589442815249267,9,127,0,13,1.9781845034126433e-08,3.399444437035548e-05,5.266148520639174e-10,2.1235159763932643e-07,34.95521571720019,8
adult_age_gender_welch,0.001,3.9589442815249267,9,127,0,14,1.9778088380609525e-08,3.398020875344798e-05,5.725297873834312e-10,4.00262238464677e-07,35.022804520092905,8
adult_age_gender_welch,0.001,3.9589442815249267,9,127,0,15,1.978776988994046e-08,3.399459834452223e-05,5.301597191276501e-10,2.178858861112687e-07,40.06053782813251,9
adult_age_gender_welch,0.001,3.9589442815249267,9,127,1,1,4.760400339762902e-07,0.0003557209347507806,4.7150257732128805e-07,0.00031848761018637983,6.144506447017193,2
adult_age_gender_welch,0.001,3.9589442815249267,9,127,1,2,1.6116540047450288e-07,0.00013909512009158131,1.553412420972194e-07,0.00010185372695781236,6.217053215019405,2
adult_age_gender_welch,0.001,3.9589442815249267,9,127,1,3,1.6116526876851982e-07,0.00013933090684026261,1.5533720641935044e-07,0.00010208952248880188,6.286318617872894,2
adult_age_gender_welch,0.001,3.9589442815249267,9,127,1,4,1.6114592697484342e-07,0.000138991090447238,1.5532245418496695e-07,0.00010174969343867968,11.18832122720778,3
adult_age_gender_welch,0.001,3.9589442815249267,9,127,1,5,1.611615451999438e-07,0.00013904017156318726,1.5533654394492128e-07,0.00010179877638272217,11.26416352391243,3
adult_age_gender_welch,0.001,3.9589442815249267,9,127,1,6,1.6116467935867158e-07,0.0001393308617666511,1.553395718832204e-07,0.00010208947741341401,11.332494862843305,3
adult_age_gender_welch,0.001,3.9589442815249267,9,127,1,7,1.6114573993040898e-07,0.0001389933121509479,1.5532353940441246e-07,0.00010175191522510119,16.312203496694565,4
adult_age_gender_welch,0.001,3.9589442815249267,9,127,1,8,1.6115569553766364e-07,0.00013903912861534806,1.553324693562832e-07,0.00010179773339602516,16.389451798517257,4
adult_age_gender_welch,0.001,3.9589442815249267,9,127,1,9,1.6116136161778704e-07,0.00013933405263766296,1.5533672438244452e-07,0.00010209266840333076,16.46068187383935,4
adult_age_gender_welch,0.001,3.9589442815249267,9,127,1,10,1.611481420485896e-07,0.0001390017710793945,1.553239441950476e-07,0.00010176037446862907,21.269151050131768,5
adult_age_gender_welch,0.001,3.9589442815249267,9,127,1,11,1.6115941473997792e-07,0.00013903736485876284,1.553356488800119e-07,0.00010179596957382575,21.343118730932474,5
adult_age_gender_welch,0.001,3.9589442815249267,9,127,1,12,1.6116221375681491e-07,0.00013932956868667468,1.5533937247633333e-07,0.0001020881842852539,21.412262335885316,5
adult_age_gender_welch,0.001,3.9589442815249267,9,127,1,13,1.6114226073762807e-07,0.00013899760990743193,1.5532114452291543e-07,0.0001017562131417904,26.13118497096002,6
adult_age_gender_welch,0.001,3.9589442815249267,9,127,1,14,1.6115355240742656e-07,0.0001390372478032864,1.553277285016051e-07,0.00010179585251401946,26.20567312091589,6
adult_age_gender_welch,0.001,3.9589442815249267,9,127,1,15,1.6116322711467635e-07,0.0001393231131321393,1.553392981076537e-07,0.00010208172849024422,26.27543250657618,6
adult_age_gender_welch,0.001,3.9589442815249267,9,255,0,1,1.9247295422903114e-08,1.820622148240858e-05,5.487640186555877e-10,1.7730032508822546e-07,8.152717917691916,2
adult_age_gender_welch,0.001,3.9589442815249267,9,255,0,2,1.9266227025407982e-08,1.8381493306907082e-05,5.977800069757787e-10,2.5415873916578846e-07,8.228678934741765,2
adult_age_gender_welch,0.001,3.9589442815249267,9,255,0,3,1.9258865318223648e-08,1.8117181128651794e-05,5.374092344975789e-10,1.788029984073347e-07,13.198060068767518,3
adult_age_gender_welch,0.001,3.9589442815249267,9,255,0,4,1.926308733881784e-08,1.8388684453585213e-05,5.935340669538142e-10,2.5543069304134747e-07,13.270830391906202,3
adult_age_gender_welch,0.001,3.9589442815249267,9,255,0,5,1.926018254968346e-08,1.8114586559980772e-05,5.356455736181846e-10,1.7818979891615072e-07,17.77887717494741,4
adult_age_gender_welch,0.001,3.9589442815249267,9,255,0,6,1.9265607162560273e-08,1.838799989484219e-05,5.95110851741486e-10,2.58686182474932e-07,17.846801774110645,4
adult_age_gender_welch,0.001,3.9589442815249267,9,255,0,7,1.9259706199401e-08,1.811538981599803e-05,5.376395019967119e-10,1.803699425373395e-07,22.794849060941488,5
adult_age_gender_welch,0.001,3.9589442815249267,9,255,0,8,1.92618121681851e-08,1.8386938325232194e-05,5.963175872722144e-10,2.5246931767419767e-07,22.859543969854712,5
adult_age_gender_welch,0.001,3.9589442815249267,9,255,0,9,1.925874933556411e-08,1.8107578280135428e-05,5.383769469223933e-10,1.739690025370777e-07,27.940072822850198,6
adult_age_gender_welch,0.001,3.9589442815249267,9,255,0,10,1.926639634199849e-08,1.8385307763657543e-05,5.972033007277822e-10,2.51641356197041e-07,28.00705633405596,6
adult_age_gender_welch,0.001,3.9589442815249267,9,255,0,11,1.9255756202113058e-08,1.811248164451662e-05,5.363626863345069e-10,1.7648261851910263e-07,33.019343404099345,7
adult_age_gender_welch,0.001,3.9589442815249267,9,255,0,12,1.9261902921951363e-08,1.8389878778446445e-05,5.95850491004273e-10,2.5503818279482005e-07,33.08497341442853,7
adult_age_gender_welch,0.001,3.9589442815249267,9,255,0,13,1.925942271637933e-08,1.8116507223830958e-05,5.335764286732835e-10,1.7715392552908327e-07,38.017364129424095,8
adult_age_gender_welch,0.001,3.9589442815249267,9,255,0,14,1.9262998746411996e-08,1.8388939121649628e-05,5.957885326211062e-10,2.5409850890056873e-07,38.08520404435694,8
adult_age_gender_welch,0.001,3.9589442815249267,9,255,0,15,1.926042878565778e-08,1.8110463275600175e-05,5.379616394889032e-10,1.8081423291960164e-07,43.1072616064921,9
adult_age_gender_welch,0.001,3.9589442815249267,9,255,1,1,1.547161772882827e-07,9.2104711189811e-05,1.541480698054967e-07,0.0001027452368437265,7.849645889364183,2
adult_age_gender_welch,0.001,3.9589442815249267,9,255,1,2,1.5468481868533284e-07,9.199592437969528e-05,1.541149555055085e-07,0.00010263645119124032,7.925572789274156,2
adult_age_gender_welch,0.001,3.9589442815249267,9,255,1,3,1.5467636744473032e-07,9.20339591901076e-05,1.5410952088519152e-07,0.0001026744855967543,8.005990081466734,2
adult_age_gender_welch,0.001,3.9589442815249267,9,255,1,4,1.5467362195463948e-07,9.2011386379931e-05,1.5411044521473685e-07,0.00010265191302694099,12.573048440739512,3
adult_age_gender_welch,0.001,3.9589442815249267,9,255,1,5,1.546843974363122e-07,9.200210922355456e-05,1.5411434190747231e-07,0.00010264263596915235,12.650361090898514,3
adult_age_gender_welch,0.001,3.9589442815249267,9,255,1,6,1.5467577438318074e-07,9.20414964923344e-05,1.5410487040003844e-07,0.00010268202281893402,12.718688958790153,3
adult_age_gender_welch,0.001,3.9589442815249267,9,255,1,7,1.5467628973033493e-07,9.202030963073593e-05,1.541099605869672e-07,0.00010266083618271082,17.195391761604697,4
adult_age_gender_welch,0.001,3.9589442815249267,9,255,1,8,1.5468046194378246e-07,9.199832803807872e-05,1.541118593299268e-07,0.00010263885482397761,17.270759352482855,4
adult_age_gender_welch,0.001,3.9589442815249267,9,255,1,9,1.5467274374267372e-07,9.203292503634497e-05,1.5410072323654677e-07,0.0001026734514540939,17.339790445752442,4
adult_age_gender_welch,0.001,3.9589442815249267,9,255,1,10,1.546716877555719e-07,9.201064741948262e-05,1.5410184758968693e-07,0.00010265117407437518,22.03769152611494,5
adult_age_gender_welch,0.001,3.9589442815249267,9,255,1,11,1.5467950546351597e-07,9.200599605108106e-05,1.5411115778037025e-07,0.00010264652275537856,22.111108609009534,5
adult_age_gender_welch,0.001,3.9589442815249267,9,255,1,12,1.5467042364939511e-07,9.204042108401644e-05,1.5410632673997667e-07,0.00010268094742194034,22.181480415165424,5
adult_age_gender_welch,0.001,3.9589442815249267,9,255,1,13,1.5467732611392645e-07,9.201400662472992e-05,1.5411078915924812e-07,0.00010265453324376228,26.608321980107576,6
adult_age_gender_welch,0.001,3.9589442815249267,9,255,1,14,1.5468139883903107e-07,9.199749393418166e-05,1.541136120607913e-07,0.00010263802072896233,26.683367390185595,6
adult_age_gender_welch,0.001,3.9589442815249267,9,255,1,15,1.5467780496763512e-07,9.203390407130918e-05,1.5410776863010881e-07,0.00010267443047862201,26.752608571201563,6
adult_age_gender_welch,0.001,3.9589442815249267,9,511,0,1,2.0169529381394518e-08,3.159053368884113e-05,5.327901491201253e-10,2.1282917461729056e-07,11.341366808861494,2
adult_age_gender_welch,0.001,3.9589442815249267,9,511,0,2,2.0166520645149345e-08,3.157121738495139e-05,5.690140880178218e-10,2.0085469865094296e-07,11.412327553611249,2
adult_age_gender_welch,0.001,3.9589442815249267,9,511,0,3,2.0168590051498778e-08,3.156479819022007e-05,5.267112709864325e-10,1.8544053981273123e-07,16.46896384237334,3
adult_age_gender_welch,0.001,3.9589442815249267,9,511,0,4,2.016950770358523e-08,3.157224361372002e-05,5.73281723829889e-10,1.915165062094104e-07,16.537037334404886,3
adult_age_gender_welch,0.001,3.9589442815249267,9,511,0,5,2.0171276007109807e-08,3.156381008684317e-05,5.239328888037716e-10,1.8831458958867842e-07,21.440095275640488,4
adult_age_gender_welch,0.001,3.9589442815249267,9,511,0,6,2.0168956129353657e-08,3.157108019957722e-05,5.742944640755579e-10,2.051187819596123e-07,21.513253341894597,4
adult_age_gender_welch,0.001,3.9589442815249267,9,511,0,7,2.0176260715248277e-08,3.1563391465261326e-05,5.260271193443015e-10,1.9407058038378722e-07,25.956880011595786,5
adult_age_gender_welch,0.001,3.9589442815249267,9,511,0,8,2.016451141989789e-08,3.156999031672658e-05,5.717137380679071e-10,2.0183417581698393e-07,26.026465800590813,5
adult_age_gender_welch,0.001,3.9589442815249267,9,511,0,9,2.0171354631252458e-08,3.1565713900616466e-05,5.273330256720654e-10,1.9320709621073462e-07,31.069009450264275,6
adult_age_gender_welch,0.001,3.9589442815249267,9,511,0,10,2.0165777302502658e-08,3.1570416906046006e-05,5.723293177003954e-10,2.006700277057405e-07,31.137935974169523,6
adult_age_gender_welch,0.001,3.9589442815249267,9,511,0,11,2.017407074083661e-08,3.1563756018759825e-05,5.268567411125847e-10,1.9462995781704961e-07,35.70461195334792,7
adult_age_gender_welch,0.001,3.9589442815249267,9,511,0,12,2.016868954863389e-08,3.156808091064889e-05,5.732996405316754e-10,1.9223916569721666e-07,35.77278241002932,7
adult_age_gender_welch,0.001,3.9589442815249267,9,511,0,13,2.0170973438474106e-08,3.1562410462537827e-05,5.254658225500744e-10,1.862633061122665e-07,40.43372177705169,8
adult_age_gender_welch,0.001,3.9589442815249267,9,511,0,14,2.0165182346513073e-08,3.156926714975583e-05,5.707278689328266e-10,2.067698996466305e-07,40.50760435080156,8
adult_age_gender_welch,0.001,3.9589442815249267,9,511,0,15,2.016955530797528e-08,3.1565064791738706e-05,5.26832717313413e-10,1.9264050599154814e-07,44.824857838917524,9
adult_age_gender_welch,0.001,3.9589442815249267,9,511,1,1,1.5915099465316828e-07,0.00010053783324881493,1.560387574812974e-07,0.00010274473071869572,11.134261081926525,2
adult_age_gender_welch,0.001,3.9589442815249267,9,511,1,2,1.5911454442930014e-07,0.00010027259178446712,1.560014829023255e-07,0.00010247948983987953,11.212193440645933,2
adult_age_gender_welch,0.001,3.9589442815249267,9,511,1,3,1.59149753935394e-07,0.00010072008419870215,1.5603276062277008e-07,0.00010292698126634914,11.283665953669697,2
adult_age_gender_welch,0.001,3.9589442815249267,9,511,1,4,1.5915371037046776e-07,0.0001005267930916931,1.5603700640911316e-07,0.0001027336905859988,16.456072623841465,3
adult_age_gender_welch,0.001,3.9589442815249267,9,511,1,5,1.591157177675957e-07,0.00010028678591023077,1.5600048721138262e-07,0.00010249368393422387,16.533425647765398,3
adult_age_gender_welch,0.001,3.9589442815249267,9,511,1,6,1.5914940892202878e-07,0.00010072281085016233,1.5603013845763382e-07,0.0001029297079118141,16.606634203810245,3
adult_age_gender_welch,0.001,3.9589442815249267,9,511,1,7,1.5915306429516228e-07,0.00010052297900109419,1.5603982769667234e-07,0.00010272987650383758,21.44476500991732,4
adult_age_gender_welch,0.001,3.9589442815249267,9,511,1,8,1.5911687010332985e-07,0.00010028028069331008,1.5600378187154092e-07,0.00010248717873162505,21.523174135014415,4
adult_age_gender_welch,0.001,3.9589442815249267,9,511,1,9,1.591467045393549e-07,0.00010071986606141614,1.560272042298016e-07,0.00010292676312961824,21.593686485197395,4
adult_age_gender_welch,0.001,3.9589442815249267,9,511,1,10,1.5914906934894952e-07,0.00010052655975734126,1.5603584874652093e-07,0.00010273345725220207,26.586818260140717,5
adult_age_gender_welch,0.001,3.9589442815249267,9,511,1,11,1.5911975466172264e-07,0.00010027517257849006,1.560041575827049e-07,0.00010248207062812931,26.662744637113065,5
adult_age_gender_welch,0.001,3.9589442815249267,9,511,1,12,1.591463727003302e-07,0.00010072112713455095,1.560301294309765e-07,0.00010292802419986646,26.731032819021493,5
adult_age_gender_welch,0.001,3.9589442815249267,9,511,1,13,1.5915200798132596e-07,0.00010052229511481325,1.5604174315560692e-07,0.00010272919261899993,31.782256415113807,6
adult_age_gender_welch,0.001,3.9589442815249267,9,511,1,14,1.5911073233099195e-07,0.00010027433709425271,1.5599746565008962e-07,0.00010248123514577934,31.87095338013023,6
adult_age_gender_welch,0.001,3.9589442815249267,9,511,1,15,1.59147245092895e-07,0.00010071489926433141,1.560322795028112e-07,0.0001029217963434137,31.9381363671273,6
adult_age_gender_welch,0.001,3.9589442815249267,8,15,0,1,0.0034077868796575954,0.4862840538482004,0.003407787009958627,0.4862939720624322,2.7047361694276333,1
adult_age_gender_welch,0.001,3.9589442815249267,8,15,0,2,0.00022925999821643862,0.2972093276797735,0.00022925932524956707,0.29722289632310717,7.016236234456301,2
adult_age_gender_welch,0.001,3.9589442815249267,8,15,0,3,2.3015370148320908e-05,0.11936661789002478,2.3007634640511362e-05,0.11938362010809667,11.161910013761371,3
adult_age_gender_welch,0.001,3.9589442815249267,8,15,0,4,2.030438013242805e-06,0.020508998898338793,2.0169677245228766e-06,0.02052790974130536,16.14461682550609,4
adult_age_gender_welch,0.001,3.9589442815249267,8,15,0,5,5.303299021923731e-08,0.0006084538073694024,3.696820260887045e-08,0.000627748866303901,20.59542290866375,5
adult_age_gender_welch,0.001,3.9589442815249267,8,15,0,6,2.016256040213732e-08,2.230899746491488e-05,5.290274863415257e-10,5.759116833425892e-07,25.47562492871657,6
adult_age_gender_welch,0.001,3.9589442815249267,8,15,0,7,2.0175315194893558e-08,2.2310775595002497e-05,5.0556592058929e-10,1.1798847654453937e-07,30.365438661538064,7
adult_age_gender_welch,0.001,3.9589442815249267,8,15,0,8,2.017743668520405e-08,2.2309951027477126e-05,5.105569068309334e-10,1.281054737845011e-07,34.46120867598802,8
adult_age_gender_welch,0.001,3.9589442815249267,8,15,0,9,2.01762204816068e-08,2.230742133191299e-05,5.072094288727225e-10,1.251039056793246e-07,38.86828393582255,9
adult_age_gender_welch,0.001,3.9589442815249267,8,15,0,10,2.0173875004919173e-08,2.230839402850293e-05,5.047552368344635e-10,1.225401380366975e-07,43.204749152529985,10
adult_age_gender_welch,0.001,3.9589442815249267,8,15,0,11,2.017802291076406e-08,2.2306515779391134e-05,5.072306338851592e-10,1.2127327131405963e-07,47.79909829655662,11
adult_age_gender_welch,0.001,3.9589442815249267,8,15,0,12,2.0176443986845503e-08,2.2305729677984942e-05,5.054344110263934e-10,1.184482134597431e-07,52.23819904215634,12
adult_age_gender_welch,0.001,3.9589442815249267,8,15,0,13,2.0175475619837015e-08,2.2308540895910056e-05,5.086916383186414e-10,1.202584222204095e-07,56.80163452215493,13
adult_age_gender_welch,0.001,3.9589442815249267,8,15,0,14,2.0173156171492687e-08,2.230655059087816e-05,5.077376721577469e-10,1.2052776077187133e-07,61.183103086892515,14
adult_age_gender_welch,0.001,3.9589442815249267,8,15,0,15,2.017279014270812e-08,2.2307984662406355e-05,5.089064569939136e-10,1.20066396824825e-07,65.50099989958107,15
adult_age_gender_welch,0.001,3.9589442815249267,8,15,1,1,0.0034079299458097904,0.4862856969110493,0.0034079296301435477,0.48628321489482307,2.398804689757526,1
adult_age_gender_welch,0.001,3.9589442815249267,8,15,1,2,0.0002293898234169508,0.29722874172185687,0.00022938925827324216,0.2972253462749016,2.468870990909636,1
adult_age_gender_welch,0.001,3.9589442815249267,8,15,1,3,2.3153909477554923e-05,0.11942640291969253,2.3151870642561934e-05,0.11942214841880916,7.389719063881785,2
adult_age_gender_welch,0.001,3.9589442815249267,8,15,1,4,2.1714841528782465e-06,0.020617768721434837,2.1693316501795303e-06,0.020613036825563813,7.462961019948125,2
adult_age_gender_welch,0.001,3.9589442815249267,8,15,1,5,1.931770658349147e-07,0.0007370543377535066,1.9101500328132066e-07,0.000732226387995305,7.532776885200292,2
adult_age_gender_welch,0.001,3.9589442815249267,8,15,1,6,1.5680654665858903e-07,0.0001110469699932004,1.5464470936831835e-07,0.00010621599567361972,12.636589772999287,3
adult_age_gender_welch,0.001,3.9589442815249267,8,15,1,7,1.5676913374906054e-07,0.00011047406403097426,1.5460709719322514e-07,0.00010564308694338553,12.725955256726593,3
adult_age_gender_welch,0.001,3.9589442815249267,8,15,1,8,1.5676659734987605e-07,0.00011047516101680976,1.54605053112429e-07,0.0001056441839345501,12.795989947859198,3
adult_age_gender_welch,0.001,3.9589442815249267,8,15,1,9,1.5678367225147136e-07,0.00011045591605196581,1.5462021611631439e-07,0.00010562493887666946,17.758415332995355,4
adult_age_gender_welch,0.001,3.9589442815249267,8,15,1,10,1.5677587479303573e-07,0.00011047837912492309,1.5461175489336082e-07,0.00010564740205820655,17.834406085778028,4
adult_age_gender_welch,0.001,3.9589442815249267,8,15,1,11,1.5676506371549459e-07,0.0001104779555768376,1.5460728528822438e-07,0.00010564697850812266,17.904604487121105,4
adult_age_gender_welch,0.001,3.9589442815249267,8,15,1,12,1.5678638438903003e-07,0.00011044971212814669,1.5462138266253056e-07,0.00010561873492298535,22.850663000252098,5
adult_age_gender_welch,0.001,3.9589442815249267,8,15,1,13,1.5676652749111833e-07,0.00011047903879080057,1.5460382483883586e-07,0.00010564806172719265,23.094107870943844,5
adult_age_gender_welch,0.001,3.9589442815249267,8,15,1,14,1.5676230572319406e-07,0.00011047342434011842,1.5460018815599596e-07,0.00010564244724953209,23.188073815777898,5
adult_age_gender_welch,0.001,3.9589442815249267,8,15,1,15,1.5678597989642173e-07,0.00011045992937852578,1.5462357172891275e-07,0.00010562895222276936,27.716508185956627,6
adult_age_gender_welch,0.001,3.9589442815249267,8,31,0,1,0.0006200473866851618,0.18492866864988922,0.0006200473902962701,0.1849186577721923,2.7027788031846285,1
adult_age_gender_welch,0.001,3.9589442815249267,8,31,0,2,1.5531713440012516e-05,0.0481425336628335,1.552952465134164e-05,0.04813084274902768,7.225654183886945,2
adult_age_gender_welch,0.001,3.9589442815249267,8,31,0,3,2.7251732552672955e-07,0.003431544879504922,2.5783961546784395e-07,0.0034193048159213424,11.29276070278138,3
adult_age_gender_welch,0.001,3.9589442815249267,8,31,0,4,2.0093631848564706e-08,3.0018235579909458e-05,1.2581212158404187e-09,1.773639373003899e-05,15.703419128898531,4
adult_age_gender_welch,0.001,3.9589442815249267,8,31,0,5,1.9381342877642656e-08,2.5736163717038352e-05,5.293098526552875e-10,2.3437403295911707e-07,20.459258104674518,5
adult_age_gender_welch,0.001,3.9589442815249267,8,31,0,6,1.937989976366988e-08,2.5750805282775957e-05,5.306024986653215e-10,2.2669050447898798e-07,25.361224212683737,6
adult_age_gender_welch,0.001,3.9589442815249267,8,31,0,7,1.938400067102094e-08,2.5726034892370464e-05,5.307959288675969e-10,2.2994104542650717e-07,30.00934294052422,7
adult_age_gender_welch,0.001,3.9589442815249267,8,31,0,8,1.938555387421485e-08,2.5741802237577716e-05,5.340598043351006e-10,2.2537673760592014e-07,34.863192663528025,8
adult_age_gender_welch,0.001,3.9589442815249267,8,31,0,9,1.9381620747072054e-08,2.573439263819921e-05,5.324253574136263e-10,2.2262519105975542e-07,39.79000673769042,9
adult_age_gender_welch,0.001,3.9589442815249267,8,31,0,10,1.938746934598029e-08,2.574568613833428e-05,5.318782775659754e-10,2.3067382859398577e-07,44.68307833280414,10
adult_age_gender_welch,0.001,3.9589442815249267,8,31,0,11,1.9376662029438227e-08,2.5743921062248987e-05,5.318506160787795e-10,2.2590708514957925e-07,49.059298591688275,11
adult_age_gender_welch,0.001,3.9589442815249267,8,31,0,12,1.9378626052200468e-08,2.5735448741626143e-05,5.323033348535199e-10,2.293477520121101e-07,53.394194811582565,12
adult_age_gender_welch,0.001,3.9589442815249267,8,31,0,13,1.9384836921726667e-08,2.5736991690505917e-05,5.311834619348924e-10,2.408026377187511e-07,58.39547489956021,13
adult_age_gender_welch,0.001,3.9589442815249267,8,31,0,14,1.9382851686162674e-08,2.57430491670263e-05,5.339879861631671e-10,2.219912290657433e-07,63.149108175653964,14
adult_age_gender_welch,0.001,3.9589442815249267,8,31,0,15,1.9382454636263476e-08,2.572560506175492e-05,5.32899898484534e-10,2.2803585209008048e-07,67.57693100441247,15
adult_age_gender_welch,0.001,3.9589442815249267,8,31,1,1,0.0006201955341849654,0.18495158473365592,0.0006201963735095028,0.1849448087112262,2.6028528823517263,1
adult_age_gender_welch,0.001,3.9589442815249267,8,31,1,2,1.567698812012228e-05,0.04820529554255382,1.5677479691792668e-05,0.04819738266014695,6.735404626466334,2
adult_age_gender_welch,0.001,3.9589442815249267,8,31,1,3,4.127407239220444e-07,0.0035218541071124765,4.121450764449628e-07,0.003513569742477407,6.812094357330352,2
adult_age_gender_welch,0.001,3.9589442815249267,8,31,1,4,1.5633210691303194e-07,0.00012456419415984854,1.5573703321431037e-07,0.00011625158566563876,6.882879751268774,2
adult_age_gender_welch,0.001,3.9589442815249267,8,31,1,5,1.5559213026045064e-07,0.00010707643428564673,1.5499799195536107e-07,9.876368040451222e-05,11.009921934455633,3
adult_age_gender_welch,0.001,3.9589442815249267,8,31,1,6,1.5559630567419194e-07,0.00010696309435098694,1.550019135004972e-07,9.865033952749513e-05,11.087328923400491,3
adult_age_gender_welch,0.001,3.9589442815249267,8,31,1,7,1.5559836580922705e-07,0.0001070940308016688,1.5500393041549323e-07,9.878127706675066e-05,11.15812602173537,3
adult_age_gender_welch,0.001,3.9589442815249267,8,31,1,8,1.5558928026483408e-07,0.00010707898855688569,1.5499719655346974e-07,9.876623469695645e-05,15.397478715516627,4
adult_age_gender_welch,0.001,3.9589442815249267,8,31,1,9,1.5559906090844476e-07,0.00010697352097055468,1.5500186825253927e-07,9.866076623377129e-05,15.47437743563205,4
adult_age_gender_welch,0.001,3.9589442815249267,8,31,1,10,1.5559736907399757e-07,0.00010709585729895554,1.5500172025907825e-07,9.878310357924747e-05,15.54342145845294,4
adult_age_gender_welch,0.001,3.9589442815249267,8,31,1,11,1.5558963085819145e-07,0.00010707661061271079,1.549947379229043e-07,9.876385673290855e-05,19.63073296053335,5
adult_age_gender_welch,0.001,3.9589442815249267,8,31,1,12,1.555929647626127e-07,0.00010695965701668086,1.549983379079198e-07,9.864690216465632e-05,19.70680232066661,5
adult_age_gender_welch,0.001,3.9589442815249267,8,31,1,13,1.5559542279920476e-07,0.0001070965659853984,1.550026098623666e-07,9.878381227157451e-05,19.777258162852377,5
adult_age_gender_welch,0.001,3.9589442815249267,8,31,1,14,1.555895120779481e-07,0.00010706461458609429,1.5499724696549957e-07,9.875186060659402e-05,23.95109816780314,6
adult_age_gender_welch,0.001,3.9589442815249267,8,31,1,15,1.5559763238015233e-07,0.00010696403077314898,1.5500230254576226e-07,9.865127595742873e-05,24.027369959745556,6
adult_age_gender_welch,0.001,3.9589442815249267,8,63,0,1,4.008789065723148e-05,0.019892734574194826,4.008805245791873e-05,0.019897303260374533,3.533065421972424,1
adult_age_gender_welch,0.001,3.9589442815249267,8,63,0,2,1.231003347421714e-07,0.0005852247844002623,1.146247588962921e-07,0.0005898834708852885,8.50230012089014,2
adult_age_gender_welch,0.001,3.9589442815249267,8,63,0,3,1.8191703473308633e-08,2.470085611905315e-05,5.412846560842743e-10,4.956264629818463e-07,12.690731601789594,3
adult_age_gender_welch,0.001,3.9589442815249267,8,63,0,4,1.8210204618057338e-08,2.4701468181564934e-05,5.277651213392276e-10,2.5086051502754003e-07,17.687765600625426,4
adult_age_gender_welch,0.001,3.9589442815249267,8,63,0,5,1.8206399459456203e-08,2.470176593616369e-05,5.268702689368719e-10,2.4564354594858173e-07,22.590883370488882,5
adult_age_gender_welch,0.001,3.9589442815249267,8,63,0,6,1.8206954273073804e-08,2.4702534701215306e-05,5.294147985331218e-10,2.5621250165919207e-07,27.531831862404943,6
adult_age_gender_welch,0.001,3.9589442815249267,8,63,0,7,1.8202244787037794e-08,2.4702146043109607e-05,5.299363957604727e-10,2.5169764739096934e-07,32.463558049406856,7
adult_age_gender_welch,0.001,3.9589442815249267,8,63,0,8,1.821139764344502e-08,2.470110063834685e-05,5.258500142553521e-10,2.5672465264747757e-07,37.602183589246124,8
adult_age_gender_welch,0.001,3.9589442815249267,8,63,0,9,1.8210978510163606e-08,2.4702603782178478e-05,5.283303060790571e-10,2.5001964232274076e-07,42.6632495210506,9
adult_age_gender_welch,0.001,3.9589442815249267,8,63,0,10,1.82064800102871e-08,2.4700230571661486e-05,5.273130407665435e-10,2.5383022261848964e-07,47.60321828909218,10
adult_age_gender_welch,0.001,3.9589442815249267,8,63,0,11,1.8212079791813572e-08,2.4701703605245484e-05,5.253444907521128e-10,2.451163849670479e-07,52.622107547242194,11
adult_age_gender_welch,0.001,3.9589442815249267,8,63,0,12,1.820477266908238e-08,2.4701338172117282e-05,5.27855247972462e-10,2.6566504796043944e-07,57.05315262125805,12
adult_age_gender_welch,0.001,3.9589442815249267,8,63,0,13,1.8209325577964397e-08,2.4704119819585202e-05,5.304004707262658e-10,2.567530930086548e-07,62.01128910621628,13
adult_age_gender_welch,0.001,3.9589442815249267,8,63,0,14,1.820698623946704e-08,2.4702733034898117e-05,5.313826643719359e-10,2.5895056121605364e-07,67.05619930522516,14
adult_age_gender_welch,0.001,3.9589442815249267,8,63,0,15,1.820587013724094e-08,2.470090278339221e-05,5.310800119375718e-10,2.556092844052671e-07,72.04249997949228,15
adult_age_gender_welch,0.001,3.9589442815249267,8,63,1,1,4.023708899676447e-05,0.019962333167933166,4.023521476350895e-05,0.019963088062286416,3.339515377767384,1
adult_age_gender_welch,0.001,3.9589442815249267,8,63,1,2,2.7132209238321924e-07,0.0006852151655635241,2.6795109143252504e-07,0.0006859849085170122,7.723993123974651,2
adult_age_gender_welch,0.001,3.9589442815249267,8,63,1,3,1.5712078589898154e-07,0.00010049858080019014,1.5370966567548137e-07,9.821331252612975e-05,7.800045805051923,2
adult_age_gender_welch,0.001,3.9589442815249267,8,63,1,4,1.5713914900781576e-07,0.00010053448913904806,1.537257056199598e-07,9.806673033607716e-05,7.872615284286439,2
adult_age_gender_welch,0.001,3.9589442815249267,8,63,1,5,1.571205917626892e-07,0.00010049309878068513,1.53707634507733e-07,9.790463618342127e-05,12.309838608372957,3
adult_age_gender_welch,0.001,3.9589442815249267,8,63,1,6,1.5709489534080408e-07,0.00010045470202701967,1.5368310267807424e-07,9.770517727425432e-05,12.382394103799015,3
adult_age_gender_welch,0.001,3.9589442815249267,8,63,1,7,1.5713299278702572e-07,0.00010053349073058104,1.5372057264902077e-07,9.806976784954013e-05,12.452504218555987,3
adult_age_gender_welch,0.001,3.9589442815249267,8,63,1,8,1.5712122992760482e-07,0.00010049566650238706,1.5371070656581333e-07,9.790637954198989e-05,17.10070359427482,4
adult_age_gender_welch,0.001,3.9589442815249267,8,63,1,9,1.5709508445289e-07,0.00010045236068556562,1.5368457106273628e-07,9.769514593604978e-05,17.17386057553813,4
adult_age_gender_welch,0.001,3.9589442815249267,8,63,1,10,1.5713469938404085e-07,0.00010053371705132097,1.5372043194222844e-07,9.806311992510697e-05,17.245761490426958,4
adult_age_gender_welch,0.001,3.9589442815249267,8,63,1,11,1.5712363326401532e-07,0.00010049070954343264,1.5370963766714096e-07,9.790692579147997e-05,21.848942089360207,5
adult_age_gender_welch,0.001,3.9589442815249267,8,63,1,12,1.5709553221872767e-07,0.00010045058979779586,1.5368629550617318e-07,9.769707708040531e-05,21.921840449329466,5
adult_age_gender_welch,0.001,3.9589442815249267,8,63,1,13,1.5713943861197184e-07,0.00010053532436471446,1.5372746526608937e-07,9.806154518343657e-05,22.013013537507504,5
adult_age_gender_welch,0.001,3.9589442815249267,8,63,1,14,1.5712557461730953e-07,0.00010049391087152415,1.5371126787448635e-07,9.790696734390814e-05,26.365586614701897,6
adult_age_gender_welch,0.001,3.9589442815249267,8,63,1,15,1.5709660128670837e-07,0.00010045422228843748,1.5368396024436747e-07,9.770159612887408e-05,26.437406429555267,6
adult_age_gender_welch,0.001,3.9589442815249267,8,127,0,1,3.258297469138448e-07,0.00021430129756871974,3.233370561426739e-07,0.00022138516317327106,6.224812309257686,2
adult_age_gender_welch,0.001,3.9589442815249267,8,127,0,2,1.9688361636877743e-08,3.736712532420583e-05,5.428476123441864e-10,1.8510919452818797e-07,11.078422808554024,3
adult_age_gender_welch,0.001,3.9589442815249267,8,127,0,3,1.9684244631316543e-08,3.7366592513854435e-05,5.380574177461903e-10,1.5970960143274482e-07,15.670766118448228,4
adult_age_gender_welch,0.001,3.9589442815249267,8,127,0,4,1.9682969038156662e-08,3.7367121722087226e-05,5.350162250788916e-10,1.6707953098826778e-07,20.6233157585375,5
adult_age_gender_welch,0.001,3.9589442815249267,8,127,0,5,1.9679358518250202e-08,3.736857528069404e-05,5.327706138467969e-10,1.6408615877150368e-07,25.61400235351175,6
adult_age_gender_welch,0.001,3.9589442815249267,8,127,0,6,1.9681069577655124e-08,3.7367460224313476e-05,5.365033751527954e-10,1.6081897480368923e-07,30.303632299415767,7
adult_age_gender_welch,0.001,3.9589442815249267,8,127,0,7,1.9688087280913906e-08,3.736882708693656e-05,5.388122605456491e-10,1.6164214033942415e-07,35.288183849304914,8
adult_age_gender_welch,0.001,3.9589442815249267,8,127,0,8,1.9686097860458277e-08,3.7370550192372676e-05,5.394305077898202e-10,1.561401283822761e-07,40.19140991428867,9
adult_age_gender_welch,0.001,3.9589442815249267,8,127,0,9,1.968583304145862e-08,3.736650570396183e-05,5.357752158867846e-10,1.636007037619791e-07,45.00880102440715,10
adult_age_gender_welch,0.001,3.9589442815249267,8,127,0,10,1.968840614066642e-08,3.737016721494513e-05,5.355681202546376e-10,1.6480744247093781e-07,49.97799905017018,11
adult_age_gender_welch,0.001,3.9589442815249267,8,127,0,11,1.9681465525083343e-08,3.736728360881347e-05,5.384293473823952e-10,1.6321003271091428e-07,54.67807787237689,12
adult_age_gender_welch,0.001,3.9589442815249267,8,127,0,12,1.9681765292147406e-08,3.7370308305417765e-05,5.338992141355151e-10,1.578115346179132e-07,58.7903465507552,13
adult_age_gender_welch,0.001,3.9589442815249267,8,127,0,13,1.9683159605204617e-08,3.736705528778472e-05,5.366602765713294e-10,1.587365645594474e-07,63.73178065055981,14
adult_age_gender_welch,0.001,3.9589442815249267,8,127,0,14,1.967851911548077e-08,3.7368158385842065e-05,5.328566556026568e-10,1.591643250531405e-07,68.57845352170989,15
adult_age_gender_welch,0.001,3.9589442815249267,8,127,0,15,1.967942458155493e-08,3.7366106961145285e-05,5.359220749131892e-10,1.5891653282196216e-07,73.46666667144746,16
adult_age_gender_welch,0.001,3.9589442815249267,8,127,1,1,4.7188859916036486e-07,0.0003040145936832328,4.7139268178593167e-07,0.00031922343764567707,6.250600227620453,2
adult_age_gender_welch,0.001,3.9589442815249267,8,127,1,2,1.5700933292768225e-07,9.360135231051281e-05,1.5519122978318282e-07,0.00010229546848616877,6.322129410691559,2
adult_age_gender_welch,0.001,3.9589442815249267,8,127,1,3,1.5698341099428973e-07,9.365122912041723e-05,1.5516515327489006e-07,0.00010216004768026643,6.39347277674824,2
adult_age_gender_welch,0.001,3.9589442815249267,8,127,1,4,1.5699679405585542e-07,9.361884294190048e-05,1.5517381269011934e-07,0.00010210059099269309,11.463983092922717,3
adult_age_gender_welch,0.001,3.9589442815249267,8,127,1,5,1.570016839829722e-07,9.359759560345626e-05,1.5518410900779828e-07,0.0001022344536206754,11.5407719258219,3
adult_age_gender_welch,0.001,3.9589442815249267,8,127,1,6,1.5698070056686687e-07,9.365443527020734e-05,1.5516481420440288e-07,0.00010216573138310814,11.611874880734831,3
adult_age_gender_welch,0.001,3.9589442815249267,8,127,1,7,1.5698676699917277e-07,9.362134594625982e-05,1.5516729217084332e-07,0.00010209721423470874,16.55523958383128,4
adult_age_gender_welch,0.001,3.9589442815249267,8,127,1,8,1.57000474259177e-07,9.360045665640637e-05,1.5518391025635546e-07,0.00010223801336761706,16.628383999690413,4
adult_age_gender_welch,0.001,3.9589442815249267,8,127,1,9,1.5698388545739634e-07,9.365080595458153e-05,1.5516689155838792e-07,0.00010217403139078929,16.699333189520985,4
adult_age_gender_welch,0.001,3.9589442815249267,8,127,1,10,1.5698764567347623e-07,9.361530208507052e-05,1.5517142709540685e-07,0.00010209652244996814,21.54935591481626,5
adult_age_gender_welch,0.001,3.9589442815249267,8,127,1,11,1.5699723941448645e-07,9.360018911230839e-05,1.551828146888643e-07,0.00010223278678678227,21.622794427443296,5
adult_age_gender_welch,0.001,3.9589442815249267,8,127,1,12,1.569834812938705e-07,9.364871737194136e-05,1.5516807182679195e-07,0.00010216997080414458,21.694457455538213,5
adult_age_gender_welch,0.001,3.9589442815249267,8,127,1,13,1.5698820289224727e-07,9.361766794235837e-05,1.551709363261164e-07,0.00010210533054655357,26.68147987825796,6
adult_age_gender_welch,0.001,3.9589442815249267,8,127,1,14,1.5700528308828978e-07,9.359738822845021e-05,1.5518547284261783e-07,0.0001022273696710263,26.758622450288385,6
adult_age_gender_welch,0.001,3.9589442815249267,8,127,1,15,1.5698540867741285e-07,9.365309399977928e-05,1.5516695026074256e-07,0.00010216469255408533,26.828503255266696,6
adult_age_gender_welch,0.001,3.9589442815249267,8,255,0,1,1.792595779243945e-08,1.6826811422787635e-05,5.310553795113461e-10,2.334891479049972e-07,7.910680894274265,2
adult_age_gender_welch,0.001,3.9589442815249267,8,255,0,2,1.794453100064389e-08,1.672969857813289e-05,5.146598415079189e-10,1.4771944656377656e-07,12.381362048443407,3
adult_age_gender_welch,0.001,3.9589442815249267,8,255,0,3,1.7943306550150906e-08,1.6728602659221714e-05,5.110919549143817e-10,1.5413377663087147e-07,16.58745364146307,4
adult_age_gender_welch,0.001,3.9589442815249267,8,255,0,4,1.7938734916863588e-08,1.672827229848295e-05,5.147946498541812e-10,1.595261595044306e-07,20.733990506269038,5
adult_age_gender_welch,0.001,3.9589442815249267,8,255,0,5,1.7941170957551605e-08,1.6730840814327408e-05,5.121387602739259e-10,1.5071444658953936e-07,24.947161718271673,6
adult_age_gender_welch,0.001,3.9589442815249267,8,255,0,6,1.793947075306025e-08,1.6729103932910938e-05,5.129599680336514e-10,1.5542281672775715e-07,29.145390997175127,7
adult_age_gender_welch,0.001,3.9589442815249267,8,255,0,7,1.794052907071563e-08,1.672891458825987e-05,5.151482864789662e-10,1.523338483133685e-07,33.38041634531692,8
adult_age_gender_welch,0.001,3.9589442815249267,8,255,0,8,1.793466993194604e-08,1.6731202002850942e-05,5.122729698492097e-10,1.5214764270687908e-07,37.690923183225095,9
adult_age_gender_welch,0.001,3.9589442815249267,8,255,0,9,1.7936642968690604e-08,1.673163571036529e-05,5.12269219106004e-10,1.5179422030442424e-07,41.83500221837312,10
adult_age_gender_welch,0.001,3.9589442815249267,8,255,0,10,1.7936681288759293e-08,1.6731563034610986e-05,5.13755321373047e-10,1.5879459513978844e-07,45.98387686116621,11
adult_age_gender_welch,0.001,3.9589442815249267,8,255,0,11,1.794196627804645e-08,1.6728363852913652e-05,5.143609580991195e-10,1.5893289406765376e-07,50.25804563425481,12
adult_age_gender_welch,0.001,3.9589442815249267,8,255,0,12,1.794204309460724e-08,1.6730337160986153e-05,5.125428973384513e-10,1.509385026965404e-07,54.36780175892636,13
adult_age_gender_welch,0.001,3.9589442815249267,8,255,0,13,1.793957187497735e-08,1.6731723984197977e-05,5.142225524445878e-10,1.5191395608127323e-07,58.630999330896884,14
adult_age_gender_welch,0.001,3.9589442815249267,8,255,0,14,1.7940345668011258e-08,1.6731971646755106e-05,5.103950357515132e-10,1.4433614936582018e-07,62.78617266472429,15
adult_age_gender_welch,0.001,3.9589442815249267,8,255,0,15,1.7938012177036347e-08,1.6731567682337634e-05,5.115397290597536e-10,1.4616647081577838e-07,66.88600130751729,16
adult_age_gender_welch,0.001,3.9589442815249267,8,255,1,1,1.5927389909861558e-07,0.00010892531180795029,1.56742105245578e-07,0.00010468494992255106,8.107800004072487,2
adult_age_gender_welch,0.001,3.9589442815249267,8,255,1,2,1.5922973661659125e-07,0.00010890314031597459,1.5669207959034923e-07,0.00010463707965169267,8.18578241718933,2
adult_age_gender_welch,0.001,3.9589442815249267,8,255,1,3,1.592320988344819e-07,0.00010888638357087199,1.5670035480967195e-07,0.00010508890292448836,8.255638903938234,2
adult_age_gender_welch,0.001,3.9589442815249267,8,255,1,4,1.5923147608789696e-07,0.00010892504530013447,1.566999938330425e-07,0.0001045816481344275,13.37679363694042,3
adult_age_gender_welch,0.001,3.9589442815249267,8,255,1,5,1.592273451955118e-07,0.00010890001693519835,1.5669165012880545e-07,0.00010463557325746109,13.451207500882447,3
adult_age_gender_welch,0.001,3.9589442815249267,8,255,1,6,1.5922967432435174e-07,0.00010888222523741664,1.5669651223318708e-07,0.00010509419444948431,13.51983726490289,3
adult_age_gender_welch,0.001,3.9589442815249267,8,255,1,7,1.592387982634946e-07,0.00010892486097491272,1.5670661172801896e-07,0.00010458832800963602,18.023836185690016,4
adult_age_gender_welch,0.001,3.9589442815249267,8,255,1,8,1.5922510795652955e-07,0.00010889994857599117,1.5668994586677895e-07,0.0001046277002151319,18.114420925732702,4
adult_age_gender_welch,0.001,3.9589442815249267,8,255,1,9,1.592345842108953e-07,0.00010888415695398113,1.5670008619097058e-07,0.00010508579103951643,18.183828516863286,4
adult_age_gender_welch,0.001,3.9589442815249267,8,255,1,10,1.592324892654522e-07,0.00010892099063208871,1.5670043003918098e-07,0.00010459564502196539,23.071136221755296,5
adult_age_gender_welch,0.001,3.9589442815249267,8,255,1,11,1.5922567093822816e-07,0.00010890008888408964,1.5668766796326955e-07,0.0001046241938986725,23.145803445018828,5
adult_age_gender_welch,0.001,3.9589442815249267,8,255,1,12,1.5923010565483306e-07,0.00010888553383414656,1.566967475962399e-07,0.00010509274990122552,23.21835527382791,5
adult_age_gender_welch,0.001,3.9589442815249267,8,255,1,13,1.5922704570888003e-07,0.00010892424389119526,1.5669237242692534e-07,0.00010458812593450162,27.61230618180707,6
adult_age_gender_welch,0.001,3.9589442815249267,8,255,1,14,1.5922859360338303e-07,0.00010890238215344183,1.566957605638135e-07,0.0001046334411338723,27.68728952202946,6
adult_age_gender_welch,0.001,3.9589442815249267,8,255,1,15,1.5923635295669305e-07,0.00010888516173346297,1.5670147699914776e-07,0.00010509260295488154,27.757828686852008,6
adult_age_gender_welch,0.001,3.9589442815249267,8,511,0,1,1.8047508186277414e-08,1.4063217830040387e-05,5.210283675486434e-10,1.3942082521811727e-07,11.486385950818658,2
adult_age_gender_welch,0.001,3.9589442815249267,8,511,0,2,1.804732493043839e-08,1.3999923614060883e-05,5.18938866992557e-10,1.220699243908996e-07,16.530861269682646,3
adult_age_gender_welch,0.001,3.9589442815249267,8,511,0,3,1.8040087385310966e-08,1.3992586722633149e-05,5.137396653039409e-10,1.1842354474822514e-07,21.517037872690707,4
adult_age_gender_welch,0.001,3.9589442815249267,8,511,0,4,1.8046134230372988e-08,1.3989534480840504e-05,5.200690308498858e-10,1.2385207404097542e-07,26.476338386535645,5
adult_age_gender_welch,0.001,3.9589442815249267,8,511,0,5,1.8048737592353596e-08,1.3999111719953383e-05,5.183287089096441e-10,1.2034469087929267e-07,31.255770260468125,6
adult_age_gender_welch,0.001,3.9589442815249267,8,511,0,6,1.8052141864748447e-08,1.3993522905320077e-05,5.180155388908908e-10,1.2510404245880125e-07,36.09416138753295,7
adult_age_gender_welch,0.001,3.9589442815249267,8,511,0,7,1.804592631791309e-08,1.3997759509609686e-05,5.164067472726293e-10,1.2469482157939638e-07,40.72661751136184,8
adult_age_gender_welch,0.001,3.9589442815249267,8,511,0,8,1.8042403093340757e-08,1.4000875086739306e-05,5.159099442412444e-10,1.1671125466072851e-07,45.56523466017097,9
adult_age_gender_welch,0.001,3.9589442815249267,8,511,0,9,1.8046590983118423e-08,1.3994079605561538e-05,5.182732061880847e-10,1.2358808187951098e-07,50.3144376501441,10
adult_age_gender_welch,0.001,3.9589442815249267,8,511,0,10,1.8043437018188757e-08,1.3992770196979976e-05,5.210055864450611e-10,1.1992615001066298e-07,54.92724148929119,11
adult_age_gender_welch,0.001,3.9589442815249267,8,511,0,11,1.804213624363721e-08,1.3985516307268853e-05,5.213710184169887e-10,1.2457558107303868e-07,59.697234405204654,12
adult_age_gender_welch,0.001,3.9589442815249267,8,511,0,12,1.8036196367069443e-08,1.4000128011226742e-05,5.1998562619897e-10,1.2052760911540616e-07,64.67455097800121,13
adult_age_gender_welch,0.001,3.9589442815249267,8,511,0,13,1.8041272404140042e-08,1.4001800823781885e-05,5.208219831260164e-10,1.239152055410031e-07,69.24968182109296,14
adult_age_gender_welch,0.001,3.9589442815249267,8,511,0,14,1.804220565295586e-08,1.4003153575914418e-05,5.172872017750662e-10,1.207923858714821e-07,73.755149575416,15
adult_age_gender_welch,0.001,3.9589442815249267,8,511,0,15,1.80476837495089e-08,1.3991214022901488e-05,5.168375178922708e-10,1.2165538543218446e-07,77.8110039983876,16
adult_age_gender_welch,0.001,3.9589442815249267,8,511,1,1,1.5576798556000108e-07,0.00010832483380640578,1.5451953948608405e-07,0.0001029967503948237,11.520378856454045,2
adult_age_gender_welch,0.001,3.9589442815249267,8,511,1,2,1.5575009857676198e-07,0.00010845247552304649,1.5450074540438922e-07,0.00010312439279158703,11.597886845469475,2
adult_age_gender_welch,0.001,3.9589442815249267,8,511,1,3,1.5576437443740696e-07,0.00010832106998093227,1.5451136077235903e-07,0.00010299298654925515,11.66915376111865,2
adult_age_gender_welch,0.001,3.9589442815249267,8,511,1,4,1.5576444257228323e-07,0.00010831779082709492,1.5450993321503064e-07,0.0001029897073779873,16.422536823432893,3
adult_age_gender_welch,0.001,3.9589442815249267,8,511,1,5,1.5575185247673184e-07,0.00010846011563614422,1.545008971772367e-07,0.00010313203294542994,16.498313979711384,3
adult_age_gender_welch,0.001,3.9589442815249267,8,511,1,6,1.5576136925953704e-07,0.00010832390036208395,1.5451040632111254e-07,0.00010299581694550586,16.56984378164634,3
adult_age_gender_welch,0.001,3.9589442815249267,8,511,1,7,1.5575753409444816e-07,0.0001083152363983153,1.5451029599916063e-07,0.00010298715293544092,21.63306171540171,4
adult_age_gender_welch,0.001,3.9589442815249267,8,511,1,8,1.5575368646643836e-07,0.00010845944971482613,1.545035035086099e-07,0.00010313136702044812,21.708162437193096,4
adult_age_gender_welch,0.001,3.9589442815249267,8,511,1,9,1.5576232410260743e-07,0.0001083261927072865,1.545095608404277e-07,0.00010299810930292086,21.77949484717101,4
adult_age_gender_welch,0.001,3.9589442815249267,8,511,1,10,1.5575519417832854e-07,0.00010831788445297974,1.5450491553474556e-07,0.0001029898010043162,26.62626660335809,5
adult_age_gender_welch,0.001,3.9589442815249267,8,511,1,11,1.5575594575539247e-07,0.00010846349161008906,1.5450384108481915e-07,0.00010313540893724937,26.702604363672435,5
adult_age_gender_welch,0.001,3.9589442815249267,8,511,1,12,1.5576530783433496e-07,0.00010832565375584746,1.545118159418508e-07,0.00010299757034848422,26.772544912062585,5
adult_age_gender_welch,0.001,3.9589442815249267,8,511,1,13,1.5575880921813495e-07,0.00010832560137352676,1.5450656132257422e-07,0.00010299751796594148,31.504263941198587,6
adult_age_gender_welch,0.001,3.9589442815249267,8,511,1,14,1.557521792040855e-07,0.0001084543420211137,1.5450037907310208e-07,0.00010312625929964625,31.581057883799076,6
adult_age_gender_welch,0.001,3.9589442815249267,8,511,1,15,1.557638296642943e-07,0.00010832979005803711,1.5451162541406114e-07,0.00010300170667276731,31.651268819812685,6
adult_age_gender_welch,0.001,3.9589442815249267,7,15,0,1,0.003407799174304759,0.4862798008453658,0.0034077995040119853,0.4862865894446765,2.401439056266099,1
adult_age_gender_welch,0.001,3.9589442815249267,7,15,0,2,0.00022926031002808416,0.29720549074727,0.00022926008693052168,0.2972147778851495,7.306094923056662,2
adult_age_gender_welch,0.001,3.9589442815249267,7,15,0,3,2.301375056597284e-05,0.11936590293189231,2.300686966994525e-05,0.11937754014614643,12.260819841176271,3
adult_age_gender_welch,0.001,3.9589442815249267,7,15,0,4,2.029743152852702e-06,0.020513085111594553,2.0168728599588506e-06,0.02052602862482633,17.18586270324886,4
adult_age_gender_welch,0.001,3.9589442815249267,7,15,0,5,5.1478828162734635e-08,0.0006146523812690097,3.6976649758432584e-08,0.0006278588440343791,21.880966785363853,5
adult_age_gender_welch,0.001,3.9589442815249267,7,15,0,6,1.7956087562361403e-08,1.2390550088392516e-05,5.461193193055257e-10,8.241987889956448e-07,26.23553102556616,6
adult_age_gender_welch,0.001,3.9589442815249267,7,15,0,7,1.7976674029147633e-08,1.2978995991064224e-05,5.276527672570266e-10,2.8067104751450245e-07,30.98238968849182,7
adult_age_gender_welch,0.001,3.9589442815249267,7,15,0,8,1.7975331534554086e-08,1.2987780158235651e-05,5.282979368437268e-10,2.7136121116821954e-07,35.96114828530699,8
adult_age_gender_welch,0.001,3.9589442815249267,7,15,0,9,1.7980830481416045e-08,1.2978987971035139e-05,5.308025862924524e-10,2.7485154219242247e-07,40.788955429103225,9
adult_age_gender_welch,0.001,3.9589442815249267,7,15,0,10,1.7975718520045074e-08,1.2988343260689206e-05,5.275089024141635e-10,2.7492668508433127e-07,45.62589003704488,10
adult_age_gender_welch,0.001,3.9589442815249267,7,15,0,11,1.797904677835815e-08,1.298572151275934e-05,5.277791438781899e-10,2.796808814542473e-07,50.5557898581028,11
adult_age_gender_welch,0.001,3.9589442815249267,7,15,0,12,1.7979517495644507e-08,1.2976867738823117e-05,5.254370133196825e-10,2.7303644889453693e-07,55.53452190104872,12
adult_age_gender_welch,0.001,3.9589442815249267,7,15,0,13,1.7974287624515785e-08,1.2987995525959306e-05,5.287903969576201e-10,2.799558995736362e-07,60.45329554518685,13
adult_age_gender_welch,0.001,3.9589442815249267,7,15,0,14,1.7976050805859335e-08,1.2978304589683631e-05,5.312995948851811e-10,2.816405240135822e-07,65.24117001425475,14
adult_age_gender_welch,0.001,3.9589442815249267,7,15,0,15,1.7975950568054896e-08,1.297933249011507e-05,5.28506160889778e-10,2.767896887245769e-07,69.81524493405595,15
adult_age_gender_welch,0.001,3.9589442815249267,7,15,1,1,0.0034079297629265987,0.4862853446706048,0.0034079295173323515,0.48628213536850984,2.644229802303016,1
adult_age_gender_welch,0.001,3.9589442815249267,7,15,1,2,0.0002293895559913038,0.29722758718143305,0.00022938895259546564,0.2972231967889196,2.712116362992674,1
adult_age_gender_welch,0.001,3.9589442815249267,7,15,1,3,2.3153426892064365e-05,0.11942349644646211,2.315138639717601e-05,0.11941799526796093,7.435638754628599,2
adult_age_gender_welch,0.001,3.9589442815249267,7,15,1,4,2.1707298483149337e-06,0.02061264918953254,2.168613574936949e-06,0.020606530715309268,7.511229319497943,2
adult_age_gender_welch,0.001,3.9589442815249267,7,15,1,5,1.9237466095932838e-07,0.0007315223478886468,1.9024710761182141e-07,0.0007252796713648202,7.581272881478071,2
adult_age_gender_welch,0.001,3.9589442815249267,7,15,1,6,1.5597044325196298e-07,0.00010519183511659147,1.5384367913840927e-07,9.894524575160268e-05,11.947914064396173,3
adult_age_gender_welch,0.001,3.9589442815249267,7,15,1,7,1.5594350805622724e-07,0.00010440029885960822,1.5381643344552484e-07,9.815370454968608e-05,12.021959879435599,3
adult_age_gender_welch,0.001,3.9589442815249267,7,15,1,8,1.5595399825536017e-07,0.00010491062532880235,1.53826309201486e-07,9.866403420710768e-05,12.091031147167087,3
adult_age_gender_welch,0.001,3.9589442815249267,7,15,1,9,1.559472691368296e-07,0.00010460474628593008,1.5382092709790633e-07,9.835815325320851e-05,16.48672192590311,4
adult_age_gender_welch,0.001,3.9589442815249267,7,15,1,10,1.5594480474740235e-07,0.00010440050410476243,1.5381692361925286e-07,9.815390979617256e-05,16.56349466415122,4
adult_age_gender_welch,0.001,3.9589442815249267,7,15,1,11,1.5596243987122218e-07,0.00010490840520593903,1.5383635869738941e-07,9.866181407036656e-05,16.63575868913904,4
adult_age_gender_welch,0.001,3.9589442815249267,7,15,1,12,1.5594115012234803e-07,0.0001045966473157689,1.538172042096604e-07,9.835005423253218e-05,20.921262902207673,5
adult_age_gender_welch,0.001,3.9589442815249267,7,15,1,13,1.5594385856221825e-07,0.00010440481010076663,1.538168472140587e-07,9.815821581904416e-05,20.995870103128254,5
adult_age_gender_welch,0.001,3.9589442815249267,7,15,1,14,1.5595777598473732e-07,0.00010490884779679188,1.5383219080970187e-07,9.866225666388395e-05,21.06576124811545,5
adult_age_gender_welch,0.001,3.9589442815249267,7,15,1,15,1.5594467957234486e-07,0.00010460216131935596,1.5381889877518577e-07,9.835556827053615e-05,25.462620864156634,6
adult_age_gender_welch,0.001,3.9589442815249267,7,31,0,1,0.0006200481419614726,0.18493262874619443,0.0006200471400921655,0.1849151195248644,2.8307468951679766,1
adult_age_gender_welch,0.001,3.9589442815249267,7,31,0,2,1.5533044234851007e-05,0.04814921638029657,1.5529534392602414e-05,0.048128768787089715,7.857939526438713,2
adult_age_gender_welch,0.001,3.9589442815249267,7,31,0,3,2.7199352693788625e-07,0.003439954093740649,2.5780454446151e-07,0.0034185460592297545,12.813069635536522,3
adult_age_gender_welch,0.001,3.9589442815249267,7,31,0,4,1.9481084929056204e-08,3.8664966595214345e-05,1.2298078593525185e-09,1.7183865824721423e-05,17.85983387613669,4
adult_age_gender_welch,0.001,3.9589442815249267,7,31,0,5,1.904866543307691e-08,2.1149363275574373e-05,5.196204890080605e-10,3.321137638234717e-07,22.389014988206327,5
adult_age_gender_welch,0.001,3.9589442815249267,7,31,0,6,1.9051553800576867e-08,2.1151110426775865e-05,5.199564486142781e-10,3.30366574985419e-07,26.63586949184537,6
adult_age_gender_welch,0.001,3.9589442815249267,7,31,0,7,1.9048742046451437e-08,2.11499151494543e-05,5.219440893893109e-10,3.3156187817517946e-07,30.94245719909668,7
adult_age_gender_welch,0.001,3.9589442815249267,7,31,0,8,1.905094854236949e-08,2.1147549413069733e-05,5.186289697600341e-10,3.339276652969403e-07,35.275687823072076,8
adult_age_gender_welch,0.001,3.9589442815249267,7,31,0,9,1.9051318173741034e-08,2.1155495830815774e-05,5.218887310902572e-10,3.259810767985982e-07,39.508308571297675,9
adult_age_gender_welch,0.001,3.9589442815249267,7,31,0,10,1.9048730446277626e-08,2.115366727339918e-05,5.220861128130399e-10,3.2780967362811e-07,44.42993866512552,10
adult_age_gender_welch,0.001,3.9589442815249267,7,31,0,11,1.904914791865279e-08,2.115914431921606e-05,5.206714541497969e-10,3.2233251001656527e-07,49.47459670109674,11
adult_age_gender_welch,0.001,3.9589442815249267,7,31,0,12,1.9045193725007774e-08,2.115028257820839e-05,5.190257155811805e-10,3.311944414274848e-07,54.42347067035735,12
adult_age_gender_welch,0.001,3.9589442815249267,7,31,0,13,1.904978851038894e-08,2.1151146344045024e-05,5.205376839237266e-10,3.303306570501263e-07,59.40927498508245,13
adult_age_gender_welch,0.001,3.9589442815249267,7,31,0,14,1.9048295301871224e-08,2.1159093025024944e-05,5.204864740633998e-10,3.223838054289274e-07,64.26905362680554,14
adult_age_gender_welch,0.001,3.9589442815249267,7,31,0,15,1.9049206842865684e-08,2.1152072328556315e-05,5.184449161277816e-10,3.294046526658434e-07,69.16850023902953,15
adult_age_gender_welch,0.001,3.9589442815249267,7,31,1,1,0.0006201955735143454,0.18495812243145948,0.0006201941698535444,0.18494525672689255,2.8728113006800413,1
adult_age_gender_welch,0.001,3.9589442815249267,7,31,1,2,1.567821615256095e-05,0.04822000708348273,1.56762860166125e-05,0.04820498292271436,7.401268413756043,2
adult_age_gender_welch,0.001,3.9589442815249267,7,31,1,3,4.14289128021302e-07,0.003542146082227915,4.1125703136726954e-07,0.0035264166667037244,7.473792899865657,2
adult_age_gender_welch,0.001,3.9589442815249267,7,31,1,4,1.579281172782783e-07,0.00014566692779838242,1.5488758650148465e-07,0.0001298838977317196,7.543992494698614,2
adult_age_gender_welch,0.001,3.9589442815249267,7,31,1,5,1.5717400608898917e-07,0.00012816693121409095,1.541285210123501e-07,0.00011238362490428866,11.777238825336099,3
adult_age_gender_welch,0.001,3.9589442815249267,7,31,1,6,1.57183220316535e-07,0.000128076277778999,1.541380649720448e-07,0.00011229297003811922,11.860358223319054,3
adult_age_gender_welch,0.001,3.9589442815249267,7,31,1,7,1.5718969191579586e-07,0.00012819725139123772,1.5414528252545993e-07,0.00011241394555994155,11.92860112246126,3
adult_age_gender_welch,0.001,3.9589442815249267,7,31,1,8,1.5717197640014e-07,0.0001281646872741682,1.5412816516359375e-07,0.00011238138092883876,16.116720990743488,4
adult_age_gender_welch,0.001,3.9589442815249267,7,31,1,9,1.5717905430633327e-07,0.00012808036445177695,1.5413289111072237e-07,0.00011229705677540114,16.191419059876353,4
adult_age_gender_welch,0.001,3.9589442815249267,7,31,1,10,1.5719291702868772e-07,0.00012819874983394097,1.5415059700957273e-07,0.00011241544402629255,16.259575000964105,4
adult_age_gender_welch,0.001,3.9589442815249267,7,31,1,11,1.5717308689775576e-07,0.000128157103007287,1.5413076696338133e-07,0.00011237379654227553,20.591971355956048,5
adult_age_gender_welch,0.001,3.9589442815249267,7,31,1,12,1.571790074006607e-07,0.0001280650687001117,1.5413540802773572e-07,0.00011228176078226237,20.668197211809456,5
adult_age_gender_welch,0.001,3.9589442815249267,7,31,1,13,1.57192804314647e-07,0.00012820945510871873,1.5414723061367913e-07,0.00011242614947004625,20.737546177580953,5
adult_age_gender_welch,0.001,3.9589442815249267,7,31,1,14,1.5717424013005058e-07,0.0001281691976551258,1.541294288152696e-07,0.00011238589138096167,25.099310552701354,6
adult_age_gender_welch,0.001,3.9589442815249267,7,31,1,15,1.57179411122591e-07,0.00012807671883618976,1.5413537718160454e-07,0.0001122934111023044,25.175555291585624,6
adult_age_gender_welch,0.001,3.9589442815249267,7,63,0,1,4.008876512622814e-05,0.019892191925450442,4.008786382715644e-05,0.019896047570581943,3.2852226747199893,1
adult_age_gender_welch,0.001,3.9589442815249267,7,63,0,2,1.243663726345933e-07,0.0005860292387316335,1.1465856266517515e-07,0.0005899608323572947,8.227630411740392,2
adult_age_gender_welch,0.001,3.9589442815249267,7,63,0,3,1.8461288176969834e-08,2.052658391960005e-05,5.410873778892466e-10,6.30806625157021e-07,12.806229525711387,3
adult_age_gender_welch,0.001,3.9589442815249267,7,63,0,4,1.8471219030469265e-08,2.0522774366593666e-05,5.236675617097087e-10,1.4007227455703486e-07,17.552395178936422,4
adult_age_gender_welch,0.001,3.9589442815249267,7,63,0,5,1.846761209215353e-08,2.0522572604986244e-05,5.212934107206506e-10,1.3959733313750888e-07,22.434108432848006,5
adult_age_gender_welch,0.001,3.9589442815249267,7,63,0,6,1.8468555868497906e-08,2.0523747570333484e-05,5.268995053090385e-10,1.4163846917547573e-07,27.25751675805077,6
adult_age_gender_welch,0.001,3.9589442815249267,7,63,0,7,1.847259549454328e-08,2.0522418767821016e-05,5.228875990199511e-10,1.4621774591105918e-07,32.06674064602703,7
adult_age_gender_welch,0.001,3.9589442815249267,7,63,0,8,1.8466819758808465e-08,2.052143856712263e-05,5.237816585893038e-10,1.4262222225447374e-07,37.11355808097869,8
adult_age_gender_welch,0.001,3.9589442815249267,7,63,0,9,1.8473804615051125e-08,2.0521824393160415e-05,5.234985775559174e-10,1.4667031933424113e-07,42.08303742716089,9
adult_age_gender_welch,0.001,3.9589442815249267,7,63,0,10,1.8470928455410133e-08,2.052383052986162e-05,5.252024904388308e-10,1.2978920804762595e-07,47.128128906246275,10
adult_age_gender_welch,0.001,3.9589442815249267,7,63,0,11,1.8473935025378708e-08,2.0520819046021543e-05,5.242654814912933e-10,1.4382663893197645e-07,52.00994161423296,11
adult_age_gender_welch,0.001,3.9589442815249267,7,63,0,12,1.847195677816179e-08,2.052063799873327e-05,5.198422821492323e-10,1.3937861731427859e-07,56.43487062724307,12
adult_age_gender_welch,0.001,3.9589442815249267,7,63,0,13,1.8473783883109977e-08,2.0520213727337477e-05,5.218683707594043e-10,1.3657863906502143e-07,60.61578711029142,13
adult_age_gender_welch,0.001,3.9589442815249267,7,63,0,14,1.8466788546318597e-08,2.0523735365651774e-05,5.232659044798261e-10,1.4726185848523698e-07,65.45658748038113,14
adult_age_gender_welch,0.001,3.9589442815249267,7,63,0,15,1.8472723953808396e-08,2.0521899635972396e-05,5.239170476918479e-10,1.422188729005569e-07,70.09499921649694,15
adult_age_gender_welch,0.001,3.9589442815249267,7,63,1,1,4.023460553959993e-05,0.019955802742276707,4.0235570039061964e-05,0.019966527571884884,3.274123818613589,1
adult_age_gender_welch,0.001,3.9589442815249267,7,63,1,2,2.686784666637351e-07,0.0006767116922924421,2.681668518546134e-07,0.0006876474970455293,7.912998671643436,2
adult_age_gender_welch,0.001,3.9589442815249267,7,63,1,3,1.545059391144007e-07,9.077140175672849e-05,1.5395264162621842e-07,9.985201105455754e-05,7.988282847683877,2
adult_age_gender_welch,0.001,3.9589442815249267,7,63,1,4,1.544764912779957e-07,9.076572862409815e-05,1.5392326122313295e-07,9.966610844946988e-05,8.058194853831083,2
adult_age_gender_welch,0.001,3.9589442815249267,7,63,1,5,1.5447438458839673e-07,9.070605589933667e-05,1.5391958796058568e-07,9.945629852037285e-05,12.899614669848233,3
adult_age_gender_welch,0.001,3.9589442815249267,7,63,1,6,1.5447973451787375e-07,9.072466751736119e-05,1.5392868036818508e-07,9.934591813831606e-05,12.974516357760876,3
adult_age_gender_welch,0.001,3.9589442815249267,7,63,1,7,1.544763472971432e-07,9.07668481979762e-05,1.539231691565537e-07,9.966224559021519e-05,13.044145438820124,3
adult_age_gender_welch,0.001,3.9589442815249267,7,63,1,8,1.5447516437485281e-07,9.070486548645729e-05,1.5392272477729945e-07,9.94535983167566e-05,17.857399376109242,4
adult_age_gender_welch,0.001,3.9589442815249267,7,63,1,9,1.5447474128057768e-07,9.072322615499839e-05,1.5392733689068095e-07,9.934073482809058e-05,17.93183108139783,4
adult_age_gender_welch,0.001,3.9589442815249267,7,63,1,10,1.5447253336692976e-07,9.076573758637352e-05,1.539215931155965e-07,9.965830098812578e-05,18.00296747731045,4
adult_age_gender_welch,0.001,3.9589442815249267,7,63,1,11,1.5447126492595684e-07,9.070509735009669e-05,1.5392008788117943e-07,9.945275156375555e-05,22.78556645521894,5
adult_age_gender_welch,0.001,3.9589442815249267,7,63,1,12,1.5448296777139598e-07,9.072466025872306e-05,1.5392571881650994e-07,9.934549669365911e-05,22.85790800396353,5
adult_age_gender_welch,0.001,3.9589442815249267,7,63,1,13,1.5447183932274918e-07,9.076459692147765e-05,1.539204292431584e-07,9.965755095886486e-05,22.92569105606526,5
adult_age_gender_welch,0.001,3.9589442815249267,7,63,1,14,1.5447997262254184e-07,9.070732067695264e-05,1.539274646463192e-07,9.94574649852975e-05,27.755864246748388,6
adult_age_gender_welch,0.001,3.9589442815249267,7,63,1,15,1.5447665589939788e-07,9.072210696858818e-05,1.5392548717041047e-07,9.93526690684643e-05,27.83120934246108,6
adult_age_gender_welch,0.001,3.9589442815249267,7,127,0,1,3.266713251275952e-07,0.00025048979123898363,3.23314770205862e-07,0.00022045364599232453,6.115220702253282,2
adult_age_gender_welch,0.001,3.9589442815249267,7,127,0,2,1.998324149906451e-08,3.416292644298213e-05,5.312857129333593e-10,1.6439208505580893e-07,10.465134312398732,3
adult_age_gender_welch,0.001,3.9589442815249267,7,127,0,3,1.997604889920272e-08,3.4142715966023474e-05,5.23425139375874e-10,1.647544989324956e-07,14.728403895627707,4
adult_age_gender_welch,0.001,3.9589442815249267,7,127,0,4,1.998175406840247e-08,3.4139155801193866e-05,5.252486733991731e-10,1.603661046178928e-07,18.971124703530222,5
adult_age_gender_welch,0.001,3.9589442815249267,7,127,0,5,1.998412062647638e-08,3.413836202303955e-05,5.251553626098478e-10,1.6314692286023558e-07,23.191222943831235,6
adult_age_gender_welch,0.001,3.9589442815249267,7,127,0,6,1.9979322569132422e-08,3.4140082270650574e-05,5.239812775192237e-10,1.624896664997877e-07,27.46194835472852,7
adult_age_gender_welch,0.001,3.9589442815249267,7,127,0,7,1.9980380918958114e-08,3.4144271829794626e-05,5.235638716463101e-10,1.62440443318701e-07,31.718363725580275,8
adult_age_gender_welch,0.001,3.9589442815249267,7,127,0,8,1.9982085030453313e-08,3.4140637557578124e-05,5.265881851933014e-10,1.5835768574223863e-07,36.080385794863105,9
adult_age_gender_welch,0.001,3.9589442815249267,7,127,0,9,1.9987437315190147e-08,3.413887903103152e-05,5.278617922709853e-10,1.5515810636301808e-07,40.25006973417476,10
adult_age_gender_welch,0.001,3.9589442815249267,7,127,0,10,1.9982890933520304e-08,3.4140107941560416e-05,5.28742276897302e-10,1.590154231623231e-07,44.335812610108405,11
adult_age_gender_welch,0.001,3.9589442815249267,7,127,0,11,1.9981715696512306e-08,3.4140684429750934e-05,5.264490922460719e-10,1.6760706922358537e-07,48.8552978457883,12
adult_age_gender_welch,0.001,3.9589442815249267,7,127,0,12,1.997783508651677e-08,3.4141548659882837e-05,5.234949128339898e-10,1.5803270936309843e-07,53.336915380787104,13
adult_age_gender_welch,0.001,3.9589442815249267,7,127,0,13,1.9982172835996044e-08,3.4140217606837275e-05,5.249317988614962e-10,1.6212799502923758e-07,57.45066234143451,14
adult_age_gender_welch,0.001,3.9589442815249267,7,127,0,14,1.99847148477462e-08,3.414360494180535e-05,5.291603222597619e-10,1.6058057594747766e-07,61.94036932243034,15
adult_age_gender_welch,0.001,3.9589442815249267,7,127,0,15,1.9980539834573563e-08,3.4140945656901955e-05,5.232767645907866e-10,1.6473029373909043e-07,66.09856849024072,16
adult_age_gender_welch,0.001,3.9589442815249267,7,127,1,1,4.7043834309760577e-07,0.00032136063060572706,4.7184085083975104e-07,0.0003167817538357598,6.301637910772115,2
adult_age_gender_welch,0.001,3.9589442815249267,7,127,1,2,1.5561301111589244e-07,0.00010422116451835883,1.5570870504352793e-07,9.964129317396875e-05,6.3739490788429976,2
adult_age_gender_welch,0.001,3.9589442815249267,7,127,1,3,1.5562613284285726e-07,0.00010414229442379241,1.5571918294733728e-07,9.956242271813576e-05,6.443797252140939,2
adult_age_gender_welch,0.001,3.9589442815249267,7,127,1,4,1.5560968472585283e-07,0.0001043675988583459,1.5570621591363032e-07,9.978772818464154e-05,11.522553773131222,3
adult_age_gender_welch,0.001,3.9589442815249267,7,127,1,5,1.5560509728839778e-07,0.00010414583090279095,1.556978273005128e-07,9.956595921334355e-05,11.59766746032983,3
adult_age_gender_welch,0.001,3.9589442815249267,7,127,1,6,1.5562778416489088e-07,0.0001041549502681649,1.5572066766242863e-07,9.957507862046189e-05,11.67001012340188,3
adult_age_gender_welch,0.001,3.9589442815249267,7,127,1,7,1.5561245160832318e-07,0.00010436197936536384,1.5570763444294614e-07,9.978210866590231e-05,16.736380998510867,4
adult_age_gender_welch,0.001,3.9589442815249267,7,127,1,8,1.5560125604207651e-07,0.00010415399779961643,1.556939151806714e-07,9.957412614758354e-05,16.814869755879045,4
adult_age_gender_welch,0.001,3.9589442815249267,7,127,1,9,1.5562455804510385e-07,0.00010414646906220515,1.557173365834518e-07,9.956659737575535e-05,16.8862597765401,4
adult_age_gender_welch,0.001,3.9589442815249267,7,127,1,10,1.5560902421543897e-07,0.00010436944032143902,1.5570559730262954e-07,9.978956965617236e-05,20.98557954095304,5
adult_age_gender_welch,0.001,3.9589442815249267,7,127,1,11,1.556038581235432e-07,0.00010414828984195434,1.5569511104020082e-07,9.95684181637202e-05,21.061066328082234,5
adult_age_gender_welch,0.001,3.9589442815249267,7,127,1,12,1.5562471413624727e-07,0.0001041415994500472,1.5572278869250547e-07,9.956172774117089e-05,21.147650835104287,5
adult_age_gender_welch,0.001,3.9589442815249267,7,127,1,13,1.556072932084217e-07,0.00010435356182580957,1.5570093889422185e-07,9.97736910878233e-05,26.002606897149235,6
adult_age_gender_welch,0.001,3.9589442815249267,7,127,1,14,1.555990009606671e-07,0.00010415035700817032,1.5569594348561103e-07,9.95704853394841e-05,26.075176909100264,6
adult_age_gender_welch,0.001,3.9589442815249267,7,127,1,15,1.5562614663765955e-07,0.00010413630936878526,1.557171349905963e-07,9.95564376357061e-05,26.14523274311796,6
adult_age_gender_welch,0.001,3.9589442815249267,7,255,0,1,1.8568890448839937e-08,1.6485832533663647e-05,5.326572564981155e-10,1.275073137074756e-07,8.47514940937981,2
adult_age_gender_welch,0.001,3.9589442815249267,7,255,0,2,1.8554201088333158e-08,1.629885434417666e-05,5.130901660846138e-10,1.2133953286586063e-07,13.451790494378656,3
adult_age_gender_welch,0.001,3.9589442815249267,7,255,0,3,1.856023215020337e-08,1.6298836067130118e-05,5.186600127958789e-10,1.2135781024547043e-07,18.517076697200537,4
adult_age_gender_welch,0.001,3.9589442815249267,7,255,0,4,1.8557947471331635e-08,1.6297646760254914e-05,5.183729588560974e-10,1.2254713666060013e-07,23.69222601922229,5
adult_age_gender_welch,0.001,3.9589442815249267,7,255,0,5,1.8558137940215247e-08,1.6308354065186492e-05,5.164493657895805e-10,1.1183965598071666e-07,28.673401150852442,6
adult_age_gender_welch,0.001,3.9589442815249267,7,255,0,6,1.8556604160364345e-08,1.6288491675231498e-05,5.148333667442538e-10,1.3170237189719103e-07,33.6915168329142,7
adult_age_gender_welch,0.001,3.9589442815249267,7,255,0,7,1.8555696284308653e-08,1.62915946817499e-05,5.132916864103768e-10,1.2859931453057527e-07,38.9526855731383,8
adult_age_gender_welch,0.001,3.9589442815249267,7,255,0,8,1.856105381718709e-08,1.6300292861481935e-05,5.192077654993981e-10,1.1990099202385807e-07,44.192423234228045,9
adult_age_gender_welch,0.001,3.9589442815249267,7,255,0,9,1.8562451695026505e-08,1.6301466408186194e-05,5.157238489004469e-10,1.1872742589069674e-07,49.13290699617937,10
adult_age_gender_welch,0.001,3.9589442815249267,7,255,0,10,1.8558219203600754e-08,1.6295854456394032e-05,5.159558985806179e-10,1.2433947005341395e-07,53.87244671722874,11
adult_age_gender_welch,0.001,3.9589442815249267,7,255,0,11,1.8560375744944367e-08,1.6293389769495015e-05,5.150609742278955e-10,1.268041973645495e-07,59.0794998803176,12
adult_age_gender_welch,0.001,3.9589442815249267,7,255,0,12,1.855877241379854e-08,1.630263561991363e-05,5.152583349713662e-10,1.1755819517844657e-07,64.11615697760135,13
adult_age_gender_welch,0.001,3.9589442815249267,7,255,0,13,1.856484863512869e-08,1.630080459624761e-05,5.146644365329087e-10,1.193892487094672e-07,69.16718918131664,14
adult_age_gender_welch,0.001,3.9589442815249267,7,255,0,14,1.8564798979495893e-08,1.629271066438953e-05,5.165742009666339e-10,1.2748331346124075e-07,74.16400310629979,15
adult_age_gender_welch,0.001,3.9589442815249267,7,255,0,15,1.8554180064467188e-08,1.629955990101184e-05,5.175490824275921e-10,1.2063396437334006e-07,79.21820507803932,16
adult_age_gender_welch,0.001,3.9589442815249267,7,255,1,1,1.5368109697490098e-07,8.164731369586509e-05,1.5463187064486308e-07,0.00010894915219139545,8.067858095280826,2
adult_age_gender_welch,0.001,3.9589442815249267,7,255,1,2,1.5363126785182432e-07,8.171292481651271e-05,1.5458325477696363e-07,0.0001090534494792017,8.147947015240788,2
adult_age_gender_welch,0.001,3.9589442815249267,7,255,1,3,1.5366085801166534e-07,8.161700353515045e-05,1.5461356834695682e-07,0.00010904893072627431,8.216684806160629,2
adult_age_gender_welch,0.001,3.9589442815249267,7,255,1,4,1.5363180770975386e-07,8.162654033605499e-05,1.5458618481159313e-07,0.00010884261197685596,13.180373367853463,3
adult_age_gender_welch,0.001,3.9589442815249267,7,255,1,5,1.5362861931996865e-07,8.171377295740356e-05,1.5457769623064766e-07,0.00010904282657442366,13.255104388576001,3
adult_age_gender_welch,0.001,3.9589442815249267,7,255,1,6,1.5366880086850715e-07,8.161685134133734e-05,1.54615016560112e-07,0.00010905362674396013,13.323547867592424,3
adult_age_gender_welch,0.001,3.9589442815249267,7,255,1,7,1.5363767243781944e-07,8.163064692479072e-05,1.545870864009398e-07,0.00010884340980577001,17.46734761353582,4
adult_age_gender_welch,0.001,3.9589442815249267,7,255,1,8,1.5362914637764472e-07,8.171324974870497e-05,1.5458012998442465e-07,0.00010903858203037409,17.54303990956396,4
adult_age_gender_welch,0.001,3.9589442815249267,7,255,1,9,1.5366307673189513e-07,8.161710203191674e-05,1.546130187910523e-07,0.00010904544153778062,17.614836017601192,4
adult_age_gender_welch,0.001,3.9589442815249267,7,255,1,10,1.5363474586774781e-07,8.163515179582248e-05,1.5458466185007074e-07,0.00010882546924317893,22.43396871862933,5
adult_age_gender_welch,0.001,3.9589442815249267,7,255,1,11,1.5362809730353453e-07,8.171339495499641e-05,1.5457366955393695e-07,0.00010904527270050313,22.50664160726592,5
adult_age_gender_welch,0.001,3.9589442815249267,7,255,1,12,1.5367105393483875e-07,8.161486697355613e-05,1.546171395986327e-07,0.00010905712998920958,22.576733224093914,5
adult_age_gender_welch,0.001,3.9589442815249267,7,255,1,13,1.536379150987794e-07,8.163462444998881e-05,1.5458948100652092e-07,0.00010884455728166209,27.420659874100238,6
adult_age_gender_welch,0.001,3.9589442815249267,7,255,1,14,1.5362644155182014e-07,8.171437061932352e-05,1.5457569830254229e-07,0.00010904665979449835,27.49692001985386,6
adult_age_gender_welch,0.001,3.9589442815249267,7,255,1,15,1.5367128301495693e-07,8.161645567239528e-05,1.5462124190692542e-07,0.00010904780355158739,27.566049779765308,6
adult_age_gender_welch,0.001,3.9589442815249267,7,511,0,1,1.8118093579900114e-08,1.610556956166409e-05,5.455327567991958e-10,2.649689485600959e-07,11.665981705766171,2
adult_age_gender_welch,0.001,3.9589442815249267,7,511,0,2,1.8129150405368744e-08,1.6101405478363695e-05,5.454192681942889e-10,1.890471380550096e-07,16.66775144636631,3
adult_age_gender_welch,0.001,3.9589442815249267,7,511,0,3,1.8126299821362435e-08,1.6098657729335386e-05,5.418306552025878e-10,1.8734219564553456e-07,21.48308867542073,4
adult_age_gender_welch,0.001,3.9589442815249267,7,511,0,4,1.812682766912712e-08,1.609677884961691e-05,5.447890221829308e-10,1.9048895438800173e-07,26.136196544393897,5
adult_age_gender_welch,0.001,3.9589442815249267,7,511,0,5,1.8132220455066198e-08,1.6097629953248926e-05,5.436593643634135e-10,1.8794199285743218e-07,30.884478356223553,6
adult_age_gender_welch,0.001,3.9589442815249267,7,511,0,6,1.8123822022983498e-08,1.6097524760727566e-05,5.39805137922915e-10,1.9086040492499734e-07,35.73815994616598,7
adult_age_gender_welch,0.001,3.9589442815249267,7,511,0,7,1.813164854481023e-08,1.6095474942079413e-05,5.442809085240896e-10,1.9902942671734536e-07,40.57576195150614,8
adult_age_gender_welch,0.001,3.9589442815249267,7,511,0,8,1.8128505414221393e-08,1.609782222555811e-05,5.457868843626438e-10,1.9705952347681688e-07,45.30175042944029,9
adult_age_gender_welch,0.001,3.9589442815249267,7,511,0,9,1.8133427866752835e-08,1.609330024410216e-05,5.454235482348308e-10,1.980909591914326e-07,50.4606901681982,10
adult_age_gender_welch,0.001,3.9589442815249267,7,511,0,10,1.8129030058412602e-08,1.6097493389044537e-05,5.43867714234515e-10,1.9761548830654618e-07,55.436185780446976,11
adult_age_gender_welch,0.001,3.9589442815249267,7,511,0,11,1.812879749913708e-08,1.609488875964349e-05,5.44476023935683e-10,1.965143802129532e-07,60.381233332213014,12
adult_age_gender_welch,0.001,3.9589442815249267,7,511,0,12,1.8123962213529573e-08,1.6097058600061942e-05,5.427646321245398e-10,1.8762297027130614e-07,65.37847626022995,13
adult_age_gender_welch,0.001,3.9589442815249267,7,511,0,13,1.8131780774344354e-08,1.6095629721157856e-05,5.41775886506228e-10,1.9030709985656813e-07,70.19899986125529,14
adult_age_gender_welch,0.001,3.9589442815249267,7,511,0,14,1.8125333485969247e-08,1.6102367327963663e-05,5.454112320810102e-10,1.941973535313224e-07,75.01596253085881,15
adult_age_gender_welch,0.001,3.9589442815249267,7,511,0,15,1.8129988116261016e-08,1.6102491248504158e-05,5.44650843146982e-10,1.9822846220041157e-07,79.89237287081778,16
adult_age_gender_welch,0.001,3.9589442815249267,7,511,1,1,1.5593752081909972e-07,0.00010714130789368781,1.541411303425459e-07,9.68537944160408e-05,11.7027270286344,2
adult_age_gender_welch,0.001,3.9589442815249267,7,511,1,2,1.5593829613892067e-07,0.0001072080591122404,1.5414063805216385e-07,9.67111529829312e-05,11.778564921580255,2
adult_age_gender_welch,0.001,3.9589442815249267,7,511,1,3,1.5592134268506858e-07,0.00010709473789871637,1.5412132057566496e-07,9.668044956201438e-05,11.851186194922775,2
adult_age_gender_welch,0.001,3.9589442815249267,7,511,1,4,1.5593483334462986e-07,0.00010712528889500472,1.5413560239435663e-07,9.683982193064988e-05,16.843852325808257,3
adult_age_gender_welch,0.001,3.9589442815249267,7,511,1,5,1.5593670941060317e-07,0.0001072087951361489,1.5413875665923422e-07,9.67073793637363e-05,16.921366191934794,3
adult_age_gender_welch,0.001,3.9589442815249267,7,511,1,6,1.5592462444578246e-07,0.00010709167154765442,1.541281222591083e-07,9.668047422961568e-05,16.992456854321063,3
adult_age_gender_welch,0.001,3.9589442815249267,7,511,1,7,1.559373118238166e-07,0.00010712744379770545,1.541373735308134e-07,9.68263856871987e-05,22.15087639167905,4
adult_age_gender_welch,0.001,3.9589442815249267,7,511,1,8,1.5593649060514372e-07,0.00010721258926760235,1.5414006051058551e-07,9.669471833051446e-05,22.227178547997028,4
adult_age_gender_welch,0.001,3.9589442815249267,7,511,1,9,1.5592388638202806e-07,0.00010709164712341401,1.5412600939320259e-07,9.667838261273598e-05,22.296190913766623,4
adult_age_gender_welch,0.001,3.9589442815249267,7,511,1,10,1.5593517103881387e-07,0.00010712968732962125,1.541392134674637e-07,9.68310708506781e-05,27.21389691065997,5
adult_age_gender_welch,0.001,3.9589442815249267,7,511,1,11,1.5593452031810866e-07,0.00010720749920334338,1.5413406971285674e-07,9.670711107456764e-05,27.288752420339733,5
adult_age_gender_welch,0.001,3.9589442815249267,7,511,1,12,1.5592451087395826e-07,0.00010709117412777136,1.5412580528798638e-07,9.668610870117167e-05,27.35872818529606,5
adult_age_gender_welch,0.001,3.9589442815249267,7,511,1,13,1.559331786431279e-07,0.00010712628505893385,1.5413831816857334e-07,9.683748789246494e-05,31.754868493415415,6
adult_age_gender_welch,0.001,3.9589442815249267,7,511,1,14,1.5593825054783646e-07,0.0001072097033362196,1.5413721303743984e-07,9.670622265378626e-05,31.830487687140703,6
adult_age_gender_welch,0.001,3.9589442815249267,7,511,1,15,1.5591971779201468e-07,0.00010709206091963352,1.541218480152309e-07,9.667162490822889e-05,31.90021950704977,6
adult_age_gender_welch,0.001,3.9589442815249267,6,15,0,1,0.0034077979447926982,0.48628030146529366,0.0034077991357161514,0.486284043119969,6.670754112768918,2
adult_age_gender_welch,0.001,3.9589442815249267,6,15,0,2,0.00022925944351767806,0.2972073919867875,0.00022925978516295413,0.29721251074562627,6.739006279036403,2
adult_age_gender_welch,0.001,3.9589442815249267,6,15,0,3,2.301432081462959e-05,0.11937069771794384,2.3008142133246742e-05,0.11937711174247012,10.922246125992388,3
adult_age_gender_welch,0.001,3.9589442815249267,6,15,0,4,2.0309204837654147e-06,0.02052138087982036,2.019639325111574e-06,0.02052851486896845,11.00270296400413,3
adult_age_gender_welch,0.001,3.9589442815249267,6,15,0,5,5.324100239448786e-08,0.0006242337850729252,4.05465404299477e-08,0.0006315126942108007,11.078451727051288,3
adult_age_gender_welch,0.001,3.9589442815249267,6,15,0,6,1.903112875022343e-08,1.8861150556048756e-05,4.352623126009804e-09,4.826941516267169e-06,11.147670842241496,3
adult_age_gender_welch,0.001,3.9589442815249267,6,15,0,7,1.9045860804409474e-08,1.8862684897147375e-05,4.306656105258782e-09,3.952488190073211e-06,15.360300281085074,4
adult_age_gender_welch,0.001,3.9589442815249267,6,15,0,8,1.9047295644035873e-08,1.889768878804432e-05,4.32490719316241e-09,4.088491470044531e-06,15.439790468662977,4
adult_age_gender_welch,0.001,3.9589442815249267,6,15,0,9,1.9045883407114365e-08,1.8832782752165045e-05,4.315422788713397e-09,3.944694249025105e-06,15.513029359281063,4
adult_age_gender_welch,0.001,3.9589442815249267,6,15,0,10,1.9045947089856713e-08,1.8861879130360748e-05,4.334886351077186e-09,4.230727283061064e-06,15.581536155194044,4
adult_age_gender_welch,0.001,3.9589442815249267,6,15,0,11,1.9043543027250987e-08,1.8862331810476363e-05,4.3105560971096494e-09,3.952179755795093e-06,19.766871652100235,5
adult_age_gender_welch,0.001,3.9589442815249267,6,15,0,12,1.9042191747407894e-08,1.8898133780975712e-05,4.322159719333967e-09,4.0926223322523825e-06,19.84830746706575,5
adult_age_gender_welch,0.001,3.9589442815249267,6,15,0,13,1.9045878468593798e-08,1.883619225684363e-05,4.316966698756475e-09,3.948495774563909e-06,19.92405331833288,5
adult_age_gender_welch,0.001,3.9589442815249267,6,15,0,14,1.9042128679608078e-08,1.885933718748234e-05,4.33090980639432e-09,4.235522425899418e-06,19.99274583114311,5
adult_age_gender_welch,0.001,3.9589442815249267,6,15,0,15,1.9043949363704323e-08,1.8862572444655612e-05,4.306817766436662e-09,3.954928804783542e-06,24.115210340358317,6
adult_age_gender_welch,0.001,3.9589442815249267,6,15,1,1,0.003407931390140929,0.4862851422980461,0.0034079309021395917,0.4862858966199368,2.253557421732694,1
adult_age_gender_welch,0.001,3.9589442815249267,6,15,1,2,0.0002293917909200442,0.2972268870707625,0.00022939106020955385,0.2972279189995365,2.321916652843356,1
adult_age_gender_welch,0.001,3.9589442815249267,6,15,1,3,2.3155832493481822e-05,0.11942177231915863,2.3153812254807773e-05,0.11942306533107694,6.561385726090521,2
adult_age_gender_welch,0.001,3.9589442815249267,6,15,1,4,2.17295617871431e-06,0.020609948772722042,2.1709382359651955e-06,0.020611386876650872,6.63879533438012,2
adult_age_gender_welch,0.001,3.9589442815249267,6,15,1,5,1.9449793359511817e-07,0.0007277251827464415,1.924879158701118e-07,0.0007291924810741701,6.708857834339142,2
adult_age_gender_welch,0.001,3.9589442815249267,6,15,1,6,1.5811034974163703e-07,0.00010337566539853071,1.5610023897727474e-07,0.00010321609701835488,10.929446700029075,3
adult_age_gender_welch,0.001,3.9589442815249267,6,15,1,7,1.5810413067390933e-07,0.00010324031896336017,1.5609421964899958e-07,0.00010277234272837443,11.005306971259415,3
adult_age_gender_welch,0.001,3.9589442815249267,6,15,1,8,1.5807806563305693e-07,0.0001032362253845509,1.5606999031822505e-07,0.00010251342365463767,11.075540524441749,3
adult_age_gender_welch,0.001,3.9589442815249267,6,15,1,9,1.5808799513324843e-07,0.00010324367551950431,1.5607650038270215e-07,0.00010262792667337095,15.234145429451019,4
adult_age_gender_welch,0.001,3.9589442815249267,6,15,1,10,1.5810676716364327e-07,0.00010324475697343072,1.5609446034560204e-07,0.00010276448564183749,15.310563545674086,4
adult_age_gender_welch,0.001,3.9589442815249267,6,15,1,11,1.5808044869099723e-07,0.00010323191808103704,1.5606942442121182e-07,0.00010252641993480083,15.379942225757986,4
adult_age_gender_welch,0.001,3.9589442815249267,6,15,1,12,1.5808861897494193e-07,0.0001032430159226827,1.560791185749354e-07,0.00010263064837889857,19.521312997676432,5
adult_age_gender_welch,0.001,3.9589442815249267,6,15,1,13,1.5810548771932951e-07,0.00010324228295299775,1.5609196974593624e-07,0.00010277210413434101,19.599320508539677,5
adult_age_gender_welch,0.001,3.9589442815249267,6,15,1,14,1.580860660234631e-07,0.00010323515218857438,1.5607428705750642e-07,0.00010251920630255373,19.66990620456636,5
adult_age_gender_welch,0.001,3.9589442815249267,6,15,1,15,1.5808851673884108e-07,0.00010324493690838654,1.5607578466184053e-07,0.00010262182426268307,23.944809954613447,6
adult_age_gender_welch,0.001,3.9589442815249267,6,31,0,1,0.0006200467380198313,0.18493298714158102,0.0006200467747303136,0.18491596886244632,6.4082763767801225,2
adult_age_gender_welch,0.001,3.9589442815249267,6,31,0,2,1.553188691389735e-05,0.048152055638817304,1.5529837617399655e-05,0.0481321814275496,10.946432429365814,3
adult_age_gender_welch,0.001,3.9589442815249267,6,31,0,3,2.718921322646094e-07,0.003444611230429717,2.60747104819244e-07,0.0034238035452803794,11.028819663450122,3
adult_age_gender_welch,0.001,3.9589442815249267,6,31,0,4,1.966938289006063e-08,4.3573766751903165e-05,5.171922073573252e-09,2.269506927587983e-05,11.10243509663269,3
adult_age_gender_welch,0.001,3.9589442815249267,6,31,0,5,1.926584010872995e-08,2.5781988111539533e-05,4.416686320635936e-09,4.902919150118201e-06,11.168414855841547,3
adult_age_gender_welch,0.001,3.9589442815249267,6,31,0,6,1.9258988258852273e-08,2.606475544053577e-05,4.432390366131985e-09,5.1856923832804824e-06,15.417547676712275,4
adult_age_gender_welch,0.001,3.9589442815249267,6,31,0,7,1.9243391149561585e-08,2.610984540940553e-05,4.424231543701798e-09,5.230783293508345e-06,15.499198914505541,4
adult_age_gender_welch,0.001,3.9589442815249267,6,31,0,8,1.925377364375255e-08,2.606893392032017e-05,4.456863228609564e-09,5.18987095021739e-06,15.57286103721708,4
adult_age_gender_welch,0.001,3.9589442815249267,6,31,0,9,1.926646736945839e-08,2.5783628016529114e-05,4.415334646620979e-09,4.904559089413674e-06,15.642025584354997,4
adult_age_gender_welch,0.001,3.9589442815249267,6,31,0,10,1.926452703333555e-08,2.60615186954416e-05,4.433910331519262e-09,5.18245557057373e-06,20.351368051487952,5
adult_age_gender_welch,0.001,3.9589442815249267,6,31,0,11,1.924468939010904e-08,2.6105711515400642e-05,4.426861155873798e-09,5.226649313239129e-06,20.436275439336896,5
adult_age_gender_welch,0.001,3.9589442815249267,6,31,0,12,1.9256706064961753e-08,2.607475089988487e-05,4.455426875064238e-09,5.195688051240488e-06,20.51084120059386,5
adult_age_gender_welch,0.001,3.9589442815249267,6,31,0,13,1.9266000607660042e-08,2.5786225072321756e-05,4.417081192101919e-09,4.907156199385199e-06,20.580161709804088,5
adult_age_gender_welch,0.001,3.9589442815249267,6,31,0,14,1.926652592033304e-08,2.605918170817123e-05,4.434160164049685e-09,5.180118534564571e-06,25.385481091681868,6
adult_age_gender_welch,0.001,3.9589442815249267,6,31,0,15,1.924324924410583e-08,2.610774400491067e-05,4.4288253507429696e-09,5.228681845159677e-06,25.46620418690145,6
adult_age_gender_welch,0.001,3.9589442815249267,6,31,1,1,0.0006201955734229087,0.18494795800380714,0.000620194760350814,0.1849505153062032,3.3096119510009885,1
adult_age_gender_welch,0.001,3.9589442815249267,6,31,1,2,1.5677924481064804e-05,0.048197181209129636,1.5676634683258136e-05,0.04820016757994228,8.075636871159077,2
adult_age_gender_welch,0.001,3.9589442815249267,6,31,1,3,4.1380636824772874e-07,0.00351096592602107,4.113831451984261e-07,0.0035140925040346715,8.153882420156151,2
adult_age_gender_welch,0.001,3.9589442815249267,6,31,1,4,1.5740360655760446e-07,0.00011292627149095402,1.5498172313026443e-07,0.0001160635111734365,8.22364457603544,2
adult_age_gender_welch,0.001,3.9589442815249267,6,31,1,5,1.5666895552550163e-07,9.688019920461866e-05,1.5424906707722013e-07,9.861711242287186e-05,13.32837316673249,3
adult_age_gender_welch,0.001,3.9589442815249267,6,31,1,6,1.566558491275665e-07,9.685718714602665e-05,1.5423352362487473e-07,9.878879572178256e-05,13.405536415986717,3
adult_age_gender_welch,0.001,3.9589442815249267,6,31,1,7,1.5666427270223998e-07,9.689462272388649e-05,1.5424290879544308e-07,9.858337249557536e-05,13.475752611178905,3
adult_age_gender_welch,0.001,3.9589442815249267,6,31,1,8,1.566733683808875e-07,9.687849974138185e-05,1.542486503202151e-07,9.86100077549068e-05,18.25746625987813,4
adult_age_gender_welch,0.001,3.9589442815249267,6,31,1,9,1.56657363720051e-07,9.685430144601437e-05,1.542339040290959e-07,9.878628644155452e-05,18.345549958758056,4
adult_age_gender_welch,0.001,3.9589442815249267,6,31,1,10,1.5667119725913548e-07,9.689331824669356e-05,1.542489503688092e-07,9.857633762755391e-05,18.413849049713463,4
adult_age_gender_welch,0.001,3.9589442815249267,6,31,1,11,1.566665986064221e-07,9.688018473053006e-05,1.5424356448190944e-07,9.860221699042881e-05,22.807140896562487,5
adult_age_gender_welch,0.001,3.9589442815249267,6,31,1,12,1.566565963553568e-07,9.685574560791554e-05,1.542335521269371e-07,9.878938798568715e-05,22.883187492843717,5
adult_age_gender_welch,0.001,3.9589442815249267,6,31,1,13,1.5667606321145564e-07,9.689130614343178e-05,1.542529924166302e-07,9.858548121555177e-05,22.955341160763055,5
adult_age_gender_welch,0.001,3.9589442815249267,6,31,1,14,1.5667293206759596e-07,9.687583331141614e-05,1.542549419575956e-07,9.861647803044438e-05,27.687191921751946,6
adult_age_gender_welch,0.001,3.9589442815249267,6,31,1,15,1.5665807811799962e-07,9.685505249179549e-05,1.5423495947943633e-07,9.879045088601046e-05,27.765414654742926,6
adult_age_gender_welch,0.001,3.9589442815249267,6,63,0,1,4.009004092586558e-05,0.019922372643137454,4.008762337327574e-05,0.019890252969840372,7.623164930380881,2
adult_age_gender_welch,0.001,3.9589442815249267,6,63,0,2,1.2586103898036636e-07,0.0006223447223836498,1.1593046905334647e-07,0.0005895925373606836,11.878049061167985,3
adult_age_gender_welch,0.001,3.9589442815249267,6,63,0,3,2.034061416473159e-08,3.330541488233418e-05,4.13135684010032e-09,4.089067895507448e-06,11.95847533410415,3
adult_age_gender_welch,0.001,3.9589442815249267,6,63,0,4,2.0305228784067432e-08,3.265637284044498e-05,4.11548549576483e-09,4.1394220137158655e-06,12.032361310441047,3
adult_age_gender_welch,0.001,3.9589442815249267,6,63,0,5,2.033939578535403e-08,3.28014781724173e-05,4.1031008024064995e-09,4.093828791185139e-06,12.100070445798337,3
adult_age_gender_welch,0.001,3.9589442815249267,6,63,0,6,2.0314535322724146e-08,3.286537293289982e-05,4.08594523683024e-09,4.096875121262222e-06,16.391547347884625,4
adult_age_gender_welch,0.001,3.9589442815249267,6,63,0,7,2.0319051327203968e-08,3.277167301707351e-05,4.114998974503862e-09,4.088124128220905e-06,16.468021953944117,4
adult_age_gender_welch,0.001,3.9589442815249267,6,63,0,8,2.0308946876287443e-08,3.266318094286014e-05,4.121199950010999e-09,4.139573249850592e-06,16.540528582874686,4
adult_age_gender_welch,0.001,3.9589442815249267,6,63,0,9,2.0340386477396457e-08,3.278487594626789e-05,4.104699984957747e-09,4.09499921871781e-06,16.607417124789208,4
adult_age_gender_welch,0.001,3.9589442815249267,6,63,0,10,2.031734070769375e-08,3.286227375465245e-05,4.086349959407984e-09,4.097754037424295e-06,21.145986917894334,5
adult_age_gender_welch,0.001,3.9589442815249267,6,63,0,11,2.0316093768296445e-08,3.277551637081988e-05,4.106068190690918e-09,4.0862137661301645e-06,21.222123741172254,5
adult_age_gender_welch,0.001,3.9589442815249267,6,63,0,12,2.0309053728545062e-08,3.265359661619449e-05,4.123031935891676e-09,4.138560287025861e-06,21.294736048206687,5
adult_age_gender_welch,0.001,3.9589442815249267,6,63,0,13,2.033985896104866e-08,3.279126314048586e-05,4.105792184588315e-09,4.096691244348527e-06,21.359980365261436,5
adult_age_gender_welch,0.001,3.9589442815249267,6,63,0,14,2.031498365948913e-08,3.288035163628855e-05,4.0842680502017285e-09,4.0960078676599565e-06,25.55054782796651,6
adult_age_gender_welch,0.001,3.9589442815249267,6,63,0,15,2.0325090926248104e-08,3.2779805407723295e-05,4.11146542794399e-09,4.088949005276454e-06,25.630245132837445,6
adult_age_gender_welch,0.001,3.9589442815249267,6,63,1,1,4.0236249123190866e-05,0.019975384961153697,4.0237095265721074e-05,0.01997213280978083,3.1257720277644694,1
adult_age_gender_welch,0.001,3.9589442815249267,6,63,1,2,2.704042337304486e-07,0.0007013802384048251,2.6976992785776677e-07,0.0006980641274333399,7.325378756504506,2
adult_age_gender_welch,0.001,3.9589442815249267,6,63,1,3,1.563380060692226e-07,0.00011385423404453032,1.5564450030324531e-07,0.00011053617340428534,7.401638241484761,2
adult_age_gender_welch,0.001,3.9589442815249267,6,63,1,4,1.563182695111147e-07,0.0001137746717445598,1.5562796998040248e-07,0.00011045661084019276,7.471293683163822,2
adult_age_gender_welch,0.001,3.9589442815249267,6,63,1,5,1.562900153337424e-07,0.0001134853840969452,1.5559958994280774e-07,0.00011016732223267933,11.829720325302333,3
adult_age_gender_welch,0.001,3.9589442815249267,6,63,1,6,1.5631167776149744e-07,0.00011334969097998027,1.5561612726196653e-07,0.00011003162866540794,11.901157706044614,3
adult_age_gender_welch,0.001,3.9589442815249267,6,63,1,7,1.5632089404684206e-07,0.00011378321445476569,1.5562386936323136e-07,0.00011046515357882036,11.970377882011235,3
adult_age_gender_welch,0.001,3.9589442815249267,6,63,1,8,1.5629640557435703e-07,0.00011350184196212698,1.5560239219261025e-07,0.00011018378015248409,16.360391424037516,4
adult_age_gender_welch,0.001,3.9589442815249267,6,63,1,9,1.5631422244619559e-07,0.0001133431215147862,1.5561872258198256e-07,0.00011002505917834249,16.431919367052615,4
adult_age_gender_welch,0.001,3.9589442815249267,6,63,1,10,1.5631258439956705e-07,0.00011376744605040567,1.5561779152346858e-07,0.00011044938512205782,16.50243829190731,4
adult_age_gender_welch,0.001,3.9589442815249267,6,63,1,11,1.5629338804382955e-07,0.00011349394373116883,1.5559956625618528e-07,0.00011017588189532468,20.83306749118492,5
adult_age_gender_welch,0.001,3.9589442815249267,6,63,1,12,1.5631067831501036e-07,0.00011334791733985661,1.556140806529295e-07,0.00011002985501928908,20.90722655924037,5
adult_age_gender_welch,0.001,3.9589442815249267,6,63,1,13,1.5631448640617847e-07,0.00011377552764291199,1.5562245247846389e-07,0.00011045746674132051,20.977206867188215,5
adult_age_gender_welch,0.001,3.9589442815249267,6,63,1,14,1.562972973865718e-07,0.00011349521134185192,1.5560582380097414e-07,0.00011017714951011559,25.243804570287466,6
adult_age_gender_welch,0.001,3.9589442815249267,6,63,1,15,1.5631178939160703e-07,0.00011333945632496789,1.5561643929816392e-07,0.00011002139397642274,25.31935359723866,6
adult_age_gender_welch,0.001,3.9589442815249267,6,127,0,1,3.2714342727409467e-07,0.0002189432636440225,3.233708067141677e-07,0.00021754550716346355,10.345028530806303,3
adult_age_gender_welch,0.001,3.9589442815249267,6,127,0,2,2.027612437668978e-08,2.5861647133584853e-05,4.444371228834877e-09,7.007744120546278e-06,10.425363476388156,3
adult_age_gender_welch,0.001,3.9589442815249267,6,127,0,3,2.0272967161423646e-08,2.586469428411675e-05,4.449827922600063e-09,6.892056257035151e-06,10.499089709483087,3
adult_age_gender_welch,0.001,3.9589442815249267,6,127,0,4,2.025824532175699e-08,2.589944833986113e-05,4.441670524381238e-09,6.958991902950018e-06,10.566556530538946,3
adult_age_gender_welch,0.001,3.9589442815249267,6,127,0,5,2.0264022563187736e-08,2.5862533858389547e-05,4.4390431008373415e-09,7.0497546191816696e-06,15.127568992320448,4
adult_age_gender_welch,0.001,3.9589442815249267,6,127,0,6,2.0273938561060807e-08,2.5841201389265045e-05,4.4492559815663044e-09,7.0027287801810445e-06,15.207791729364544,4
adult_age_gender_welch,0.001,3.9589442815249267,6,127,0,7,2.0273310828812844e-08,2.586453266628652e-05,4.447539923382892e-09,6.8860557012051515e-06,15.280844962224364,4
adult_age_gender_welch,0.001,3.9589442815249267,6,127,0,8,2.026104897633315e-08,2.590166403004801e-05,4.436547267565029e-09,6.961975534736098e-06,15.345994123257697,4
adult_age_gender_welch,0.001,3.9589442815249267,6,127,0,9,2.026497007158638e-08,2.5860014479572868e-05,4.438308713314353e-09,7.052374589422428e-06,20.247671667020768,5
adult_age_gender_welch,0.001,3.9589442815249267,6,127,0,10,2.027850498970336e-08,2.5838072770789644e-05,4.446435968896744e-09,7.007979410111886e-06,20.32496285624802,5
adult_age_gender_welch,0.001,3.9589442815249267,6,127,0,11,2.0269385817712744e-08,2.5861835718843373e-05,4.446246210253646e-09,6.884328649814364e-06,20.39915657043457,5
adult_age_gender_welch,0.001,3.9589442815249267,6,127,0,12,2.025894147267114e-08,2.5902055980742134e-05,4.436866093693721e-09,6.959915759052748e-06,20.46728319628164,5
adult_age_gender_welch,0.001,3.9589442815249267,6,127,0,13,2.026531321149428e-08,2.5858727698224726e-05,4.440689715044902e-09,7.050994622836981e-06,24.95392357138917,6
adult_age_gender_welch,0.001,3.9589442815249267,6,127,0,14,2.0277347076487636e-08,2.5840065278726065e-05,4.449315290427024e-09,7.0057990451122265e-06,25.032119072508067,6
adult_age_gender_welch,0.001,3.9589442815249267,6,127,0,15,2.02746209824789e-08,2.5863598678510513e-05,4.448003588950557e-09,6.886715005594013e-06,25.105624536518008,6
adult_age_gender_welch,0.001,3.9589442815249267,6,127,1,1,4.695820219298495e-07,0.00028561089306156084,4.7013828645019984e-07,0.00031193177165922403,6.68334739562124,2
adult_age_gender_welch,0.001,3.9589442815249267,6,127,1,2,1.5472182113098585e-07,0.0001071730003338045,1.5395949599998661e-07,9.461006601818589e-05,6.759520537685603,2
adult_age_gender_welch,0.001,3.9589442815249267,6,127,1,3,1.5472996028506706e-07,0.00010721312244332815,1.539670436381772e-07,9.476490362192447e-05,6.829910158645362,2
adult_age_gender_welch,0.001,3.9589442815249267,6,127,1,4,1.5470684245892543e-07,0.00010716389069720389,1.5394945957397438e-07,9.467792133333042e-05,11.210449293721467,3
adult_age_gender_welch,0.001,3.9589442815249267,6,127,1,5,1.5471027381723843e-07,0.00010716993858772561,1.5394896934153342e-07,9.454540527586985e-05,11.290278909727931,3
adult_age_gender_welch,0.001,3.9589442815249267,6,127,1,6,1.5473534689145355e-07,0.00010721220386267216,1.5397172060246112e-07,9.47667028763366e-05,11.358003753703088,3
adult_age_gender_welch,0.001,3.9589442815249267,6,127,1,7,1.5471609186496252e-07,0.00010716574633973242,1.5395566127652038e-07,9.466990647055695e-05,15.97516100667417,4
adult_age_gender_welch,0.001,3.9589442815249267,6,127,1,8,1.5471156903505056e-07,0.00010717280459360268,1.539515531588488e-07,9.454362461658317e-05,16.047178639564663,4
adult_age_gender_welch,0.001,3.9589442815249267,6,127,1,9,1.5473183532994553e-07,0.00010721348998654623,1.539697956836254e-07,9.477922122347326e-05,16.11713191960007,4
adult_age_gender_welch,0.001,3.9589442815249267,6,127,1,10,1.5470849721531513e-07,0.00010716372518748685,1.539499508453724e-07,9.466883522590841e-05,20.863313384819776,5
adult_age_gender_welch,0.001,3.9589442815249267,6,127,1,11,1.547174734554053e-07,0.00010717283253403043,1.5395539016008826e-07,9.45458005241484e-05,20.939056373666972,5
adult_age_gender_welch,0.001,3.9589442815249267,6,127,1,12,1.5473684802206375e-07,0.00010721408963398904,1.5397438434816354e-07,9.477482910058566e-05,21.005765376612544,5
adult_age_gender_welch,0.001,3.9589442815249267,6,127,1,13,1.5470768402441393e-07,0.00010716411646116697,1.539505431468251e-07,9.466424283632868e-05,25.507961133029312,6
adult_age_gender_welch,0.001,3.9589442815249267,6,127,1,14,1.5471439007034977e-07,0.00010717048753416947,1.539550247375489e-07,9.455039890582384e-05,25.582318726927042,6
adult_age_gender_welch,0.001,3.9589442815249267,6,127,1,15,1.5473487106106636e-07,0.0001072090089923039,1.5397538220072773e-07,9.476975873701221e-05,25.653103042859584,6
adult_age_gender_welch,0.001,3.9589442815249267,6,255,0,1,2.1317772290488043e-08,3.38222820079892e-05,4.334227079716673e-09,5.08924968511959e-06,11.371538570150733,3
adult_age_gender_welch,0.001,3.9589442815249267,6,255,0,2,2.128594714018487e-08,3.379760086952288e-05,4.340737011748318e-09,4.7490217568446624e-06,11.452100922353566,3
adult_age_gender_welch,0.001,3.9589442815249267,6,255,0,3,2.1329362572841296e-08,3.391696167986957e-05,4.371872889261715e-09,5.131343629227736e-06,11.52556860120967,3
adult_age_gender_welch,0.001,3.9589442815249267,6,255,0,4,2.1316674636094043e-08,3.379484219312445e-05,4.3366235299153295e-09,4.978583282855276e-06,11.593216768000275,3
adult_age_gender_welch,0.001,3.9589442815249267,6,255,0,5,2.13118092475319e-08,3.382781564420512e-05,4.320133335573471e-09,4.897546307836009e-06,15.756358365062624,4
adult_age_gender_welch,0.001,3.9589442815249267,6,255,0,6,2.1286560828762092e-08,3.3796429251609084e-05,4.337317187449086e-09,4.743213049995809e-06,15.836824445053935,4
adult_age_gender_welch,0.001,3.9589442815249267,6,255,0,7,2.1330665767711564e-08,3.3916775682651945e-05,4.373703174595002e-09,5.139637945683617e-06,15.911925940774381,4
adult_age_gender_welch,0.001,3.9589442815249267,6,255,0,8,2.131358217884809e-08,3.379324381236337e-05,4.332673667471645e-09,4.981414800875328e-06,15.980463947635144,4
adult_age_gender_welch,0.001,3.9589442815249267,6,255,0,9,2.1314617472660574e-08,3.38294001611672e-05,4.322884277602033e-09,4.898304792999575e-06,20.14199761673808,5
adult_age_gender_welch,0.001,3.9589442815249267,6,255,0,10,2.1288288794324612e-08,3.379584209706188e-05,4.341039409456158e-09,4.747065882049206e-06,20.223714894615114,5
adult_age_gender_welch,0.001,3.9589442815249267,6,255,0,11,2.1334527920408556e-08,3.391459193102797e-05,4.374610972398402e-09,5.130007447506912e-06,20.298614024650306,5
adult_age_gender_welch,0.001,3.9589442815249267,6,255,0,12,2.1312933358945798e-08,3.379422607729943e-05,4.336329796219516e-09,4.997333701295403e-06,20.36599878175184,5
adult_age_gender_welch,0.001,3.9589442815249267,6,255,0,13,2.1313096306909026e-08,3.3828113032985385e-05,4.322549130422385e-09,4.912209059404482e-06,24.616500684525818,6
adult_age_gender_welch,0.001,3.9589442815249267,6,255,0,14,2.1290619913749573e-08,3.379793881297388e-05,4.344714628768119e-09,4.754505200876835e-06,24.697457023896277,6
adult_age_gender_welch,0.001,3.9589442815249267,6,255,0,15,2.132776699009876e-08,3.3913337858848536e-05,4.373300900691252e-09,5.127608264876571e-06,24.77099060593173,6
adult_age_gender_welch,0.001,3.9589442815249267,6,255,1,1,1.5593676717260555e-07,0.00010272289233803633,1.5403090261371878e-07,0.00010743244585897926,7.6084002600982785,2
adult_age_gender_welch,0.001,3.9589442815249267,6,255,1,2,1.5586806879532017e-07,0.00010274304413548929,1.5396140796010253e-07,0.00010745259756150816,7.681695848237723,2
adult_age_gender_welch,0.001,3.9589442815249267,6,255,1,3,1.5589263375410785e-07,0.00010273184547382463,1.53982814489731e-07,0.00010744139895257909,7.753946889191866,2
adult_age_gender_welch,0.001,3.9589442815249267,6,255,1,4,1.5589579282105915e-07,0.000102631029045952,1.5398628624647064e-07,0.00010734058299954885,12.5654965210706,3
adult_age_gender_welch,0.001,3.9589442815249267,6,255,1,5,1.5586436328704175e-07,0.00010273658820425524,1.5395639866127623e-07,0.00010744614166069422,12.660148044116795,3
adult_age_gender_welch,0.001,3.9589442815249267,6,255,1,6,1.558939878981183e-07,0.00010274091894613147,1.5398870059019288e-07,0.00010745047238214234,12.728846224024892,3
adult_age_gender_welch,0.001,3.9589442815249267,6,255,1,7,1.558959902784694e-07,0.00010263105942265316,1.5398695662764065e-07,0.00010734061337613898,17.568929993081838,4
adult_age_gender_welch,0.001,3.9589442815249267,6,255,1,8,1.5587006404319307e-07,0.00010273754559864123,1.539621026223224e-07,0.00010744709905063932,17.64463551994413,4
adult_age_gender_welch,0.001,3.9589442815249267,6,255,1,9,1.558902928538647e-07,0.0001027436622275113,1.5398155408054132e-07,0.00010745321565053256,17.71390996174887,4
adult_age_gender_welch,0.001,3.9589442815249267,6,255,1,10,1.5589405212276862e-07,0.00010262552147255466,1.5398674772441987e-07,0.0001073350754520197,22.74575682077557,5
adult_age_gender_welch,0.001,3.9589442815249267,6,255,1,11,1.5586938949745344e-07,0.00010274678996824438,1.5396220410350683e-07,0.0001074563433766107,22.82177836075425,5
adult_age_gender_welch,0.001,3.9589442815249267,6,255,1,12,1.558882275538429e-07,0.0001027402805703348,1.539808854719504e-07,0.00010744983400934327,22.892247973009944,5
adult_age_gender_welch,0.001,3.9589442815249267,6,255,1,13,1.5589073393282787e-07,0.00010263473486127328,1.5398311679513935e-07,0.00010734428879743962,27.172777279745787,6
adult_age_gender_welch,0.001,3.9589442815249267,6,255,1,14,1.5586884462646104e-07,0.00010274716170921572,1.5395830733737426e-07,0.00010745671511580568,27.25027229776606,6
adult_age_gender_welch,0.001,3.9589442815249267,6,255,1,15,1.5589463975919075e-07,0.00010273189266174487,1.539877531625368e-07,0.00010744144614038831,27.320742991752923,6
adult_age_gender_welch,0.001,3.9589442815249267,6,511,0,1,1.913613041295645e-08,1.4612859505325204e-05,4.258209469453216e-09,5.256291985222816e-06,15.882829303387552,3
adult_age_gender_welch,0.001,3.9589442815249267,6,511,0,2,1.9153005759023952e-08,1.4675020822529916e-05,4.2572455402570145e-09,5.282033672671105e-06,15.963988152332604,3
adult_age_gender_welch,0.001,3.9589442815249267,6,511,0,3,1.9158718697535155e-08,1.462599071788695e-05,4.262994920487136e-09,5.242790063419989e-06,16.03828247450292,3
adult_age_gender_welch,0.001,3.9589442815249267,6,511,0,4,1.913234123995073e-08,1.4608049437203618e-05,4.29824324726309e-09,5.279500919774804e-06,16.10600680252537,3
adult_age_gender_welch,0.001,3.9589442815249267,6,511,0,5,1.913939217835985e-08,1.463423838488076e-05,4.272570746770852e-09,5.2792779432486725e-06,21.29645892838016,4
adult_age_gender_welch,0.001,3.9589442815249267,6,511,0,6,1.9151621808642357e-08,1.4676504171973193e-05,4.25317405841719e-09,5.285225251672188e-06,21.376814265269786,4
adult_age_gender_welch,0.001,3.9589442815249267,6,511,0,7,1.915621547329729e-08,1.4627300978009572e-05,4.259887993594185e-09,5.241537773148508e-06,21.450474536046386,4
adult_age_gender_welch,0.001,3.9589442815249267,6,511,0,8,1.912710578034257e-08,1.4607387651688342e-05,4.2953185130100195e-09,5.280289187892251e-06,21.51938965683803,4
adult_age_gender_welch,0.001,3.9589442815249267,6,511,0,9,1.914345578896983e-08,1.4635895418724232e-05,4.268073014949942e-09,5.278828125288015e-06,26.527948956005275,5
adult_age_gender_welch,0.001,3.9589442815249267,6,511,0,10,1.9161327502109025e-08,1.4676790261347605e-05,4.257031363321008e-09,5.28458667581333e-06,26.613636838272214,5
adult_age_gender_welch,0.001,3.9589442815249267,6,511,0,11,1.9158251696256876e-08,1.4624341350355508e-05,4.262397869114222e-09,5.240451303789584e-06,26.68732298212126,5
adult_age_gender_welch,0.001,3.9589442815249267,6,511,0,12,1.9135576385869926e-08,1.4608156263973271e-05,4.300598777889599e-09,5.276681220633961e-06,26.75542877148837,5
adult_age_gender_welch,0.001,3.9589442815249267,6,511,0,13,1.9144705498191976e-08,1.4635592961553812e-05,4.2677110567753275e-09,5.280975437171875e-06,31.87539089238271,6
adult_age_gender_welch,0.001,3.9589442815249267,6,511,0,14,1.9159476588982374e-08,1.4679306499232325e-05,4.26184274887747e-09,5.2840208135673805e-06,31.955425383523107,6
adult_age_gender_welch,0.001,3.9589442815249267,6,511,0,15,1.9157252433985912e-08,1.4625305058801885e-05,4.26549421517314e-09,5.2413419846519815e-06,32.02811020379886,6
adult_age_gender_welch,0.001,3.9589442815249267,6,511,1,1,1.5786137153721324e-07,0.00011020743254264165,1.5408270490899074e-07,0.00010060275368795057,11.69183903420344,2
adult_age_gender_welch,0.001,3.9589442815249267,6,511,1,2,1.578434559202151e-07,0.00010994807183972721,1.5406122066187353e-07,0.00010034339049369567,11.789328104350716,2
adult_age_gender_welch,0.001,3.9589442815249267,6,511,1,3,1.5789352602825133e-07,0.0001104006930033874,1.5411301380801058e-07,0.00010079601600521126,11.860169510357082,2
adult_age_gender_welch,0.001,3.9589442815249267,6,511,1,4,1.578586441762194e-07,0.00011018653918892785,1.5408046533400003e-07,0.00010058186013350845,16.946354497224092,3
adult_age_gender_welch,0.001,3.9589442815249267,6,511,1,5,1.578417216607031e-07,0.00010996232229121272,1.540607241000263e-07,0.00010035764108207168,17.022524185013026,3
adult_age_gender_welch,0.001,3.9589442815249267,6,511,1,6,1.5789245553001822e-07,0.00011040588120947437,1.541117313777871e-07,0.00010080120426103623,17.09252274641767,3
adult_age_gender_welch,0.001,3.9589442815249267,6,511,1,7,1.5786163705051902e-07,0.00011019038336712583,1.540818909373725e-07,0.00010058570434867686,21.934777782298625,4
adult_age_gender_welch,0.001,3.9589442815249267,6,511,1,8,1.5784526957587927e-07,0.00010995250085754638,1.540631837237277e-07,0.0001003478195541474,22.010298560373485,4
adult_age_gender_welch,0.001,3.9589442815249267,6,511,1,9,1.5789246045392916e-07,0.00011040694704933518,1.5411375109897617e-07,0.00010080227011122211,22.080039233434945,4
adult_age_gender_welch,0.001,3.9589442815249267,6,511,1,10,1.578638937548063e-07,0.00011018210558833008,1.5408524786930599e-07,0.00010057742649038914,27.066162111237645,5
adult_age_gender_welch,0.001,3.9589442815249267,6,511,1,11,1.578384231416863e-07,0.00010995468923369334,1.540566588590236e-07,0.00010035000795116655,27.14832969941199,5
adult_age_gender_welch,0.001,3.9589442815249267,6,511,1,12,1.5789488274174301e-07,0.0001104057586779339,1.5411437662146086e-07,0.00010080108172838553,27.220774157438427,5
adult_age_gender_welch,0.001,3.9589442815249267,6,511,1,13,1.5785645265692128e-07,0.00011018791543160322,1.540768284973491e-07,0.00010058323638939548,32.05274958536029,6
adult_age_gender_welch,0.001,3.9589442815249267,6,511,1,14,1.5784042752221763e-07,0.00010994095649674573,1.5405707967689768e-07,0.00010033627508243548,32.12631502142176,6
adult_age_gender_welch,0.001,3.9589442815249267,6,511,1,15,1.5789658672035907e-07,0.00011040487154978518,1.5411251616524429e-07,0.0001008001945916881,32.196152282413095,6
adult_age_gender_welch,0.001,3.9589442815249267,5,15,1,1,0.0034079301194098943,0.4862854054514687,0.00340792981325685,0.486284733888279,2.63390212925151,1
adult_age_gender_welch,0.001,3.9589442815249267,5,15,1,2,0.0002293904646069606,0.2972277472141249,0.0002293898533440913,0.2972268285017101,2.6977289472706616,1
adult_age_gender_welch,0.001,3.9589442815249267,5,15,1,3,2.3154606072500684e-05,0.11942388258386893,2.315252877386943e-05,0.11942273143396487,7.643646195530891,2
adult_age_gender_welch,0.001,3.9589442815249267,5,15,1,4,2.1720243531595703e-06,0.020613470593929595,2.169872825440625e-06,0.020612190272232267,7.718915181234479,2
adult_age_gender_welch,0.001,3.9589442815249267,5,15,1,5,1.9371034285259962e-07,0.0007317069203678361,1.9155137349983806e-07,0.0007304006078562297,7.788653262425214,2
adult_age_gender_welch,0.001,3.9589442815249267,5,15,1,6,1.5731997424607916e-07,0.00010595409629265973,1.5515991871769725e-07,0.00010464696575374077,12.348155463580042,3
adult_age_gender_welch,0.001,3.9589442815249267,5,15,1,7,1.572856852238452e-07,0.0001054196531861118,1.5512571054092275e-07,0.00010411252194852949,12.42258124332875,3
adult_age_gender_welch,0.001,3.9589442815249267,5,15,1,8,1.5729875514462494e-07,0.000105062097357278,1.5513735817572778e-07,0.00010375496565229181,12.512863857671618,3
adult_age_gender_welch,0.001,3.9589442815249267,5,15,1,9,1.572992310459054e-07,0.0001053623076863186,1.551428519564748e-07,0.00010405517637368522,17.513725097756833,4
adult_age_gender_welch,0.001,3.9589442815249267,5,15,1,10,1.572861894566532e-07,0.0001054225446398549,1.551246712286877e-07,0.00010411541340604735,17.586520629469305,4
adult_age_gender_welch,0.001,3.9589442815249267,5,15,1,11,1.573009595013545e-07,0.00010506158929735054,1.5513877224023468e-07,0.00010375445759158719,17.65652401931584,4
adult_age_gender_welch,0.001,3.9589442815249267,5,15,1,12,1.5730573510882882e-07,0.00010537455066128576,1.551425544356066e-07,0.00010406741936475061,22.704391120467335,5
adult_age_gender_welch,0.001,3.9589442815249267,5,15,1,13,1.5728898818348643e-07,0.00010542313648931323,1.5512717176037046e-07,0.00010411600525628284,22.77925467165187,5
adult_age_gender_welch,0.001,3.9589442815249267,5,15,1,14,1.5730670440240664e-07,0.0001050594049784026,1.551450691884101e-07,0.00010375227326986369,22.851550684776157,5
adult_age_gender_welch,0.001,3.9589442815249267,5,15,1,15,1.5729970950179319e-07,0.00010535614485729372,1.5514054701678504e-07,0.00010404901353666673,27.94428105512634,6
adult_age_gender_welch,0.001,3.9589442815249267,5,31,1,1,0.0006201961415453411,0.18495047860798908,0.0006201958754856756,0.18494725976447246,2.988044175785035,1
adult_age_gender_welch,0.001,3.9589442815249267,5,31,1,2,1.5677873168621445e-05,0.04820299770019665,1.5677220327181686e-05,0.04819923880514854,7.303901056759059,2
adult_age_gender_welch,0.001,3.9589442815249267,5,31,1,3,4.135943653229647e-07,0.003518919132215692,4.1187533440684255e-07,0.003514983768066249,7.378677114844322,2
adult_age_gender_welch,0.001,3.9589442815249267,5,31,1,4,1.571999367727267e-07,0.00012105440752585572,1.55477680132636e-07,0.00011710562432076799,7.447238733060658,2
adult_age_gender_welch,0.001,3.9589442815249267,5,31,1,5,1.564511192376617e-07,0.00010485439611063185,1.5472869419855774e-07,9.992348975773613e-05,11.762201360892504,3
adult_age_gender_welch,0.001,3.9589442815249267,5,31,1,6,1.5645302410969411e-07,0.00010479080971226296,1.5472980952415966e-07,9.997835607189476e-05,11.841052020899951,3
adult_age_gender_welch,0.001,3.9589442815249267,5,31,1,7,1.5646811813889718e-07,0.00010490261002327195,1.5474203464970412e-07,9.961540969893878e-05,11.910463617183268,3
adult_age_gender_welch,0.001,3.9589442815249267,5,31,1,8,1.5645435206903288e-07,0.00010485338205978856,1.5473081520943403e-07,9.992745574594064e-05,16.235717497300357,4
adult_age_gender_welch,0.001,3.9589442815249267,5,31,1,9,1.5645000564697638e-07,0.00010479043950506473,1.5472854042581125e-07,9.99822473519707e-05,16.310277255252004,4
adult_age_gender_welch,0.001,3.9589442815249267,5,31,1,10,1.56460814913412e-07,0.00010490218956638042,1.547407823496318e-07,9.961617843579074e-05,16.378797843120992,4
adult_age_gender_welch,0.001,3.9589442815249267,5,31,1,11,1.5645234175380927e-07,0.00010485337629884128,1.5473050623946203e-07,9.992304142192321e-05,20.721032823901623,5
adult_age_gender_welch,0.001,3.9589442815249267,5,31,1,12,1.5644971346671528e-07,0.0001047917648508978,1.5472892121915258e-07,9.99799297161097e-05,20.79454886773601,5
adult_age_gender_welch,0.001,3.9589442815249267,5,31,1,13,1.5646252252337012e-07,0.00010490381192962417,1.547416435176277e-07,9.962353981163297e-05,20.862636520527303,5
adult_age_gender_welch,0.001,3.9589442815249267,5,31,1,14,1.564514134118587e-07,0.00010485379566216313,1.5472488897393547e-07,9.992750402787465e-05,25.483271753415465,6
adult_age_gender_welch,0.001,3.9589442815249267,5,31,1,15,1.56447295807164e-07,0.00010479098710580725,1.5472092552890513e-07,9.997241725190342e-05,25.56028573261574,6
adult_age_gender_welch,0.001,3.9589442815249267,5,63,1,1,4.0236086508426e-05,0.019988155964457688,4.0235249046729444e-05,0.019986366828120272,3.575305704958737,1
adult_age_gender_welch,0.001,3.9589442815249267,5,63,1,2,2.704238508997945e-07,0.0007169828009576662,2.6817267514953383e-07,0.0007151584826412538,8.789027025923133,2
adult_age_gender_welch,0.001,3.9589442815249267,5,63,1,3,1.562751019427755e-07,0.00012991636855808064,1.5397661277263635e-07,0.00012809097847710227,8.863070006016642,2
adult_age_gender_welch,0.001,3.9589442815249267,5,63,1,4,1.5622435482381188e-07,0.00012916603273926963,1.539279653573878e-07,0.0001273406412886091,8.931469922885299,2
adult_age_gender_welch,0.001,3.9589442815249267,5,63,1,5,1.562398018243055e-07,0.00012925667848351363,1.5394279965616874e-07,0.00012743128719827634,13.878665322903544,3
adult_age_gender_welch,0.001,3.9589442815249267,5,63,1,6,1.562518136744484e-07,0.0001294010356697184,1.5395339199452906e-07,0.00012757564464804805,13.956787270959467,3
adult_age_gender_welch,0.001,3.9589442815249267,5,63,1,7,1.562185710756299e-07,0.00012915083829601048,1.5392120048307576e-07,0.0001273254468175944,14.027744622901082,3
adult_age_gender_welch,0.001,3.9589442815249267,5,63,1,8,1.5624474963301218e-07,0.00012925767120652853,1.5395036739159157e-07,0.0001274322799230676,19.106920062098652,4
adult_age_gender_welch,0.001,3.9589442815249267,5,63,1,9,1.5624684161765162e-07,0.00012939178520754435,1.5394983480816732e-07,0.0001275663941688876,19.182629290036857,4
adult_age_gender_welch,0.001,3.9589442815249267,5,63,1,10,1.562220138553792e-07,0.00012916379993022087,1.5392618045767563e-07,0.00012733840847545252,19.25189334200695,4
adult_age_gender_welch,0.001,3.9589442815249267,5,63,1,11,1.5624142766170628e-07,0.0001292544270776741,1.53945424289559e-07,0.00012742903578832898,24.258264158386737,5
adult_age_gender_welch,0.001,3.9589442815249267,5,63,1,12,1.5624651236833528e-07,0.00012939770712439014,1.53947104134946e-07,0.00012757231609650255,24.333896595984697,5
adult_age_gender_welch,0.001,3.9589442815249267,5,63,1,13,1.562252940090005e-07,0.00012915805100610633,1.5392756429491734e-07,0.00012733265954079087,24.402942141983658,5
adult_age_gender_welch,0.001,3.9589442815249267,5,63,1,14,1.5624040546944029e-07,0.00012926856351203053,1.5394444879931853e-07,0.0001274431722484426,29.193480294197798,6
adult_age_gender_welch,0.001,3.9589442815249267,5,63,1,15,1.5625051295792538e-07,0.000129409569567418,1.539539481616545e-07,0.00012758417856129078,29.2684392365627,6
adult_age_gender_welch,0.001,3.9589442815249267,5,127,1,1,4.709846662398182e-07,0.0002928804666600948,4.713454313661649e-07,0.0003168362415683079,6.345846461132169,2
adult_age_gender_welch,0.001,3.9589442815249267,5,127,1,2,1.5609760105346658e-07,8.796686694245714e-05,1.5519703235393785e-07,9.96711621509272e-05,6.420691802166402,2
adult_age_gender_welch,0.001,3.9589442815249267,5,127,1,3,1.5610165326122077e-07,8.799193573094666e-05,1.5520184566467145e-07,9.979969215256901e-05,6.490285165142268,2
adult_age_gender_welch,0.001,3.9589442815249267,5,127,1,4,1.56104843774338e-07,8.798534342580044e-05,1.5520609460991888e-07,9.963456899841905e-05,11.442298730835319,3
adult_age_gender_welch,0.001,3.9589442815249267,5,127,1,5,1.5609706477758177e-07,8.796481658757127e-05,1.5519365243102634e-07,9.960172094480857e-05,11.516747063491493,3
adult_age_gender_welch,0.001,3.9589442815249267,5,127,1,6,1.560975221143327e-07,8.799398147218973e-05,1.5519563509243687e-07,9.980272613629992e-05,11.586751193739474,3
adult_age_gender_welch,0.001,3.9589442815249267,5,127,1,7,1.560972289181098e-07,8.798457294978412e-05,1.5519955060821632e-07,9.964955138630494e-05,16.489864870905876,4
adult_age_gender_welch,0.001,3.9589442815249267,5,127,1,8,1.5609246639906312e-07,8.796656441711903e-05,1.5518891467682425e-07,9.960552914634047e-05,16.56439146026969,4
adult_age_gender_welch,0.001,3.9589442815249267,5,127,1,9,1.5610377647026614e-07,8.799513413348947e-05,1.5520236930192344e-07,9.980207187298973e-05,16.634771761484444,4
adult_age_gender_welch,0.001,3.9589442815249267,5,127,1,10,1.5610332019926223e-07,8.798388520625533e-05,1.5520458897331024e-07,9.963634563647794e-05,21.71288329269737,5
adult_age_gender_welch,0.001,3.9589442815249267,5,127,1,11,1.560946647628855e-07,8.796520237885908e-05,1.551918637467066e-07,9.959908543455409e-05,21.786175082903355,5
adult_age_gender_welch,0.001,3.9589442815249267,5,127,1,12,1.5609857325329915e-07,8.799691534289167e-05,1.5519802126628612e-07,9.980546520904632e-05,21.854703488294035,5
adult_age_gender_welch,0.001,3.9589442815249267,5,127,1,13,1.5609944693183617e-07,8.798495130668549e-05,1.551983740959799e-07,9.962891155390619e-05,26.89055483136326,6
adult_age_gender_welch,0.001,3.9589442815249267,5,127,1,14,1.5608791371960845e-07,8.796857187465257e-05,1.5518876256282577e-07,9.960426927912991e-05,26.979174211155623,6
adult_age_gender_welch,0.001,3.9589442815249267,5,127,1,15,1.5609842113870097e-07,8.799395681358124e-05,1.5520001143287952e-07,9.980710709855956e-05,27.046896712854505,6
adult_age_gender_welch,0.001,3.9589442815249267,5,255,1,1,1.5660317282497322e-07,9.331871404782976e-05,1.5551961547752852e-07,0.0001027547769593129,8.663517586421221,2
adult_age_gender_welch,0.001,3.9589442815249267,5,255,1,2,1.565799776298427e-07,9.324597432347481e-05,1.5549363530240805e-07,0.00010263402188004367,8.738478269428015,2
adult_age_gender_welch,0.001,3.9589442815249267,5,255,1,3,1.5655049160004448e-07,9.337961541222572e-05,1.5546280270043356e-07,0.00010277534425306989,8.807813271414489,2
adult_age_gender_welch,0.001,3.9589442815249267,5,255,1,4,1.5656624761067303e-07,9.33155301704458e-05,1.554839995327919e-07,0.00010264422484540514,13.66700717015192,3
adult_age_gender_welch,0.001,3.9589442815249267,5,255,1,5,1.5657997301250347e-07,9.324286696854589e-05,1.5549440950191951e-07,0.00010263189722814481,13.742004881147295,3
adult_age_gender_welch,0.001,3.9589442815249267,5,255,1,6,1.5654702187901977e-07,9.33781033084502e-05,1.5546267465745464e-07,0.00010277604928810025,13.812249795068055,3
adult_age_gender_welch,0.001,3.9589442815249267,5,255,1,7,1.5656723236745395e-07,9.331519612099104e-05,1.5547897006966527e-07,0.00010265093786687718,18.50584473181516,4
adult_age_gender_welch,0.001,3.9589442815249267,5,255,1,8,1.5658036950228011e-07,9.324402585297875e-05,1.5549234609986138e-07,0.00010263161146217836,18.582056775689125,4
adult_age_gender_welch,0.001,3.9589442815249267,5,255,1,9,1.5654324783429354e-07,9.337495452244049e-05,1.5545839500507414e-07,0.00010277552601567486,18.65291023487225,4
adult_age_gender_welch,0.001,3.9589442815249267,5,255,1,10,1.5657153861618788e-07,9.331652876143348e-05,1.5548495220279248e-07,0.00010265571755418978,22.976971328724176,5
adult_age_gender_welch,0.001,3.9589442815249267,5,255,1,11,1.5657932507951922e-07,9.324250266584677e-05,1.5549631028930833e-07,0.00010262823738438343,23.052829249296337,5
adult_age_gender_welch,0.001,3.9589442815249267,5,255,1,12,1.5655233821912067e-07,9.337736464687385e-05,1.5546770554469098e-07,0.00010277589093365957,23.123259160201997,5
adult_age_gender_welch,0.001,3.9589442815249267,5,255,1,13,1.565600765298114e-07,9.331513423305182e-05,1.5548108895582717e-07,0.00010264160960848923,27.603177523240447,6
adult_age_gender_welch,0.001,3.9589442815249267,5,255,1,14,1.565851412680297e-07,9.324184417214276e-05,1.5550019349101462e-07,0.00010262992101361945,27.67861550115049,6
adult_age_gender_welch,0.001,3.9589442815249267,5,255,1,15,1.5654775738746212e-07,9.337445878143669e-05,1.5546055555983604e-07,0.00010278040167666092,27.755769901908934,6
adult_age_gender_welch,0.001,3.9589442815249267,5,511,1,1,1.5435887172702547e-07,0.00010055111908546799,1.546548803126765e-07,9.841002829913403e-05,11.520535764750093,2
adult_age_gender_welch,0.001,3.9589442815249267,5,511,1,2,1.5434296479590852e-07,0.00010053801533516094,1.5463591676473737e-07,9.839692452073834e-05,11.595218451693654,2
adult_age_gender_welch,0.001,3.9589442815249267,5,511,1,3,1.5433593830156583e-07,0.00010046814866115916,1.5463045755424417e-07,9.83270576970785e-05,11.664966059383005,2
adult_age_gender_welch,0.001,3.9589442815249267,5,511,1,4,1.543535072586853e-07,0.00010054099222878143,1.5464891713118302e-07,9.839990142068711e-05,16.737838357686996,3
adult_age_gender_welch,0.001,3.9589442815249267,5,511,1,5,1.5434579988710963e-07,0.00010053631994044743,1.5463999978261028e-07,9.83952291223611e-05,16.815537304617465,3
adult_age_gender_welch,0.001,3.9589442815249267,5,511,1,6,1.5433163585854416e-07,0.00010047012786551512,1.546262878314428e-07,9.832903690576433e-05,16.88830814184621,3
adult_age_gender_welch,0.001,3.9589442815249267,5,511,1,7,1.5434820523160486e-07,0.00010053679199073517,1.5464646141300485e-07,9.839570117364804e-05,21.92119574919343,4
adult_age_gender_welch,0.001,3.9589442815249267,5,511,1,8,1.5434535420154083e-07,0.00010054037750295564,1.5463722348709667e-07,9.839928669364006e-05,21.995334619190544,4
adult_age_gender_welch,0.001,3.9589442815249267,5,511,1,9,1.543361145311717e-07,0.00010047094134346679,1.546286357664064e-07,9.832985038549236e-05,22.06473259907216,4
adult_age_gender_welch,0.001,3.9589442815249267,5,511,1,10,1.5435415223487406e-07,0.00010053526904518773,1.546461945647277e-07,9.839417822488095e-05,27.039506603963673,5
adult_age_gender_welch,0.001,3.9589442815249267,5,511,1,11,1.543490384129749e-07,0.00010054246798274491,1.546415913235352e-07,9.840137717787023e-05,27.11644546315074,5
adult_age_gender_welch,0.001,3.9589442815249267,5,511,1,12,1.5433642987957623e-07,0.00010046972377253383,1.5463041219353598e-07,9.832863281189486e-05,27.18679421208799,5
adult_age_gender_welch,0.001,3.9589442815249267,5,511,1,13,1.5435406168658105e-07,0.00010053765243533963,1.5465137192191433e-07,9.839656162013988e-05,32.32923026708886,6
adult_age_gender_welch,0.001,3.9589442815249267,5,511,1,14,1.5434173920855502e-07,0.00010053597256864943,1.5463431261091926e-07,9.839488174978595e-05,32.405116436071694,6
adult_age_gender_welch,0.001,3.9589442815249267,5,511,1,15,1.5433781316106268e-07,0.00010047132315338381,1.5463049149734464e-07,9.83302321960755e-05,32.476652501150966,6
adult_age_gender_welch,0.001,3.9589442815249267,4,15,1,1,0.0034079303353360593,0.48628523505532795,0.003407930615871204,0.4862857223724735,2.517478797119111,1
adult_age_gender_welch,0.001,3.9589442815249267,4,15,1,2,0.00022938982424005808,0.2972271328421543,0.00022938997981323782,0.2972277995025093,2.5849123164080083,1
adult_age_gender_welch,0.001,3.9589442815249267,4,15,1,3,2.3153612718616746e-05,0.11942239329991355,2.315239915844303e-05,0.11942322862837784,7.416985595598817,2
adult_age_gender_welch,0.001,3.9589442815249267,4,15,1,4,2.1708155555743623e-06,0.020610919825914675,2.1695869243710385e-06,0.020611848888350548,7.492226089350879,2
adult_age_gender_welch,0.001,3.9589442815249267,4,15,1,5,1.9239699017214456e-07,0.0007291972125976764,1.9117166640399776e-07,0.0007301451351189314,7.561947978101671,2
adult_age_gender_welch,0.001,3.9589442815249267,4,15,1,6,1.5601879300236805e-07,0.00010299674075009424,1.5479256923274287e-07,0.00010394525729395809,12.447977906093001,3
adult_age_gender_welch,0.001,3.9589442815249267,4,15,1,7,1.5599371069170925e-07,0.00010241559635981723,1.547684043239028e-07,0.00010336411345501784,12.52797891618684,3
adult_age_gender_welch,0.001,3.9589442815249267,4,15,1,8,1.5598003056593792e-07,0.00010256529537944203,1.5475349507964667e-07,0.00010351381233264512,12.59795653494075,3
adult_age_gender_welch,0.001,3.9589442815249267,4,15,1,9,1.5600006664390502e-07,0.00010241712844549777,1.5476784339829534e-07,0.00010336564553925509,17.54331055795774,4
adult_age_gender_welch,0.001,3.9589442815249267,4,15,1,10,1.5599523894522244e-07,0.00010241045391923276,1.5476845339326342e-07,0.00010335897101931835,17.61988444207236,4
adult_age_gender_welch,0.001,3.9589442815249267,4,15,1,11,1.559833996167411e-07,0.00010256016138210367,1.5475585199211257e-07,0.00010350867834019173,17.689580786041915,4
adult_age_gender_welch,0.001,3.9589442815249267,4,15,1,12,1.559912561050824e-07,0.00010240853559206897,1.5476187883690728e-07,0.00010335705269393092,22.504021076951176,5
adult_age_gender_welch,0.001,3.9589442815249267,4,15,1,13,1.5599082361712378e-07,0.0001024092877345284,1.547613009990436e-07,0.00010335780483572421,22.580139161087573,5
adult_age_gender_welch,0.001,3.9589442815249267,4,15,1,14,1.5598303567660425e-07,0.0001025623751560456,1.5475473293849842e-07,0.00010351089211202424,22.651168262120336,5
adult_age_gender_welch,0.001,3.9589442815249267,4,15,1,15,1.5599812440449915e-07,0.00010241563899404671,1.5477250050922135e-07,0.00010336415608924732,27.558368815109134,6
adult_age_gender_welch,0.001,3.9589442815249267,4,31,1,1,0.0006201952815987116,0.18495210360793723,0.0006201969521865861,0.1849458694106466,2.8422411526553333,1
adult_age_gender_welch,0.001,3.9589442815249267,4,31,1,2,1.567627399358317e-05,0.048206548909465075,1.5677685061470045e-05,0.04819926876288683,7.124757857527584,2
adult_age_gender_welch,0.001,3.9589442815249267,4,31,1,3,4.119804204273791e-07,0.0035238127551614484,4.1227806413092027e-07,0.003516190836039712,7.199661407619715,2
adult_age_gender_welch,0.001,3.9589442815249267,4,31,1,4,1.555360709884665e-07,0.00012620144153530077,1.5583736545955875e-07,0.00011855353451850625,7.269748099613935,2
adult_age_gender_welch,0.001,3.9589442815249267,4,31,1,5,1.5481454887929688e-07,0.00010891981130400907,1.5511066908479484e-07,0.00010127177210206284,12.15048453072086,3
adult_age_gender_welch,0.001,3.9589442815249267,4,31,1,6,1.548238526229651e-07,0.00010900848552897191,1.551229754732098e-07,0.00010136044700537195,12.22666591964662,3
adult_age_gender_welch,0.001,3.9589442815249267,4,31,1,7,1.5479615497903288e-07,0.0001087087433511158,1.5510005059241185e-07,0.00010106070253479427,12.296276774723083,3
adult_age_gender_welch,0.001,3.9589442815249267,4,31,1,8,1.5481268037255392e-07,0.00010892739002976715,1.551136749436928e-07,0.00010127935088588558,17.254404821433127,4
adult_age_gender_welch,0.001,3.9589442815249267,4,31,1,9,1.548165910424782e-07,0.00010901537847840537,1.5511736533258897e-07,0.00010136734000742997,17.34950298583135,4
adult_age_gender_welch,0.001,3.9589442815249267,4,31,1,10,1.5479325436159336e-07,0.00010871047562854841,1.550982326485824e-07,0.00010106243482554955,17.418445204850286,4
adult_age_gender_welch,0.001,3.9589442815249267,4,31,1,11,1.5480842994882403e-07,0.00010892353830038726,1.5510996671717724e-07,0.00010127549912708478,22.426905537955463,5
adult_age_gender_welch,0.001,3.9589442815249267,4,31,1,12,1.5481835854089796e-07,0.00010902221054498451,1.55117024363203e-07,0.00010137417212641164,22.503652211278677,5
adult_age_gender_welch,0.001,3.9589442815249267,4,31,1,13,1.5479426628275817e-07,0.0001087194195374952,1.550947425993192e-07,0.00010107137880288608,22.591796761378646,5
adult_age_gender_welch,0.001,3.9589442815249267,4,31,1,14,1.5481495448173518e-07,0.00010892617207136635,1.5511519234223144e-07,0.0001012781329181589,27.57370509020984,6
adult_age_gender_welch,0.001,3.9589442815249267,4,31,1,15,1.5481917414630046e-07,0.00010900970307481384,1.5511634422826564e-07,0.00010136166456053974,27.645836350042373,6
adult_age_gender_welch,0.001,3.9589442815249267,4,63,1,1,4.023389012142815e-05,0.019975021159772455,4.023638961621354e-05,0.019970133843824067,3.2224829038605094,1
adult_age_gender_welch,0.001,3.9589442815249267,4,63,1,2,2.680666677376229e-07,0.0007004353631592242,2.690964741473628e-07,0.0006954519262010184,8.025594032835215,2
adult_age_gender_welch,0.001,3.9589442815249267,4,63,1,3,1.5389005583894415e-07,0.00011275561630319508,1.54870990613755e-07,0.00010776924862732074,8.098071549553424,2
adult_age_gender_welch,0.001,3.9589442815249267,4,63,1,4,1.5387109316327956e-07,0.00011253660506793661,1.5485164331276185e-07,0.00010755023629982485,8.16879062121734,2
adult_age_gender_welch,0.001,3.9589442815249267,4,63,1,5,1.5388080683712813e-07,0.00011250628711290123,1.5486080641013283e-07,0.00010751991819357709,12.956921276636422,3
adult_age_gender_welch,0.001,3.9589442815249267,4,63,1,6,1.5386522278681882e-07,0.00011222858018666848,1.5484174489038537e-07,0.00010724220988245214,13.032355962786824,3
adult_age_gender_welch,0.001,3.9589442815249267,4,63,1,7,1.5387238096568754e-07,0.00011253936813571119,1.5485310860815244e-07,0.00010755299938147722,13.102048869710416,3
adult_age_gender_welch,0.001,3.9589442815249267,4,63,1,8,1.5387810994752792e-07,0.00011250394111605999,1.5485592427225988e-07,0.00010751757218507851,17.82902922667563,4
adult_age_gender_welch,0.001,3.9589442815249267,4,63,1,9,1.5386069925362556e-07,0.0001122290173657392,1.548394578818986e-07,0.00010724264706374331,17.905073242727667,4
adult_age_gender_welch,0.001,3.9589442815249267,4,63,1,10,1.5387457025510027e-07,0.00011254287440387589,1.5485190478432796e-07,0.00010755650566707242,17.975070832762867,4
adult_age_gender_welch,0.001,3.9589442815249267,4,63,1,11,1.538742926718867e-07,0.00011250412359353756,1.5485706390954714e-07,0.00010751775466344426,22.771163066849113,5
adult_age_gender_welch,0.001,3.9589442815249267,4,63,1,12,1.5386567827163048e-07,0.00011224033366463715,1.5484456905523754e-07,0.00010725396341904059,22.87836587196216,5
adult_age_gender_welch,0.001,3.9589442815249267,4,63,1,13,1.5387392657172775e-07,0.00011253941199529383,1.5485422550671826e-07,0.00010755304324117088,22.948360703885555,5
adult_age_gender_welch,0.001,3.9589442815249267,4,63,1,14,1.5387702780537683e-07,0.00011249487225528654,1.5485744159924794e-07,0.00010750850327900796,27.825787116773427,6
adult_age_gender_welch,0.001,3.9589442815249267,4,63,1,15,1.5386221319064209e-07,0.00011223335628285369,1.548438436680427e-07,0.00010724698600250715,27.89745843084529,6
adult_age_gender_welch,0.001,3.9589442815249267,4,127,1,1,4.7021726864413354e-07,0.0003359772307773845,4.7056123028159903e-07,0.0003279270153845326,6.469637477770448,2
adult_age_gender_welch,0.001,3.9589442815249267,4,127,1,2,1.554272332767454e-07,0.00011918810039179828,1.5451827076618318e-07,0.00011113613921331922,6.563483452890068,2
adult_age_gender_welch,0.001,3.9589442815249267,4,127,1,3,1.5541335223671392e-07,0.0001191483726987741,1.545005833485719e-07,0.00011109641120032876,6.6307275728322566,2
adult_age_gender_welch,0.001,3.9589442815249267,4,127,1,4,1.554099195705685e-07,0.00011910412265159209,1.5449832894827523e-07,0.00011105216079676516,11.873840079642832,3
adult_age_gender_welch,0.001,3.9589442815249267,4,127,1,5,1.5540967410582784e-07,0.0001190982392601514,1.544984706056723e-07,0.00011104627735791794,11.952574409544468,3
adult_age_gender_welch,0.001,3.9589442815249267,4,127,1,6,1.5541259251475057e-07,0.0001191471944770317,1.5450302076353361e-07,0.00011109523296914947,12.020664582494646,3
adult_age_gender_welch,0.001,3.9589442815249267,4,127,1,7,1.5541032356129283e-07,0.00011909479705041193,1.5449982498266766e-07,0.00011104283512053392,17.190573790110648,4
adult_age_gender_welch,0.001,3.9589442815249267,4,127,1,8,1.5541610833513347e-07,0.0001191075398414565,1.545036774334425e-07,0.0001110555780141631,17.263895279262215,4
adult_age_gender_welch,0.001,3.9589442815249267,4,127,1,9,1.55418612332377e-07,0.00011915202291856719,1.5450610544182888e-07,0.00011110006144954276,17.332469602581114,4
adult_age_gender_welch,0.001,3.9589442815249267,4,127,1,10,1.5540569148365647e-07,0.00011910170485063265,1.5449760328384312e-07,0.00011104974297637682,22.331858448684216,5
adult_age_gender_welch,0.001,3.9589442815249267,4,127,1,11,1.5541182244602566e-07,0.0001191030379545932,1.5449994228487578e-07,0.00011105107609110654,22.408032757695764,5
adult_age_gender_welch,0.001,3.9589442815249267,4,127,1,12,1.5541559938603587e-07,0.00011914938090773486,1.5450641773930883e-07,0.00011109741941739415,22.47826353646815,5
adult_age_gender_welch,0.001,3.9589442815249267,4,127,1,13,1.5540974173761397e-07,0.00011910532088454939,1.5450209690333601e-07,0.0001110533590393814,27.524026743602008,6
adult_age_gender_welch,0.001,3.9589442815249267,4,127,1,14,1.5541327802408826e-07,0.00011910792793290437,1.5449973258879827e-07,0.0001110559661087196,27.60060030873865,6
adult_age_gender_welch,0.001,3.9589442815249267,4,127,1,15,1.5541587596962182e-07,0.00011915746113844161,1.5450740893035192e-07,0.000111105499713271,27.669384487438947,6
adult_age_gender_welch,0.001,3.9589442815249267,4,255,1,1,1.5611039066095746e-07,0.00010645544527132511,1.550197447714927e-07,0.00010136685660155909,7.991771167144179,2
adult_age_gender_welch,0.001,3.9589442815249267,4,255,1,2,1.5606272783414034e-07,0.00010647086718063026,1.549710946710311e-07,0.000101382278589357,8.065500909928232,2
adult_age_gender_welch,0.001,3.9589442815249267,4,255,1,3,1.5603679220331366e-07,0.0001059755944473606,1.549416187208267e-07,0.00010088700333565903,8.138863569125533,2
adult_age_gender_welch,0.001,3.9589442815249267,4,255,1,4,1.560633366875655e-07,0.00010636221250248656,1.5497225204456826e-07,0.00010127362335832224,12.232652453240007,3
adult_age_gender_welch,0.001,3.9589442815249267,4,255,1,5,1.5606277738999943e-07,0.00010645056465219405,1.5496942238972286e-07,0.00010136197595755903,12.308953274972737,3
adult_age_gender_welch,0.001,3.9589442815249267,4,255,1,6,1.5603708439468784e-07,0.0001059847873086106,1.549436941492111e-07,0.00010089619624364943,12.379678593948483,3
adult_age_gender_welch,0.001,3.9589442815249267,4,255,1,7,1.560714085367306e-07,0.00010637044970651655,1.5498032639920937e-07,0.00010128186060420763,16.642496418207884,4
adult_age_gender_welch,0.001,3.9589442815249267,4,255,1,8,1.5606664999909115e-07,0.00010646735842645416,1.5497459629279384e-07,0.00010137876981730631,16.71826631994918,4
adult_age_gender_welch,0.001,3.9589442815249267,4,255,1,9,1.560404750916416e-07,0.00010598523639859803,1.5494807235813727e-07,0.00010089664533596832,16.788573996163905,4
adult_age_gender_welch,0.001,3.9589442815249267,4,255,1,10,1.5606683481029612e-07,0.00010635759272270562,1.5497863977014217e-07,0.00010126900355500457,20.998225681949407,5
adult_age_gender_welch,0.001,3.9589442815249267,4,255,1,11,1.5606464195627398e-07,0.00010645983327861597,1.5497049808120645e-07,0.00010137124463116542,21.074645845219493,5
adult_age_gender_welch,0.001,3.9589442815249267,4,255,1,12,1.5603987272599752e-07,0.00010598450357246492,1.5494697885000343e-07,0.00010089591250606045,21.14365489827469,5
adult_age_gender_welch,0.001,3.9589442815249267,4,255,1,13,1.5607267544517358e-07,0.00010637069913088659,1.5497864270188583e-07,0.00010128211002979892,25.42016370035708,6
adult_age_gender_welch,0.001,3.9589442815249267,4,255,1,14,1.5606313380024377e-07,0.00010645959192623344,1.5496966106228588e-07,0.00010137100327767268,25.497308250516653,6
adult_age_gender_welch,0.001,3.9589442815249267,4,255,1,15,1.560452908011149e-07,0.00010599198289529266,1.5495327967020024e-07,0.00010090339186696884,25.56892609084025,6
adult_age_gender_welch,0.001,3.9589442815249267,4,511,1,1,1.575189130818277e-07,0.0001413480259241373,1.5572332853532733e-07,0.00012947049558009738,11.908908276818693,2
adult_age_gender_welch,0.001,3.9589442815249267,4,511,1,2,1.575072391482319e-07,0.00014158257996355061,1.557134375432865e-07,0.0001297050524058374,11.984281042590737,2
adult_age_gender_welch,0.001,3.9589442815249267,4,511,1,3,1.574915015197328e-07,0.00014110737383798977,1.5570020969878044e-07,0.00012922984063523657,12.053289114497602,2
adult_age_gender_welch,0.001,3.9589442815249267,4,511,1,4,1.5751010652103432e-07,0.00014133115109538075,1.5571784065486951e-07,0.00012945362055083454,17.085587647277862,3
adult_age_gender_welch,0.001,3.9589442815249267,4,511,1,5,1.5750889070833938e-07,0.0001415824858528314,1.5571745647309146e-07,0.00012970495829400797,17.15780145302415,3
adult_age_gender_welch,0.001,3.9589442815249267,4,511,1,6,1.574970006544565e-07,0.00014109754581514977,1.5570366192858495e-07,0.0001292200124956011,17.228198017925024,3
adult_age_gender_welch,0.001,3.9589442815249267,4,511,1,7,1.575139525735459e-07,0.0001413282456093068,1.5572093533316122e-07,0.00012945071503034367,22.234376553911716,4
adult_age_gender_welch,0.001,3.9589442815249267,4,511,1,8,1.575096810504489e-07,0.00014158077541293057,1.5571616989910487e-07,0.00012970324783379006,22.31050388002768,4
adult_age_gender_welch,0.001,3.9589442815249267,4,511,1,9,1.5749265376843602e-07,0.0001411029846328793,1.5570038733650065e-07,0.0001292254513779456,22.38028172403574,4
adult_age_gender_welch,0.001,3.9589442815249267,4,511,1,10,1.5751351760250341e-07,0.00014132714906089916,1.5571923414554582e-07,0.0001294496184688354,27.418506805785,5
adult_age_gender_welch,0.001,3.9589442815249267,4,511,1,11,1.5751303267883468e-07,0.00014158342958126013,1.5572107403256339e-07,0.00012970590203364996,27.493316989857703,5
adult_age_gender_welch,0.001,3.9589442815249267,4,511,1,12,1.5749327779825893e-07,0.00014109482715074506,1.5569940692119048e-07,0.0001292172937988889,27.560344121884555,5
adult_age_gender_welch,0.001,3.9589442815249267,4,511,1,13,1.5751102223586494e-07,0.0001413322315548804,1.5572201918511946e-07,0.00012945470102321277,32.45838050078601,6
adult_age_gender_welch,0.001,3.9589442815249267,4,511,1,14,1.5750958820042179e-07,0.0001415824087187545,1.5571762082414783e-07,0.00012970488115893186,32.533187170512974,6
adult_age_gender_welch,0.001,3.9589442815249267,4,511,1,15,1.57496740172191e-07,0.00014110683646251232,1.556994740650111e-07,0.00012922930325331983,32.60192763386294,6
