domain,method,lo,hi,level,degree,pre_bts,iteration,mre,max_re,mre_alg,max_re_alg,time,bootstrap_count
normalized_vmin0.001,normalized,0.001,1.0,12,15,0,1,0.0019739774895639133,0.1869079815118636,0.0019739757905150733,0.1869030589852133,0.5570158152841032,0
normalized_vmin0.001,normalized,0.001,1.0,12,15,0,2,6.063315753711717e-05,0.04914034820876534,6.0625903804649783e-05,0.049134591625414004,5.762830426450819,1
normalized_vmin0.001,normalized,0.001,1.0,12,15,0,3,9.293852487495791e-07,0.0035682257321050237,8.877243987639998e-07,0.003562193251337109,5.837913416791707,1
normalized_vmin0.001,normalized,0.001,1.0,12,15,0,4,5.983255682143115e-08,2.5215083420904172e-05,3.2204204180219693e-09,1.9161152971958195e-05,5.9417546689510345,1
normalized_vmin0.001,normalized,0.001,1.0,12,15,0,5,5.8476432007281524e-08,1.7361458719666878e-05,8.992702530031963e-10,2.8112562611148917e-07,10.772226222790778,2
normalized_vmin0.001,normalized,0.001,1.0,12,15,0,6,5.8472380959799844e-08,1.7288449877139733e-05,1.2538953647463983e-09,3.4931252823611203e-07,10.844412621110678,2
normalized_vmin0.001,normalized,0.001,1.0,12,15,0,7,5.849016323395426e-08,1.724571654082574e-05,1.2003041343685704e-09,3.4999835607507634e-07,10.917648872826248,2
normalized_vmin0.001,normalized,0.001,1.0,12,15,0,8,5.846845250794688e-08,1.735766729582533e-05,9.038640307539687e-10,2.841172961343119e-07,15.76960689201951,3
normalized_vmin0.001,normalized,0.001,1.0,12,15,0,9,5.846642016081355e-08,1.7289467497016986e-05,1.2426033471968421e-09,3.602449872852631e-07,15.845131414942443,3
normalized_vmin0.001,normalized,0.001,1.0,12,15,0,10,5.8491530764249804e-08,1.7240495539860845e-05,1.2026831023459082e-09,3.531541272749905e-07,15.914888920262456,3
normalized_vmin0.001,normalized,0.001,1.0,12,15,0,11,5.8474627074325364e-08,1.7368602360789964e-05,8.987656589322694e-10,2.918632613368999e-07,20.85745116509497,4
normalized_vmin0.001,normalized,0.001,1.0,12,15,0,12,5.846427299159812e-08,1.7286811412109415e-05,1.255029157882408e-09,3.541320957589633e-07,20.932678699027747,4
normalized_vmin0.001,normalized,0.001,1.0,12,15,0,13,5.849115688541799e-08,1.7244128899251976e-05,1.1971700768781813e-09,3.5820305188671853e-07,21.002482714131474,4
normalized_vmin0.001,normalized,0.001,1.0,12,15,0,14,5.8469707612311504e-08,1.7364889691950935e-05,8.988026142004878e-10,2.9939476209328575e-07,25.931981408037245,5
normalized_vmin0.001,normalized,0.001,1.0,12,15,0,15,5.846429667841709e-08,1.728297825831504e-05,1.2468382770712062e-09,3.6001629144521985e-07,26.00678690103814,5
normalized_vmin0.001,normalized,0.001,1.0,12,31,0,1,0.0001318205323827954,0.020355396260584135,0.00013181958029580195,0.02034019817751509,0.6863075862638652,0
normalized_vmin0.001,normalized,0.001,1.0,12,31,0,2,4.675904864112836e-07,0.0006319774495869845,4.40985573799133e-07,0.0006164733798811328,5.363145949319005,1
normalized_vmin0.001,normalized,0.001,1.0,12,31,0,3,5.792179986696013e-08,2.296186250383414e-05,1.2139985379949281e-09,4.607592645200498e-07,5.437688104342669,1
normalized_vmin0.001,normalized,0.001,1.0,12,31,0,4,5.7868650851149e-08,2.2920875483389835e-05,1.1833819971609051e-09,3.8477066288677975e-07,5.507077056448907,1
normalized_vmin0.001,normalized,0.001,1.0,12,31,0,5,5.789940878972384e-08,2.2960292349827327e-05,8.9204024714663e-10,3.42862157109991e-07,10.360954333096743,2
normalized_vmin0.001,normalized,0.001,1.0,12,31,0,6,5.7909485358745034e-08,2.2958233210523815e-05,1.192988086413943e-09,4.072500066065743e-07,10.434347890783101,2
normalized_vmin0.001,normalized,0.001,1.0,12,31,0,7,5.787197992342347e-08,2.2921933423347696e-05,1.1814012754049951e-09,3.9245451066705073e-07,10.50256258295849,2
normalized_vmin0.001,normalized,0.001,1.0,12,31,0,8,5.78941442370005e-08,2.295962717457911e-05,8.888999436522285e-10,3.4500153267558176e-07,15.35460805054754,3
normalized_vmin0.001,normalized,0.001,1.0,12,31,0,9,5.790578560214559e-08,2.296219794417631e-05,1.197354540667504e-09,4.1264646144512085e-07,15.43951120087877,3
normalized_vmin0.001,normalized,0.001,1.0,12,31,0,10,5.7869882344365186e-08,2.2921163088662766e-05,1.1792085088847425e-09,3.841026702255945e-07,15.506042648572475,3
normalized_vmin0.001,normalized,0.001,1.0,12,31,0,11,5.789617484686587e-08,2.296202795548652e-05,8.956444721481714e-10,3.48529483940041e-07,20.353245724458247,4
normalized_vmin0.001,normalized,0.001,1.0,12,31,0,12,5.7910542064954114e-08,2.29598762402361e-05,1.194383769550334e-09,4.0070676399217575e-07,20.428681410383433,4
normalized_vmin0.001,normalized,0.001,1.0,12,31,0,13,5.7872620873396956e-08,2.292024123962122e-05,1.1865998110444998e-09,3.8749852182551336e-07,20.49623365746811,4
normalized_vmin0.001,normalized,0.001,1.0,12,31,0,14,5.789843589692345e-08,2.2961010021305128e-05,8.90798186306736e-10,3.296022865750814e-07,25.662748479284346,5
normalized_vmin0.001,normalized,0.001,1.0,12,31,0,15,5.791154399404394e-08,2.2957453350791468e-05,1.197280803945616e-09,4.1753060453508795e-07,25.751104690600187,5
normalized_vmin0.001,normalized,0.001,1.0,12,63,0,1,1.1002018237322223e-06,0.00022012895207057515,1.093214833139137e-06,0.00022769327515481663,3.431722986511886,1
normalized_vmin0.001,normalized,0.001,1.0,12,63,0,2,6.189286074987163e-08,3.863708417362055e-05,1.2153143331579126e-09,4.59466862112734e-07,3.5064469925127923,1
normalized_vmin0.001,normalized,0.001,1.0,12,63,0,3,6.193727792830301e-08,3.869007224177601e-05,1.2254343376423928e-09,5.065526702541234e-07,3.575154961552471,1
normalized_vmin0.001,normalized,0.001,1.0,12,63,0,4,6.189726158101495e-08,3.864242936257867e-05,8.931636623943123e-10,3.7030364552492756e-07,7.920275980606675,2
normalized_vmin0.001,normalized,0.001,1.0,12,63,0,5,6.189700364117983e-08,3.8632634127955257e-05,1.2052641405529627e-09,4.7649576040420527e-07,7.995165414642543,2
normalized_vmin0.001,normalized,0.001,1.0,12,63,0,6,6.193578104258149e-08,3.86940528971369e-05,1.2264486811316955e-09,5.095307877844846e-07,8.064791118726134,2
normalized_vmin0.001,normalized,0.001,1.0,12,63,0,7,6.189664674917364e-08,3.863929130987209e-05,8.887236850168559e-10,3.632064073944008e-07,12.34198076184839,3
normalized_vmin0.001,normalized,0.001,1.0,12,63,0,8,6.190434437929783e-08,3.863575031459732e-05,1.2029537918564824e-09,4.6848911083863243e-07,12.417687688954175,3
normalized_vmin0.001,normalized,0.001,1.0,12,63,0,9,6.193998830711974e-08,3.869097179598491e-05,1.225736314452785e-09,5.127418580830323e-07,12.487107225693762,3
normalized_vmin0.001,normalized,0.001,1.0,12,63,0,10,6.1896564314677e-08,3.863841629114795e-05,8.929481577917594e-10,3.696313000123297e-07,16.66444732574746,4
normalized_vmin0.001,normalized,0.001,1.0,12,63,0,11,6.189805784712722e-08,3.863647633295386e-05,1.2012594683318207e-09,4.5952166516372017e-07,16.740986343007535,4
normalized_vmin0.001,normalized,0.001,1.0,12,63,0,12,6.193713950280419e-08,3.868995268008213e-05,1.2244863029245792e-09,5.081134624163042e-07,16.809629028197378,4
normalized_vmin0.001,normalized,0.001,1.0,12,63,0,13,6.18952564211049e-08,3.8641321597365774e-05,8.918998374561908e-10,3.672165265200533e-07,21.021745533216745,5
normalized_vmin0.001,normalized,0.001,1.0,12,63,0,14,6.190315382131035e-08,3.86408677570671e-05,1.203575342613851e-09,4.790792413889022e-07,21.096540125086904,5
normalized_vmin0.001,normalized,0.001,1.0,12,63,0,15,6.194481962125742e-08,3.8691903084364654e-05,1.2246559736392318e-09,5.006635324100728e-07,21.165916537400335,5
normalized_vmin0.001,normalized,0.001,1.0,12,127,0,1,6.300829267378769e-08,5.3806674106038344e-05,9.321698875071219e-10,4.5529944381339504e-07,3.858519369736314,1
normalized_vmin0.001,normalized,0.001,1.0,12,127,0,2,6.30487232778123e-08,5.370096641854616e-05,1.2188558860256682e-09,5.878517559398944e-07,3.93268134444952,1
normalized_vmin0.001,normalized,0.001,1.0,12,127,0,3,6.305029364648803e-08,5.356664234967834e-05,1.1781145289840422e-09,3.057233469716536e-07,4.001782396342605,1
normalized_vmin0.001,normalized,0.001,1.0,12,127,0,4,6.302137143702219e-08,5.378409351064484e-05,9.143172430819545e-10,4.327176437168845e-07,8.809364457149059,2
normalized_vmin0.001,normalized,0.001,1.0,12,127,0,5,6.304680409000829e-08,5.370453431108313e-05,1.2173209542641682e-09,5.921321690749437e-07,8.884401973336935,2
normalized_vmin0.001,normalized,0.001,1.0,12,127,0,6,6.304756414198245e-08,5.357711300824075e-05,1.1835321573931896e-09,3.065605296281859e-07,8.954320070333779,2
normalized_vmin0.001,normalized,0.001,1.0,12,127,0,7,6.301724938063402e-08,5.37999055660876e-05,9.116664674495658e-10,4.48530542707104e-07,13.83533291472122,3
normalized_vmin0.001,normalized,0.001,1.0,12,127,0,8,6.304879027808455e-08,5.37114406649053e-05,1.2145083827282274e-09,5.916656007354248e-07,13.908519220538437,3
normalized_vmin0.001,normalized,0.001,1.0,12,127,0,9,6.304675690316821e-08,5.356402174439001e-05,1.1816302076007325e-09,3.002582539268772e-07,13.977373492438346,3
normalized_vmin0.001,normalized,0.001,1.0,12,127,0,10,6.302192157806724e-08,5.379493345891717e-05,9.076514378586226e-10,4.4355817030439226e-07,18.973188115283847,4
normalized_vmin0.001,normalized,0.001,1.0,12,127,0,11,6.305108791519496e-08,5.370450152941686e-05,1.2180230927186968e-09,5.861359360093132e-07,19.047911615576595,4
normalized_vmin0.001,normalized,0.001,1.0,12,127,0,12,6.304900073828064e-08,5.357027379226942e-05,1.181391341487293e-09,3.0835422171193727e-07,19.14799129124731,4
normalized_vmin0.001,normalized,0.001,1.0,12,127,0,13,6.301961693107479e-08,5.379997215582133e-05,9.102781531610026e-10,4.485971361045671e-07,23.819825530983508,5
normalized_vmin0.001,normalized,0.001,1.0,12,127,0,14,6.305082728486132e-08,5.3703456543763295e-05,1.2220664879251605e-09,5.910053082480715e-07,23.894309528172016,5
normalized_vmin0.001,normalized,0.001,1.0,12,127,0,15,6.30505396895489e-08,5.3578297962930677e-05,1.1839154380806512e-09,3.0261351358085165e-07,23.962933014146984,5
normalized_vmin0.001,normalized,0.001,1.0,12,255,0,1,6.244219483971542e-08,3.203114122363182e-05,9.343615415071966e-10,5.4193566334515e-07,5.774291838053614,1
normalized_vmin0.001,normalized,0.001,1.0,12,255,0,2,6.237441420756475e-08,3.199757713379103e-05,1.2384835272365375e-09,4.53268723443756e-07,5.849215031135827,1
normalized_vmin0.001,normalized,0.001,1.0,12,255,0,3,6.244334980188529e-08,3.202230032994802e-05,1.2334658828724344e-09,5.526167611291655e-07,5.947777133435011,1
normalized_vmin0.001,normalized,0.001,1.0,12,255,0,4,6.243290349129357e-08,3.201628290006031e-05,9.264177750434798e-10,5.353937119201291e-07,10.550722861196846,2
normalized_vmin0.001,normalized,0.001,1.0,12,255,0,5,6.237185788844556e-08,3.199709183165922e-05,1.2424445215396805e-09,4.6183200808069813e-07,10.625370467081666,2
normalized_vmin0.001,normalized,0.001,1.0,12,255,0,6,6.244188768917696e-08,3.202107354993711e-05,1.2328810946053616e-09,5.434884413624275e-07,10.695354940835387,2
normalized_vmin0.001,normalized,0.001,1.0,12,255,0,7,6.243447024385012e-08,3.2015498233395334e-05,9.244878689285987e-10,5.284977731001561e-07,15.202348631806672,3
normalized_vmin0.001,normalized,0.001,1.0,12,255,0,8,6.237378846230023e-08,3.199774451423387e-05,1.2402617591426087e-09,4.524740153666329e-07,15.277650183998048,3
normalized_vmin0.001,normalized,0.001,1.0,12,255,0,9,6.244714875289028e-08,3.2025054123696606e-05,1.2323657374595687e-09,5.51052931618834e-07,15.345303112175316,3
normalized_vmin0.001,normalized,0.001,1.0,12,255,0,10,6.243220699965533e-08,3.201576998113076e-05,9.266961749492832e-10,5.391334707560702e-07,19.994630511384457,4
normalized_vmin0.001,normalized,0.001,1.0,12,255,0,11,6.237234979141506e-08,3.199882429683054e-05,1.2381978025082906e-09,4.6714543211479054e-07,20.066914873197675,4
normalized_vmin0.001,normalized,0.001,1.0,12,255,0,12,6.244355387475162e-08,3.202264424118084e-05,1.226200421809118e-09,5.292355739205945e-07,20.136935331393033,4
normalized_vmin0.001,normalized,0.001,1.0,12,255,0,13,6.243871218717761e-08,3.2018493995145114e-05,9.327203369907504e-10,5.166580838711354e-07,24.697053305339068,5
normalized_vmin0.001,normalized,0.001,1.0,12,255,0,14,6.237225322118197e-08,3.1996611356222004e-05,1.2407157263185525e-09,4.557835269203281e-07,24.7731512687169,5
normalized_vmin0.001,normalized,0.001,1.0,12,255,0,15,6.244337141363617e-08,3.202252695799768e-05,1.2320213738296177e-09,5.420085151808252e-07,24.84194628149271,5
normalized_vmin0.001,normalized,0.001,1.0,12,511,0,1,5.884662404969363e-08,2.6450633498376064e-05,8.767932716979463e-10,3.978936343740358e-07,9.340478198137134,2
normalized_vmin0.001,normalized,0.001,1.0,12,511,0,2,5.887441290746654e-08,2.6648371121096304e-05,1.1955893952408968e-09,3.770082964704713e-07,9.417077869176865,2
normalized_vmin0.001,normalized,0.001,1.0,12,511,0,3,5.887732413141874e-08,2.6452635266238644e-05,1.1869182154253233e-09,4.974489880016364e-07,9.486364635173231,2
normalized_vmin0.001,normalized,0.001,1.0,12,511,0,4,5.884889894817069e-08,2.646213166657141e-05,8.758272029981643e-10,3.812486363274914e-07,14.223479760810733,3
normalized_vmin0.001,normalized,0.001,1.0,12,511,0,5,5.887316497253447e-08,2.664319023826245e-05,1.1973231444799065e-09,3.8142810376839975e-07,14.300213757902384,3
normalized_vmin0.001,normalized,0.001,1.0,12,511,0,6,5.888078376636136e-08,2.644459468581495e-05,1.1877725453649066e-09,5.140070605813563e-07,14.368298318237066,3
normalized_vmin0.001,normalized,0.001,1.0,12,511,0,7,5.884913192042221e-08,2.6464330768360966e-05,8.811601454801498e-10,3.741043689275969e-07,19.355926683172584,4
normalized_vmin0.001,normalized,0.001,1.0,12,511,0,8,5.887724395817141e-08,2.6655575405820642e-05,1.198256169882315e-09,3.847249812061193e-07,19.431880513206124,4
normalized_vmin0.001,normalized,0.001,1.0,12,511,0,9,5.887968265425351e-08,2.6447272721608073e-05,1.18765904879789e-09,5.080638640908575e-07,19.502314416226,4
normalized_vmin0.001,normalized,0.001,1.0,12,511,0,10,5.8847702377103094e-08,2.6464545516136084e-05,8.871981800747612e-10,3.761021796222508e-07,24.27829538565129,5
normalized_vmin0.001,normalized,0.001,1.0,12,511,0,11,5.8872948081298325e-08,2.665055876693856e-05,1.1973983595622785e-09,3.757563020734267e-07,24.3529154965654,5
normalized_vmin0.001,normalized,0.001,1.0,12,511,0,12,5.888060186196679e-08,2.6448507628007434e-05,1.1873314667473203e-09,5.140100336475939e-07,24.420044760219753,5
normalized_vmin0.001,normalized,0.001,1.0,12,511,0,13,5.8846241605945874e-08,2.6455537221803382e-05,8.811683529041481e-10,3.926584606350758e-07,29.16481847735122,6
normalized_vmin0.001,normalized,0.001,1.0,12,511,0,14,5.887506662489978e-08,2.665565290271843e-05,1.199494434493334e-09,3.824785613781856e-07,29.240860861260444,6
normalized_vmin0.001,normalized,0.001,1.0,12,511,0,15,5.887887625674628e-08,2.644527390804896e-05,1.1855118092617839e-09,4.95183797522003e-07,29.311081520281732,6
normalized_vmin0.001,normalized,0.001,1.0,11,15,0,1,0.0019739799053837908,0.1869136703088321,0.0019739757884055242,0.18689354807489,0.3974767322652042,0
normalized_vmin0.001,normalized,0.001,1.0,11,15,0,2,6.063542549287438e-05,0.04915336407573956,6.062594839288065e-05,0.0491298325542362,5.256015146151185,1
normalized_vmin0.001,normalized,0.001,1.0,11,15,0,3,9.287618639061386e-07,0.0035859998844233187,8.877244375696521e-07,0.0035613406632787337,5.329611901193857,1
normalized_vmin0.001,normalized,0.001,1.0,11,15,0,4,6.248995981835361e-08,4.36765800951866e-05,3.2104332437263945e-09,1.8929693649027968e-05,5.397590348962694,1
normalized_vmin0.001,normalized,0.001,1.0,11,15,0,5,6.178772262772184e-08,3.7182964444992805e-05,8.88014060474975e-10,2.3086536682370706e-07,10.098006359767169,2
normalized_vmin0.001,normalized,0.001,1.0,11,15,0,6,6.177005393954386e-08,3.728941222858051e-05,1.1813445803795304e-09,3.440941012122778e-07,10.187656547408551,2
normalized_vmin0.001,normalized,0.001,1.0,11,15,0,7,6.177519488127298e-08,3.7156513923108925e-05,1.1901971363189408e-09,4.2979567460577073e-07,10.254929085727781,2
normalized_vmin0.001,normalized,0.001,1.0,11,15,0,8,6.178850963432404e-08,3.717634397837344e-05,8.863788596636844e-10,2.43492228046982e-07,15.082342222798616,3
normalized_vmin0.001,normalized,0.001,1.0,11,15,0,9,6.17635466785764e-08,3.729052036727243e-05,1.1787139408446566e-09,3.450309256081141e-07,15.156127287074924,3
normalized_vmin0.001,normalized,0.001,1.0,11,15,0,10,6.177535582609816e-08,3.715163511952557e-05,1.194151371024726e-09,4.2519502208016036e-07,15.223170094192028,3
normalized_vmin0.001,normalized,0.001,1.0,11,15,0,11,6.178830686197177e-08,3.718237269656477e-05,8.853932627175592e-10,2.3154597827979018e-07,19.88625596323982,4
normalized_vmin0.001,normalized,0.001,1.0,11,15,0,12,6.177319626779259e-08,3.7287149548315135e-05,1.1853853035765163e-09,3.522877749517761e-07,19.978346144314855,4
normalized_vmin0.001,normalized,0.001,1.0,11,15,0,13,6.178360658466112e-08,3.714855708902842e-05,1.1940462239020278e-09,4.265804107728144e-07,20.044146524276584,4
normalized_vmin0.001,normalized,0.001,1.0,11,15,0,14,6.178889242884508e-08,3.7179310594437354e-05,8.839941050554066e-10,2.3247860336805815e-07,24.419830456376076,5
normalized_vmin0.001,normalized,0.001,1.0,11,15,0,15,6.177182332275084e-08,3.7287911418659725e-05,1.1843047794548689e-09,3.412385126688733e-07,24.49336780142039,5
normalized_vmin0.001,normalized,0.001,1.0,11,31,0,1,0.00013180190843542733,0.02036171377978757,0.00013180295293240707,0.020368084245892537,2.7000951138325036,1
normalized_vmin0.001,normalized,0.001,1.0,11,31,0,2,4.653717844615067e-07,0.000611865295992442,4.4076444928441776e-07,0.000618364192909171,2.770695684477687,1
normalized_vmin0.001,normalized,0.001,1.0,11,31,0,3,6.175206358902528e-08,2.3300506486023664e-05,1.2198928763672192e-09,7.485511562821401e-07,2.83759395359084,1
normalized_vmin0.001,normalized,0.001,1.0,11,31,0,4,6.173578516510396e-08,2.3054637101505016e-05,8.952700178455639e-10,3.242294766003795e-07,6.955734776332974,2
normalized_vmin0.001,normalized,0.001,1.0,11,31,0,5,6.170575531818157e-08,2.29124534777414e-05,1.1844275119742747e-09,3.746976817708969e-07,7.02833148650825,2
normalized_vmin0.001,normalized,0.001,1.0,11,31,0,6,6.176258430469532e-08,2.329712692450414e-05,1.1952710222782193e-09,4.6091693917116316e-07,7.095098388846964,2
normalized_vmin0.001,normalized,0.001,1.0,11,31,0,7,6.173519499872994e-08,2.3044644679726112e-05,8.954183149238488e-10,3.174088198942826e-07,11.422878174576908,3
normalized_vmin0.001,normalized,0.001,1.0,11,31,0,8,6.170653231419264e-08,2.2913206081498494e-05,1.1802248187135983e-09,3.739373741762364e-07,11.499506515916437,3
normalized_vmin0.001,normalized,0.001,1.0,11,31,0,9,6.176528377352779e-08,2.330154160035125e-05,1.1909266295635876e-09,4.6533171582652244e-07,11.567308028228581,3
normalized_vmin0.001,normalized,0.001,1.0,11,31,0,10,6.173687487014796e-08,2.305369828181636e-05,8.976993103034056e-10,3.18680278388328e-07,15.691539428662509,4
normalized_vmin0.001,normalized,0.001,1.0,11,31,0,11,6.170929890929181e-08,2.2908994975812114e-05,1.19073993587194e-09,3.8206559516140715e-07,15.764971566852182,4
normalized_vmin0.001,normalized,0.001,1.0,11,31,0,12,6.176404313944036e-08,2.3298911301816716e-05,1.1888250963149505e-09,4.627013573399452e-07,15.833496575709432,4
normalized_vmin0.001,normalized,0.001,1.0,11,31,0,13,6.173766977835121e-08,2.305418475645471e-05,9.025384896231168e-10,3.268779897869223e-07,20.11203547893092,5
normalized_vmin0.001,normalized,0.001,1.0,11,31,0,14,6.170958322381523e-08,2.2909147654903705e-05,1.1842146369855065e-09,3.906087726601726e-07,20.189370488282293,5
normalized_vmin0.001,normalized,0.001,1.0,11,31,0,15,6.176061997864108e-08,2.3296803195127502e-05,1.186027050286136e-09,4.6059320246705227e-07,20.25535057950765,5
normalized_vmin0.001,normalized,0.001,1.0,11,63,0,1,1.0975662741781257e-06,0.00025534612327993145,1.0932457643745304e-06,0.00022728516113268427,3.008431099820882,1
normalized_vmin0.001,normalized,0.001,1.0,11,63,0,2,6.16281262052557e-08,5.6361311728592156e-05,1.2174183453196206e-09,4.4995967662941894e-07,3.0781404189765453,1
normalized_vmin0.001,normalized,0.001,1.0,11,63,0,3,6.16556125122111e-08,5.641710117232357e-05,1.2151922278630161e-09,4.1138952111552385e-07,3.1688490589149296,1
normalized_vmin0.001,normalized,0.001,1.0,11,63,0,4,6.160271658354945e-08,5.6386238105110564e-05,8.959888753515017e-10,2.743387117476459e-07,7.552648291923106,2
normalized_vmin0.001,normalized,0.001,1.0,11,63,0,5,6.161850706960819e-08,5.636265229069792e-05,1.2138492243754626e-09,4.122650639759584e-07,7.624476930126548,2
normalized_vmin0.001,normalized,0.001,1.0,11,63,0,6,6.165627126691539e-08,5.641745784878971e-05,1.2162873010799634e-09,4.2621776019657887e-07,7.691828130278736,2
normalized_vmin0.001,normalized,0.001,1.0,11,63,0,7,6.160328069594896e-08,5.638280970399201e-05,8.995026028549031e-10,2.7277315473028807e-07,12.447016855701804,3
normalized_vmin0.001,normalized,0.001,1.0,11,63,0,8,6.162791678271902e-08,5.636271804809745e-05,1.215110075323308e-09,4.198652064912878e-07,12.519367998465896,3
normalized_vmin0.001,normalized,0.001,1.0,11,63,0,9,6.165437380265706e-08,5.6412422696716646e-05,1.2160912725126428e-09,4.1959662167023737e-07,12.585752533283085,3
normalized_vmin0.001,normalized,0.001,1.0,11,63,0,10,6.160419235611079e-08,5.638390743900601e-05,8.986427287763601e-10,2.749973394555738e-07,17.396989536937326,4
normalized_vmin0.001,normalized,0.001,1.0,11,63,0,11,6.162228863914812e-08,5.636134567255091e-05,1.213366511937055e-09,4.277995848678273e-07,17.468896904960275,4
normalized_vmin0.001,normalized,0.001,1.0,11,63,0,12,6.165278697973953e-08,5.641587692784e-05,1.213840929608815e-09,4.1025690167284523e-07,17.537974265869707,4
normalized_vmin0.001,normalized,0.001,1.0,11,63,0,13,6.161014121064843e-08,5.638284766007473e-05,8.974794526562353e-10,2.7747747943784873e-07,22.03578575560823,5
normalized_vmin0.001,normalized,0.001,1.0,11,63,0,14,6.162677759412544e-08,5.636227807914729e-05,1.2146094665322336e-09,4.236408253088797e-07,22.12880930956453,5
normalized_vmin0.001,normalized,0.001,1.0,11,63,0,15,6.165282047015171e-08,5.641475036943788e-05,1.2155903531654085e-09,4.2756843565694425e-07,22.19618751294911,5
normalized_vmin0.001,normalized,0.001,1.0,11,127,0,1,6.124463384220397e-08,2.3510084687261568e-05,9.102696977359218e-10,3.147540800219062e-07,4.354479878675193,1
normalized_vmin0.001,normalized,0.001,1.0,11,127,0,2,6.124296456194362e-08,2.353227869722474e-05,1.1848926452162557e-09,5.963256812790974e-07,4.426964697428048,1
normalized_vmin0.001,normalized,0.001,1.0,11,127,0,3,6.12862696007486e-08,2.354629914824713e-05,1.2133813756034508e-09,4.444539500880751e-07,4.492149311583489,1
normalized_vmin0.001,normalized,0.001,1.0,11,127,0,4,6.123827315956297e-08,2.351141574852278e-05,8.92929174255364e-10,3.441011662275173e-07,9.50184251088649,2
normalized_vmin0.001,normalized,0.001,1.0,11,127,0,5,6.124851330580817e-08,2.353306588731563e-05,1.1835702458322492e-09,5.978179891119595e-07,9.574749116785824,2
normalized_vmin0.001,normalized,0.001,1.0,11,127,0,6,6.128036743624927e-08,2.354549904559633e-05,1.2069020845211105e-09,4.6239034046102745e-07,9.641715861856937,2
normalized_vmin0.001,normalized,0.001,1.0,11,127,0,7,6.123481186983646e-08,2.3512389486946006e-05,8.832318299450232e-10,3.419252372349746e-07,14.710683614946902,3
normalized_vmin0.001,normalized,0.001,1.0,11,127,0,8,6.124548263731518e-08,2.3532245215118763e-05,1.1806713694079694e-09,6.027261920671378e-07,14.781822868157178,3
normalized_vmin0.001,normalized,0.001,1.0,11,127,0,9,6.128148475611234e-08,2.3546171073585143e-05,1.2077968149439456e-09,4.465011986809486e-07,14.849131834227592,3
normalized_vmin0.001,normalized,0.001,1.0,11,127,0,10,6.123188677205379e-08,2.3510870134968442e-05,8.913320955781037e-10,3.4245036673041795e-07,19.659725333098322,4
normalized_vmin0.001,normalized,0.001,1.0,11,127,0,11,6.124737580683187e-08,2.3530580497865827e-05,1.185431788575255e-09,5.967017994157331e-07,19.731361866462976,4
normalized_vmin0.001,normalized,0.001,1.0,11,127,0,12,6.128237860893789e-08,2.354723999142827e-05,1.2084083609852103e-09,4.552163366255968e-07,19.79813081631437,4
normalized_vmin0.001,normalized,0.001,1.0,11,127,0,13,6.123835360489422e-08,2.3513154040699646e-05,8.837777036042047e-10,3.5717192914397344e-07,24.75954051921144,5
normalized_vmin0.001,normalized,0.001,1.0,11,127,0,14,6.124471822462906e-08,2.353069147198461e-05,1.1809999630665998e-09,5.935583669014477e-07,24.830784135032445,5
normalized_vmin0.001,normalized,0.001,1.0,11,127,0,15,6.127932841139218e-08,2.3548522309679853e-05,1.2077558916177486e-09,4.4705489776752927e-07,24.896087056957185,5
normalized_vmin0.001,normalized,0.001,1.0,11,255,0,1,6.053122685641138e-08,2.025108795167263e-05,9.08923239577059e-10,4.753755271647009e-07,8.358828594442457,2
normalized_vmin0.001,normalized,0.001,1.0,11,255,0,2,6.050982627365894e-08,2.0165484698519975e-05,1.282252059603894e-09,6.591319841042775e-07,8.431919731665403,2
normalized_vmin0.001,normalized,0.001,1.0,11,255,0,3,6.057273053418458e-08,2.035630819019474e-05,1.1875433393301936e-09,7.309015472856117e-07,8.498107404448092,2
normalized_vmin0.001,normalized,0.001,1.0,11,255,0,4,6.052669521987075e-08,2.027308209440193e-05,9.062544726972082e-10,4.953002956664676e-07,13.477450458332896,3
normalized_vmin0.001,normalized,0.001,1.0,11,255,0,5,6.050546097605936e-08,2.016752924549614e-05,1.2797565309009124e-09,6.731998298814545e-07,13.55041299154982,3
normalized_vmin0.001,normalized,0.001,1.0,11,255,0,6,6.057152015525683e-08,2.0353913426252035e-05,1.1896584195121812e-09,7.272005284608696e-07,13.622864397708327,3
normalized_vmin0.001,normalized,0.001,1.0,11,255,0,7,6.052936424402161e-08,2.028268629339358e-05,9.10289847236886e-10,4.890658213962951e-07,18.623371114954352,4
normalized_vmin0.001,normalized,0.001,1.0,11,255,0,8,6.050837982739756e-08,2.0173041296978056e-05,1.2799727473838355e-09,6.606029931965907e-07,18.695018670987338,4
normalized_vmin0.001,normalized,0.001,1.0,11,255,0,9,6.057181797787883e-08,2.0363430416336925e-05,1.190599390754485e-09,7.376856543395149e-07,18.761526057031006,4
normalized_vmin0.001,normalized,0.001,1.0,11,255,0,10,6.053331750475132e-08,2.0276471597524548e-05,9.089078670369854e-10,4.913093547553871e-07,23.799435630906373,5
normalized_vmin0.001,normalized,0.001,1.0,11,255,0,11,6.050243960978045e-08,2.016576281937965e-05,1.2795605134568284e-09,6.550065003718686e-07,23.87185734184459,5
normalized_vmin0.001,normalized,0.001,1.0,11,255,0,12,6.05704819227279e-08,2.0347580692137157e-05,1.1933750109490522e-09,7.322144917054629e-07,23.93775158887729,5
normalized_vmin0.001,normalized,0.001,1.0,11,255,0,13,6.053645163116308e-08,2.029206269527073e-05,9.051597367653924e-10,4.838364691117647e-07,29.011047520209104,6
normalized_vmin0.001,normalized,0.001,1.0,11,255,0,14,6.050241834675642e-08,2.0169543263115486e-05,1.2821195473572758e-09,6.617532004593585e-07,29.079955789260566,6
normalized_vmin0.001,normalized,0.001,1.0,11,255,0,15,6.057465081502024e-08,2.0363157332115023e-05,1.1925952672105352e-09,7.362981018221859e-07,29.146714963018894,6
normalized_vmin0.001,normalized,0.001,1.0,11,511,0,1,6.237673765429423e-08,2.0936612214805805e-05,9.177033237095392e-10,4.418667924888098e-07,8.773370382841676,2
normalized_vmin0.001,normalized,0.001,1.0,11,511,0,2,6.238326590038776e-08,2.100613691879971e-05,1.1780667236405097e-09,3.653482525400875e-07,8.844740741886199,2
normalized_vmin0.001,normalized,0.001,1.0,11,511,0,3,6.235674168895131e-08,2.114334063718637e-05,1.212556354762283e-09,4.776210720258689e-07,8.911732286214828,2
normalized_vmin0.001,normalized,0.001,1.0,11,511,0,4,6.238233431531405e-08,2.095616520847443e-05,9.125877990810228e-10,4.4956067601908956e-07,13.933447813149542,3
normalized_vmin0.001,normalized,0.001,1.0,11,511,0,5,6.237939981630254e-08,2.1007632658331943e-05,1.1772945064876842e-09,3.607417593531892e-07,14.004580290056765,3
normalized_vmin0.001,normalized,0.001,1.0,11,511,0,6,6.235905537566234e-08,2.114478637649242e-05,1.2143207010200806e-09,4.864701620421741e-07,14.071593924891204,3
normalized_vmin0.001,normalized,0.001,1.0,11,511,0,7,6.237775779340318e-08,2.0952063605195193e-05,9.128613593827669e-10,4.45898836076708e-07,18.512581081595272,4
normalized_vmin0.001,normalized,0.001,1.0,11,511,0,8,6.238483375568295e-08,2.1013343509235227e-05,1.1764181509911313e-09,3.5498778094833483e-07,18.58449516352266,4
normalized_vmin0.001,normalized,0.001,1.0,11,511,0,9,6.236006594896056e-08,2.1141280047709543e-05,1.2136133993847424e-09,4.6939118825140014e-07,18.65030489023775,4
normalized_vmin0.001,normalized,0.001,1.0,11,511,0,10,6.238084878914461e-08,2.0955077722151216e-05,9.096425673421366e-10,4.4352364336752714e-07,22.75197643134743,5
normalized_vmin0.001,normalized,0.001,1.0,11,511,0,11,6.238514021465627e-08,2.1006400188205987e-05,1.1822902143992955e-09,3.541118882566252e-07,22.82220638822764,5
normalized_vmin0.001,normalized,0.001,1.0,11,511,0,12,6.235692230360947e-08,2.1144394444672088e-05,1.2166412424773673e-09,4.7164909589003656e-07,22.911844245158136,5
normalized_vmin0.001,normalized,0.001,1.0,11,511,0,13,6.238599043306744e-08,2.095201329299634e-05,9.130291761354214e-10,4.3480757150327065e-07,27.71210991218686,6
normalized_vmin0.001,normalized,0.001,1.0,11,511,0,14,6.238624029034477e-08,2.101275117682988e-05,1.179835808014267e-09,3.602966216487147e-07,27.78141403151676,6
normalized_vmin0.001,normalized,0.001,1.0,11,511,0,15,6.236120804111871e-08,2.1145088239915566e-05,1.2152555476720747e-09,4.7505087441557237e-07,27.84773148363456,6
normalized_vmin0.001,normalized,0.001,1.0,10,15,0,1,0.0019738918158521803,0.18692719557183957,0.0019738936238571547,0.18693189323585735,2.480806451290846,1
normalized_vmin0.001,normalized,0.001,1.0,10,15,0,2,6.0623679212742465e-05,0.049143603617609166,6.0619135356076245e-05,0.04914909734935746,2.5503138243220747,1
normalized_vmin0.001,normalized,0.001,1.0,10,15,0,3,9.26697819300649e-07,0.0035582699600266166,8.878644226707352e-07,0.0035640270686588815,7.484726884402335,2
normalized_vmin0.001,normalized,0.001,1.0,10,15,0,4,6.350019289743243e-08,4.139907081768257e-05,3.2419848109697437e-09,1.8716483588976374e-05,7.5823307214304805,2
normalized_vmin0.001,normalized,0.001,1.0,10,15,0,5,6.260050447876438e-08,4.413132260738806e-05,9.168784445498783e-10,5.264573119667659e-07,12.024441795423627,3
normalized_vmin0.001,normalized,0.001,1.0,10,15,0,6,6.259510087258248e-08,4.4159900017382014e-05,1.2179532441287586e-09,4.751292064231194e-07,12.091916454490274,3
normalized_vmin0.001,normalized,0.001,1.0,10,15,0,7,6.259844085770418e-08,4.413003595749032e-05,9.166632587874674e-10,5.127451698783148e-07,16.24479655455798,4
normalized_vmin0.001,normalized,0.001,1.0,10,15,0,8,6.259764924683418e-08,4.41630358141154e-05,1.2186853034495547e-09,4.686715957546994e-07,16.313995604403317,4
normalized_vmin0.001,normalized,0.001,1.0,10,15,0,9,6.259996367103307e-08,4.413250159096549e-05,9.112642195632803e-10,5.362332533564995e-07,21.179933881387115,5
normalized_vmin0.001,normalized,0.001,1.0,10,15,0,10,6.259873101116791e-08,4.415925926171127e-05,1.2198466713840203e-09,4.614777555644878e-07,21.247884667478502,5
normalized_vmin0.001,normalized,0.001,1.0,10,15,0,11,6.260213571164644e-08,4.412913666729246e-05,9.175957338081956e-10,5.226578687622663e-07,26.058098532259464,6
normalized_vmin0.001,normalized,0.001,1.0,10,15,0,12,6.258924161332076e-08,4.4156639858128344e-05,1.2222135280201042e-09,4.6359792182926185e-07,26.125971996225417,6
normalized_vmin0.001,normalized,0.001,1.0,10,15,0,13,6.25947224489649e-08,4.413096720390364e-05,9.188779125916433e-10,5.300102421390562e-07,30.788473484572023,7
normalized_vmin0.001,normalized,0.001,1.0,10,15,0,14,6.259340839485442e-08,4.4158388380566294e-05,1.2205025623342961e-09,4.6169128964379524e-07,30.858180481474847,7
normalized_vmin0.001,normalized,0.001,1.0,10,15,0,15,6.25978881391887e-08,4.41328154139331e-05,9.130428295340371e-10,5.207201136947504e-07,35.27268779929727,8
normalized_vmin0.001,normalized,0.001,1.0,10,15,1,1,0.0019740772062618035,0.186912140429368,0.0019740707317588225,0.1869164320270421,2.430711577180773,1
normalized_vmin0.001,normalized,0.001,1.0,10,15,1,2,6.074256162492363e-05,0.049150091816742236,6.073349574218064e-05,0.0491551105428325,2.4980481979437172,1
normalized_vmin0.001,normalized,0.001,1.0,10,15,1,3,1.0261105604921206e-06,0.0035813942273802413,1.0052782962247403e-06,0.003586653471778889,7.166243730578572,2
normalized_vmin0.001,normalized,0.001,1.0,10,15,1,4,1.4189819279543983e-07,5.682011571905843e-05,1.2057407179254652e-07,4.42483597975496e-05,7.241984011605382,2
normalized_vmin0.001,normalized,0.001,1.0,10,15,1,5,1.3977462955373857e-07,5.299737533526194e-05,1.1845964582763997e-07,2.53302143923273e-05,7.3120810338296,2
normalized_vmin0.001,normalized,0.001,1.0,10,15,1,6,1.3977217852900723e-07,5.2995194741778384e-05,1.1844993880995926e-07,2.524192243924528e-05,12.066871247719973,3
normalized_vmin0.001,normalized,0.001,1.0,10,15,1,7,1.3978544923002277e-07,5.300270505992355e-05,1.1846270907635403e-07,2.524426611083541e-05,12.141717292834073,3
normalized_vmin0.001,normalized,0.001,1.0,10,15,1,8,1.397771457095302e-07,5.2994762405944584e-05,1.1846566095411671e-07,2.532846488723095e-05,12.237736515700817,3
normalized_vmin0.001,normalized,0.001,1.0,10,15,1,9,1.3976698190442652e-07,5.2996730699805816e-05,1.1844771012738196e-07,2.5232500981187123e-05,16.935991609003395,4
normalized_vmin0.001,normalized,0.001,1.0,10,15,1,10,1.39793206261358e-07,5.300268189523116e-05,1.1846259316767097e-07,2.524222848299118e-05,17.011435740161687,4
normalized_vmin0.001,normalized,0.001,1.0,10,15,1,11,1.3977617382359108e-07,5.299393263147323e-05,1.1846088311074987e-07,2.532845616343149e-05,17.079922727309167,4
normalized_vmin0.001,normalized,0.001,1.0,10,15,1,12,1.3977167127111594e-07,5.299175391992872e-05,1.1844590277846083e-07,2.5248232624064393e-05,21.773756829556078,5
normalized_vmin0.001,normalized,0.001,1.0,10,15,1,13,1.3978675616710493e-07,5.300047559109178e-05,1.1846201732183565e-07,2.524583156571225e-05,21.849905182607472,5
normalized_vmin0.001,normalized,0.001,1.0,10,15,1,14,1.397749231907981e-07,5.2994184413179823e-05,1.1845876858623843e-07,2.533057574949371e-05,21.918897260911763,5
normalized_vmin0.001,normalized,0.001,1.0,10,15,1,15,1.3977063205201386e-07,5.2993816018087614e-05,1.1844594037646104e-07,2.5244361556597816e-05,26.662613889668137,6
normalized_vmin0.001,normalized,0.001,1.0,10,31,0,1,0.0001318044154781091,0.020364388490592078,0.00013180305020433396,0.02036724355256736,2.777022196445614,1
normalized_vmin0.001,normalized,0.001,1.0,10,31,0,2,4.655847022003428e-07,0.0006153154000179129,4.4074854107032033e-07,0.0006182280189327427,2.844666269607842,1
normalized_vmin0.001,normalized,0.001,1.0,10,31,0,3,5.812453668034405e-08,2.9399722587086785e-05,9.491359355532942e-10,5.502121779299429e-07,7.3350713243708014,2
normalized_vmin0.001,normalized,0.001,1.0,10,31,0,4,5.812771203466828e-08,2.9450160853095042e-05,1.1856384847263354e-09,3.275047260054009e-07,7.406442688778043,2
normalized_vmin0.001,normalized,0.001,1.0,10,31,0,5,5.8142455131538157e-08,2.941238280285141e-05,9.12590371787746e-10,3.074140457748342e-07,12.22406939882785,3
normalized_vmin0.001,normalized,0.001,1.0,10,31,0,6,5.813062418648409e-08,2.9452549254127547e-05,1.1908287932906774e-09,3.15296239117302e-07,12.29039176274091,3
normalized_vmin0.001,normalized,0.001,1.0,10,31,0,7,5.8140768062932003e-08,2.940685912156127e-05,9.051677289312137e-10,2.921769803876373e-07,17.302834443747997,4
normalized_vmin0.001,normalized,0.001,1.0,10,31,0,8,5.8125536582311234e-08,2.9448810458188035e-05,1.1883088994410224e-09,3.1483571749646444e-07,17.371876250952482,4
normalized_vmin0.001,normalized,0.001,1.0,10,31,0,9,5.814074746573347e-08,2.9409770816890557e-05,9.140155083468024e-10,3.022156145338073e-07,21.829087934922427,5
normalized_vmin0.001,normalized,0.001,1.0,10,31,0,10,5.81251391127953e-08,2.9454205646040066e-05,1.1945524037575454e-09,3.1783758802639284e-07,21.89954663394019,5
normalized_vmin0.001,normalized,0.001,1.0,10,31,0,11,5.814418626569508e-08,2.9412262614325613e-05,9.123738558549591e-10,2.9746237784067375e-07,27.03928919835016,6
normalized_vmin0.001,normalized,0.001,1.0,10,31,0,12,5.813073827730909e-08,2.945201487225546e-05,1.1901643787494973e-09,3.1740050410178355e-07,27.107918482273817,6
normalized_vmin0.001,normalized,0.001,1.0,10,31,0,13,5.814318756300796e-08,2.941246931054131e-05,9.104928587167188e-10,3.162453898752915e-07,31.768651131074876,7
normalized_vmin0.001,normalized,0.001,1.0,10,31,0,14,5.8130063097954935e-08,2.9454190435318495e-05,1.1933269552259686e-09,3.1822197388287066e-07,31.837513785343617,7
normalized_vmin0.001,normalized,0.001,1.0,10,31,0,15,5.814210030577059e-08,2.941051493565716e-05,9.112930202996258e-10,3.151531260403573e-07,36.13250800734386,8
normalized_vmin0.001,normalized,0.001,1.0,10,31,1,1,0.00013192666352177361,0.02035298028959287,0.00013192921721628197,0.020365617028017424,3.0395484170876443,1
normalized_vmin0.001,normalized,0.001,1.0,10,31,1,2,5.660112933662642e-07,0.0006289935334561347,5.586313124308299e-07,0.0006418846970523973,7.970038134139031,2
normalized_vmin0.001,normalized,0.001,1.0,10,31,1,3,1.3183654121656308e-07,6.270151758447362e-05,1.1951501585269136e-07,2.966159000417079e-05,8.044910779222846,2
normalized_vmin0.001,normalized,0.001,1.0,10,31,1,4,1.3175484609578847e-07,6.289872832565546e-05,1.1941396211452956e-07,2.9709976011815797e-05,8.11247049504891,2
normalized_vmin0.001,normalized,0.001,1.0,10,31,1,5,1.3173191438544857e-07,6.283766250669842e-05,1.1940510377213878e-07,2.9831976532279647e-05,13.087487451732159,3
normalized_vmin0.001,normalized,0.001,1.0,10,31,1,6,1.3176545446191967e-07,6.269875626807586e-05,1.1943340296333217e-07,2.966582737751189e-05,13.167845834977925,3
normalized_vmin0.001,normalized,0.001,1.0,10,31,1,7,1.3175889460603717e-07,6.290411758824721e-05,1.1942204819803928e-07,2.9713076242221526e-05,13.237614594399929,3
normalized_vmin0.001,normalized,0.001,1.0,10,31,1,8,1.3173466324557857e-07,6.284494301389554e-05,1.1940665600428395e-07,2.9842054100837068e-05,18.178734803106636,4
normalized_vmin0.001,normalized,0.001,1.0,10,31,1,9,1.3176520899160215e-07,6.269279543846817e-05,1.194321256952629e-07,2.966390974024069e-05,18.25325193302706,4
normalized_vmin0.001,normalized,0.001,1.0,10,31,1,10,1.317600023849008e-07,6.290453099822013e-05,1.1941801086712116e-07,2.970394902868101e-05,18.320714737754315,4
normalized_vmin0.001,normalized,0.001,1.0,10,31,1,11,1.3173284257931745e-07,6.28450465661734e-05,1.19406165172906e-07,2.9841262205065888e-05,22.96289970865473,5
normalized_vmin0.001,normalized,0.001,1.0,10,31,1,12,1.3176136643559176e-07,6.269096829081278e-05,1.1942906641886907e-07,2.96663492014293e-05,23.038463446777314,5
normalized_vmin0.001,normalized,0.001,1.0,10,31,1,13,1.317537828397582e-07,6.290385079299465e-05,1.1941921452955875e-07,2.971842536569902e-05,23.107257117517292,5
normalized_vmin0.001,normalized,0.001,1.0,10,31,1,14,1.3173196812512526e-07,6.285117131465956e-05,1.194084231408072e-07,2.983551081436886e-05,27.97095813928172,6
normalized_vmin0.001,normalized,0.001,1.0,10,31,1,15,1.3176847888507273e-07,6.269193883168267e-05,1.1943512342076754e-07,2.966262660286656e-05,28.046448583249003,6
normalized_vmin0.001,normalized,0.001,1.0,10,63,0,1,1.0985552572736575e-06,0.000245132038762641,1.0932068510226026e-06,0.00022735631042314353,3.0408053500577807,1
normalized_vmin0.001,normalized,0.001,1.0,10,63,0,2,6.02392807984726e-08,2.994799542155313e-05,1.201967279670929e-09,3.831264505649301e-07,3.1112020001746714,1
normalized_vmin0.001,normalized,0.001,1.0,10,63,0,3,6.029283648798832e-08,3.004379517057565e-05,8.718093117064088e-10,1.6751240705659143e-07,8.000321841333061,2
normalized_vmin0.001,normalized,0.001,1.0,10,63,0,4,6.023774017934226e-08,2.9952161574309244e-05,1.2046712901077133e-09,4.1297957675823227e-07,8.06905045825988,2
normalized_vmin0.001,normalized,0.001,1.0,10,63,0,5,6.0291684595537e-08,3.004382752314072e-05,8.689485173786059e-10,1.687733275357317e-07,13.011937318369746,3
normalized_vmin0.001,normalized,0.001,1.0,10,63,0,6,6.024450906696416e-08,2.9953973978091852e-05,1.2007876704618159e-09,4.0908056964106265e-07,13.077678942587227,3
normalized_vmin0.001,normalized,0.001,1.0,10,63,0,7,6.030219928744414e-08,3.004232220349401e-05,8.681147835940125e-10,1.7699886800670583e-07,18.085290261544287,4
normalized_vmin0.001,normalized,0.001,1.0,10,63,0,8,6.02411906189799e-08,2.9954513891539136e-05,1.2016883542082869e-09,4.117173393325402e-07,18.155760617461056,4
normalized_vmin0.001,normalized,0.001,1.0,10,63,0,9,6.029619327015961e-08,3.004320571764474e-05,8.733493181168348e-10,1.686690054292228e-07,23.217551422305405,5
normalized_vmin0.001,normalized,0.001,1.0,10,63,0,10,6.023649457166032e-08,2.9952732579774377e-05,1.1998732118318758e-09,4.0421594427186847e-07,23.28730281209573,5
normalized_vmin0.001,normalized,0.001,1.0,10,63,0,11,6.02965750484444e-08,3.004106866821843e-05,8.73804018850416e-10,1.65170983779106e-07,28.32048333529383,6
normalized_vmin0.001,normalized,0.001,1.0,10,63,0,12,6.023468302663622e-08,2.9951775242897938e-05,1.20321033279298e-09,3.970732866953597e-07,28.387478042393923,6
normalized_vmin0.001,normalized,0.001,1.0,10,63,0,13,6.02918611274252e-08,3.004300788700398e-05,8.734450759301346e-10,1.7296912080411175e-07,32.98228418035433,7
normalized_vmin0.001,normalized,0.001,1.0,10,63,0,14,6.024146540522293e-08,2.9953504297353106e-05,1.2040035810556018e-09,3.843254552382547e-07,33.056904424447566,7
normalized_vmin0.001,normalized,0.001,1.0,10,63,0,15,6.029808712338435e-08,3.0043199967799694e-05,8.720238343775473e-10,1.5408771791847187e-07,37.46199269546196,8
normalized_vmin0.001,normalized,0.001,1.0,10,63,1,1,1.2032880455323404e-06,0.0002622592817478342,1.2045724182331924e-06,0.0002511093781092377,3.2769048158079386,1
normalized_vmin0.001,normalized,0.001,1.0,10,63,1,2,1.3211705777313728e-07,3.867925119316329e-05,1.1889919354277678e-07,2.7526854004866763e-05,7.607124628964812,2
normalized_vmin0.001,normalized,0.001,1.0,10,63,1,3,1.3210131982516784e-07,3.8930180321194996e-05,1.188754068060702e-07,2.777778593143765e-05,7.682690382003784,2
normalized_vmin0.001,normalized,0.001,1.0,10,63,1,4,1.320958325775961e-07,3.8562490230376056e-05,1.1888577128798018e-07,2.7410091739787923e-05,7.751697611063719,2
normalized_vmin0.001,normalized,0.001,1.0,10,63,1,5,1.3208329226159504e-07,3.86167622525857e-05,1.188594476383433e-07,2.746436436729116e-05,11.946024764329195,3
normalized_vmin0.001,normalized,0.001,1.0,10,63,1,6,1.3209788312499752e-07,3.89264814376622e-05,1.1887617013200965e-07,2.7774087006604553e-05,12.021007746923715,3
normalized_vmin0.001,normalized,0.001,1.0,10,63,1,7,1.3209076492695467e-07,3.854929728308587e-05,1.188837104729504e-07,2.7396898645393186e-05,12.092574496753514,3
normalized_vmin0.001,normalized,0.001,1.0,10,63,1,8,1.3207798072622755e-07,3.860855378090555e-05,1.1885781968288921e-07,2.7456155804017612e-05,16.217197097837925,4
normalized_vmin0.001,normalized,0.001,1.0,10,63,1,9,1.3210169078856985e-07,3.892013705153463e-05,1.1887910482397866e-07,2.776774254975578e-05,16.294331416022032,4
normalized_vmin0.001,normalized,0.001,1.0,10,63,1,10,1.3209220774417114e-07,3.856928675050053e-05,1.188871904403836e-07,2.7416888335629608e-05,16.36373810796067,4
normalized_vmin0.001,normalized,0.001,1.0,10,63,1,11,1.3208308306495188e-07,3.8612809873384e-05,1.1885730501508593e-07,2.7460411944013607e-05,20.70421081688255,5
normalized_vmin0.001,normalized,0.001,1.0,10,63,1,12,1.3209339355733078e-07,3.892984163100799e-05,1.1887382597496548e-07,2.7777447237475883e-05,20.778794694691896,5
normalized_vmin0.001,normalized,0.001,1.0,10,63,1,13,1.3208113809649733e-07,3.855487376680511e-05,1.1887807649156406e-07,2.7402475191284914e-05,20.8482276215218,5
normalized_vmin0.001,normalized,0.001,1.0,10,63,1,14,1.320861017895451e-07,3.8619389407190674e-05,1.1886505220505704e-07,2.746699155120602e-05,24.990954281762242,6
normalized_vmin0.001,normalized,0.001,1.0,10,63,1,15,1.3209841179042683e-07,3.892748959311021e-05,1.188765081323317e-07,2.777509517337684e-05,25.066021285019815,6
normalized_vmin0.001,normalized,0.001,1.0,10,127,0,1,6.048287254146434e-08,2.9330680328953918e-05,9.276595462590922e-10,3.0196958000772156e-07,6.286823051981628,2
normalized_vmin0.001,normalized,0.001,1.0,10,127,0,2,6.053729248098666e-08,2.9407540653281217e-05,1.2101521733720447e-09,3.4741302579188726e-07,6.354468735866249,2
normalized_vmin0.001,normalized,0.001,1.0,10,127,0,3,6.049054898078592e-08,2.9349975981585175e-05,9.100921451696308e-10,3.0011490692594123e-07,11.300183778628707,3
normalized_vmin0.001,normalized,0.001,1.0,10,127,0,4,6.053861008161054e-08,2.9412093692338104e-05,1.2100296257599313e-09,3.5602700654280284e-07,11.379561139736325,3
normalized_vmin0.001,normalized,0.001,1.0,10,127,0,5,6.048996339062259e-08,2.9341704000707125e-05,9.085976568664461e-10,2.9786497157680003e-07,16.046701699960977,4
normalized_vmin0.001,normalized,0.001,1.0,10,127,0,6,6.053864230459038e-08,2.9412952358365274e-05,1.2126815650495711e-09,3.515258623076889e-07,16.116841813083738,4
normalized_vmin0.001,normalized,0.001,1.0,10,127,0,7,6.048929858748641e-08,2.9340723726400952e-05,9.061610155846353e-10,3.1353804774703065e-07,21.138449681457132,5
normalized_vmin0.001,normalized,0.001,1.0,10,127,0,8,6.05341989348392e-08,2.941492316566041e-05,1.2079931137893153e-09,3.4862854214612327e-07,21.209889944642782,5
normalized_vmin0.001,normalized,0.001,1.0,10,127,0,9,6.04910575466892e-08,2.9342931379572335e-05,9.085800256317036e-10,3.062791309460522e-07,26.09628144465387,6
normalized_vmin0.001,normalized,0.001,1.0,10,127,0,10,6.053675890086552e-08,2.942077995959913e-05,1.2108684919814264e-09,3.5291140065840665e-07,26.16476690629497,6
normalized_vmin0.001,normalized,0.001,1.0,10,127,0,11,6.048459572309997e-08,2.9343685773008943e-05,9.096859693848928e-10,3.003584534422288e-07,31.250646775122732,7
normalized_vmin0.001,normalized,0.001,1.0,10,127,0,12,6.053498968327381e-08,2.9415139030541937e-05,1.2073553426220573e-09,3.4174999130609507e-07,31.320959262084216,7
normalized_vmin0.001,normalized,0.001,1.0,10,127,0,13,6.048656100219503e-08,2.934810402277499e-05,9.088527692208918e-10,2.9983557570112396e-07,36.16195350838825,8
normalized_vmin0.001,normalized,0.001,1.0,10,127,0,14,6.05315005476102e-08,2.9415525111264884e-05,1.2085691985522977e-09,3.5759500571774794e-07,36.229664338286966,8
normalized_vmin0.001,normalized,0.001,1.0,10,127,0,15,6.049178868114828e-08,2.93415826218002e-05,9.094502918083986e-10,3.0461045885665783e-07,41.29530734010041,9
normalized_vmin0.001,normalized,0.001,1.0,10,127,1,1,1.3289343256320653e-07,4.744198163031399e-05,1.1911388787338195e-07,2.7841544532614115e-05,6.2449335544370115,2
normalized_vmin0.001,normalized,0.001,1.0,10,127,1,2,1.3271428199750331e-07,4.7503933519821295e-05,1.1894747528595344e-07,2.7506863234605383e-05,6.3188240132294595,2
normalized_vmin0.001,normalized,0.001,1.0,10,127,1,3,1.327484908710505e-07,4.74023442625926e-05,1.1895566498690196e-07,2.7789038314129932e-05,6.389417465310544,2
normalized_vmin0.001,normalized,0.001,1.0,10,127,1,4,1.327703617723367e-07,4.744345886820156e-05,1.1897394815919051e-07,2.7739266288739906e-05,11.433310963213444,3
normalized_vmin0.001,normalized,0.001,1.0,10,127,1,5,1.3271786189281498e-07,4.750560517507996e-05,1.1894916569677542e-07,2.7498488358923545e-05,11.507889077998698,3
normalized_vmin0.001,normalized,0.001,1.0,10,127,1,6,1.3275369458599833e-07,4.740308130601889e-05,1.189622612522111e-07,2.7791423904521828e-05,11.576513183303177,3
normalized_vmin0.001,normalized,0.001,1.0,10,127,1,7,1.327675339914297e-07,4.744273056656034e-05,1.1896924110098471e-07,2.7737400320027028e-05,16.62538844626397,4
normalized_vmin0.001,normalized,0.001,1.0,10,127,1,8,1.3271702323343216e-07,4.7505050584373265e-05,1.1895085961480508e-07,2.749357343301284e-05,16.70107397250831,4
normalized_vmin0.001,normalized,0.001,1.0,10,127,1,9,1.3274789674565466e-07,4.7399967759154116e-05,1.1895796112733564e-07,2.778992008223291e-05,16.77004299638793,4
normalized_vmin0.001,normalized,0.001,1.0,10,127,1,10,1.3277281579162088e-07,4.74422010240394e-05,1.189762556461523e-07,2.7738877097727155e-05,21.916733283083886,5
normalized_vmin0.001,normalized,0.001,1.0,10,127,1,11,1.3271899257682847e-07,4.750401466857568e-05,1.1895255388895111e-07,2.750400175188794e-05,21.992230910807848,5
normalized_vmin0.001,normalized,0.001,1.0,10,127,1,12,1.327510393581541e-07,4.740277909465185e-05,1.1895796378701571e-07,2.779712579037419e-05,22.06099807098508,5
normalized_vmin0.001,normalized,0.001,1.0,10,127,1,13,1.3277581622845428e-07,4.74417917195602e-05,1.1897327179370563e-07,2.7737228782909185e-05,26.589005077723414,6
normalized_vmin0.001,normalized,0.001,1.0,10,127,1,14,1.3271796852955015e-07,4.750494705940689e-05,1.1895093168199793e-07,2.7508424913502694e-05,26.66483195545152,6
normalized_vmin0.001,normalized,0.001,1.0,10,127,1,15,1.3274992589291774e-07,4.7402961677933675e-05,1.1895856424109954e-07,2.779145656517379e-05,26.73422043537721,6
normalized_vmin0.001,normalized,0.001,1.0,10,255,0,1,5.897580297662463e-08,2.6811990621600224e-05,9.134871337174611e-10,2.8738136914618906e-07,8.580540677532554,2
normalized_vmin0.001,normalized,0.001,1.0,10,255,0,2,5.89708387253686e-08,2.6891983564314437e-05,1.1648164214416053e-09,2.7356655840637956e-07,8.648414093535393,2
normalized_vmin0.001,normalized,0.001,1.0,10,255,0,3,5.897192116748116e-08,2.6805277392294435e-05,9.113549727569501e-10,2.940947805285532e-07,13.462617955636233,3
normalized_vmin0.001,normalized,0.001,1.0,10,255,0,4,5.8972690580680494e-08,2.6901604041951188e-05,1.1673338264543514e-09,2.728627300774278e-07,13.555087647400796,3
normalized_vmin0.001,normalized,0.001,1.0,10,255,0,5,5.896787870329266e-08,2.6812315552127153e-05,9.097554791142183e-10,2.870564297374756e-07,18.433434028644115,4
normalized_vmin0.001,normalized,0.001,1.0,10,255,0,6,5.8975892367087976e-08,2.6903569989356058e-05,1.1680003522793626e-09,2.8126513229587147e-07,18.50274491775781,4
normalized_vmin0.001,normalized,0.001,1.0,10,255,0,7,5.8968943595611e-08,2.680135971544484e-05,9.095676909170894e-10,2.980125635154707e-07,23.4397770925425,5
normalized_vmin0.001,normalized,0.001,1.0,10,255,0,8,5.897451813566745e-08,2.6908000488101713e-05,1.169597355502928e-09,2.7472651675797266e-07,23.50928726559505,5
normalized_vmin0.001,normalized,0.001,1.0,10,255,0,9,5.8969198094015635e-08,2.6801555301991797e-05,9.110542784459197e-10,2.9781697152841957e-07,28.546841073781252,6
normalized_vmin0.001,normalized,0.001,1.0,10,255,0,10,5.897181719775459e-08,2.689249026011087e-05,1.1691210979909033e-09,2.770224102333074e-07,28.616570801008493,6
normalized_vmin0.001,normalized,0.001,1.0,10,255,0,11,5.896389976155737e-08,2.6815188238549226e-05,9.094285771701189e-10,2.841836654887686e-07,33.626241424586624,7
normalized_vmin0.001,normalized,0.001,1.0,10,255,0,12,5.896926846263298e-08,2.689072464323594e-05,1.1644920604066123e-09,2.789457761442904e-07,33.70093435421586,7
normalized_vmin0.001,normalized,0.001,1.0,10,255,0,13,5.896857761918662e-08,2.6799574610936183e-05,9.147951409410441e-10,2.997977162078058e-07,38.20031450828537,8
normalized_vmin0.001,normalized,0.001,1.0,10,255,0,14,5.8979185034892646e-08,2.689999595095749e-05,1.1647544930705098e-09,2.7634009258648007e-07,38.266388456337154,8
normalized_vmin0.001,normalized,0.001,1.0,10,255,0,15,5.897255396202831e-08,2.680273333222072e-05,9.110353736869765e-10,2.966389094360977e-07,42.98857134953141,9
normalized_vmin0.001,normalized,0.001,1.0,10,255,1,1,1.369411073181164e-07,5.2047906336394334e-05,1.1846807355431988e-07,2.5759130489633186e-05,8.6570337228477,2
normalized_vmin0.001,normalized,0.001,1.0,10,255,1,2,1.369638241456437e-07,5.204008604520194e-05,1.1848372553345283e-07,2.58366141110411e-05,8.731300218962133,2
normalized_vmin0.001,normalized,0.001,1.0,10,255,1,3,1.369064533371817e-07,5.208324608718673e-05,1.18466389012186e-07,2.5691660880400313e-05,8.797983669210225,2
normalized_vmin0.001,normalized,0.001,1.0,10,255,1,4,1.36925151191746e-07,5.2034765187225496e-05,1.1844884152157497e-07,2.5741273675494725e-05,13.585430038161576,3
normalized_vmin0.001,normalized,0.001,1.0,10,255,1,5,1.3696489665880216e-07,5.2039806618719986e-05,1.1847929977822273e-07,2.5840779327879204e-05,13.65909644216299,3
normalized_vmin0.001,normalized,0.001,1.0,10,255,1,6,1.3690584924487114e-07,5.207801600648487e-05,1.184640887265357e-07,2.5681728618831556e-05,13.730509040411562,3
normalized_vmin0.001,normalized,0.001,1.0,10,255,1,7,1.369277516654798e-07,5.203440781742508e-05,1.1845018472489115e-07,2.5748703951555818e-05,18.588235308416188,4
normalized_vmin0.001,normalized,0.001,1.0,10,255,1,8,1.369621083144075e-07,5.203806875142547e-05,1.1847901237428554e-07,2.5829068092453333e-05,18.682068096473813,4
normalized_vmin0.001,normalized,0.001,1.0,10,255,1,9,1.3690672134646998e-07,5.208311757975981e-05,1.1846317441107466e-07,2.569231362092861e-05,18.75131620746106,4
normalized_vmin0.001,normalized,0.001,1.0,10,255,1,10,1.369280106037567e-07,5.2033699964315616e-05,1.1845583276549638e-07,2.5736068947734836e-05,23.632335359230638,5
normalized_vmin0.001,normalized,0.001,1.0,10,255,1,11,1.369641420713391e-07,5.203800022934857e-05,1.1848572837234691e-07,2.5827721483073773e-05,23.705957694444805,5
normalized_vmin0.001,normalized,0.001,1.0,10,255,1,12,1.3691175399339355e-07,5.208194611672212e-05,1.184696247629206e-07,2.5695031926509238e-05,23.7758617461659,5
normalized_vmin0.001,normalized,0.001,1.0,10,255,1,13,1.3692853444163014e-07,5.203400948328163e-05,1.184480672185222e-07,2.574570989533065e-05,28.310567307285964,6
normalized_vmin0.001,normalized,0.001,1.0,10,255,1,14,1.3696740217758452e-07,5.2039427298589125e-05,1.1848239798834028e-07,2.5839773249880515e-05,28.385734759271145,6
normalized_vmin0.001,normalized,0.001,1.0,10,255,1,15,1.3690184569523632e-07,5.208067863160526e-05,1.1846034018380311e-07,2.568602845909318e-05,28.45615608105436,6
normalized_vmin0.001,normalized,0.001,1.0,10,511,0,1,6.059162280009313e-08,2.5761215954767103e-05,9.059547699703796e-10,4.7670184222248224e-07,9.330976309720427,2
normalized_vmin0.001,normalized,0.001,1.0,10,511,0,2,6.056759129608266e-08,2.5760215304204692e-05,1.1657587723548906e-09,4.778610236400027e-07,9.400463033467531,2
normalized_vmin0.001,normalized,0.001,1.0,10,511,0,3,6.059182609737882e-08,2.574440058433769e-05,9.042749884428816e-10,4.987028316971731e-07,14.325877621769905,3
normalized_vmin0.001,normalized,0.001,1.0,10,511,0,4,6.05695618171292e-08,2.5756930982612225e-05,1.1723964065092293e-09,4.692613866374984e-07,14.39509609201923,3
normalized_vmin0.001,normalized,0.001,1.0,10,511,0,5,6.05937306128849e-08,2.5744917144798762e-05,9.074954213489611e-10,5.070220439051809e-07,19.298593123909086,4
normalized_vmin0.001,normalized,0.001,1.0,10,511,0,6,6.056845052597909e-08,2.575784012148752e-05,1.1710833063645256e-09,4.896971564916086e-07,19.37007823213935,4
normalized_vmin0.001,normalized,0.001,1.0,10,511,0,7,6.058822315034671e-08,2.574249197218048e-05,9.052071735377845e-10,4.914974229830449e-07,24.25328584900126,5
normalized_vmin0.001,normalized,0.001,1.0,10,511,0,8,6.056914207295408e-08,2.5759262001101568e-05,1.1708747058970326e-09,4.668189751422247e-07,24.321960902772844,5
normalized_vmin0.001,normalized,0.001,1.0,10,511,0,9,6.059052597944382e-08,2.5741853199590103e-05,9.051689608356034e-10,4.980751637795322e-07,29.419331374578178,6
normalized_vmin0.001,normalized,0.001,1.0,10,511,0,10,6.056621381755794e-08,2.575464000842409e-05,1.1666520645598269e-09,4.906716151165114e-07,29.48531468072906,6
normalized_vmin0.001,normalized,0.001,1.0,10,511,0,11,6.059025486561379e-08,2.574343969896642e-05,9.049667670712135e-10,5.106511082875187e-07,34.600147511810064,7
normalized_vmin0.001,normalized,0.001,1.0,10,511,0,12,6.05643151615683e-08,2.5757923839631047e-05,1.160432723958766e-09,4.7081341947308175e-07,34.6708564478904,7
normalized_vmin0.001,normalized,0.001,1.0,10,511,0,13,6.059011324055982e-08,2.5744757995549428e-05,9.080646993890606e-10,5.05868372302487e-07,39.470701498910785,8
normalized_vmin0.001,normalized,0.001,1.0,10,511,0,14,6.056997590951765e-08,2.5758548567345052e-05,1.1719011686896989e-09,4.648932401263295e-07,39.541705125011504,8
normalized_vmin0.001,normalized,0.001,1.0,10,511,0,15,6.058920773572543e-08,2.574687262901776e-05,9.09630739987313e-10,4.996448910166151e-07,44.4257271932438,9
normalized_vmin0.001,normalized,0.001,1.0,10,511,1,1,1.326382423192533e-07,5.110343248881932e-05,1.193869784995208e-07,2.4899066335959397e-05,9.546182678081095,2
normalized_vmin0.001,normalized,0.001,1.0,10,511,1,2,1.3262590379255163e-07,5.102251197197649e-05,1.193951146827017e-07,2.493451451468509e-05,9.62234999705106,2
normalized_vmin0.001,normalized,0.001,1.0,10,511,1,3,1.3261104579889813e-07,5.109575442063807e-05,1.193546517482325e-07,2.491322787911976e-05,9.693286107387394,2
normalized_vmin0.001,normalized,0.001,1.0,10,511,1,4,1.3261936800165782e-07,5.108617489324452e-05,1.1936604018652398e-07,2.4886274570312672e-05,14.761551113333553,3
normalized_vmin0.001,normalized,0.001,1.0,10,511,1,5,1.326258766959236e-07,5.102037112481028e-05,1.1938923000190093e-07,2.4935603328613e-05,14.836352634243667,3
normalized_vmin0.001,normalized,0.001,1.0,10,511,1,6,1.3260470091129386e-07,5.1099240612084706e-05,1.1934605603650464e-07,2.491119263237085e-05,14.90263854432851,3
normalized_vmin0.001,normalized,0.001,1.0,10,511,1,7,1.3262737085670964e-07,5.108324780500606e-05,1.1936982492782283e-07,2.4884140232495078e-05,19.23240070650354,4
normalized_vmin0.001,normalized,0.001,1.0,10,511,1,8,1.3262682215798213e-07,5.102386406186099e-05,1.193917301835219e-07,2.4930642907539102e-05,19.309090164490044,4
normalized_vmin0.001,normalized,0.001,1.0,10,511,1,9,1.3260774668187608e-07,5.109479784926041e-05,1.1934892264835976e-07,2.4914087591199063e-05,19.378704097587615,4
normalized_vmin0.001,normalized,0.001,1.0,10,511,1,10,1.326289117163533e-07,5.108642971263233e-05,1.1937343094935076e-07,2.4883279041709727e-05,23.873417428694665,5
normalized_vmin0.001,normalized,0.001,1.0,10,511,1,11,1.3262406964268812e-07,5.102087705510794e-05,1.1939416184562557e-07,2.493828392557962e-05,23.949987235944718,5
normalized_vmin0.001,normalized,0.001,1.0,10,511,1,12,1.326073263985611e-07,5.109724529472892e-05,1.1934572458361853e-07,2.4907702193210923e-05,24.01963143609464,5
normalized_vmin0.001,normalized,0.001,1.0,10,511,1,13,1.3262736299450917e-07,5.108803299203046e-05,1.1937051014140033e-07,2.488433931846501e-05,29.087300167884678,6
normalized_vmin0.001,normalized,0.001,1.0,10,511,1,14,1.3262872238303594e-07,5.101747417379787e-05,1.1939531388959076e-07,2.493136968306775e-05,29.16431830683723,6
normalized_vmin0.001,normalized,0.001,1.0,10,511,1,15,1.3260619850840447e-07,5.109630282118527e-05,1.193467782141595e-07,2.4908957590885628e-05,29.234854343812913,6
normalized_vmin0.001,normalized,0.001,1.0,9,15,0,1,0.001973895845378203,0.18693784253735546,0.0019738925829511523,0.1869143067522212,2.5844879718497396,1
normalized_vmin0.001,normalized,0.001,1.0,9,15,0,2,6.0627554411662576e-05,0.04916784798651608,6.061875243615515e-05,0.049140324160664384,2.6524001490324736,1
normalized_vmin0.001,normalized,0.001,1.0,9,15,0,3,9.29419612394057e-07,0.003591511898022426,8.878052947329462e-07,0.003562668769773625,7.118170917034149,2
normalized_vmin0.001,normalized,0.001,1.0,9,15,0,4,6.271612577286187e-08,4.795398762102998e-05,3.2998711789912884e-09,1.900828367518148e-05,7.188693067058921,2
normalized_vmin0.001,normalized,0.001,1.0,9,15,0,5,6.15442111494231e-08,3.857312838706495e-05,9.04645268204595e-10,3.017125217441574e-07,11.544196951203048,3
normalized_vmin0.001,normalized,0.001,1.0,9,15,0,6,6.155502409361141e-08,3.876594872853634e-05,1.2156159933914348e-09,3.890394050243273e-07,11.610027564223856,3
normalized_vmin0.001,normalized,0.001,1.0,9,15,0,7,6.154158740968648e-08,3.857035659526886e-05,9.050952581678281e-10,3.0160807162893377e-07,16.046081258449703,4
normalized_vmin0.001,normalized,0.001,1.0,9,15,0,8,6.154802192811834e-08,3.8754828815878994e-05,1.2161287073133176e-09,3.910474550838927e-07,16.111972738523036,4
normalized_vmin0.001,normalized,0.001,1.0,9,15,0,9,6.15480639960266e-08,3.857621789660204e-05,9.06279803966273e-10,3.0133588357905694e-07,20.259276513475925,5
normalized_vmin0.001,normalized,0.001,1.0,9,15,0,10,6.155529376169512e-08,3.876399475455372e-05,1.2193555831890629e-09,3.8732696872045835e-07,20.32740865740925,5
normalized_vmin0.001,normalized,0.001,1.0,9,15,0,11,6.155407851630559e-08,3.857546341679008e-05,9.049903957057985e-10,3.046138793427744e-07,24.644504497759044,6
normalized_vmin0.001,normalized,0.001,1.0,9,15,0,12,6.155336698603444e-08,3.875364995176156e-05,1.2188526806971418e-09,3.9300117882223873e-07,24.714679575990885,6
normalized_vmin0.001,normalized,0.001,1.0,9,15,0,13,6.154826485451132e-08,3.8565417435854066e-05,9.050567001438669e-10,3.065989497841315e-07,28.906041679903865,7
normalized_vmin0.001,normalized,0.001,1.0,9,15,0,14,6.154922029619683e-08,3.877164576326919e-05,1.219537275923651e-09,3.744885679335397e-07,28.972600559704006,7
normalized_vmin0.001,normalized,0.001,1.0,9,15,0,15,6.154804007713416e-08,3.85826140357759e-05,9.022716506159006e-10,3.052123916935656e-07,33.487653392832726,8
normalized_vmin0.001,normalized,0.001,1.0,9,15,1,1,0.0019740737015569473,0.18691117800708712,0.0019740732025166855,0.1869196680540226,2.522710950113833,1
normalized_vmin0.001,normalized,0.001,1.0,9,15,1,2,6.073669158267368e-05,0.049147522242721786,6.0734327363150976e-05,0.04915745077936684,2.5908387252129614,1
normalized_vmin0.001,normalized,0.001,1.0,9,15,1,3,1.0192618398093644e-06,0.00357807761266149,1.0054188274338396e-06,0.0035884819727507455,7.464010446332395,2
normalized_vmin0.001,normalized,0.001,1.0,9,15,1,4,1.353377280561107e-07,4.499249441736186e-05,1.2066227293354795e-07,4.5929137810540865e-05,7.539830456953496,2
normalized_vmin0.001,normalized,0.001,1.0,9,15,1,5,1.3320235358384394e-07,4.464618850352764e-05,1.1852629598593957e-07,2.7245784855578492e-05,7.611069046892226,2
normalized_vmin0.001,normalized,0.001,1.0,9,15,1,6,1.332168389692862e-07,4.4729665828913134e-05,1.1853953267042705e-07,2.7308726791575033e-05,12.508920275606215,3
normalized_vmin0.001,normalized,0.001,1.0,9,15,1,7,1.3322621733845782e-07,4.473628940704355e-05,1.1855283679401761e-07,2.7345826598690337e-05,12.584631193429232,3
normalized_vmin0.001,normalized,0.001,1.0,9,15,1,8,1.3320028934632672e-07,4.464569556228426e-05,1.1853071384852683e-07,2.7244208221643973e-05,12.653861538507044,3
normalized_vmin0.001,normalized,0.001,1.0,9,15,1,9,1.3321776986143953e-07,4.4726358283009304e-05,1.1853649565547533e-07,2.731122483679016e-05,17.391950860619545,4
normalized_vmin0.001,normalized,0.001,1.0,9,15,1,10,1.3322947403339325e-07,4.473727973974828e-05,1.1855195027413585e-07,2.735311242818561e-05,17.466318444814533,4
normalized_vmin0.001,normalized,0.001,1.0,9,15,1,11,1.3320065227310384e-07,4.464947997473434e-05,1.1852839359352592e-07,2.724502204820567e-05,17.53614962892607,4
normalized_vmin0.001,normalized,0.001,1.0,9,15,1,12,1.3322181733457092e-07,4.473002017491012e-05,1.1853872827930371e-07,2.7318366859763188e-05,22.293993286788464,5
normalized_vmin0.001,normalized,0.001,1.0,9,15,1,13,1.3322948642503803e-07,4.473579184316456e-05,1.1855133459242573e-07,2.7350191809549784e-05,22.37060184357688,5
normalized_vmin0.001,normalized,0.001,1.0,9,15,1,14,1.3320050337290083e-07,4.4642543128747825e-05,1.1852243582233005e-07,2.7247767449334326e-05,22.44006912270561,5
normalized_vmin0.001,normalized,0.001,1.0,9,15,1,15,1.332215109841093e-07,4.4727032879499085e-05,1.1854138086720713e-07,2.7315003020889073e-05,26.88228755770251,6
normalized_vmin0.001,normalized,0.001,1.0,9,31,0,1,0.00013180290579475779,0.02038071115104856,0.0001318029848306736,0.02036358780295877,2.5267182970419526,1
normalized_vmin0.001,normalized,0.001,1.0,9,31,0,2,4.674973291878932e-07,0.000635540629252751,4.407631319812244e-07,0.0006180721435857794,2.5924730799160898,1
normalized_vmin0.001,normalized,0.001,1.0,9,31,0,3,6.097796127026357e-08,3.061597509046443e-05,9.543327328406337e-10,7.590549286895509e-07,6.742740727029741,2
normalized_vmin0.001,normalized,0.001,1.0,9,31,0,4,6.096612092896798e-08,3.0817648059233704e-05,1.2066624764305262e-09,4.941941242897485e-07,6.80937703512609,2
normalized_vmin0.001,normalized,0.001,1.0,9,31,0,5,6.096010221714307e-08,3.0616990735810035e-05,9.043074548430554e-10,3.216654580473488e-07,10.905445453710854,3
normalized_vmin0.001,normalized,0.001,1.0,9,31,0,6,6.096845971265198e-08,3.0824466688006424e-05,1.2065654847714371e-09,4.95656775179043e-07,10.971948263701051,3
normalized_vmin0.001,normalized,0.001,1.0,9,31,0,7,6.095684940113743e-08,3.0615121657806554e-05,9.067706506111508e-10,3.367795259334727e-07,15.118674758356065,4
normalized_vmin0.001,normalized,0.001,1.0,9,31,0,8,6.096867627126506e-08,3.080631842555803e-05,1.2138956528635512e-09,4.814057981139541e-07,15.183992462232709,4
normalized_vmin0.001,normalized,0.001,1.0,9,31,0,9,6.095648837556303e-08,3.063086013921357e-05,9.037460913839473e-10,3.2595823395986656e-07,19.299695883877575,5
normalized_vmin0.001,normalized,0.001,1.0,9,31,0,10,6.097068244902072e-08,3.081114531577889e-05,1.2084186940688828e-09,4.941030560257076e-07,19.36589298490435,5
normalized_vmin0.001,normalized,0.001,1.0,9,31,0,11,6.09542348516168e-08,3.061652352531752e-05,9.048104903665831e-10,3.250699005530322e-07,23.482609587721527,6
normalized_vmin0.001,normalized,0.001,1.0,9,31,0,12,6.096813571499412e-08,3.0817283457107436e-05,1.205577596607966e-09,4.903370846021105e-07,23.54815120343119,6
normalized_vmin0.001,normalized,0.001,1.0,9,31,0,13,6.095254658690865e-08,3.06236365326118e-05,9.04148341486071e-10,3.3054531134446563e-07,27.723192665260285,7
normalized_vmin0.001,normalized,0.001,1.0,9,31,0,14,6.097553787458483e-08,3.081058361842359e-05,1.2066231571407858e-09,4.979668360993728e-07,27.790976115036756,7
normalized_vmin0.001,normalized,0.001,1.0,9,31,0,15,6.095452467187471e-08,3.061000598925112e-05,9.07932711181398e-10,3.3191321069381274e-07,31.838719426188618,8
normalized_vmin0.001,normalized,0.001,1.0,9,31,1,1,0.00013192695608101233,0.020373414853353644,0.00013192891748676559,0.02036115682222439,3.155247524846345,1
normalized_vmin0.001,normalized,0.001,1.0,9,31,1,2,5.666760825796817e-07,0.0006544473590845978,5.585388491837795e-07,0.0006419425852464133,8.015505334828049,2
normalized_vmin0.001,normalized,0.001,1.0,9,31,1,3,1.324374394253619e-07,4.541923634593381e-05,1.1941659781026498e-07,2.6496912883477997e-05,8.09345984691754,2
normalized_vmin0.001,normalized,0.001,1.0,9,31,1,4,1.3235035318603935e-07,4.5151996580838905e-05,1.1933283837397836e-07,2.5815844861165615e-05,8.165824342053384,2
normalized_vmin0.001,normalized,0.001,1.0,9,31,1,5,1.323572261541594e-07,4.516224932793467e-05,1.193221004641969e-07,2.5839218621648286e-05,12.864049691706896,3
normalized_vmin0.001,normalized,0.001,1.0,9,31,1,6,1.3236822995719175e-07,4.524021948171253e-05,1.1934432744441895e-07,2.5931662281486467e-05,12.936583297792822,3
normalized_vmin0.001,normalized,0.001,1.0,9,31,1,7,1.323456489606607e-07,4.515095672508185e-05,1.1933186344326074e-07,2.5819324737663685e-05,13.00641363253817,3
normalized_vmin0.001,normalized,0.001,1.0,9,31,1,8,1.3235353699530416e-07,4.516202431736893e-05,1.1932339479656483e-07,2.5839570069186024e-05,17.809526552446187,4
normalized_vmin0.001,normalized,0.001,1.0,9,31,1,9,1.323611484400733e-07,4.52399219512678e-05,1.1933754963243758e-07,2.593367249603684e-05,17.88520864257589,4
normalized_vmin0.001,normalized,0.001,1.0,9,31,1,10,1.3234764872535712e-07,4.5151202215265585e-05,1.1933198022614957e-07,2.582787892646543e-05,17.95435006869957,4
normalized_vmin0.001,normalized,0.001,1.0,9,31,1,11,1.323580540828071e-07,4.5162529081599345e-05,1.193236011571113e-07,2.5856055505757425e-05,22.82354139862582,5
normalized_vmin0.001,normalized,0.001,1.0,9,31,1,12,1.323679488732181e-07,4.524034045449987e-05,1.19343585708814e-07,2.5938708505091057e-05,22.898859694600105,5
normalized_vmin0.001,normalized,0.001,1.0,9,31,1,13,1.3235111033318517e-07,4.515085042977596e-05,1.1933318677715587e-07,2.581585293803812e-05,22.968207312282175,5
normalized_vmin0.001,normalized,0.001,1.0,9,31,1,14,1.3235906397165525e-07,4.516321237735266e-05,1.1932561685102123e-07,2.5842430015021733e-05,27.996349492110312,6
normalized_vmin0.001,normalized,0.001,1.0,9,31,1,15,1.3236836620115043e-07,4.52383072598872e-05,1.1934080616895414e-07,2.5931524491817903e-05,28.069720541127026,6
normalized_vmin0.001,normalized,0.001,1.0,9,63,0,1,1.1007236571067584e-06,0.00023710908206997505,1.093697436312859e-06,0.00022455630162043771,3.140544669702649,1
normalized_vmin0.001,normalized,0.001,1.0,9,63,0,2,6.03510271758523e-08,3.472119486047642e-05,9.056994444109649e-10,3.385974124414659e-07,7.734946755692363,2
normalized_vmin0.001,normalized,0.001,1.0,9,63,0,3,6.03305657138259e-08,3.4720954982914165e-05,1.2377301173796562e-09,3.7367608707317146e-07,7.8004884156398475,2
normalized_vmin0.001,normalized,0.001,1.0,9,63,0,4,6.035732555185422e-08,3.4723885447007774e-05,9.012631266935671e-10,2.835872234818737e-07,12.130922458600253,3
normalized_vmin0.001,normalized,0.001,1.0,9,63,0,5,6.033026565554513e-08,3.4722925295049833e-05,1.2401884969014728e-09,3.7618599124655816e-07,12.200490590650588,3
normalized_vmin0.001,normalized,0.001,1.0,9,63,0,6,6.035503433009682e-08,3.472303972418267e-05,9.00492808758016e-10,2.7010945702343747e-07,16.72406582767144,4
normalized_vmin0.001,normalized,0.001,1.0,9,63,0,7,6.033322625767262e-08,3.4719441801223105e-05,1.2396593147651297e-09,3.673806262538548e-07,16.789941592607647,4
normalized_vmin0.001,normalized,0.001,1.0,9,63,0,8,6.03544187980032e-08,3.472050655417558e-05,9.01402699376541e-10,2.874121005635999e-07,21.05816886993125,5
normalized_vmin0.001,normalized,0.001,1.0,9,63,0,9,6.033746659622166e-08,3.471938802579455e-05,1.2404477951572185e-09,3.680648799075925e-07,21.12406699359417,5
normalized_vmin0.001,normalized,0.001,1.0,9,63,0,10,6.035484877789387e-08,3.472258960912633e-05,9.026756220854848e-10,2.876902469584053e-07,25.42912301560864,6
normalized_vmin0.001,normalized,0.001,1.0,9,63,0,11,6.032421461565408e-08,3.4722114572782736e-05,1.2389129991175016e-09,3.7348019676919364e-07,25.49460137169808,6
normalized_vmin0.001,normalized,0.001,1.0,9,63,0,12,6.035512764778099e-08,3.472407406868161e-05,9.011352627536992e-10,2.961367617793087e-07,29.913493026513606,7
normalized_vmin0.001,normalized,0.001,1.0,9,63,0,13,6.033658591442302e-08,3.471819338263238e-05,1.237966932921198e-09,3.7400458485770116e-07,29.98646065266803,7
normalized_vmin0.001,normalized,0.001,1.0,9,63,0,14,6.035311952068742e-08,3.4720152574441165e-05,9.00189753034325e-10,2.938683154596333e-07,34.27014057664201,8
normalized_vmin0.001,normalized,0.001,1.0,9,63,0,15,6.03292571449246e-08,3.4718914039610915e-05,1.2414323911272404e-09,3.8212278730132e-07,34.33789442759007,8
normalized_vmin0.001,normalized,0.001,1.0,9,63,1,1,1.2079413318484924e-06,0.00025512515798353785,1.2050148490374586e-06,0.0002492862821072972,3.299265461973846,1
normalized_vmin0.001,normalized,0.001,1.0,9,63,1,2,1.3556134484248733e-07,4.532334827422879e-05,1.1928618674725706e-07,2.6005578397159113e-05,8.214167397934943,2
normalized_vmin0.001,normalized,0.001,1.0,9,63,1,3,1.3552679783625395e-07,4.5277473173954697e-05,1.1925413505218488e-07,2.610352482146361e-05,8.289054621011019,2
normalized_vmin0.001,normalized,0.001,1.0,9,63,1,4,1.3547871220451153e-07,4.526930808923524e-05,1.192186332495933e-07,2.5896850342266298e-05,8.358680819161236,2
normalized_vmin0.001,normalized,0.001,1.0,9,63,1,5,1.355170700849177e-07,4.532635965059928e-05,1.1924088270238547e-07,2.598473227588549e-05,12.852082999423146,3
normalized_vmin0.001,normalized,0.001,1.0,9,63,1,6,1.355285067823625e-07,4.527807825582819e-05,1.192572612417963e-07,2.610454874729662e-05,12.92596375849098,3
normalized_vmin0.001,normalized,0.001,1.0,9,63,1,7,1.3547810557909133e-07,4.526986592612303e-05,1.1922049903259e-07,2.589799317509467e-05,12.996018681675196,3
normalized_vmin0.001,normalized,0.001,1.0,9,63,1,8,1.3552278952623297e-07,4.5325965556508585e-05,1.1924144503101152e-07,2.5981462399404798e-05,17.859807132277638,4
normalized_vmin0.001,normalized,0.001,1.0,9,63,1,9,1.3552583367195528e-07,4.528194916897377e-05,1.192553888247867e-07,2.6106014143878475e-05,17.936232808511704,4
normalized_vmin0.001,normalized,0.001,1.0,9,63,1,10,1.35478621713749e-07,4.5268298485168224e-05,1.1922102776679838e-07,2.589600480873422e-05,18.004140445496887,4
normalized_vmin0.001,normalized,0.001,1.0,9,63,1,11,1.3552225307981671e-07,4.532415851332683e-05,1.1924048473289987e-07,2.5988290858536267e-05,22.704666832461953,5
normalized_vmin0.001,normalized,0.001,1.0,9,63,1,12,1.355267238706502e-07,4.528084473709448e-05,1.192564642056701e-07,2.6106445798923517e-05,22.778002218343318,5
normalized_vmin0.001,normalized,0.001,1.0,9,63,1,13,1.3548124707503194e-07,4.5267635726986555e-05,1.1922249890299614e-07,2.5895628773198176e-05,22.847172669600695,5
normalized_vmin0.001,normalized,0.001,1.0,9,63,1,14,1.3551792961578188e-07,4.5323516319251134e-05,1.1924008142057778e-07,2.5982937559398955e-05,27.11041310755536,6
normalized_vmin0.001,normalized,0.001,1.0,9,63,1,15,1.3552432560807548e-07,4.528004905990368e-05,1.1925445088938164e-07,2.610509304801223e-05,27.18519570492208,6
normalized_vmin0.001,normalized,0.001,1.0,9,127,0,1,6.306472712909537e-08,2.6833336299270094e-05,8.945843769873744e-10,2.753118728548998e-07,6.370974387973547,2
normalized_vmin0.001,normalized,0.001,1.0,9,127,0,2,6.312994450942305e-08,2.6776200801936767e-05,1.181880086806059e-09,4.297667699493246e-07,6.43590759113431,2
normalized_vmin0.001,normalized,0.001,1.0,9,127,0,3,6.305609823168052e-08,2.6710221790682276e-05,8.71179373181563e-10,2.7516334788479924e-07,11.249444869346917,3
normalized_vmin0.001,normalized,0.001,1.0,9,127,0,4,6.312921629861e-08,2.6774712508337295e-05,1.1735292838094995e-09,4.2611516493096246e-07,11.316634263377637,3
normalized_vmin0.001,normalized,0.001,1.0,9,127,0,5,6.305571567420334e-08,2.6711764285702877e-05,8.738103445602287e-10,2.7489752385534416e-07,16.034897710196674,4
normalized_vmin0.001,normalized,0.001,1.0,9,127,0,6,6.312538771226e-08,2.677251587834828e-05,1.1765129076047112e-09,4.254886525334456e-07,16.102295743767172,4
normalized_vmin0.001,normalized,0.001,1.0,9,127,0,7,6.305686695907793e-08,2.669916445496856e-05,8.72952304091176e-10,2.800930108959321e-07,20.66333191981539,5
normalized_vmin0.001,normalized,0.001,1.0,9,127,0,8,6.313261930138717e-08,2.6774346857827425e-05,1.1789887442146846e-09,4.2909986608385964e-07,20.730052727740258,5
normalized_vmin0.001,normalized,0.001,1.0,9,127,0,9,6.305164693464624e-08,2.6711999050021973e-05,8.71568798757632e-10,2.7905137567341143e-07,25.646326996851712,6
normalized_vmin0.001,normalized,0.001,1.0,9,127,0,10,6.312495528693101e-08,2.677716222942994e-05,1.1796607174136117e-09,4.2395710386777807e-07,25.713372823782265,6
normalized_vmin0.001,normalized,0.001,1.0,9,127,0,11,6.305464043092555e-08,2.67089498611206e-05,8.733818954952653e-10,2.7639252109246115e-07,30.639219277072698,7
normalized_vmin0.001,normalized,0.001,1.0,9,127,0,12,6.313068411579047e-08,2.677407027562584e-05,1.1750237078567648e-09,4.18654068523594e-07,30.703663675114512,7
normalized_vmin0.001,normalized,0.001,1.0,9,127,0,13,6.305769800702608e-08,2.6711483312902295e-05,8.657027125628209e-10,2.821218146875637e-07,35.052097876090556,8
normalized_vmin0.001,normalized,0.001,1.0,9,127,0,14,6.312678328646118e-08,2.6773312356120904e-05,1.1762181737391697e-09,4.196159114622233e-07,35.118409145157784,8
normalized_vmin0.001,normalized,0.001,1.0,9,127,0,15,6.306190959883543e-08,2.6712733167455482e-05,8.675137607614357e-10,2.777321682634337e-07,39.97105718916282,9
normalized_vmin0.001,normalized,0.001,1.0,9,127,1,1,1.334181406923423e-07,6.336109032789583e-05,1.1923633333888522e-07,2.628363081458307e-05,6.503862799145281,2
normalized_vmin0.001,normalized,0.001,1.0,9,127,1,2,1.3328088849768287e-07,6.339168357027969e-05,1.1907512432559038e-07,2.6380592172747797e-05,6.576985258143395,2
normalized_vmin0.001,normalized,0.001,1.0,9,127,1,3,1.3333274992069618e-07,6.33808152972204e-05,1.1913967876335074e-07,2.6248888102209378e-05,6.6468450194224715,2
normalized_vmin0.001,normalized,0.001,1.0,9,127,1,4,1.332994356718079e-07,6.335534833645795e-05,1.19100832861717e-07,2.624846379017942e-05,11.57189131109044,3
normalized_vmin0.001,normalized,0.001,1.0,9,127,1,5,1.3328785118117795e-07,6.339511584230184e-05,1.1908009946982225e-07,2.638066704385711e-05,11.647288555279374,3
normalized_vmin0.001,normalized,0.001,1.0,9,127,1,6,1.3333392686276118e-07,6.338206600264851e-05,1.1913829794854959e-07,2.6246038863697585e-05,11.714403855148703,3
normalized_vmin0.001,normalized,0.001,1.0,9,127,1,7,1.3330861467606122e-07,6.335539309398897e-05,1.1910607432316685e-07,2.623002548984843e-05,16.478337117936462,4
normalized_vmin0.001,normalized,0.001,1.0,9,127,1,8,1.3328108094342957e-07,6.339544375810746e-05,1.1907583119914544e-07,2.6373093921061574e-05,16.55448071565479,4
normalized_vmin0.001,normalized,0.001,1.0,9,127,1,9,1.33330535978769e-07,6.338231284641616e-05,1.1913687470774514e-07,2.6252155017170153e-05,16.624687138944864,4
normalized_vmin0.001,normalized,0.001,1.0,9,127,1,10,1.333030801722198e-07,6.335393141143619e-05,1.1909843247599321e-07,2.623441742954924e-05,21.132412624079734,5
normalized_vmin0.001,normalized,0.001,1.0,9,127,1,11,1.3328244391918492e-07,6.339352955464506e-05,1.1907836003345495e-07,2.6378253959014053e-05,21.234605988953263,5
normalized_vmin0.001,normalized,0.001,1.0,9,127,1,12,1.3333584151197292e-07,6.338090450508371e-05,1.1914064999953426e-07,2.6254062114761112e-05,21.303570511750877,5
normalized_vmin0.001,normalized,0.001,1.0,9,127,1,13,1.3330670800964034e-07,6.335761493525549e-05,1.1910066565268677e-07,2.6236734025797404e-05,26.2534700287506,6
normalized_vmin0.001,normalized,0.001,1.0,9,127,1,14,1.332801698152688e-07,6.339264268162559e-05,1.1907670926624824e-07,2.638127360254927e-05,26.32933196472004,6
normalized_vmin0.001,normalized,0.001,1.0,9,127,1,15,1.3333881319752314e-07,6.338148231099794e-05,1.1914576763982407e-07,2.625630189501127e-05,26.3992857709527,6
normalized_vmin0.001,normalized,0.001,1.0,9,255,0,1,5.8831282119689934e-08,1.9823962239984283e-05,8.933718256437268e-10,2.651672919018466e-07,7.978098316583782,2
normalized_vmin0.001,normalized,0.001,1.0,9,255,0,2,5.88383526438691e-08,1.9977971311480047e-05,1.1826311816609091e-09,4.4273204191647153e-07,8.046012329403311,2
normalized_vmin0.001,normalized,0.001,1.0,9,255,0,3,5.8818359063479584e-08,1.9829424878992086e-05,8.886714445003913e-10,2.7387176904092314e-07,12.542498618364334,3
normalized_vmin0.001,normalized,0.001,1.0,9,255,0,4,5.884005313974656e-08,1.9983902119546926e-05,1.179415783796495e-09,4.5334860598877924e-07,12.6102724513039,3
normalized_vmin0.001,normalized,0.001,1.0,9,255,0,5,5.882509379806898e-08,1.982220950891289e-05,8.904236233569065e-10,2.7587523510064216e-07,17.73556122230366,4
normalized_vmin0.001,normalized,0.001,1.0,9,255,0,6,5.884311062288693e-08,1.999177642941774e-05,1.1818336424411849e-09,4.3487849854528804e-07,17.80234847543761,4
normalized_vmin0.001,normalized,0.001,1.0,9,255,0,7,5.882654699356681e-08,1.98292166964098e-05,8.891837403810215e-10,2.787683728300294e-07,22.51679864525795,5
normalized_vmin0.001,normalized,0.001,1.0,9,255,0,8,5.884608344349179e-08,1.9984054397292894e-05,1.1822878841235662e-09,4.2682194667520434e-07,22.584614382125437,5
normalized_vmin0.001,normalized,0.001,1.0,9,255,0,9,5.882367531180954e-08,1.9829460789599906e-05,8.855682958690519e-10,2.7457991391699466e-07,27.289419400971383,6
normalized_vmin0.001,normalized,0.001,1.0,9,255,0,10,5.884085095520406e-08,1.9982193398382364e-05,1.1778984778724436e-09,4.330298926102927e-07,27.362321443855762,6
normalized_vmin0.001,normalized,0.001,1.0,9,255,0,11,5.882491716293763e-08,1.98320814992492e-05,8.896441872472034e-10,2.702769399398619e-07,31.962415010668337,7
normalized_vmin0.001,normalized,0.001,1.0,9,255,0,12,5.8841095911348865e-08,1.9982788619810066e-05,1.179140762572981e-09,4.3039669361810695e-07,32.02733848802745,7
normalized_vmin0.001,normalized,0.001,1.0,9,255,0,13,5.882168092531155e-08,1.9828384103970365e-05,8.898535316230764e-10,2.7459294327236705e-07,36.78747847583145,8
normalized_vmin0.001,normalized,0.001,1.0,9,255,0,14,5.884103185776533e-08,1.9987909091190303e-05,1.1839528618698978e-09,4.393257857504551e-07,36.855023939628154,8
normalized_vmin0.001,normalized,0.001,1.0,9,255,0,15,5.881660865964837e-08,1.9823391626649922e-05,8.897713304264077e-10,2.7334345897855883e-07,41.799514311831445,9
normalized_vmin0.001,normalized,0.001,1.0,9,255,1,1,1.353405599366436e-07,5.3304447748314665e-05,1.1918499578132812e-07,2.5013301070631044e-05,7.79966230224818,2
normalized_vmin0.001,normalized,0.001,1.0,9,255,1,2,1.3536008420954838e-07,5.332137508662349e-05,1.192095398418987e-07,2.4986997512854714e-05,7.875457147136331,2
normalized_vmin0.001,normalized,0.001,1.0,9,255,1,3,1.3532203610683129e-07,5.325072843709311e-05,1.1916178933265678e-07,2.5080675589594925e-05,7.945655548945069,2
normalized_vmin0.001,normalized,0.001,1.0,9,255,1,4,1.35326500319407e-07,5.3280981950898365e-05,1.1917169679873628e-07,2.4993038929554956e-05,12.934603773988783,3
normalized_vmin0.001,normalized,0.001,1.0,9,255,1,5,1.3536542277491968e-07,5.331452534973469e-05,1.1921238863140133e-07,2.498439114206885e-05,13.03212710795924,3
normalized_vmin0.001,normalized,0.001,1.0,9,255,1,6,1.353251565635509e-07,5.326231733637776e-05,1.1916545430146739e-07,2.5077367948544982e-05,13.099971756804734,3
normalized_vmin0.001,normalized,0.001,1.0,9,255,1,7,1.3532767310397002e-07,5.327643394936743e-05,1.1916878881292327e-07,2.4992211071106496e-05,18.205708807799965,4
normalized_vmin0.001,normalized,0.001,1.0,9,255,1,8,1.3535777004867848e-07,5.3325115092484054e-05,1.1920781795762278e-07,2.4985348094475057e-05,18.280979446601123,4
normalized_vmin0.001,normalized,0.001,1.0,9,255,1,9,1.3532404894833744e-07,5.325724118221409e-05,1.1916294173563858e-07,2.5076051575090297e-05,18.351004359312356,4
normalized_vmin0.001,normalized,0.001,1.0,9,255,1,10,1.3532854332665327e-07,5.328320249231577e-05,1.191685722429159e-07,2.49972154402478e-05,23.467516812495887,5
normalized_vmin0.001,normalized,0.001,1.0,9,255,1,11,1.3536427600667887e-07,5.3312371225855415e-05,1.1921137733894504e-07,2.498588048804873e-05,23.542970832902938,5
normalized_vmin0.001,normalized,0.001,1.0,9,255,1,12,1.3532621953248105e-07,5.325871118766479e-05,1.1916384682218438e-07,2.507875634194523e-05,23.60930259898305,5
normalized_vmin0.001,normalized,0.001,1.0,9,255,1,13,1.3532621763695345e-07,5.327441536551181e-05,1.1916464702853806e-07,2.499174566394924e-05,28.723549844231457,6
normalized_vmin0.001,normalized,0.001,1.0,9,255,1,14,1.353610804470037e-07,5.330543724513248e-05,1.1921174626215977e-07,2.4986572090157644e-05,28.794762331992388,6
normalized_vmin0.001,normalized,0.001,1.0,9,255,1,15,1.353271795097129e-07,5.324949910345822e-05,1.1916653844590611e-07,2.508196461759038e-05,28.86290109809488,6
normalized_vmin0.001,normalized,0.001,1.0,9,511,0,1,6.1803581373025e-08,4.087520852458226e-05,9.289990331165705e-10,3.97583972300275e-07,9.348696890287101,2
normalized_vmin0.001,normalized,0.001,1.0,9,511,0,2,6.181668707397738e-08,4.0922449814795314e-05,1.211806271627302e-09,5.99238828780102e-07,9.422944431193173,2
normalized_vmin0.001,normalized,0.001,1.0,9,511,0,3,6.180558670851143e-08,4.0890048562225445e-05,9.217592407192586e-10,4.020110052627146e-07,13.592361299321055,3
normalized_vmin0.001,normalized,0.001,1.0,9,511,0,4,6.181916590373412e-08,4.09187856857951e-05,1.210346789054528e-09,6.048724009444228e-07,13.661030148155987,3
normalized_vmin0.001,normalized,0.001,1.0,9,511,0,5,6.180899662839003e-08,4.088725354933764e-05,9.219729891311325e-10,4.01998448973373e-07,17.861330182291567,4
normalized_vmin0.001,normalized,0.001,1.0,9,511,0,6,6.181934170370793e-08,4.092261666999164e-05,1.2145190176741135e-09,6.014964522016442e-07,17.955566857475787,4
normalized_vmin0.001,normalized,0.001,1.0,9,511,0,7,6.181008907783433e-08,4.089061023737628e-05,9.207792366063233e-10,3.9498409099003595e-07,22.2057091598399,5
normalized_vmin0.001,normalized,0.001,1.0,9,511,0,8,6.181690637868483e-08,4.092465300487014e-05,1.2103908720169062e-09,6.071007736530021e-07,22.273248301818967,5
normalized_vmin0.001,normalized,0.001,1.0,9,511,0,9,6.180257517724726e-08,4.0891955138677716e-05,9.252971605271782e-10,4.124649236603162e-07,26.47926034172997,6
normalized_vmin0.001,normalized,0.001,1.0,9,511,0,10,6.18112255271437e-08,4.092688218015894e-05,1.2135573790210202e-09,5.914889009694946e-07,26.54602323193103,6
normalized_vmin0.001,normalized,0.001,1.0,9,511,0,11,6.180046674703285e-08,4.088931473811286e-05,9.21620440540497e-10,3.9044376920482904e-07,30.710637441836298,7
normalized_vmin0.001,normalized,0.001,1.0,9,511,0,12,6.181417895165291e-08,4.0923646253077095e-05,1.2151045497242054e-09,5.97724157391788e-07,30.795919006690383,7
normalized_vmin0.001,normalized,0.001,1.0,9,511,0,13,6.180496596885587e-08,4.089087839243e-05,9.217683140379338e-10,3.97175354827084e-07,34.94021835271269,8
normalized_vmin0.001,normalized,0.001,1.0,9,511,0,14,6.181642290202619e-08,4.092232376073923e-05,1.213244690994507e-09,6.114784880661972e-07,35.00835409807041,8
normalized_vmin0.001,normalized,0.001,1.0,9,511,0,15,6.180720505223204e-08,4.088775876609496e-05,9.258651841690811e-10,3.9716957322966095e-07,39.33776457142085,9
normalized_vmin0.001,normalized,0.001,1.0,9,511,1,1,1.3379410819582354e-07,4.2163745670342756e-05,1.192381051593177e-07,2.558442992872667e-05,9.466407702304423,2
normalized_vmin0.001,normalized,0.001,1.0,9,511,1,2,1.3379625152879287e-07,4.203550357240182e-05,1.1923986731980697e-07,2.5468275355100545e-05,9.543339872267097,2
normalized_vmin0.001,normalized,0.001,1.0,9,511,1,3,1.3377295384443418e-07,4.202652222573544e-05,1.1921827170828763e-07,2.544720420893931e-05,9.614927288144827,2
normalized_vmin0.001,normalized,0.001,1.0,9,511,1,4,1.3378491529125811e-07,4.2146528253406146e-05,1.1922680948226732e-07,2.5567212226462743e-05,14.514127109199762,3
normalized_vmin0.001,normalized,0.001,1.0,9,511,1,5,1.3379720289814388e-07,4.2033191141599424e-05,1.1924049424590657e-07,2.5463865911068417e-05,14.59028318990022,3
normalized_vmin0.001,normalized,0.001,1.0,9,511,1,6,1.3377670317206477e-07,4.203630217047838e-05,1.1921872645624838e-07,2.5456984315885833e-05,14.660768239758909,3
normalized_vmin0.001,normalized,0.001,1.0,9,511,1,7,1.337836979942667e-07,4.214114533573898e-05,1.1922415823438357e-07,2.5561829219422627e-05,19.151307235937566,4
normalized_vmin0.001,normalized,0.001,1.0,9,511,1,8,1.3379903454114223e-07,4.2026074892898e-05,1.1924321238712636e-07,2.5463989640761575e-05,19.22853996278718,4
normalized_vmin0.001,normalized,0.001,1.0,9,511,1,9,1.3377304275723193e-07,4.20386259030181e-05,1.1921672699909269e-07,2.5459308087061316e-05,19.298882615752518,4
normalized_vmin0.001,normalized,0.001,1.0,9,511,1,10,1.33778007573442e-07,4.215114264893849e-05,1.1921897660142206e-07,2.5571826698489453e-05,24.19436210207641,5
normalized_vmin0.001,normalized,0.001,1.0,9,511,1,11,1.338037097411243e-07,4.203757247389639e-05,1.1924414333841274e-07,2.5462834513767518e-05,24.270871832035482,5
normalized_vmin0.001,normalized,0.001,1.0,9,511,1,12,1.337744267679697e-07,4.203493075294329e-05,1.1921827062466483e-07,2.5455612875702194e-05,24.339927981141955,5
normalized_vmin0.001,normalized,0.001,1.0,9,511,1,13,1.3378114675482102e-07,4.214356493359439e-05,1.1922207805111198e-07,2.5564248857468108e-05,29.111330886371434,6
normalized_vmin0.001,normalized,0.001,1.0,9,511,1,14,1.3379987882525412e-07,4.202897844207687e-05,1.19240271629673e-07,2.5469459530302885e-05,29.18851098511368,6
normalized_vmin0.001,normalized,0.001,1.0,9,511,1,15,1.3377391139051545e-07,4.2032138930614416e-05,1.1921592722574564e-07,2.5452821006965998e-05,29.260080497246236,6
normalized_vmin0.001,normalized,0.001,1.0,8,15,0,1,0.0019738936959662703,0.18692790155496608,0.0019738928531161212,0.18693095170583607,2.3149229348637164,1
normalized_vmin0.001,normalized,0.001,1.0,8,15,0,2,6.06259926992862e-05,0.04914536067126296,6.061881296637761e-05,0.04914892769823498,7.344120327848941,2
normalized_vmin0.001,normalized,0.001,1.0,8,15,0,3,9.276314939658293e-07,0.0035605491597621164,8.878455299601276e-07,0.0035642871931587106,11.982114482671022,3
normalized_vmin0.001,normalized,0.001,1.0,8,15,0,4,5.790055733999661e-08,2.5641858366731718e-05,2.9587326357181595e-09,1.9288292487762426e-05,16.900704049970955,4
normalized_vmin0.001,normalized,0.001,1.0,8,15,0,5,5.7488708215290357e-08,2.5502492061013626e-05,8.894802997584184e-10,2.569456919454538e-07,21.344981465954334,5
normalized_vmin0.001,normalized,0.001,1.0,8,15,0,6,5.7489757655925254e-08,2.54983473988446e-05,8.915568040067802e-10,2.529396138095663e-07,25.505510213784873,6
normalized_vmin0.001,normalized,0.001,1.0,8,15,0,7,5.749159798536845e-08,2.54951871718756e-05,8.889801521530668e-10,2.6562061639090473e-07,30.31824735691771,7
normalized_vmin0.001,normalized,0.001,1.0,8,15,0,8,5.7490385271292835e-08,2.5500270376066503e-05,8.893471709395771e-10,2.6016211418511404e-07,34.83435714663938,8
normalized_vmin0.001,normalized,0.001,1.0,8,15,0,9,5.7484051683711165e-08,2.5509060434969477e-05,8.882078745220889e-10,2.5768451383800794e-07,39.03731258865446,9
normalized_vmin0.001,normalized,0.001,1.0,8,15,0,10,5.748550896723733e-08,2.55148748783407e-05,8.88416731206884e-10,2.572945596579501e-07,43.610962143633515,10
normalized_vmin0.001,normalized,0.001,1.0,8,15,0,11,5.74849993231187e-08,2.5495881374348883e-05,8.903455231278501e-10,2.6484697868145446e-07,47.985798260662705,11
normalized_vmin0.001,normalized,0.001,1.0,8,15,0,12,5.748693086230972e-08,2.5507937497781796e-05,8.896784551882001e-10,2.5601721576062886e-07,52.656720369588584,12
normalized_vmin0.001,normalized,0.001,1.0,8,15,0,13,5.748974293552262e-08,2.5513191390436063e-05,8.92597094473397e-10,2.5127839953231756e-07,57.64754804736003,13
normalized_vmin0.001,normalized,0.001,1.0,8,15,0,14,5.74906653896252e-08,2.5510204473722098e-05,8.900223857606984e-10,2.67905612361119e-07,62.19327689614147,14
normalized_vmin0.001,normalized,0.001,1.0,8,15,0,15,5.74877680981317e-08,2.5513194338078193e-05,8.887937769491954e-10,2.6122717933230177e-07,66.34776632115245,15
normalized_vmin0.001,normalized,0.001,1.0,8,15,1,1,0.0019740725966734675,0.18691584893045565,0.0019740729756430177,0.1869108820565054,2.2407485395669937,1
normalized_vmin0.001,normalized,0.001,1.0,8,15,1,2,6.073555674150616e-05,0.04915823769460537,6.0733996791479655e-05,0.04915242930297237,2.3076354605145752,1
normalized_vmin0.001,normalized,0.001,1.0,8,15,1,3,1.018125484925869e-06,0.0035928545546350943,1.0048935924903126e-06,0.003586767818486103,6.569890190381557,2
normalized_vmin0.001,normalized,0.001,1.0,8,15,1,4,1.3530496089927412e-07,5.106789775277676e-05,1.2017851625473216e-07,4.4959525949073154e-05,6.644996185321361,2
normalized_vmin0.001,normalized,0.001,1.0,8,15,1,5,1.3340658949390866e-07,3.1812517207518987e-05,1.1808182772755812e-07,2.5704027778794547e-05,6.7139144372195005,2
normalized_vmin0.001,normalized,0.001,1.0,8,15,1,6,1.3339094756729158e-07,3.19392672890606e-05,1.180784573239078e-07,2.58307786346057e-05,10.973910495173186,3
normalized_vmin0.001,normalized,0.001,1.0,8,15,1,7,1.333712154267688e-07,3.2071456929405606e-05,1.1806677960756113e-07,2.596296908241591e-05,11.052427706774324,3
normalized_vmin0.001,normalized,0.001,1.0,8,15,1,8,1.3340950326063005e-07,3.1812770599382034e-05,1.1808368440527253e-07,2.5704281172100885e-05,11.12054137699306,3
normalized_vmin0.001,normalized,0.001,1.0,8,15,1,9,1.333937998710492e-07,3.194242476411979e-05,1.1807691103342432e-07,2.583393612898277e-05,15.594014789909124,4
normalized_vmin0.001,normalized,0.001,1.0,8,15,1,10,1.3337084077616124e-07,3.206811559586242e-05,1.180695445388572e-07,2.5959627728555645e-05,15.669479957781732,4
normalized_vmin0.001,normalized,0.001,1.0,8,15,1,11,1.3340922165121477e-07,3.181125142248664e-05,1.180817208522341e-07,2.570276198599064e-05,15.740622935816646,4
normalized_vmin0.001,normalized,0.001,1.0,8,15,1,12,1.3339963639888753e-07,3.193750663854633e-05,1.1808714519112964e-07,2.5829017973322266e-05,20.07828135881573,5
normalized_vmin0.001,normalized,0.001,1.0,8,15,1,13,1.3336851635531677e-07,3.20662539567973e-05,1.1806545382813619e-07,2.5957766078055222e-05,20.149580150842667,5
normalized_vmin0.001,normalized,0.001,1.0,8,15,1,14,1.334065837789367e-07,3.181278814157196e-05,1.1808198753618008e-07,2.5704298714512852e-05,20.21921527199447,5
normalized_vmin0.001,normalized,0.001,1.0,8,15,1,15,1.3339513502525524e-07,3.19321926881555e-05,1.1808426057992603e-07,2.5823703990512925e-05,24.60216288967058,6
normalized_vmin0.001,normalized,0.001,1.0,8,31,0,1,0.00013181892481923477,0.02032903178386669,0.0001318158717295442,0.020349875368120274,2.911391360219568,1
normalized_vmin0.001,normalized,0.001,1.0,8,31,0,2,4.679084940458896e-07,0.0005958645622439196,4.409187537473118e-07,0.0006171279914728434,7.730273025110364,2
normalized_vmin0.001,normalized,0.001,1.0,8,31,0,3,6.035770565284438e-08,3.249848294106794e-05,9.260417230910441e-10,7.408330323643852e-07,12.624197704251856,3
normalized_vmin0.001,normalized,0.001,1.0,8,31,0,4,6.036843190206873e-08,3.2488252791673666e-05,8.916694708135454e-10,2.568023445004286e-07,17.583600521087646,4
normalized_vmin0.001,normalized,0.001,1.0,8,31,0,5,6.036231823365593e-08,3.248840056746527e-05,8.913434100544777e-10,2.551230888769851e-07,23.12583493627608,5
normalized_vmin0.001,normalized,0.001,1.0,8,31,0,6,6.035901566618757e-08,3.2488200930713695e-05,8.90517360068279e-10,2.4977937018721974e-07,28.2156546022743,6
normalized_vmin0.001,normalized,0.001,1.0,8,31,0,7,6.036050145818644e-08,3.248470982220031e-05,8.916742438746963e-10,2.489144543815769e-07,33.35501119727269,7
normalized_vmin0.001,normalized,0.001,1.0,8,31,0,8,6.036776940603007e-08,3.248616696771567e-05,8.912688385816203e-10,2.5207475995436823e-07,38.106859516352415,8
normalized_vmin0.001,normalized,0.001,1.0,8,31,0,9,6.036472059855352e-08,3.2483835073038314e-05,8.905432836369906e-10,2.5234658573847213e-07,43.03777563525364,9
normalized_vmin0.001,normalized,0.001,1.0,8,31,0,10,6.036616819659674e-08,3.24875821363646e-05,8.912297366608631e-10,2.470639487439641e-07,48.02929299836978,10
normalized_vmin0.001,normalized,0.001,1.0,8,31,0,11,6.036713374021741e-08,3.248545529854763e-05,8.93565501180625e-10,2.518206918544763e-07,53.061064411420375,11
normalized_vmin0.001,normalized,0.001,1.0,8,31,0,12,6.036478345871507e-08,3.248467967931212e-05,8.944267344048471e-10,2.574218116446758e-07,58.01431411458179,12
normalized_vmin0.001,normalized,0.001,1.0,8,31,0,13,6.03663890167986e-08,3.2485507399537816e-05,8.891346347470472e-10,2.567152505017489e-07,63.02992681786418,13
normalized_vmin0.001,normalized,0.001,1.0,8,31,0,14,6.036556052021533e-08,3.2484209187888524e-05,8.919558354379144e-10,2.5390529279079033e-07,67.984485398978,14
normalized_vmin0.001,normalized,0.001,1.0,8,31,0,15,6.036191335974389e-08,3.248510932729598e-05,8.940472163800387e-10,2.4988434155215344e-07,72.21882695378736,15
normalized_vmin0.001,normalized,0.001,1.0,8,31,1,1,0.0001319302131860966,0.020381961196485943,0.0001319277067598825,0.02036024273731918,2.8441712390631437,1
normalized_vmin0.001,normalized,0.001,1.0,8,31,1,2,5.702250547130346e-07,0.0006648322120375028,5.575737037562085e-07,0.0006426766175345877,7.247391297947615,2
normalized_vmin0.001,normalized,0.001,1.0,8,31,1,3,1.3589676830488948e-07,6.276314856690224e-05,1.1836220201284642e-07,2.7364486183900638e-05,7.324297702871263,2
normalized_vmin0.001,normalized,0.001,1.0,8,31,1,4,1.3588279242977868e-07,6.273435013137707e-05,1.1835407473462453e-07,2.6998408544809394e-05,7.3943383865989745,2
normalized_vmin0.001,normalized,0.001,1.0,8,31,1,5,1.3581365896822624e-07,6.278612290799845e-05,1.1828311520340485e-07,2.6696060598574434e-05,11.783297513611615,3
normalized_vmin0.001,normalized,0.001,1.0,8,31,1,6,1.358229180540847e-07,6.2748234665011e-05,1.182915639319211e-07,2.6814713541489787e-05,11.858128821477294,3
normalized_vmin0.001,normalized,0.001,1.0,8,31,1,7,1.3588497852343775e-07,6.273469174933322e-05,1.1835622608682408e-07,2.6989861821591354e-05,11.926537017337978,3
normalized_vmin0.001,normalized,0.001,1.0,8,31,1,8,1.3581392319717258e-07,6.278719189389825e-05,1.1828875445055786e-07,2.6689288242232045e-05,16.524179221130908,4
normalized_vmin0.001,normalized,0.001,1.0,8,31,1,9,1.3582509389357985e-07,6.274790914950756e-05,1.1829278810879533e-07,2.6799251809261904e-05,16.598888953216374,4
normalized_vmin0.001,normalized,0.001,1.0,8,31,1,10,1.358841183379865e-07,6.273639575904433e-05,1.1835613060005794e-07,2.700199932514913e-05,16.66543373093009,4
normalized_vmin0.001,normalized,0.001,1.0,8,31,1,11,1.3581779840359258e-07,6.278475632393032e-05,1.1828395935752428e-07,2.6696664406244963e-05,21.042258631903678,5
normalized_vmin0.001,normalized,0.001,1.0,8,31,1,12,1.3582321096821515e-07,6.274865507960303e-05,1.1829062275417555e-07,2.6795865339712677e-05,21.117738354951143,5
normalized_vmin0.001,normalized,0.001,1.0,8,31,1,13,1.3588225004966962e-07,6.273542045198699e-05,1.1835446420972154e-07,2.6991120002817226e-05,21.188533416949213,5
normalized_vmin0.001,normalized,0.001,1.0,8,31,1,14,1.3581727194983067e-07,6.278954615812626e-05,1.1828401145961185e-07,2.6697283357135504e-05,25.77145908586681,6
normalized_vmin0.001,normalized,0.001,1.0,8,31,1,15,1.358206209404847e-07,6.274737680744824e-05,1.1828840274987431e-07,2.680443403357824e-05,25.847124606836587,6
normalized_vmin0.001,normalized,0.001,1.0,8,63,0,1,1.102515109835507e-06,0.0002269003039053752,1.0936243167533423e-06,0.00022468034471567755,3.4280977845191956,1
normalized_vmin0.001,normalized,0.001,1.0,8,63,0,2,5.856138783584403e-08,2.9098334290322825e-05,8.873372399639888e-10,2.2552952505527912e-07,8.261148527264595,2
normalized_vmin0.001,normalized,0.001,1.0,8,63,0,3,5.855363267090187e-08,2.9075655553323365e-05,8.885558153788522e-10,2.3462487641623397e-07,12.672456240281463,3
normalized_vmin0.001,normalized,0.001,1.0,8,63,0,4,5.8551746804550684e-08,2.908517744359962e-05,8.847349057291133e-10,2.1599237265412796e-07,17.374986292328686,4
normalized_vmin0.001,normalized,0.001,1.0,8,63,0,5,5.85518889917296e-08,2.908009747359941e-05,8.86670694226927e-10,2.2391050014114455e-07,22.385875112377107,5
normalized_vmin0.001,normalized,0.001,1.0,8,63,0,6,5.85512262813645e-08,2.9079664049302956e-05,8.859450866578343e-10,2.2249368969440297e-07,26.823510711081326,6
normalized_vmin0.001,normalized,0.001,1.0,8,63,0,7,5.855507011774311e-08,2.907971409782384e-05,8.813387472661526e-10,2.2974289004551451e-07,31.07442146819085,7
normalized_vmin0.001,normalized,0.001,1.0,8,63,0,8,5.8554853593736407e-08,2.9075588591109813e-05,8.894271577413999e-10,2.2607061356261227e-07,35.92407903028652,8
normalized_vmin0.001,normalized,0.001,1.0,8,63,0,9,5.8555640041171495e-08,2.9086383700138718e-05,8.842456943626553e-10,2.2332224625110086e-07,40.662446620408446,9
normalized_vmin0.001,normalized,0.001,1.0,8,63,0,10,5.8554870579399906e-08,2.908081052621636e-05,8.846031533523639e-10,2.2713320158018746e-07,45.180446673650295,10
normalized_vmin0.001,normalized,0.001,1.0,8,63,0,11,5.8554675946939394e-08,2.9072129347995634e-05,8.833818644471251e-10,2.2518468023591254e-07,50.013107754755765,11
normalized_vmin0.001,normalized,0.001,1.0,8,63,0,12,5.855048580029326e-08,2.9080983593887666e-05,8.852875407339286e-10,2.2030410851137106e-07,54.914107085671276,12
normalized_vmin0.001,normalized,0.001,1.0,8,63,0,13,5.855058573059764e-08,2.908112498356541e-05,8.893496446992996e-10,2.3009690242048464e-07,59.759162745438516,13
normalized_vmin0.001,normalized,0.001,1.0,8,63,0,14,5.855157270673702e-08,2.9076634052938033e-05,8.853636255565071e-10,2.2346680284002218e-07,64.75768699636683,14
normalized_vmin0.001,normalized,0.001,1.0,8,63,0,15,5.855240885509745e-08,2.908284337643785e-05,8.835966055341794e-10,2.318820058189175e-07,69.77080535748973,15
normalized_vmin0.001,normalized,0.001,1.0,8,63,1,1,1.2057004844099883e-06,0.00023846049912623624,1.2050886527540927e-06,0.0002481838850447726,3.4903546618297696,1
normalized_vmin0.001,normalized,0.001,1.0,8,63,1,2,1.3405201543080373e-07,5.389131023636473e-05,1.194016179690145e-07,2.507604866519575e-05,8.423842083662748,2
normalized_vmin0.001,normalized,0.001,1.0,8,63,1,3,1.3405377668908772e-07,5.3771697206550506e-05,1.194107452097732e-07,2.5009987245749876e-05,8.499179047998041,2
normalized_vmin0.001,normalized,0.001,1.0,8,63,1,4,1.3396728018027636e-07,5.386743519941728e-05,1.19312619817657e-07,2.519237486331427e-05,8.569435254205018,2
normalized_vmin0.001,normalized,0.001,1.0,8,63,1,5,1.3401586668293605e-07,5.388854406529475e-05,1.1935814062049934e-07,2.5053418366449698e-05,13.29613489098847,3
normalized_vmin0.001,normalized,0.001,1.0,8,63,1,6,1.3405751572900172e-07,5.376560446745948e-05,1.194111028875007e-07,2.499805363342933e-05,13.369842500891536,3
normalized_vmin0.001,normalized,0.001,1.0,8,63,1,7,1.339661429641718e-07,5.386929640960325e-05,1.1931422996080442e-07,2.5191836167226533e-05,13.440572902560234,3
normalized_vmin0.001,normalized,0.001,1.0,8,63,1,8,1.3402119293009354e-07,5.389200507699421e-05,1.1936224802895024e-07,2.5055003283425137e-05,18.56366135366261,4
normalized_vmin0.001,normalized,0.001,1.0,8,63,1,9,1.3405812459100225e-07,5.377367688264023e-05,1.1941737009497715e-07,2.501506531416009e-05,18.640484910458326,4
normalized_vmin0.001,normalized,0.001,1.0,8,63,1,10,1.3396474482871239e-07,5.3867702670129525e-05,1.1931312670494427e-07,2.519120715771539e-05,18.707867143210024,4
normalized_vmin0.001,normalized,0.001,1.0,8,63,1,11,1.340122789556867e-07,5.389048481885261e-05,1.1935579092057998e-07,2.5055467639534257e-05,23.103332844097167,5
normalized_vmin0.001,normalized,0.001,1.0,8,63,1,12,1.3405624801418337e-07,5.377018396202082e-05,1.1941144425437213e-07,2.5013814774599297e-05,23.176070859190077,5
normalized_vmin0.001,normalized,0.001,1.0,8,63,1,13,1.3396445319672215e-07,5.386691832098833e-05,1.1931313835326682e-07,2.5195217628559696e-05,23.246234368998557,5
normalized_vmin0.001,normalized,0.001,1.0,8,63,1,14,1.3401768863879467e-07,5.3890170481185606e-05,1.193559716763911e-07,2.5053851117395887e-05,28.165289445780218,6
normalized_vmin0.001,normalized,0.001,1.0,8,63,1,15,1.3405610030914724e-07,5.377325312871939e-05,1.1941111421360853e-07,2.500717415487852e-05,28.238391360733658,6
normalized_vmin0.001,normalized,0.001,1.0,8,127,0,1,6.100967905794805e-08,3.614397122830848e-05,9.346417256065882e-10,3.140949924596015e-07,6.238981309812516,2
normalized_vmin0.001,normalized,0.001,1.0,8,127,0,2,6.099631562270157e-08,3.600888272481395e-05,9.105640850735083e-10,2.49924668960233e-07,11.506414748728275,3
normalized_vmin0.001,normalized,0.001,1.0,8,127,0,3,6.099802297997281e-08,3.600777997314619e-05,9.121508148445207e-10,2.5251166024808924e-07,16.46349062770605,4
normalized_vmin0.001,normalized,0.001,1.0,8,127,0,4,6.099647013895325e-08,3.5998770793188584e-05,9.096395771701431e-10,2.5415548310370184e-07,21.391264693811536,5
normalized_vmin0.001,normalized,0.001,1.0,8,127,0,5,6.099947766576412e-08,3.6005594565069465e-05,9.067488823150279e-10,2.550546962520883e-07,26.094171537086368,6
normalized_vmin0.001,normalized,0.001,1.0,8,127,0,6,6.099677311660422e-08,3.601318429014011e-05,9.115848166921757e-10,2.4943195486848424e-07,30.897025320213288,7
normalized_vmin0.001,normalized,0.001,1.0,8,127,0,7,6.099930762393723e-08,3.6001364250415335e-05,9.107982584414609e-10,2.559699230353374e-07,35.61735072545707,8
normalized_vmin0.001,normalized,0.001,1.0,8,127,0,8,6.099528503106035e-08,3.6009996683739054e-05,9.099272985549464e-10,2.5519200441692647e-07,40.39298066543415,9
normalized_vmin0.001,normalized,0.001,1.0,8,127,0,9,6.10032011592964e-08,3.6015844611325676e-05,9.090750637581345e-10,2.540954013863228e-07,44.694838067516685,10
normalized_vmin0.001,normalized,0.001,1.0,8,127,0,10,6.099974772440456e-08,3.600737892828221e-05,9.065303219733551e-10,2.547994286672406e-07,48.93876128131524,11
normalized_vmin0.001,normalized,0.001,1.0,8,127,0,11,6.099595816820113e-08,3.6015332088301655e-05,9.072159022686889e-10,2.5587885055244897e-07,53.56239012349397,12
normalized_vmin0.001,normalized,0.001,1.0,8,127,0,12,6.099953880400256e-08,3.6019598232517325e-05,9.06719277863e-10,2.536985586054641e-07,58.499275856651366,13
normalized_vmin0.001,normalized,0.001,1.0,8,127,0,13,6.099458438516597e-08,3.5998957591987235e-05,9.072834594074999e-10,2.5984226414976774e-07,63.48361242143437,14
normalized_vmin0.001,normalized,0.001,1.0,8,127,0,14,6.099839894796395e-08,3.601266041397544e-05,9.092142401889312e-10,2.515178518791572e-07,67.67125033540651,15
normalized_vmin0.001,normalized,0.001,1.0,8,127,0,15,6.100295453504895e-08,3.599998913184077e-05,9.063774603632665e-10,2.578404372233223e-07,71.97446966450661,16
normalized_vmin0.001,normalized,0.001,1.0,8,127,1,1,1.3505947030458747e-07,4.701108409743693e-05,1.1821367156881918e-07,2.7317095654955104e-05,6.659403034485877,2
normalized_vmin0.001,normalized,0.001,1.0,8,127,1,2,1.349653214717197e-07,4.7009757069171876e-05,1.1810650646135626e-07,2.7135950739443082e-05,6.7331199063919485,2
normalized_vmin0.001,normalized,0.001,1.0,8,127,1,3,1.3493854895438065e-07,4.69080591650739e-05,1.1808007245248109e-07,2.7061701965536145e-05,6.803487081546336,2
normalized_vmin0.001,normalized,0.001,1.0,8,127,1,4,1.3494307669156784e-07,4.7010911667810795e-05,1.1808063948509106e-07,2.732558393425677e-05,11.800343018490821,3
normalized_vmin0.001,normalized,0.001,1.0,8,127,1,5,1.3495816913075114e-07,4.700717718164604e-05,1.1809945454723634e-07,2.714745587584222e-05,11.878147191368043,3
normalized_vmin0.001,normalized,0.001,1.0,8,127,1,6,1.3494608582192389e-07,4.691034944592776e-05,1.1808588852938652e-07,2.707426240189381e-05,11.950248678214848,3
normalized_vmin0.001,normalized,0.001,1.0,8,127,1,7,1.3494018339370593e-07,4.700768607601713e-05,1.1808123547538241e-07,2.731903335218e-05,16.5917972731404,4
normalized_vmin0.001,normalized,0.001,1.0,8,127,1,8,1.3496721204963067e-07,4.7008213589494474e-05,1.1810620126284589e-07,2.7144813443347182e-05,16.66778221493587,4
normalized_vmin0.001,normalized,0.001,1.0,8,127,1,9,1.3493770534332792e-07,4.6909835171526915e-05,1.1807984077295093e-07,2.7066839203726545e-05,16.737082371953875,4
normalized_vmin0.001,normalized,0.001,1.0,8,127,1,10,1.3494126516246796e-07,4.700840860782929e-05,1.1808056039300336e-07,2.7314937557587626e-05,21.653790595009923,5
normalized_vmin0.001,normalized,0.001,1.0,8,127,1,11,1.34958874073437e-07,4.700912557764614e-05,1.1810051741166971e-07,2.7144489588737386e-05,21.72954293806106,5
normalized_vmin0.001,normalized,0.001,1.0,8,127,1,12,1.349473913419301e-07,4.6909456375643366e-05,1.1808614900593625e-07,2.706940041807826e-05,21.799572684802115,5
normalized_vmin0.001,normalized,0.001,1.0,8,127,1,13,1.3494172763877087e-07,4.701090963554755e-05,1.180802725837338e-07,2.7310468558972012e-05,26.70349119976163,6
normalized_vmin0.001,normalized,0.001,1.0,8,127,1,14,1.34957755722169e-07,4.700977314175958e-05,1.1810018104303806e-07,2.7136997929666506e-05,26.778152579907328,6
normalized_vmin0.001,normalized,0.001,1.0,8,127,1,15,1.3494112157210104e-07,4.690934331175178e-05,1.1807900129894264e-07,2.7067352479814843e-05,26.847794130910188,6
normalized_vmin0.001,normalized,0.001,1.0,8,255,0,1,6.194794314388056e-08,2.451483220577977e-05,8.913950651220979e-10,2.8944190322288676e-07,8.389667127747089,2
normalized_vmin0.001,normalized,0.001,1.0,8,255,0,2,6.194880002356889e-08,2.4527130310758594e-05,8.906423791632903e-10,2.687252512734162e-07,12.896624121349305,3
normalized_vmin0.001,normalized,0.001,1.0,8,255,0,3,6.195100334027074e-08,2.452717592427156e-05,8.914292867236162e-10,2.824228916287197e-07,17.877286162693053,4
normalized_vmin0.001,normalized,0.001,1.0,8,255,0,4,6.195084558115004e-08,2.4524765270594884e-05,8.910235620787903e-10,2.782266323997362e-07,22.172058663796633,5
normalized_vmin0.001,normalized,0.001,1.0,8,255,0,5,6.194925210340296e-08,2.4526809628167e-05,8.929695609794126e-10,2.79724292950867e-07,26.910245711915195,6
normalized_vmin0.001,normalized,0.001,1.0,8,255,0,6,6.194663453667644e-08,2.452961819909838e-05,8.929731197070254e-10,2.889861646648839e-07,31.803329973947257,7
normalized_vmin0.001,normalized,0.001,1.0,8,255,0,7,6.19515963150401e-08,2.453475942987282e-05,8.912095166156069e-10,2.793994073879702e-07,36.17112665064633,8
normalized_vmin0.001,normalized,0.001,1.0,8,255,0,8,6.194946780643484e-08,2.4533342074750664e-05,8.89398337198036e-10,2.8932076934218287e-07,41.040047756861895,9
normalized_vmin0.001,normalized,0.001,1.0,8,255,0,9,6.194996888013519e-08,2.452931387342261e-05,8.906447908626027e-10,2.807843341168237e-07,45.344146351795644,10
normalized_vmin0.001,normalized,0.001,1.0,8,255,0,10,6.195051396006013e-08,2.4527725240419684e-05,8.924304059787925e-10,2.898202750012402e-07,50.09811077360064,11
normalized_vmin0.001,normalized,0.001,1.0,8,255,0,11,6.195027666252973e-08,2.453040548222596e-05,8.895692321870055e-10,2.8172444688223663e-07,54.84985604695976,12
normalized_vmin0.001,normalized,0.001,1.0,8,255,0,12,6.194485563787761e-08,2.4529986216048627e-05,8.893746806926789e-10,2.800468752450769e-07,59.74838581401855,13
normalized_vmin0.001,normalized,0.001,1.0,8,255,0,13,6.195201861855577e-08,2.45291199980624e-05,8.919543388391168e-10,2.8105847604820156e-07,64.31387986801565,14
normalized_vmin0.001,normalized,0.001,1.0,8,255,0,14,6.195439482575119e-08,2.4526850272543754e-05,8.925619411796824e-10,2.977665221060022e-07,68.95926583185792,15
normalized_vmin0.001,normalized,0.001,1.0,8,255,0,15,6.194894634342155e-08,2.4530605430950203e-05,8.929604880029388e-10,2.6921244122846133e-07,73.2474603569135,16
normalized_vmin0.001,normalized,0.001,1.0,8,255,1,1,1.3251207889881036e-07,4.04479023980997e-05,1.181820970666409e-07,2.5667008753949005e-05,7.342614857014269,2
normalized_vmin0.001,normalized,0.001,1.0,8,255,1,2,1.324828156666734e-07,4.055916595557818e-05,1.1814972740365381e-07,2.6222517646168342e-05,7.420211684890091,2
normalized_vmin0.001,normalized,0.001,1.0,8,255,1,3,1.3249352364087393e-07,4.043283364896233e-05,1.1817895619012871e-07,2.552721384141421e-05,7.491010059602559,2
normalized_vmin0.001,normalized,0.001,1.0,8,255,1,4,1.3249627450554805e-07,4.044597058905364e-05,1.1816598838634005e-07,2.5657865561301563e-05,12.02901642024517,3
normalized_vmin0.001,normalized,0.001,1.0,8,255,1,5,1.3248313837073238e-07,4.054785435303465e-05,1.1815082188638038e-07,2.6221776685764198e-05,12.1048116623424,3
normalized_vmin0.001,normalized,0.001,1.0,8,255,1,6,1.3248649490766391e-07,4.0440223049498236e-05,1.181753101625435e-07,2.5535852310243357e-05,12.17516411608085,3
normalized_vmin0.001,normalized,0.001,1.0,8,255,1,7,1.324944157237496e-07,4.043864322078594e-05,1.1816497160847806e-07,2.564127166770902e-05,17.016337635926902,4
normalized_vmin0.001,normalized,0.001,1.0,8,255,1,8,1.324856609825278e-07,4.056011346642574e-05,1.1815585454233332e-07,2.6221726706188164e-05,17.092438817955554,4
normalized_vmin0.001,normalized,0.001,1.0,8,255,1,9,1.3249095808294276e-07,4.0427905117046414e-05,1.1817436778141147e-07,2.5532298279618004e-05,17.16303975088522,4
normalized_vmin0.001,normalized,0.001,1.0,8,255,1,10,1.3250004184469052e-07,4.044348140364029e-05,1.181659850257165e-07,2.5650349519068527e-05,21.84389676200226,5
normalized_vmin0.001,normalized,0.001,1.0,8,255,1,11,1.3248242283552344e-07,4.055333408170547e-05,1.1815086011908948e-07,2.6220941778176687e-05,21.91741761798039,5
normalized_vmin0.001,normalized,0.001,1.0,8,255,1,12,1.324904124838815e-07,4.04369782690539e-05,1.1817593310992268e-07,2.5539723222389732e-05,21.98576418310404,5
normalized_vmin0.001,normalized,0.001,1.0,8,255,1,13,1.3249836482182058e-07,4.0445451566006874e-05,1.1816760431637252e-07,2.5651843839402666e-05,26.499829404056072,6
normalized_vmin0.001,normalized,0.001,1.0,8,255,1,14,1.3248588977938461e-07,4.0552514079639224e-05,1.181500707346659e-07,2.6225627032139265e-05,26.58130417112261,6
normalized_vmin0.001,normalized,0.001,1.0,8,255,1,15,1.3249924586318472e-07,4.042806680926159e-05,1.1818232276559668e-07,2.553413793993098e-05,26.651736835949123,6
normalized_vmin0.001,normalized,0.001,1.0,8,511,0,1,5.963351498362342e-08,1.823397909672675e-05,8.812386653157757e-10,2.676553876312937e-07,9.053041791077703,2
normalized_vmin0.001,normalized,0.001,1.0,8,511,0,2,5.962810195810311e-08,1.8205413797045544e-05,8.81742214825672e-10,2.409827970506484e-07,13.681400251109153,3
normalized_vmin0.001,normalized,0.001,1.0,8,511,0,3,5.963229247481794e-08,1.822500845183317e-05,8.859824903385187e-10,2.486418220204456e-07,18.518729486037046,4
normalized_vmin0.001,normalized,0.001,1.0,8,511,0,4,5.962480057378731e-08,1.8206530851383462e-05,8.806724575329407e-10,2.581677043256292e-07,23.52716712700203,5
normalized_vmin0.001,normalized,0.001,1.0,8,511,0,5,5.962778519631907e-08,1.8209405673874635e-05,8.861380728047812e-10,2.517511932254024e-07,28.365616069175303,6
normalized_vmin0.001,normalized,0.001,1.0,8,511,0,6,5.963076495980229e-08,1.8204701798696377e-05,8.828968956010375e-10,2.4814342813872514e-07,32.618312248494476,7
normalized_vmin0.001,normalized,0.001,1.0,8,511,0,7,5.962721284418973e-08,1.820155345944041e-05,8.87503150377516e-10,2.665014483538286e-07,37.70143101224676,8
normalized_vmin0.001,normalized,0.001,1.0,8,511,0,8,5.963201643756485e-08,1.8202872638761747e-05,8.806523602939093e-10,2.5011469340086023e-07,42.69170521060005,9
normalized_vmin0.001,normalized,0.001,1.0,8,511,0,9,5.962568473010495e-08,1.820325297741121e-05,8.905909065702838e-10,2.5225751298929566e-07,47.516836980357766,10
normalized_vmin0.001,normalized,0.001,1.0,8,511,0,10,5.962773683711086e-08,1.8207593247221432e-05,8.837529001145931e-10,2.5647665846673107e-07,52.36195837100968,11
normalized_vmin0.001,normalized,0.001,1.0,8,511,0,11,5.962552191140572e-08,1.8215264752430294e-05,8.849520051015824e-10,2.646019745533579e-07,57.13400241499767,12
normalized_vmin0.001,normalized,0.001,1.0,8,511,0,12,5.962597413588591e-08,1.8204918191377928e-05,8.836449064258674e-10,2.595162976737342e-07,61.78683469211683,13
normalized_vmin0.001,normalized,0.001,1.0,8,511,0,13,5.962456628596827e-08,1.8210756357328606e-05,8.814917405661476e-10,2.5073925513652284e-07,66.58939119009301,14
normalized_vmin0.001,normalized,0.001,1.0,8,511,0,14,5.962580635217771e-08,1.8210989043199177e-05,8.830453508271499e-10,2.6987730095129336e-07,70.84057834278792,15
normalized_vmin0.001,normalized,0.001,1.0,8,511,0,15,5.9632448158857e-08,1.8201004106432883e-05,8.84774459054057e-10,2.5719401819390697e-07,75.89038395509124,16
normalized_vmin0.001,normalized,0.001,1.0,8,511,1,1,1.3620459868243456e-07,6.200323408456221e-05,1.1933754425404264e-07,2.7793831151035064e-05,9.523004727903754,2
normalized_vmin0.001,normalized,0.001,1.0,8,511,1,2,1.3620008364626925e-07,6.202947760247657e-05,1.1933792554726216e-07,2.7568895928808956e-05,9.599355900194496,2
normalized_vmin0.001,normalized,0.001,1.0,8,511,1,3,1.361807438785703e-07,6.192588899134321e-05,1.193119759898518e-07,2.8008955676783742e-05,9.669400257058442,2
normalized_vmin0.001,normalized,0.001,1.0,8,511,1,4,1.361834677117905e-07,6.19944567796793e-05,1.1931553713870482e-07,2.777223208993984e-05,14.032757253851742,3
normalized_vmin0.001,normalized,0.001,1.0,8,511,1,5,1.3620448504980695e-07,6.202799628318711e-05,1.1934399384359282e-07,2.75634504492972e-05,14.108673651702702,3
normalized_vmin0.001,normalized,0.001,1.0,8,511,1,6,1.3618064973504933e-07,6.192586517528298e-05,1.1931294023286693e-07,2.7993231709544375e-05,14.179838018491864,3
normalized_vmin0.001,normalized,0.001,1.0,8,511,1,7,1.3618380549272762e-07,6.199668935213953e-05,1.1931507151160536e-07,2.777404428977448e-05,18.35834724456072,4
normalized_vmin0.001,normalized,0.001,1.0,8,511,1,8,1.3620110027043203e-07,6.202779535746661e-05,1.193410625213716e-07,2.7555612031715526e-05,18.432582643814385,4
normalized_vmin0.001,normalized,0.001,1.0,8,511,1,9,1.361797087701801e-07,6.192840852914383e-05,1.1931250317536547e-07,2.7997045688010758e-05,18.50122783705592,4
normalized_vmin0.001,normalized,0.001,1.0,8,511,1,10,1.3618494339488144e-07,6.199534577477905e-05,1.1932010993020466e-07,2.7779322658294525e-05,22.635659128893167,5
normalized_vmin0.001,normalized,0.001,1.0,8,511,1,11,1.3620533440995012e-07,6.20304050990006e-05,1.1934305341555613e-07,2.7559820674705193e-05,22.711852796841413,5
normalized_vmin0.001,normalized,0.001,1.0,8,511,1,12,1.361800236590015e-07,6.192201404897624e-05,1.1931335897016383e-07,2.799121535335125e-05,22.781360658816993,5
normalized_vmin0.001,normalized,0.001,1.0,8,511,1,13,1.3618426267066665e-07,6.199284095564916e-05,1.1931490387491836e-07,2.7780567251278754e-05,27.215248824097216,6
normalized_vmin0.001,normalized,0.001,1.0,8,511,1,14,1.3620611520375538e-07,6.202793805820672e-05,1.1934463449032512e-07,2.7565105591209615e-05,27.290576321072876,6
normalized_vmin0.001,normalized,0.001,1.0,8,511,1,15,1.361763112961259e-07,6.1925246968908e-05,1.193106453891797e-07,2.800142768466518e-05,27.35958362231031,6
normalized_vmin0.001,normalized,0.001,1.0,7,15,0,1,0.001973961663207461,0.18690829629858252,0.001973960051221897,0.186907113714876,2.629418765194714,1
normalized_vmin0.001,normalized,0.001,1.0,7,15,0,2,6.063240321396428e-05,0.04913805872541399,6.0624101054413014e-05,0.049136675764754334,7.0796766532585025,2
normalized_vmin0.001,normalized,0.001,1.0,7,15,0,3,9.291042810538822e-07,0.003563760240145597,8.875481206266896e-07,0.0035623109949296516,12.041030794847757,3
normalized_vmin0.001,normalized,0.001,1.0,7,15,0,4,6.286448979057831e-08,4.463866935344729e-05,2.96568378383745e-09,1.901822834993183e-05,16.71697640325874,4
normalized_vmin0.001,normalized,0.001,1.0,7,15,0,5,6.198521943468911e-08,4.437411914959277e-05,9.100772719758084e-10,2.813566921666677e-07,21.410009823273867,5
normalized_vmin0.001,normalized,0.001,1.0,7,15,0,6,6.198150838132306e-08,4.437636515552956e-05,9.101003186479367e-10,2.8585489308952106e-07,25.81821807520464,6
normalized_vmin0.001,normalized,0.001,1.0,7,15,0,7,6.198327028603888e-08,4.437295410175679e-05,9.120627560728204e-10,2.915497239186493e-07,30.49473580159247,7
normalized_vmin0.001,normalized,0.001,1.0,7,15,0,8,6.19837254803555e-08,4.437422083303222e-05,9.129040741870354e-10,3.0451010490928354e-07,35.09399702260271,8
normalized_vmin0.001,normalized,0.001,1.0,7,15,0,9,6.19815228460742e-08,4.437382200206397e-05,9.122994988135745e-10,3.047474563810937e-07,39.38570980960503,9
normalized_vmin0.001,normalized,0.001,1.0,7,15,0,10,6.197990725735197e-08,4.437759222730708e-05,9.137076716303439e-10,2.857772505304723e-07,44.05974512267858,10
normalized_vmin0.001,normalized,0.001,1.0,7,15,0,11,6.198244485341772e-08,4.4379013338868845e-05,9.097532604028925e-10,2.898764188685732e-07,48.721250569447875,11
normalized_vmin0.001,normalized,0.001,1.0,7,15,0,12,6.198255333753514e-08,4.4371068630089106e-05,9.120198283346333e-10,3.0132035577778993e-07,53.626109103206545,12
normalized_vmin0.001,normalized,0.001,1.0,7,15,0,13,6.198309068510297e-08,4.437743125007554e-05,9.159468733844556e-10,2.9766122566776687e-07,58.32217513117939,13
normalized_vmin0.001,normalized,0.001,1.0,7,15,0,14,6.198322014237619e-08,4.437513814481431e-05,9.150810243422789e-10,2.901674192035131e-07,62.52802942413837,14
normalized_vmin0.001,normalized,0.001,1.0,7,15,0,15,6.198416083017078e-08,4.437863912343243e-05,9.124231431266786e-10,3.0374959569812177e-07,66.63406887138262,15
normalized_vmin0.001,normalized,0.001,1.0,7,15,1,1,0.0019740730429688063,0.18690658488054213,0.0019740745101078563,0.18692715805394022,2.6569941733032465,1
normalized_vmin0.001,normalized,0.001,1.0,7,15,1,2,6.073587814227024e-05,0.049137512334182065,6.0735492824266036e-05,0.049161571388741776,2.7212744602002203,1
normalized_vmin0.001,normalized,0.001,1.0,7,15,1,3,1.018008015140556e-06,0.003563893284249886,1.0063340534906089e-06,0.0035891054584261672,7.6152246170677245,2
normalized_vmin0.001,normalized,0.001,1.0,7,15,1,4,1.3510368138196262e-07,5.0483464669071054e-05,1.2160852628079528e-07,4.626662899476219e-05,7.69076520530507,2
normalized_vmin0.001,normalized,0.001,1.0,7,15,1,5,1.3300320332584607e-07,4.772180390144598e-05,1.1945657523237417e-07,2.7107815598448326e-05,7.758608436211944,2
normalized_vmin0.001,normalized,0.001,1.0,7,15,1,6,1.3304169479218088e-07,4.768086053275056e-05,1.194758328142518e-07,2.7007398029299523e-05,12.257920074276626,3
normalized_vmin0.001,normalized,0.001,1.0,7,15,1,7,1.3306051898441976e-07,4.77335086701558e-05,1.1949896634495008e-07,2.7251528141980508e-05,12.335262742359191,3
normalized_vmin0.001,normalized,0.001,1.0,7,15,1,8,1.3300463205013853e-07,4.7722148044049284e-05,1.1945525748427509e-07,2.710211472056745e-05,12.405045695137233,3
normalized_vmin0.001,normalized,0.001,1.0,7,15,1,9,1.3304526878198222e-07,4.768473171590237e-05,1.1948039598686243e-07,2.7010942363570045e-05,17.310280910227448,4
normalized_vmin0.001,normalized,0.001,1.0,7,15,1,10,1.330579869203499e-07,4.772948561826418e-05,1.1950195124611163e-07,2.7256538841058386e-05,17.386439811438322,4
normalized_vmin0.001,normalized,0.001,1.0,7,15,1,11,1.3300835346396437e-07,4.7722298630814564e-05,1.1945514397293243e-07,2.7117285948619063e-05,17.45587918208912,4
normalized_vmin0.001,normalized,0.001,1.0,7,15,1,12,1.330454847903356e-07,4.767948009598566e-05,1.1948077989722063e-07,2.701707665930808e-05,22.016619356814772,5
normalized_vmin0.001,normalized,0.001,1.0,7,15,1,13,1.330610779411601e-07,4.773260602120022e-05,1.1950055759010465e-07,2.7248698953874495e-05,22.094098006840795,5
normalized_vmin0.001,normalized,0.001,1.0,7,15,1,14,1.3301064291023907e-07,4.7721186177462904e-05,1.1945901946999653e-07,2.7104620979878646e-05,22.162052410189062,5
normalized_vmin0.001,normalized,0.001,1.0,7,15,1,15,1.3304787265271115e-07,4.768048082648413e-05,1.1948073613159406e-07,2.7010852921338646e-05,26.90002566203475,6
normalized_vmin0.001,normalized,0.001,1.0,7,31,0,1,0.00013181711699345128,0.02034014207379864,0.00013181609502553316,0.02034733124298349,2.8060380341485143,1
normalized_vmin0.001,normalized,0.001,1.0,7,31,0,2,4.6554857068972097e-07,0.0006097104576767709,4.4094251947980696e-07,0.0006170444173313472,7.131373054347932,2
normalized_vmin0.001,normalized,0.001,1.0,7,31,0,3,5.87244469895614e-08,1.4986824087070971e-05,9.525107552064939e-10,8.173081081919165e-07,11.643778449390084,3
normalized_vmin0.001,normalized,0.001,1.0,7,31,0,4,5.87495113162335e-08,1.4983941783786037e-05,9.069141968612055e-10,3.178642848933322e-07,16.010602531488985,4
normalized_vmin0.001,normalized,0.001,1.0,7,31,0,5,5.8748328683259064e-08,1.4984858190736361e-05,9.023301143342506e-10,3.079781705217499e-07,20.438705457374454,5
normalized_vmin0.001,normalized,0.001,1.0,7,31,0,6,5.875054801316961e-08,1.498030624413893e-05,9.072480367810251e-10,2.979378221912299e-07,25.146075637079775,6
normalized_vmin0.001,normalized,0.001,1.0,7,31,0,7,5.874791738910495e-08,1.4981678951198063e-05,9.060573933279182e-10,3.1359316432499895e-07,29.432964355219156,7
normalized_vmin0.001,normalized,0.001,1.0,7,31,0,8,5.8748485343008934e-08,1.497767851299514e-05,9.075262758759294e-10,3.215675521417438e-07,33.903284047264606,8
normalized_vmin0.001,normalized,0.001,1.0,7,31,0,9,5.874655547562379e-08,1.4989098746864826e-05,9.018646998400616e-10,3.119407672169672e-07,38.25274454196915,9
normalized_vmin0.001,normalized,0.001,1.0,7,31,0,10,5.874984662187268e-08,1.4983432130577512e-05,9.075193527503908e-10,3.0996823752182934e-07,42.43864827975631,10
normalized_vmin0.001,normalized,0.001,1.0,7,31,0,11,5.875009326923735e-08,1.4985982149218202e-05,9.033059748500994e-10,3.216218660284653e-07,46.84657568670809,11
normalized_vmin0.001,normalized,0.001,1.0,7,31,0,12,5.8750412908439745e-08,1.497957808704875e-05,9.0327815285016e-10,3.164966355662102e-07,51.1559622855857,12
normalized_vmin0.001,normalized,0.001,1.0,7,31,0,13,5.8748546411373925e-08,1.4983816037705822e-05,9.059048316183149e-10,3.1116622900562163e-07,55.90724798850715,13
normalized_vmin0.001,normalized,0.001,1.0,7,31,0,14,5.8748593073704094e-08,1.4983567459436742e-05,9.052562375621122e-10,3.091860534265578e-07,60.14723212271929,14
normalized_vmin0.001,normalized,0.001,1.0,7,31,0,15,5.875292738403309e-08,1.4982916553218928e-05,9.078763589671077e-10,3.205416452267684e-07,64.65136104077101,15
normalized_vmin0.001,normalized,0.001,1.0,7,31,1,1,0.00013192576473416908,0.02036529124890951,0.00013192825877339227,0.020364356092540392,2.9165788972750306,1
normalized_vmin0.001,normalized,0.001,1.0,7,31,1,2,5.650452276734932e-07,0.000644439546425013,5.577901371262817e-07,0.0006434855645898185,7.44801595620811,2
normalized_vmin0.001,normalized,0.001,1.0,7,31,1,3,1.3082851016176292e-07,4.582737245595325e-05,1.1877121181610978e-07,2.793330702921537e-05,7.525454938411713,2
normalized_vmin0.001,normalized,0.001,1.0,7,31,1,4,1.3066020007733995e-07,4.573533314944367e-05,1.1860572056473763e-07,2.717299192367406e-05,7.593528818339109,2
normalized_vmin0.001,normalized,0.001,1.0,7,31,1,5,1.3070704724269116e-07,4.569872715609602e-05,1.1865299789371451e-07,2.7280558877906813e-05,11.974372469354421,3
normalized_vmin0.001,normalized,0.001,1.0,7,31,1,6,1.3074508470118228e-07,4.565003037348969e-05,1.1868636635114271e-07,2.7353530679952165e-05,12.082926756236702,3
normalized_vmin0.001,normalized,0.001,1.0,7,31,1,7,1.3066247208628608e-07,4.573472398083922e-05,1.1860521771724525e-07,2.7164910843535672e-05,12.152323763351887,3
normalized_vmin0.001,normalized,0.001,1.0,7,31,1,8,1.3070542622217025e-07,4.569961677536316e-05,1.1865608017758655e-07,2.7277404294201446e-05,16.491250584367663,4
normalized_vmin0.001,normalized,0.001,1.0,7,31,1,9,1.3074908362837196e-07,4.564986087618461e-05,1.186904785431512e-07,2.735888171290224e-05,16.577983412425965,4
normalized_vmin0.001,normalized,0.001,1.0,7,31,1,10,1.3066045342001217e-07,4.573305632071811e-05,1.186053142267969e-07,2.716550652615002e-05,16.64816004410386,4
normalized_vmin0.001,normalized,0.001,1.0,7,31,1,11,1.3070905566759134e-07,4.569878408111627e-05,1.1865352687653383e-07,2.7280717878941374e-05,21.052649210207164,5
normalized_vmin0.001,normalized,0.001,1.0,7,31,1,12,1.307471115339109e-07,4.5652312338884116e-05,1.1869140805076479e-07,2.7360337799708923e-05,21.136593628209084,5
normalized_vmin0.001,normalized,0.001,1.0,7,31,1,13,1.3066231643118505e-07,4.573738412483319e-05,1.1860747773387859e-07,2.7176242461957045e-05,21.205921564251184,5
normalized_vmin0.001,normalized,0.001,1.0,7,31,1,14,1.307061958211239e-07,4.5698502128765917e-05,1.1865357374816923e-07,2.7285635631923988e-05,25.585783744696528,6
normalized_vmin0.001,normalized,0.001,1.0,7,31,1,15,1.3075159519503393e-07,4.565089295138769e-05,1.1868834052154939e-07,2.7353683569208975e-05,25.6607611970976,6
normalized_vmin0.001,normalized,0.001,1.0,7,63,0,1,1.1017916739079024e-06,0.00022039307029231292,1.0936555322114375e-06,0.0002245766886771472,3.079296783078462,1
normalized_vmin0.001,normalized,0.001,1.0,7,63,0,2,6.071705753499495e-08,3.917928610086552e-05,9.034643134904214e-10,3.711013534246632e-07,8.367549063172191,2
normalized_vmin0.001,normalized,0.001,1.0,7,63,0,3,6.071322102401815e-08,3.918346550157992e-05,8.891857958962033e-10,3.532865943123298e-07,12.897642102092505,3
normalized_vmin0.001,normalized,0.001,1.0,7,63,0,4,6.071723973814482e-08,3.918397183133582e-05,8.952334388598738e-10,3.591319163165352e-07,17.619251479860395,4
normalized_vmin0.001,normalized,0.001,1.0,7,63,0,5,6.071881821924133e-08,3.9181067794435975e-05,8.978722940315774e-10,3.543503599434672e-07,22.119070700835437,5
normalized_vmin0.001,normalized,0.001,1.0,7,63,0,6,6.072069933278561e-08,3.9185491681581475e-05,8.954909049630258e-10,3.590775623507625e-07,26.805708950851113,6
normalized_vmin0.001,normalized,0.001,1.0,7,63,0,7,6.072229403684666e-08,3.918207879727298e-05,8.93843262623486e-10,3.629730890297722e-07,31.78098738892004,7
normalized_vmin0.001,normalized,0.001,1.0,7,63,0,8,6.071839326892388e-08,3.918252717161064e-05,8.964984022678747e-10,3.531520658128784e-07,36.526010209694505,8
normalized_vmin0.001,normalized,0.001,1.0,7,63,0,9,6.07217282954605e-08,3.918467392416414e-05,8.956184873322014e-10,3.5139927967442475e-07,41.43328716652468,9
normalized_vmin0.001,normalized,0.001,1.0,7,63,0,10,6.07261343993331e-08,3.9181008963939945e-05,8.936842692470245e-10,3.4626515821312154e-07,45.63414641749114,10
normalized_vmin0.001,normalized,0.001,1.0,7,63,0,11,6.071840305265925e-08,3.9183177470425434e-05,8.93310001694853e-10,3.49142196709451e-07,49.8583197183907,11
normalized_vmin0.001,normalized,0.001,1.0,7,63,0,12,6.072034824464241e-08,3.918426060445235e-05,9.015535888025491e-10,3.7080015147239465e-07,54.7474324866198,12
normalized_vmin0.001,normalized,0.001,1.0,7,63,0,13,6.072222038140606e-08,3.918022781057573e-05,8.947758489917773e-10,3.5560831779246627e-07,59.20908244373277,13
normalized_vmin0.001,normalized,0.001,1.0,7,63,0,14,6.071836100060405e-08,3.918629598687051e-05,8.954856417815065e-10,3.635910225119332e-07,64.25185118848458,14
normalized_vmin0.001,normalized,0.001,1.0,7,63,0,15,6.072278112668358e-08,3.918250058054795e-05,8.968967364689207e-10,3.702449871134661e-07,69.02012916048989,15
normalized_vmin0.001,normalized,0.001,1.0,7,63,1,1,1.2029641493735826e-06,0.000262127000475898,1.2046377672997944e-06,0.0002485971163806999,3.501955804415047,1
normalized_vmin0.001,normalized,0.001,1.0,7,63,1,2,1.3078448762158563e-07,3.8503850800064576e-05,1.1886288743077002e-07,2.497094031628233e-05,8.14266533125192,2
normalized_vmin0.001,normalized,0.001,1.0,7,63,1,3,1.3079214128827396e-07,3.84980354524167e-05,1.1886494693080825e-07,2.4965124889919643e-05,8.218569541350007,2
normalized_vmin0.001,normalized,0.001,1.0,7,63,1,4,1.3078613423185957e-07,3.83333202360614e-05,1.1886116879717277e-07,2.480543277461056e-05,8.2884854353033,2
normalized_vmin0.001,normalized,0.001,1.0,7,63,1,5,1.307486709879369e-07,3.8428434555815016e-05,1.1882737220429186e-07,2.4895523051404744e-05,12.795645437203348,3
normalized_vmin0.001,normalized,0.001,1.0,7,63,1,6,1.3079438326486396e-07,3.849485530904584e-05,1.1886425033181706e-07,2.496194470358315e-05,12.870256794150919,3
normalized_vmin0.001,normalized,0.001,1.0,7,63,1,7,1.307829609240076e-07,3.833616871418144e-05,1.1886086677137e-07,2.4803255961103332e-05,12.940145208965987,3
normalized_vmin0.001,normalized,0.001,1.0,7,63,1,8,1.307497933308036e-07,3.843512309931185e-05,1.188214496539355e-07,2.490221168549578e-05,17.555806164164096,4
normalized_vmin0.001,normalized,0.001,1.0,7,63,1,9,1.3079073762564675e-07,3.849991683191334e-05,1.1886401811456328e-07,2.4967006294840388e-05,17.626591918058693,4
normalized_vmin0.001,normalized,0.001,1.0,7,63,1,10,1.30785016735712e-07,3.834106205791166e-05,1.1886064261031095e-07,2.480814937100284e-05,17.693089643958956,4
normalized_vmin0.001,normalized,0.001,1.0,7,63,1,11,1.3074890072897118e-07,3.8428234702680975e-05,1.1882294004875207e-07,2.4895323195495145e-05,22.12604548688978,5
normalized_vmin0.001,normalized,0.001,1.0,7,63,1,12,1.307934933348479e-07,3.8489892522974856e-05,1.1886473748144095e-07,2.4956981850343674e-05,22.197727169841528,5
normalized_vmin0.001,normalized,0.001,1.0,7,63,1,13,1.307904207458744e-07,3.833908651607043e-05,1.1886400347675653e-07,2.4807608859589436e-05,22.267601075582206,5
normalized_vmin0.001,normalized,0.001,1.0,7,63,1,14,1.307500447500097e-07,3.8431808676131496e-05,1.1882403215151595e-07,2.4898897217462412e-05,26.622978298459202,6
normalized_vmin0.001,normalized,0.001,1.0,7,63,1,15,1.3078934140035167e-07,3.850088237711269e-05,1.1886386395474984e-07,2.496797185314037e-05,26.698461579624563,6
normalized_vmin0.001,normalized,0.001,1.0,7,127,0,1,5.8463764432877674e-08,3.0474283325920837e-05,9.435269405140307e-10,3.201267917418704e-07,6.210272849071771,2
normalized_vmin0.001,normalized,0.001,1.0,7,127,0,2,5.8437227060721025e-08,3.0478117587939835e-05,9.098032360853932e-10,3.2360904778094834e-07,10.57106136996299,3
normalized_vmin0.001,normalized,0.001,1.0,7,127,0,3,5.843936870564517e-08,3.0474384325684944e-05,9.125963143540635e-10,3.3650861586131953e-07,14.836393206845969,4
normalized_vmin0.001,normalized,0.001,1.0,7,127,0,4,5.843885041126017e-08,3.047290448332518e-05,9.094907044109978e-10,3.256337641754925e-07,19.093351827934384,5
normalized_vmin0.001,normalized,0.001,1.0,7,127,0,5,5.8439191292497116e-08,3.047264425959373e-05,9.116597674257293e-10,3.2079309475463447e-07,23.49641794199124,6
normalized_vmin0.001,normalized,0.001,1.0,7,127,0,6,5.844383623035689e-08,3.0474044374617648e-05,9.076804931453094e-10,3.3099864626962017e-07,28.060632340610027,7
normalized_vmin0.001,normalized,0.001,1.0,7,127,0,7,5.8441434118112286e-08,3.0472487849708685e-05,9.080879067636678e-10,3.1599386907110727e-07,32.14511455455795,8
normalized_vmin0.001,normalized,0.001,1.0,7,127,0,8,5.844196011109843e-08,3.047299819058935e-05,9.084731572736821e-10,3.1950393153401535e-07,36.59492065850645,9
normalized_vmin0.001,normalized,0.001,1.0,7,127,0,9,5.843912261400188e-08,3.0474124601220787e-05,9.110252284616591e-10,3.322534296579249e-07,41.22171335853636,10
normalized_vmin0.001,normalized,0.001,1.0,7,127,0,10,5.8441755343675253e-08,3.047622483809409e-05,9.118453040873116e-10,3.2399892813117503e-07,45.54419335629791,11
normalized_vmin0.001,normalized,0.001,1.0,7,127,0,11,5.8440310899633745e-08,3.0477394863615004e-05,9.073487146292448e-10,3.231233733913541e-07,49.79435414401814,12
normalized_vmin0.001,normalized,0.001,1.0,7,127,0,12,5.844207333220017e-08,3.0475417648001546e-05,9.097924958770287e-10,3.268886925589243e-07,54.2029823390767,13
normalized_vmin0.001,normalized,0.001,1.0,7,127,0,13,5.8443679681405704e-08,3.0475331264323557e-05,9.130844833312834e-10,3.364443015296814e-07,58.45265910681337,14
normalized_vmin0.001,normalized,0.001,1.0,7,127,0,14,5.844162737922307e-08,3.0474550287484803e-05,9.077135331663595e-10,3.269427808483272e-07,62.84288546489552,15
normalized_vmin0.001,normalized,0.001,1.0,7,127,0,15,5.8436017978448246e-08,3.0475939301055632e-05,9.082478943128638e-10,3.163532997785268e-07,67.285873234272,16
normalized_vmin0.001,normalized,0.001,1.0,7,127,1,1,1.3377548111628978e-07,5.787936488099721e-05,1.1764493210101576e-07,2.5332634366659335e-05,6.5295452191494405,2
normalized_vmin0.001,normalized,0.001,1.0,7,127,1,2,1.33646977571618e-07,5.809853783045327e-05,1.1751803884044106e-07,2.5374623805030083e-05,6.603422517422587,2
normalized_vmin0.001,normalized,0.001,1.0,7,127,1,3,1.33684610587862e-07,5.803649991020787e-05,1.1753709596816006e-07,2.5304946499993264e-05,6.671896979212761,2
normalized_vmin0.001,normalized,0.001,1.0,7,127,1,4,1.336529852419483e-07,5.7865461927320005e-05,1.1750342036551616e-07,2.5306487293930147e-05,11.37754276022315,3
normalized_vmin0.001,normalized,0.001,1.0,7,127,1,5,1.3364344902034344e-07,5.809679327561934e-05,1.1751729486477616e-07,2.5377288236816398e-05,11.452381373383105,3
normalized_vmin0.001,normalized,0.001,1.0,7,127,1,6,1.3368580625014795e-07,5.804079064741785e-05,1.1754001886544262e-07,2.5306104248445926e-05,11.520973730366677,3
normalized_vmin0.001,normalized,0.001,1.0,7,127,1,7,1.3364979269388523e-07,5.786547508168649e-05,1.1749807857374555e-07,2.5305396225916432e-05,16.354052047245204,4
normalized_vmin0.001,normalized,0.001,1.0,7,127,1,8,1.336457348263416e-07,5.810535538985917e-05,1.1751855350500867e-07,2.537868895036155e-05,16.454134909436107,4
normalized_vmin0.001,normalized,0.001,1.0,7,127,1,9,1.3369037434372524e-07,5.803843689677901e-05,1.1754435568899968e-07,2.5308393829415188e-05,16.521640964783728,4
normalized_vmin0.001,normalized,0.001,1.0,7,127,1,10,1.3364153475928285e-07,5.7857642240422e-05,1.1749355595816002e-07,2.5307529451734645e-05,20.88830836955458,5
normalized_vmin0.001,normalized,0.001,1.0,7,127,1,11,1.336481432076295e-07,5.809414766688725e-05,1.1751783208358821e-07,2.5377228304868105e-05,20.967978068627417,5
normalized_vmin0.001,normalized,0.001,1.0,7,127,1,12,1.3369014715977162e-07,5.804524134822575e-05,1.1753972632364752e-07,2.5305823169174957e-05,21.037089744582772,5
normalized_vmin0.001,normalized,0.001,1.0,7,127,1,13,1.3364709680686372e-07,5.785546270087316e-05,1.1750087961216897e-07,2.5304896260625043e-05,26.175455850549042,6
normalized_vmin0.001,normalized,0.001,1.0,7,127,1,14,1.3364979808238358e-07,5.810969145936262e-05,1.1751969336050517e-07,2.5379673290526483e-05,26.25229678535834,6
normalized_vmin0.001,normalized,0.001,1.0,7,127,1,15,1.3368643756583317e-07,5.803943071136519e-05,1.1754110005942841e-07,2.5305854014279205e-05,26.320789967197925,6
normalized_vmin0.001,normalized,0.001,1.0,7,255,0,1,6.117727987505004e-08,4.0025709591162695e-05,8.924485377049748e-10,2.979956721382848e-07,7.934432173613459,2
normalized_vmin0.001,normalized,0.001,1.0,7,255,0,2,6.1180036705323e-08,4.004944598823279e-05,8.948649178536553e-10,2.9407231250111465e-07,12.387890538666397,3
normalized_vmin0.001,normalized,0.001,1.0,7,255,0,3,6.117189114844182e-08,4.0049079411241806e-05,8.954503876434374e-10,2.806918704134631e-07,16.57919278368354,4
normalized_vmin0.001,normalized,0.001,1.0,7,255,0,4,6.117744689290155e-08,4.004969924320534e-05,8.951192650256414e-10,2.877588443084278e-07,20.846977065782994,5
normalized_vmin0.001,normalized,0.001,1.0,7,255,0,5,6.117743810054709e-08,4.0051559243803325e-05,8.978060946594757e-10,3.000470076841566e-07,25.070713841822,6
normalized_vmin0.001,normalized,0.001,1.0,7,255,0,6,6.117461635404852e-08,4.005058079603607e-05,8.967863808762553e-10,2.8988304978661006e-07,29.429035822860897,7
normalized_vmin0.001,normalized,0.001,1.0,7,255,0,7,6.117554288756003e-08,4.004923847422681e-05,8.956828456646397e-10,2.9814026647478897e-07,33.6888066730462,8
normalized_vmin0.001,normalized,0.001,1.0,7,255,0,8,6.117492689760784e-08,4.004879937258288e-05,8.991162975076545e-10,3.0304668086067466e-07,37.83738213405013,9
normalized_vmin0.001,normalized,0.001,1.0,7,255,0,9,6.117514870061187e-08,4.004922338785022e-05,8.933871427166948e-10,2.891225052703561e-07,42.05778970383108,10
normalized_vmin0.001,normalized,0.001,1.0,7,255,0,10,6.117358521940498e-08,4.0047120972497297e-05,8.943801124239401e-10,2.8259869266911153e-07,46.187847083900124,11
normalized_vmin0.001,normalized,0.001,1.0,7,255,0,11,6.117092246233908e-08,4.00494893260106e-05,8.952335710613881e-10,2.89169334921624e-07,50.64312776690349,12
normalized_vmin0.001,normalized,0.001,1.0,7,255,0,12,6.117608554888064e-08,4.004976215887801e-05,8.964997283521638e-10,2.9098117315662364e-07,54.8584851315245,13
normalized_vmin0.001,normalized,0.001,1.0,7,255,0,13,6.117775755878259e-08,4.005077601321183e-05,8.916422331511431e-10,2.8656140971250466e-07,59.25040572369471,14
normalized_vmin0.001,normalized,0.001,1.0,7,255,0,14,6.117462809808241e-08,4.004719763162079e-05,8.959990426369452e-10,2.962570024855893e-07,63.54808598943055,15
normalized_vmin0.001,normalized,0.001,1.0,7,255,0,15,6.117888617799064e-08,4.004920431976977e-05,8.962358082577533e-10,2.8411323937937993e-07,67.87256147246808,16
normalized_vmin0.001,normalized,0.001,1.0,7,255,1,1,1.387931098902195e-07,6.390525830302085e-05,1.1916793012351517e-07,2.8030577328586048e-05,8.173073168843985,2
normalized_vmin0.001,normalized,0.001,1.0,7,255,1,2,1.3878733133018884e-07,6.381903124341726e-05,1.1916262417533964e-07,2.7944347175457018e-05,8.248230003751814,2
normalized_vmin0.001,normalized,0.001,1.0,7,255,1,3,1.3878605760403865e-07,6.404989095309954e-05,1.1915820047550952e-07,2.8175215167736134e-05,8.315729266498238,2
normalized_vmin0.001,normalized,0.001,1.0,7,255,1,4,1.3878099200007615e-07,6.389457515443286e-05,1.1915024926952155e-07,2.8019893796749074e-05,12.711109276860952,3
normalized_vmin0.001,normalized,0.001,1.0,7,255,1,5,1.387900327377713e-07,6.380878228173792e-05,1.1916994729948882e-07,2.7934097846071815e-05,12.787674731574953,3
normalized_vmin0.001,normalized,0.001,1.0,7,255,1,6,1.3878216946588534e-07,6.404761215905719e-05,1.1915651052353884e-07,2.8172936291870343e-05,12.872039640322328,3
normalized_vmin0.001,normalized,0.001,1.0,7,255,1,7,1.3877981609994978e-07,6.388574946492032e-05,1.1915060165754523e-07,2.801106779060092e-05,17.45338617404923,4
normalized_vmin0.001,normalized,0.001,1.0,7,255,1,8,1.3879203576349036e-07,6.38130574098783e-05,1.1917205928851894e-07,2.7938373127534e-05,17.528826925437897,4
normalized_vmin0.001,normalized,0.001,1.0,7,255,1,9,1.3878160568969692e-07,6.404647125701768e-05,1.1915453483518474e-07,2.8171795348863604e-05,17.597971664275974,4
normalized_vmin0.001,normalized,0.001,1.0,7,255,1,10,1.3878258686356236e-07,6.388320513395218e-05,1.1915457545606597e-07,2.800852336837245e-05,22.296188964508474,5
normalized_vmin0.001,normalized,0.001,1.0,7,255,1,11,1.387930397901692e-07,6.381964468293866e-05,1.1917035205482302e-07,2.7944960636960836e-05,22.37157786730677,5
normalized_vmin0.001,normalized,0.001,1.0,7,255,1,12,1.387841433652042e-07,6.404756435751668e-05,1.1915772713966486e-07,2.8172888488553482e-05,22.508046404458582,5
normalized_vmin0.001,normalized,0.001,1.0,7,255,1,13,1.3878135181870992e-07,6.387772804439251e-05,1.1915246223434542e-07,2.8003046082303307e-05,26.91230917861685,6
normalized_vmin0.001,normalized,0.001,1.0,7,255,1,14,1.3879394416824308e-07,6.381405697075682e-05,1.1917214944675666e-07,2.7939372724383738e-05,26.98888567648828,6
normalized_vmin0.001,normalized,0.001,1.0,7,255,1,15,1.3878678055878187e-07,6.404258862502399e-05,1.1915866061805032e-07,2.8167912577536924e-05,27.058344014454633,6
normalized_vmin0.001,normalized,0.001,1.0,7,511,0,1,6.00061731881706e-08,2.9120885052025258e-05,9.09715569012221e-10,3.2330041022099465e-07,9.105090181808919,2
normalized_vmin0.001,normalized,0.001,1.0,7,511,0,2,6.000819911953419e-08,2.9132796616204715e-05,9.100066334937656e-10,3.3428842383109725e-07,13.327483756933361,3
normalized_vmin0.001,normalized,0.001,1.0,7,511,0,3,6.00093756984355e-08,2.913714076546725e-05,9.056555356934284e-10,3.157549159915618e-07,17.609764520078897,4
normalized_vmin0.001,normalized,0.001,1.0,7,511,0,4,6.000452949142572e-08,2.9136045475830485e-05,9.111455863648548e-10,3.29755630357198e-07,21.798861886840314,5
normalized_vmin0.001,normalized,0.001,1.0,7,511,0,5,6.001005906027362e-08,2.913718561381451e-05,9.060352162740238e-10,3.3659797016305504e-07,26.142141521908343,6
normalized_vmin0.001,normalized,0.001,1.0,7,511,0,6,6.00043329749742e-08,2.913263704318325e-05,9.133075135606865e-10,3.1861611438088744e-07,30.49509719479829,7
normalized_vmin0.001,normalized,0.001,1.0,7,511,0,7,6.000319399477105e-08,2.9135202429975138e-05,9.092212639724771e-10,3.2544193429018264e-07,34.87662955978885,8
normalized_vmin0.001,normalized,0.001,1.0,7,511,0,8,6.000380116046952e-08,2.9136574564825324e-05,9.099361876913894e-10,3.165850097630596e-07,39.205089343711734,9
normalized_vmin0.001,normalized,0.001,1.0,7,511,0,9,6.000483306553358e-08,2.913702721940581e-05,9.107053562879344e-10,3.2088068002700254e-07,43.39916574861854,10
normalized_vmin0.001,normalized,0.001,1.0,7,511,0,10,6.000842795638112e-08,2.9135430609672497e-05,9.105811245540933e-10,3.167957638439134e-07,47.60092213656753,11
normalized_vmin0.001,normalized,0.001,1.0,7,511,0,11,6.000512264471236e-08,2.913810583948795e-05,9.1396573176109e-10,3.258963021668393e-07,51.90473593445495,12
normalized_vmin0.001,normalized,0.001,1.0,7,511,0,12,6.000455261160676e-08,2.9138978506315638e-05,9.119177282808258e-10,3.055099815352236e-07,56.25560905924067,13
normalized_vmin0.001,normalized,0.001,1.0,7,511,0,13,6.000686906089202e-08,2.9134910376482637e-05,9.113831460621103e-10,3.286810623670533e-07,60.41136351507157,14
normalized_vmin0.001,normalized,0.001,1.0,7,511,0,14,6.000509158848652e-08,2.9137304076609638e-05,9.104058603489533e-10,3.1375804132594e-07,64.62243982730433,15
normalized_vmin0.001,normalized,0.001,1.0,7,511,0,15,6.000891152820899e-08,2.9138686703511496e-05,9.113042623411303e-10,3.360073645986006e-07,68.89958250708878,16
normalized_vmin0.001,normalized,0.001,1.0,7,511,1,1,1.3792215555001575e-07,4.8618267032729534e-05,1.1885899397853867e-07,2.5839233712798837e-05,9.269594398792833,2
normalized_vmin0.001,normalized,0.001,1.0,7,511,1,2,1.3788309022731257e-07,4.86130676541352e-05,1.1882271308322114e-07,2.5564552694645748e-05,9.344678272027522,2
normalized_vmin0.001,normalized,0.001,1.0,7,511,1,3,1.3791088866021357e-07,4.855412833904005e-05,1.1884993891729954e-07,2.5746172418017466e-05,9.413796285167336,2
normalized_vmin0.001,normalized,0.001,1.0,7,511,1,4,1.379071662988628e-07,4.860593604727459e-05,1.1884285099664929e-07,2.5816882022189347e-05,14.166136634070426,3
normalized_vmin0.001,normalized,0.001,1.0,7,511,1,5,1.3788428758401e-07,4.861538090272788e-05,1.1882167221334672e-07,2.5566266540155702e-05,14.241524598095566,3
normalized_vmin0.001,normalized,0.001,1.0,7,511,1,6,1.3790857482378778e-07,4.8554312097826013e-05,1.1884440814070125e-07,2.5744066992405834e-05,14.308524361345917,3
normalized_vmin0.001,normalized,0.001,1.0,7,511,1,7,1.379097412128963e-07,4.8603449230189e-05,1.1884713966242596e-07,2.5819653379555163e-05,19.22931081149727,4
normalized_vmin0.001,normalized,0.001,1.0,7,511,1,8,1.3788441515917262e-07,4.86157695166467e-05,1.1882227010828313e-07,2.556966822431228e-05,19.30491173826158,4
normalized_vmin0.001,normalized,0.001,1.0,7,511,1,9,1.379062418183762e-07,4.8554024815739005e-05,1.1884073264264091e-07,2.5747206700232894e-05,19.374354982282966,4
normalized_vmin0.001,normalized,0.001,1.0,7,511,1,10,1.3791050287699098e-07,4.860270648154863e-05,1.1884355775676291e-07,2.5824263030660433e-05,23.846117972396314,5
normalized_vmin0.001,normalized,0.001,1.0,7,511,1,11,1.3788787587454304e-07,4.861524264176964e-05,1.1882107593666675e-07,2.5557439950918415e-05,23.91969212051481,5
normalized_vmin0.001,normalized,0.001,1.0,7,511,1,12,1.379093567532677e-07,4.855568711392699e-05,1.18842781946188e-07,2.5748975813533193e-05,23.98883613292128,5
normalized_vmin0.001,normalized,0.001,1.0,7,511,1,13,1.3790715945848222e-07,4.860620459112841e-05,1.1883982322623886e-07,2.581867729356535e-05,28.512353270780295,6
normalized_vmin0.001,normalized,0.001,1.0,7,511,1,14,1.378815916312079e-07,4.861286167068268e-05,1.1882480556793868e-07,2.556677205145519e-05,28.585908823646605,6
normalized_vmin0.001,normalized,0.001,1.0,7,511,1,15,1.379104506030235e-07,4.855440738849026e-05,1.1884855909246984e-07,2.5744413017281254e-05,28.653925901744515,6
normalized_vmin0.001,normalized,0.001,1.0,6,15,0,1,0.00197395387094181,0.18690722253668623,0.0019739534053935834,0.18690698541969986,4.206633583176881,2
normalized_vmin0.001,normalized,0.001,1.0,6,15,0,2,6.062283788593021e-05,0.04913562759074719,6.061934799705763e-05,0.04913535029632188,4.274887406267226,2
normalized_vmin0.001,normalized,0.001,1.0,6,15,0,3,9.362116232564544e-07,0.003560368438605521,9.093680266311573e-07,0.003560077853362209,8.532232993282378,3
normalized_vmin0.001,normalized,0.001,1.0,6,15,0,4,7.606764141363651e-08,2.9547338135982315e-05,3.742778544646699e-08,3.3530370260326237e-05,8.612247143406421,3
normalized_vmin0.001,normalized,0.001,1.0,6,15,0,5,7.602486278476795e-08,2.98613015237148e-05,3.56867819214081e-08,3.3823608358796164e-05,8.687607450410724,3
normalized_vmin0.001,normalized,0.001,1.0,6,15,0,6,7.602970533442837e-08,2.9701510822821575e-05,3.5753651820010315e-08,3.386135560989878e-05,8.757082256488502,3
normalized_vmin0.001,normalized,0.001,1.0,6,15,0,7,7.600182164172183e-08,2.974695386637194e-05,3.5673272324843023e-08,3.384753089696879e-05,13.005721759516746,4
normalized_vmin0.001,normalized,0.001,1.0,6,15,0,8,7.601436684487599e-08,2.9737657154749186e-05,3.5702014491519914e-08,3.354642741704161e-05,13.083354138303548,4
normalized_vmin0.001,normalized,0.001,1.0,6,15,0,9,7.60163734371899e-08,2.985791717802222e-05,3.5684427245597075e-08,3.382562996745442e-05,13.156477599404752,4
normalized_vmin0.001,normalized,0.001,1.0,6,15,0,10,7.602791793260799e-08,2.9695550201047638e-05,3.5750301249135014e-08,3.3851952720986844e-05,13.2288191546686,4
normalized_vmin0.001,normalized,0.001,1.0,6,15,0,11,7.60043025028296e-08,2.973972748532283e-05,3.5673843766086686e-08,3.384374243520227e-05,17.521542781963944,5
normalized_vmin0.001,normalized,0.001,1.0,6,15,0,12,7.60113140881693e-08,2.973150660157131e-05,3.5697345340894696e-08,3.355310067698625e-05,17.59859820501879,5
normalized_vmin0.001,normalized,0.001,1.0,6,15,0,13,7.602493988995013e-08,2.9857465475569e-05,3.5684759123670004e-08,3.385080699147558e-05,17.672929469961673,5
normalized_vmin0.001,normalized,0.001,1.0,6,15,0,14,7.603323794920795e-08,2.970179632444392e-05,3.575266223304773e-08,3.386303221075693e-05,17.741479272954166,5
normalized_vmin0.001,normalized,0.001,1.0,6,15,0,15,7.600241854781165e-08,2.9745094830335717e-05,3.5669317331236375e-08,3.3865146872980034e-05,22.009871860966086,6
normalized_vmin0.001,normalized,0.001,1.0,6,15,1,1,0.001974074807166716,0.18691389306906037,0.00197407349826187,0.18691492696206558,2.661739135161042,1
normalized_vmin0.001,normalized,0.001,1.0,6,15,1,2,6.073814910622155e-05,0.049153887861183465,6.073477022242336e-05,0.049155096925187824,2.7301260381937027,1
normalized_vmin0.001,normalized,0.001,1.0,6,15,1,3,1.0201435873832524e-06,0.003586808461090163,1.0057717591363726e-06,0.0035880754666633985,7.597523811273277,2
normalized_vmin0.001,normalized,0.001,1.0,6,15,1,4,1.3603572611263362e-07,4.4730793504976774e-05,1.2096583513974607e-07,4.6002303065395544e-05,7.696202368475497,2
normalized_vmin0.001,normalized,0.001,1.0,6,15,1,5,1.33990353676e-07,3.208782559560586e-05,1.1892170548282244e-07,2.6911635785387134e-05,7.76534639345482,2
normalized_vmin0.001,normalized,0.001,1.0,6,15,1,6,1.3396634609152573e-07,3.208305035162784e-05,1.188886600640685e-07,2.6911159950904207e-05,12.621086742263287,3
normalized_vmin0.001,normalized,0.001,1.0,6,15,1,7,1.339164621201926e-07,3.1839734416228005e-05,1.1884621434817434e-07,2.699173652265241e-05,12.695162327494472,3
normalized_vmin0.001,normalized,0.001,1.0,6,15,1,8,1.3400107562489908e-07,3.209448047847285e-05,1.1893435214058791e-07,2.6914973529468256e-05,12.765237945597619,3
normalized_vmin0.001,normalized,0.001,1.0,6,15,1,9,1.3396976016605012e-07,3.208015287103905e-05,1.1889659446768751e-07,2.69085154078752e-05,17.768350957427174,4
normalized_vmin0.001,normalized,0.001,1.0,6,15,1,10,1.3392181831852658e-07,3.1845353267168086e-05,1.1885117533787579e-07,2.700213870687751e-05,17.84470672905445,4
normalized_vmin0.001,normalized,0.001,1.0,6,15,1,11,1.3399548913563364e-07,3.208751415828548e-05,1.1893059061976558e-07,2.6917270997350862e-05,17.911886292044073,4
normalized_vmin0.001,normalized,0.001,1.0,6,15,1,12,1.3396766827954113e-07,3.2074226297362785e-05,1.1889219271417613e-07,2.6911481872060605e-05,22.67088901018724,5
normalized_vmin0.001,normalized,0.001,1.0,6,15,1,13,1.3392209050033303e-07,3.184259593969063e-05,1.1884888690522847e-07,2.6983718145690005e-05,22.741720507387072,5
normalized_vmin0.001,normalized,0.001,1.0,6,15,1,14,1.3399569789893475e-07,3.2085457103869786e-05,1.1892902270670613e-07,2.692569885642815e-05,22.81046173349023,5
normalized_vmin0.001,normalized,0.001,1.0,6,15,1,15,1.3396599412513472e-07,3.20836496379151e-05,1.1889494871862924e-07,2.6910103013033648e-05,27.755463883746415,6
normalized_vmin0.001,normalized,0.001,1.0,6,31,0,1,0.00013180789141174282,0.020348183984005064,0.00013180939841801406,0.020347154966676495,4.34442987665534,2
normalized_vmin0.001,normalized,0.001,1.0,6,31,0,2,4.767960879281331e-07,0.0006201176709835776,4.570758077233757e-07,0.0006190679314741487,8.457166122738272,3
normalized_vmin0.001,normalized,0.001,1.0,6,31,0,3,7.79850943889341e-08,5.6934413427578434e-05,3.730563139383669e-08,5.132161689047621e-05,8.537220402155071,3
normalized_vmin0.001,normalized,0.001,1.0,6,31,0,4,7.802002912040622e-08,5.7057755430411916e-05,3.735208757882526e-08,5.144495820097461e-05,8.612967479974031,3
normalized_vmin0.001,normalized,0.001,1.0,6,31,0,5,7.797931989070764e-08,5.697067269005984e-05,3.7277637032135297e-08,5.135787594934271e-05,8.681153618264943,3
normalized_vmin0.001,normalized,0.001,1.0,6,31,0,6,7.799186819942001e-08,5.692842633986395e-05,3.729940641952802e-08,5.1315629836290455e-05,13.101976668462157,4
normalized_vmin0.001,normalized,0.001,1.0,6,31,0,7,7.798406059902861e-08,5.69458755230734e-05,3.730246457642211e-08,5.1333078921578235e-05,13.180936885531992,4
normalized_vmin0.001,normalized,0.001,1.0,6,31,0,8,7.802129330710872e-08,5.7063629726350484e-05,3.7356585466130925e-08,5.145083246382853e-05,13.25224573444575,4
normalized_vmin0.001,normalized,0.001,1.0,6,31,0,9,7.798224769023742e-08,5.6958488462655055e-05,3.7278659102767364e-08,5.134569179032766e-05,13.320141853298992,4
normalized_vmin0.001,normalized,0.001,1.0,6,31,0,10,7.798581607690905e-08,5.6932395842590466e-05,3.72950771773258e-08,5.131959931659047e-05,17.631579633336514,5
normalized_vmin0.001,normalized,0.001,1.0,6,31,0,11,7.798134809404737e-08,5.694207291817577e-05,3.7305310187315025e-08,5.132927633799689e-05,17.7117679300718,5
normalized_vmin0.001,normalized,0.001,1.0,6,31,0,12,7.801891750233188e-08,5.7059814650539664e-05,3.735563815779807e-08,5.144701740955604e-05,17.785316864959896,5
normalized_vmin0.001,normalized,0.001,1.0,6,31,0,13,7.797448224180028e-08,5.695945683426018e-05,3.7273443155501655e-08,5.134666015660372e-05,17.85209925333038,5
normalized_vmin0.001,normalized,0.001,1.0,6,31,0,14,7.799001091593813e-08,5.6929398008387366e-05,3.72963566103232e-08,5.131660149926276e-05,22.10104725928977,6
normalized_vmin0.001,normalized,0.001,1.0,6,31,0,15,7.798339208464467e-08,5.692853930261421e-05,3.7307882806085735e-08,5.1315742798374586e-05,22.176869647111744,6
normalized_vmin0.001,normalized,0.001,1.0,6,31,1,1,0.00013192782946809311,0.020360590382756505,0.00013192869540027508,0.020364838001535324,2.8051617429591715,1
normalized_vmin0.001,normalized,0.001,1.0,6,31,1,2,5.670157170041648e-07,0.0006384448863731018,5.579711593846018e-07,0.0006427780184078413,7.347681064158678,2
normalized_vmin0.001,normalized,0.001,1.0,6,31,1,3,1.330983479645686e-07,4.591625046079795e-05,1.1876103105083491e-07,2.7000244917085858e-05,7.423144327476621,2
normalized_vmin0.001,normalized,0.001,1.0,6,31,1,4,1.3308196073267528e-07,4.5648171803969184e-05,1.1875913797027363e-07,2.6531502861693035e-05,7.495799344498664,2
normalized_vmin0.001,normalized,0.001,1.0,6,31,1,5,1.3303535810536325e-07,4.5744129983260606e-05,1.1869046318338777e-07,2.649642514085393e-05,11.913869282696396,3
normalized_vmin0.001,normalized,0.001,1.0,6,31,1,6,1.3302295312264865e-07,4.573949295372248e-05,1.1868855807047613e-07,2.6426057555761773e-05,11.988968755118549,3
normalized_vmin0.001,normalized,0.001,1.0,6,31,1,7,1.330813901741111e-07,4.5648855322988346e-05,1.1875634962697673e-07,2.6527639097828626e-05,12.055209166370332,3
normalized_vmin0.001,normalized,0.001,1.0,6,31,1,8,1.3303699962373928e-07,4.57427867701643e-05,1.1869331953756547e-07,2.6491778176596092e-05,16.90872189356014,4
normalized_vmin0.001,normalized,0.001,1.0,6,31,1,9,1.330232466151332e-07,4.573762779547241e-05,1.1868354911611102e-07,2.6440141530525985e-05,16.9844475206919,4
normalized_vmin0.001,normalized,0.001,1.0,6,31,1,10,1.3307346253040454e-07,4.564965962383649e-05,1.1874954563465708e-07,2.6532861483241632e-05,17.05570431239903,4
normalized_vmin0.001,normalized,0.001,1.0,6,31,1,11,1.330390194868267e-07,4.574740253260323e-05,1.1869465670639193e-07,2.648889071055205e-05,21.39278663834557,5
normalized_vmin0.001,normalized,0.001,1.0,6,31,1,12,1.330262729930113e-07,4.5741906085194906e-05,1.1869035171925259e-07,2.6434739547331887e-05,21.468062840402126,5
normalized_vmin0.001,normalized,0.001,1.0,6,31,1,13,1.330806603548638e-07,4.564857259681254e-05,1.1875533870429097e-07,2.65223366342493e-05,21.53803451359272,5
normalized_vmin0.001,normalized,0.001,1.0,6,31,1,14,1.3303473114309195e-07,4.574486772257469e-05,1.1869295768863778e-07,2.648803395310928e-05,26.543472818564624,6
normalized_vmin0.001,normalized,0.001,1.0,6,31,1,15,1.3302046164833663e-07,4.573771578564312e-05,1.1868459626102236e-07,2.6432605541026888e-05,26.618965558707714,6
normalized_vmin0.001,normalized,0.001,1.0,6,63,0,1,1.097983010441157e-06,0.000257503057313313,1.0915559923987953e-06,0.0002259211972285291,4.996069586835802,2
normalized_vmin0.001,normalized,0.001,1.0,6,63,0,2,7.665396611650316e-08,3.3276531681725174e-05,3.598559764853788e-08,3.654939692609993e-05,9.20193101419136,3
normalized_vmin0.001,normalized,0.001,1.0,6,63,0,3,7.6698092834357e-08,3.3380713271413676e-05,3.603644591620517e-08,3.673588894548274e-05,9.281871831975877,3
normalized_vmin0.001,normalized,0.001,1.0,6,63,0,4,7.666030611755065e-08,3.316876983261441e-05,3.6024936296328534e-08,3.66412334356081e-05,9.352873738389462,3
normalized_vmin0.001,normalized,0.001,1.0,6,63,0,5,7.664238563898657e-08,3.322782674897162e-05,3.6013276731809826e-08,3.6612263138779966e-05,9.422521125525236,3
normalized_vmin0.001,normalized,0.001,1.0,6,63,0,6,7.665579951623768e-08,3.320293959785392e-05,3.598979986473266e-08,3.654739625957859e-05,13.692947469651699,4
normalized_vmin0.001,normalized,0.001,1.0,6,63,0,7,7.669751490579303e-08,3.339465703233735e-05,3.60397893090319e-08,3.672841304269703e-05,13.771415266674012,4
normalized_vmin0.001,normalized,0.001,1.0,6,63,0,8,7.665648196164714e-08,3.316463637403899e-05,3.601759877214152e-08,3.6626458989497124e-05,13.843499752692878,4
normalized_vmin0.001,normalized,0.001,1.0,6,63,0,9,7.664238923358772e-08,3.322241808179083e-05,3.6006730331631834e-08,3.6619776059954035e-05,13.9102214560844,4
normalized_vmin0.001,normalized,0.001,1.0,6,63,0,10,7.666363487925202e-08,3.321083967344762e-05,3.5992018835159036e-08,3.655433931881724e-05,18.068556604906917,5
normalized_vmin0.001,normalized,0.001,1.0,6,63,0,11,7.669660897702203e-08,3.3385049355794116e-05,3.6040410565448705e-08,3.6723837430141515e-05,18.149841801729053,5
normalized_vmin0.001,normalized,0.001,1.0,6,63,0,12,7.666193440335436e-08,3.317680296677228e-05,3.60183915860016e-08,3.661214724703932e-05,18.222492065746337,5
normalized_vmin0.001,normalized,0.001,1.0,6,63,0,13,7.66447819638955e-08,3.321580324955331e-05,3.601528270411256e-08,3.660200337995967e-05,18.289496356621385,5
normalized_vmin0.001,normalized,0.001,1.0,6,63,0,14,7.665773352661683e-08,3.320317382027316e-05,3.599029138378956e-08,3.6561325284845125e-05,22.76398980244994,6
normalized_vmin0.001,normalized,0.001,1.0,6,63,0,15,7.66993450996637e-08,3.338458191393112e-05,3.60410732417292e-08,3.673295186601422e-05,22.84541358007118,6
normalized_vmin0.001,normalized,0.001,1.0,6,63,1,1,1.2079488862904616e-06,0.00026254356369748155,1.2044902662516045e-06,0.0002494687537117901,3.677170520182699,1
normalized_vmin0.001,normalized,0.001,1.0,6,63,1,2,1.344683793434201e-07,5.480070628305356e-05,1.1883951382958248e-07,2.5754252101384267e-05,8.502010088413954,2
normalized_vmin0.001,normalized,0.001,1.0,6,63,1,3,1.3434437422743677e-07,5.480450063921616e-05,1.1872996919974223e-07,2.5509572998183572e-05,8.577081785537302,2
normalized_vmin0.001,normalized,0.001,1.0,6,63,1,4,1.3447700315181017e-07,5.485317271314294e-05,1.1885113682708238e-07,2.5656122494832623e-05,8.646276015322655,2
normalized_vmin0.001,normalized,0.001,1.0,6,63,1,5,1.34430085691957e-07,5.479566959243343e-05,1.187989434994874e-07,2.5681956959400232e-05,13.776235961355269,3
normalized_vmin0.001,normalized,0.001,1.0,6,63,1,6,1.34345611350183e-07,5.4807249417199166e-05,1.1873027533090702e-07,2.5494928915792414e-05,13.887356981169432,3
normalized_vmin0.001,normalized,0.001,1.0,6,63,1,7,1.344720031114504e-07,5.485442809682883e-05,1.1884719073834327e-07,2.564996886111892e-05,13.95488732215017,3
normalized_vmin0.001,normalized,0.001,1.0,6,63,1,8,1.3443121526778034e-07,5.479478793235515e-05,1.1879991452221523e-07,2.568506254552183e-05,18.975724008865654,4
normalized_vmin0.001,normalized,0.001,1.0,6,63,1,9,1.3434021550932812e-07,5.480703486127059e-05,1.1872833841502191e-07,2.550146902691175e-05,19.049846809823066,4
normalized_vmin0.001,normalized,0.001,1.0,6,63,1,10,1.3447256689878915e-07,5.485276709649156e-05,1.1884555221098965e-07,2.5654894982407583e-05,19.1212286548689,4
normalized_vmin0.001,normalized,0.001,1.0,6,63,1,11,1.344316486081692e-07,5.479760565307856e-05,1.1879808036484361e-07,2.5668797965283652e-05,23.948938306886703,5
normalized_vmin0.001,normalized,0.001,1.0,6,63,1,12,1.3434183194744483e-07,5.4806231061577115e-05,1.1872804301451772e-07,2.5505887683241468e-05,24.026267803274095,5
normalized_vmin0.001,normalized,0.001,1.0,6,63,1,13,1.3447495662986507e-07,5.4852808212046966e-05,1.188457192577487e-07,2.5648161125935154e-05,24.097547312267125,5
normalized_vmin0.001,normalized,0.001,1.0,6,63,1,14,1.344299133518519e-07,5.4797143863249964e-05,1.1880118968792501e-07,2.567336182046631e-05,28.939037281554192,6
normalized_vmin0.001,normalized,0.001,1.0,6,63,1,15,1.343444882712379e-07,5.480835020599262e-05,1.1873005418020985e-07,2.5503884523603304e-05,29.011477035470307,6
normalized_vmin0.001,normalized,0.001,1.0,6,127,0,1,7.882909784693128e-08,2.851218868638039e-05,3.75466039689657e-08,2.6627155256142565e-05,8.421636556275189,3
normalized_vmin0.001,normalized,0.001,1.0,6,127,0,2,7.884498456000197e-08,2.8551072130955646e-05,3.755953999205785e-08,2.6666038774103562e-05,8.500783250201494,3
normalized_vmin0.001,normalized,0.001,1.0,6,127,0,3,7.882589568250655e-08,2.8457232988499115e-05,3.7543156422392796e-08,2.657219945467748e-05,8.57457072706893,3
normalized_vmin0.001,normalized,0.001,1.0,6,127,0,4,7.885233181697025e-08,2.8665802765059922e-05,3.762340661163133e-08,2.678076962436826e-05,8.642838738393039,3
normalized_vmin0.001,normalized,0.001,1.0,6,127,0,5,7.883443405917728e-08,2.846330176142775e-05,3.755903790819278e-08,2.6578268239041414e-05,13.609589173458517,4
normalized_vmin0.001,normalized,0.001,1.0,6,127,0,6,7.884617976437175e-08,2.8557380366112106e-05,3.756153791066629e-08,2.667234702113941e-05,13.690841361414641,4
normalized_vmin0.001,normalized,0.001,1.0,6,127,0,7,7.882713539057352e-08,2.8456354604244893e-05,3.753975709124596e-08,2.6571321068757925e-05,13.765403589699417,4
normalized_vmin0.001,normalized,0.001,1.0,6,127,0,8,7.885062267326247e-08,2.8662648195232343e-05,3.762398833155543e-08,2.6777615048545478e-05,13.834214996546507,4
normalized_vmin0.001,normalized,0.001,1.0,6,127,0,9,7.883783659525962e-08,2.847776349101938e-05,3.755993672593244e-08,2.659272999594453e-05,18.571709684561938,5
normalized_vmin0.001,normalized,0.001,1.0,6,127,0,10,7.884037694258326e-08,2.8550882487654583e-05,3.755937403759183e-08,2.6665849130469432e-05,18.647314129397273,5
normalized_vmin0.001,normalized,0.001,1.0,6,127,0,11,7.882461617743003e-08,2.8451449039956778e-05,3.7539280358270624e-08,2.6566415495143936e-05,18.72106308117509,5
normalized_vmin0.001,normalized,0.001,1.0,6,127,0,12,7.885181033113789e-08,2.8654142941841876e-05,3.7621499885528504e-08,2.676910977927882e-05,18.788652887102216,5
normalized_vmin0.001,normalized,0.001,1.0,6,127,0,13,7.883541395947447e-08,2.8472000561996502e-05,3.755635482033376e-08,2.6586967056041466e-05,23.595969663467258,6
normalized_vmin0.001,normalized,0.001,1.0,6,127,0,14,7.884894004499615e-08,2.8550862814946676e-05,3.756205498314189e-08,2.6665829457650503e-05,23.67130354233086,6
normalized_vmin0.001,normalized,0.001,1.0,6,127,0,15,7.882705668312348e-08,2.8445712005664703e-05,3.7541922769530585e-08,2.6560678450082698e-05,23.74586295336485,6
normalized_vmin0.001,normalized,0.001,1.0,6,127,1,1,1.3291239985655594e-07,4.945814287371508e-05,1.1933459308812645e-07,2.8697610686134745e-05,6.826390444301069,2
normalized_vmin0.001,normalized,0.001,1.0,6,127,1,2,1.328039297619993e-07,4.944756656988236e-05,1.1921324475703721e-07,2.8342814892168278e-05,6.901617017574608,2
normalized_vmin0.001,normalized,0.001,1.0,6,127,1,3,1.3283026146314173e-07,4.956164547498254e-05,1.1924241568645908e-07,2.8637741789960813e-05,6.971195349935442,2
normalized_vmin0.001,normalized,0.001,1.0,6,127,1,4,1.3279424549842553e-07,4.9458086849196725e-05,1.1919488952903142e-07,2.859484081285668e-05,12.119940518867224,3
normalized_vmin0.001,normalized,0.001,1.0,6,127,1,5,1.3280250126496577e-07,4.944900511827388e-05,1.1920959685236262e-07,2.8342595330466125e-05,12.191418170928955,3
normalized_vmin0.001,normalized,0.001,1.0,6,127,1,6,1.328339308285209e-07,4.9560384767888266e-05,1.1924192733946264e-07,2.8642408856471846e-05,12.261192868929356,3
normalized_vmin0.001,normalized,0.001,1.0,6,127,1,7,1.327917462226148e-07,4.946072968570192e-05,1.1919413405798423e-07,2.8589463975770002e-05,17.394548892509192,4
normalized_vmin0.001,normalized,0.001,1.0,6,127,1,8,1.3279630591724718e-07,4.945179182902493e-05,1.1920859213608378e-07,2.8349069365551927e-05,17.470475286711007,4
normalized_vmin0.001,normalized,0.001,1.0,6,127,1,9,1.3282753544787657e-07,4.955862939604039e-05,1.1924211652049365e-07,2.8636178269092483e-05,17.53773791063577,4
normalized_vmin0.001,normalized,0.001,1.0,6,127,1,10,1.3279015770251092e-07,4.945759930807814e-05,1.1919125859578678e-07,2.8584098212713904e-05,22.564846882596612,5
normalized_vmin0.001,normalized,0.001,1.0,6,127,1,11,1.3279901266117448e-07,4.9444979253077115e-05,1.1920756287678812e-07,2.8346822688707363e-05,22.638548088725656,5
normalized_vmin0.001,normalized,0.001,1.0,6,127,1,12,1.3283522833835675e-07,4.9559284143518845e-05,1.192459779622996e-07,2.8637092607253223e-05,22.70610160008073,5
normalized_vmin0.001,normalized,0.001,1.0,6,127,1,13,1.3279359362571147e-07,4.945983258186626e-05,1.1919947009581599e-07,2.8595122050889543e-05,27.58361434005201,6
normalized_vmin0.001,normalized,0.001,1.0,6,127,1,14,1.3280591803071373e-07,4.94482544863839e-05,1.1921428777426213e-07,2.834430054143855e-05,27.659875427838415,6
normalized_vmin0.001,normalized,0.001,1.0,6,127,1,15,1.3283157592322155e-07,4.955974885001435e-05,1.192424618904936e-07,2.8638481666232174e-05,27.72819490171969,6
normalized_vmin0.001,normalized,0.001,1.0,6,255,0,1,7.886975108724044e-08,4.334684530926669e-05,3.639301978015331e-08,2.356856378682437e-05,9.724897766951472,3
normalized_vmin0.001,normalized,0.001,1.0,6,255,0,2,7.887561177019514e-08,4.32267449370638e-05,3.6452008141200356e-08,2.3579242570681558e-05,9.804734454024583,3
normalized_vmin0.001,normalized,0.001,1.0,6,255,0,3,7.890126332354565e-08,4.341013469066901e-05,3.6438358211130374e-08,2.362027543134637e-05,9.879091592039913,3
normalized_vmin0.001,normalized,0.001,1.0,6,255,0,4,7.88683547592206e-08,4.325265069882178e-05,3.6385654418387723e-08,2.3533280382626032e-05,9.947099655400962,3
normalized_vmin0.001,normalized,0.001,1.0,6,255,0,5,7.886930879686768e-08,4.333820749746753e-05,3.639871938435676e-08,2.357883622550183e-05,15.102979324292392,4
normalized_vmin0.001,normalized,0.001,1.0,6,255,0,6,7.887355099050697e-08,4.322230118380954e-05,3.644520790344234e-08,2.3573597759396492e-05,15.17978550400585,4
normalized_vmin0.001,normalized,0.001,1.0,6,255,0,7,7.890294163341778e-08,4.3407692768449024e-05,3.643714856822004e-08,2.3621222389857977e-05,15.256295580882579,4
normalized_vmin0.001,normalized,0.001,1.0,6,255,0,8,7.886767728328907e-08,4.324443350767204e-05,3.6386088295961485e-08,2.3530710011376854e-05,15.33197063067928,4
normalized_vmin0.001,normalized,0.001,1.0,6,255,0,9,7.886911702465447e-08,4.3340697088001257e-05,3.639765893829393e-08,2.3580855010418844e-05,20.28790595382452,5
normalized_vmin0.001,normalized,0.001,1.0,6,255,0,10,7.887206862630474e-08,4.322111191268352e-05,3.6444589142150814e-08,2.3575308463419375e-05,20.368103242013603,5
normalized_vmin0.001,normalized,0.001,1.0,6,255,0,11,7.890201114006112e-08,4.340712251837964e-05,3.643634484181766e-08,2.3619576685174337e-05,20.440013927873224,5
normalized_vmin0.001,normalized,0.001,1.0,6,255,0,12,7.886861871284396e-08,4.325221617862418e-05,3.6383057052380554e-08,2.3533271530817856e-05,20.508384039625525,5
normalized_vmin0.001,normalized,0.001,1.0,6,255,0,13,7.88648311490992e-08,4.3343140180507334e-05,3.639503648800911e-08,2.3578373979260547e-05,25.37371966941282,6
normalized_vmin0.001,normalized,0.001,1.0,6,255,0,14,7.887989918370475e-08,4.321674167828693e-05,3.644995961122813e-08,2.357348058779074e-05,25.45628711534664,6
normalized_vmin0.001,normalized,0.001,1.0,6,255,0,15,7.89013845876894e-08,4.3406406094348426e-05,3.64376603887119e-08,2.3619037506250606e-05,25.52737374510616,6
normalized_vmin0.001,normalized,0.001,1.0,6,255,1,1,1.3523037022600262e-07,5.2430118614221755e-05,1.184092960620539e-07,2.6124065850230416e-05,8.599616876337677,2
normalized_vmin0.001,normalized,0.001,1.0,6,255,1,2,1.352236537774451e-07,5.2630076465609577e-05,1.1838913506761491e-07,2.5868273040519085e-05,8.675941475201398,2
normalized_vmin0.001,normalized,0.001,1.0,6,255,1,3,1.3523425867212696e-07,5.2118228072717265e-05,1.1840777294819433e-07,2.6169229524586335e-05,8.745062564965338,2
normalized_vmin0.001,normalized,0.001,1.0,6,255,1,4,1.3521614806412602e-07,5.2422886702929716e-05,1.1839903511347912e-07,2.610974855299375e-05,13.64195389021188,3
normalized_vmin0.001,normalized,0.001,1.0,6,255,1,5,1.3522197460329782e-07,5.264188801923364e-05,1.183933167858597e-07,2.586181611086147e-05,13.71624808292836,3
normalized_vmin0.001,normalized,0.001,1.0,6,255,1,6,1.3523207946769856e-07,5.2122500996953924e-05,1.1840839440910522e-07,2.617341017352448e-05,13.78649731585756,3
normalized_vmin0.001,normalized,0.001,1.0,6,255,1,7,1.352174992851071e-07,5.243829039935921e-05,1.1839792693420947e-07,2.610017280380017e-05,18.45431355573237,4
normalized_vmin0.001,normalized,0.001,1.0,6,255,1,8,1.3522143979229211e-07,5.264173686869711e-05,1.1838868640018182e-07,2.5872188502029658e-05,18.53290026448667,4
normalized_vmin0.001,normalized,0.001,1.0,6,255,1,9,1.3523042322001588e-07,5.211292958429148e-05,1.1840824864268017e-07,2.6177805246607733e-05,18.62977199163288,4
normalized_vmin0.001,normalized,0.001,1.0,6,255,1,10,1.3521839007026392e-07,5.2421587221740396e-05,1.1839762429606624e-07,2.6095040144724635e-05,23.573512099217623,5
normalized_vmin0.001,normalized,0.001,1.0,6,255,1,11,1.3522480209416716e-07,5.264794067116885e-05,1.1839381354217552e-07,2.5871886939143884e-05,23.670477598905563,5
normalized_vmin0.001,normalized,0.001,1.0,6,255,1,12,1.3523208050929836e-07,5.2127451721339924e-05,1.1841033231919695e-07,2.616931709331638e-05,23.74001708580181,5
normalized_vmin0.001,normalized,0.001,1.0,6,255,1,13,1.352163160496449e-07,5.2416639833574585e-05,1.1839402654146468e-07,2.6101346005114046e-05,28.780002538580447,6
normalized_vmin0.001,normalized,0.001,1.0,6,255,1,14,1.3522102198077512e-07,5.26296076772681e-05,1.183919460000574e-07,2.586682755223446e-05,28.85703605832532,6
normalized_vmin0.001,normalized,0.001,1.0,6,255,1,15,1.352288995838182e-07,5.212544915322859e-05,1.1841204825074894e-07,2.6171645122419207e-05,28.924624308012426,6
normalized_vmin0.001,normalized,0.001,1.0,6,511,0,1,8.207094341871864e-08,4.4317694246620576e-05,3.832503811793716e-08,4.7556631344813916e-05,10.92921482771635,3
normalized_vmin0.001,normalized,0.001,1.0,6,511,0,2,8.204495789619108e-08,4.422913637736059e-05,3.8329329187911825e-08,4.746807376243556e-05,11.011258643586189,3
normalized_vmin0.001,normalized,0.001,1.0,6,511,0,3,8.202906820980435e-08,4.4470703598031847e-05,3.829532885965301e-08,4.770964020073265e-05,11.084700257983059,3
normalized_vmin0.001,normalized,0.001,1.0,6,511,0,4,8.209742079379352e-08,4.4376993628358896e-05,3.8366968952667225e-08,4.761593053448365e-05,11.153204505331814,3
normalized_vmin0.001,normalized,0.001,1.0,6,511,0,5,8.207608044398764e-08,4.431046693031959e-05,3.8326049925653765e-08,4.754940405193864e-05,16.254494844935834,4
normalized_vmin0.001,normalized,0.001,1.0,6,511,0,6,8.20448560538047e-08,4.422781106427909e-05,3.832482755228208e-08,4.7466748453572905e-05,16.33404454169795,4
normalized_vmin0.001,normalized,0.001,1.0,6,511,0,7,8.203417548561606e-08,4.447843443344812e-05,3.829779572422912e-08,4.7717371011057885e-05,16.405438386835158,4
normalized_vmin0.001,normalized,0.001,1.0,6,511,0,8,8.210048616226175e-08,4.4389178848192046e-05,3.836961800048793e-08,4.7628115714903885e-05,16.47153970086947,4
normalized_vmin0.001,normalized,0.001,1.0,6,511,0,9,8.20749441199409e-08,4.431587890052491e-05,3.832327929991782e-08,4.755481600460243e-05,21.33504243288189,5
normalized_vmin0.001,normalized,0.001,1.0,6,511,0,10,8.204630481196458e-08,4.422858910257954e-05,3.833198311691913e-08,4.7467526489319845e-05,21.414304124191403,5
normalized_vmin0.001,normalized,0.001,1.0,6,511,0,11,8.202754415127605e-08,4.446074459230065e-05,3.829365437495118e-08,4.76996812270869e-05,21.485898623242974,5
normalized_vmin0.001,normalized,0.001,1.0,6,511,0,12,8.210521300473469e-08,4.438493694614021e-05,3.83737712439482e-08,4.762387382650779e-05,21.552595789544284,5
normalized_vmin0.001,normalized,0.001,1.0,6,511,0,13,8.207076267874026e-08,4.4306692273177184e-05,3.832375586393719e-08,4.754562940700868e-05,26.606574753765017,6
normalized_vmin0.001,normalized,0.001,1.0,6,511,0,14,8.204871343037089e-08,4.422019486205464e-05,3.833531656687332e-08,4.745913227599541e-05,26.702763166744262,6
normalized_vmin0.001,normalized,0.001,1.0,6,511,0,15,8.202864937288621e-08,4.447100776272528e-05,3.8295531833402606e-08,4.770994436431586e-05,26.79071528185159,6
normalized_vmin0.001,normalized,0.001,1.0,6,511,1,1,1.3302255881786126e-07,3.1633247509765816e-05,1.1835453115719314e-07,2.6510067140050886e-05,9.646426736842841,2
normalized_vmin0.001,normalized,0.001,1.0,6,511,1,2,1.3299158547611098e-07,3.1689704765858195e-05,1.1832760168067129e-07,2.631081966875115e-05,9.721854159142822,2
normalized_vmin0.001,normalized,0.001,1.0,6,511,1,3,1.330578968072387e-07,3.169738619901441e-05,1.1838389072205854e-07,2.619795839597927e-05,9.79071569815278,2
normalized_vmin0.001,normalized,0.001,1.0,6,511,1,4,1.330085130191981e-07,3.162042969806489e-05,1.1833841273276418e-07,2.6490735738238236e-05,14.43107532011345,3
normalized_vmin0.001,normalized,0.001,1.0,6,511,1,5,1.3299390956754772e-07,3.168573985268264e-05,1.1833097172396669e-07,2.630648622825582e-05,14.503114973194897,3
normalized_vmin0.001,normalized,0.001,1.0,6,511,1,6,1.3306043910444912e-07,3.169936495917014e-05,1.183873917825874e-07,2.6202414099674165e-05,14.573754612356424,3
normalized_vmin0.001,normalized,0.001,1.0,6,511,1,7,1.330078234245663e-07,3.162141914314631e-05,1.1833570178783467e-07,2.6502097733582808e-05,19.407566082663834,4
normalized_vmin0.001,normalized,0.001,1.0,6,511,1,8,1.3299137321825348e-07,3.1686930817453884e-05,1.1832839457509776e-07,2.6310504741999807e-05,19.483974704518914,4
normalized_vmin0.001,normalized,0.001,1.0,6,511,1,9,1.3305744639080454e-07,3.1698261061086086e-05,1.183829385566287e-07,2.6199930387993398e-05,19.554374133236706,4
normalized_vmin0.001,normalized,0.001,1.0,6,511,1,10,1.3300806801058482e-07,3.161711863186589e-05,1.1833630286355598e-07,2.6491378534831966e-05,24.329278741497546,5
normalized_vmin0.001,normalized,0.001,1.0,6,511,1,11,1.3299293652909154e-07,3.16856655340203e-05,1.1833108230392144e-07,2.6304943368082867e-05,24.405485074501485,5
normalized_vmin0.001,normalized,0.001,1.0,6,511,1,12,1.330559986823116e-07,3.1700409845458744e-05,1.1838399215162139e-07,2.6205340321938664e-05,24.47670095367357,5
normalized_vmin0.001,normalized,0.001,1.0,6,511,1,13,1.3300722308158948e-07,3.1622620541793545e-05,1.1833899685611038e-07,2.6487049236911808e-05,28.868103954941034,6
normalized_vmin0.001,normalized,0.001,1.0,6,511,1,14,1.3298748617440574e-07,3.167865759279298e-05,1.1832760280871928e-07,2.629746522875287e-05,28.94452793104574,6
normalized_vmin0.001,normalized,0.001,1.0,6,511,1,15,1.3305739230561295e-07,3.169461151864006e-05,1.1838189646500751e-07,2.6210289523764807e-05,29.014460059348494,6
normalized_vmin0.001,normalized,0.001,1.0,5,15,1,1,0.001974074843284753,0.18691293422030764,0.00197407370194333,0.18691609768282225,2.498466028831899,1
normalized_vmin0.001,normalized,0.001,1.0,5,15,1,2,6.073787007947384e-05,0.049151562846872054,6.07346989095832e-05,0.04915526229495648,2.5632228017784655,1
normalized_vmin0.001,normalized,0.001,1.0,5,15,1,3,1.02042938870671e-06,0.0035835713036274086,1.0056017589633865e-06,0.003587448042237318,7.15421744575724,2
normalized_vmin0.001,normalized,0.001,1.0,5,15,1,4,1.3688260035497023e-07,4.605912956900937e-05,1.209709999015223e-07,4.516842522672704e-05,7.2329470766708255,2
normalized_vmin0.001,normalized,0.001,1.0,5,15,1,5,1.3481817965085667e-07,3.809762335182931e-05,1.1889125572078351e-07,2.6325434954288518e-05,7.302182932849973,2
normalized_vmin0.001,normalized,0.001,1.0,5,15,1,6,1.3476469263401538e-07,3.818481943962393e-05,1.1885076954129754e-07,2.6136485732686232e-05,11.91785085387528,3
normalized_vmin0.001,normalized,0.001,1.0,5,15,1,7,1.347699073826651e-07,3.816588945615429e-05,1.1885862463784173e-07,2.61619624724041e-05,11.991315106861293,3
normalized_vmin0.001,normalized,0.001,1.0,5,15,1,8,1.348232162980492e-07,3.809746204208597e-05,1.1889197531997521e-07,2.6330468416158048e-05,12.061039448715746,3
normalized_vmin0.001,normalized,0.001,1.0,5,15,1,9,1.3476243090967553e-07,3.818582618353439e-05,1.1884883561077327e-07,2.6134208532035963e-05,16.36363334953785,4
normalized_vmin0.001,normalized,0.001,1.0,5,15,1,10,1.347728443543928e-07,3.816529915690037e-05,1.188650345867819e-07,2.616825054291283e-05,16.435722816735506,4
normalized_vmin0.001,normalized,0.001,1.0,5,15,1,11,1.3481787973507057e-07,3.809714861979785e-05,1.1888908822788665e-07,2.633326411416448e-05,16.503393232822418,4
normalized_vmin0.001,normalized,0.001,1.0,5,15,1,12,1.3476463065741423e-07,3.818688128109926e-05,1.1885026411778484e-07,2.613688765762401e-05,21.09987429296598,5
normalized_vmin0.001,normalized,0.001,1.0,5,15,1,13,1.347735388910146e-07,3.816057345462642e-05,1.18863510770339e-07,2.6161456721518483e-05,21.17545112874359,5
normalized_vmin0.001,normalized,0.001,1.0,5,15,1,14,1.3482049540394184e-07,3.809424884859691e-05,1.1889067505975901e-07,2.631624491189477e-05,21.24468458071351,5
normalized_vmin0.001,normalized,0.001,1.0,5,15,1,15,1.3476313591450988e-07,3.818833236002295e-05,1.1885163116051467e-07,2.6135379524894198e-05,25.929745527449995,6
normalized_vmin0.001,normalized,0.001,1.0,5,31,1,1,0.00013193258144741379,0.020379786220813267,0.00013192768900542202,0.020359178768265318,2.5112894768826663,1
normalized_vmin0.001,normalized,0.001,1.0,5,31,1,2,5.72005916904469e-07,0.0006622640497674359,5.57364028965407e-07,0.0006412418161678701,6.62709187855944,2
normalized_vmin0.001,normalized,0.001,1.0,5,31,1,3,1.3695742538863116e-07,4.680313253502266e-05,1.181718896433791e-07,2.5812004725400683e-05,6.704915867652744,2
normalized_vmin0.001,normalized,0.001,1.0,5,31,1,4,1.368924237045591e-07,4.642927595821522e-05,1.1809903395579787e-07,2.5558070792186527e-05,6.77549701044336,2
normalized_vmin0.001,normalized,0.001,1.0,5,31,1,5,1.3686242869300847e-07,4.6260206560400086e-05,1.18077021084407e-07,2.560026374454072e-05,10.881147951353341,3
normalized_vmin0.001,normalized,0.001,1.0,5,31,1,6,1.3687685490877785e-07,4.622798924769356e-05,1.1809092225697167e-07,2.548892553311255e-05,10.952069490216672,3
normalized_vmin0.001,normalized,0.001,1.0,5,31,1,7,1.3689167912218483e-07,4.64289594913625e-05,1.1809835692873282e-07,2.5560497600829457e-05,11.019757717847824,3
normalized_vmin0.001,normalized,0.001,1.0,5,31,1,8,1.3686300500196413e-07,4.62599324423385e-05,1.1807582497775062e-07,2.559728559392571e-05,15.410282645840198,4
normalized_vmin0.001,normalized,0.001,1.0,5,31,1,9,1.3687867802822596e-07,4.622189469583038e-05,1.1809266717147034e-07,2.5492072052601955e-05,15.487858938518912,4
normalized_vmin0.001,normalized,0.001,1.0,5,31,1,10,1.3689078507816022e-07,4.641951382255982e-05,1.1809945409551367e-07,2.555956453220709e-05,15.558398006483912,4
normalized_vmin0.001,normalized,0.001,1.0,5,31,1,11,1.368598477294589e-07,4.62585750165001e-05,1.1807059609785374e-07,2.5599483713834026e-05,19.86071190936491,5
normalized_vmin0.001,normalized,0.001,1.0,5,31,1,12,1.3687839643411486e-07,4.622541361920529e-05,1.1809244276265416e-07,2.5495702175359902e-05,19.93728858139366,5
normalized_vmin0.001,normalized,0.001,1.0,5,31,1,13,1.368883829568693e-07,4.6432859846956553e-05,1.1809758652969217e-07,2.5561562998155374e-05,20.007861635647714,5
normalized_vmin0.001,normalized,0.001,1.0,5,31,1,14,1.368562378148896e-07,4.6258861165160425e-05,1.1807225072399687e-07,2.55969035306558e-05,24.295408997684717,6
normalized_vmin0.001,normalized,0.001,1.0,5,31,1,15,1.3687924463885766e-07,4.622964723532963e-05,1.1809304251878962e-07,2.549592823186675e-05,24.37045264709741,6
normalized_vmin0.001,normalized,0.001,1.0,5,63,1,1,1.2042861021660272e-06,0.00023083596899442504,1.2045549400737934e-06,0.00025111063400629074,3.1011311961337924,1
normalized_vmin0.001,normalized,0.001,1.0,5,63,1,2,1.3179426420165282e-07,4.3081540471390234e-05,1.188286680344275e-07,2.7460805825718637e-05,8.010129236150533,2
normalized_vmin0.001,normalized,0.001,1.0,5,63,1,3,1.3172372527273733e-07,4.3112955614876824e-05,1.1876391036500278e-07,2.7535120920019196e-05,8.086914546787739,2
normalized_vmin0.001,normalized,0.001,1.0,5,63,1,4,1.3180475677652682e-07,4.306695729705545e-05,1.188136598714344e-07,2.7495229883656158e-05,8.15736784087494,2
normalized_vmin0.001,normalized,0.001,1.0,5,63,1,5,1.31755853028163e-07,4.3075508971091026e-05,1.1879308983414307e-07,2.7383358567223404e-05,13.239423546940088,3
normalized_vmin0.001,normalized,0.001,1.0,5,63,1,6,1.3172306742966072e-07,4.310837757504071e-05,1.1876018008365679e-07,2.754044621700036e-05,13.3153469809331,3
normalized_vmin0.001,normalized,0.001,1.0,5,63,1,7,1.317986457710704e-07,4.306763132633229e-05,1.1880749607556774e-07,2.7481790762395875e-05,13.383681771811098,3
normalized_vmin0.001,normalized,0.001,1.0,5,63,1,8,1.3175289815831403e-07,4.307779219314689e-05,1.1878746158746793e-07,2.7390229489165918e-05,18.073953330051154,4
normalized_vmin0.001,normalized,0.001,1.0,5,63,1,9,1.317260204768032e-07,4.3110812345759086e-05,1.1876508334242842e-07,2.7531428032800953e-05,18.149025173857808,4
normalized_vmin0.001,normalized,0.001,1.0,5,63,1,10,1.3180673673601745e-07,4.3066337392039244e-05,1.1881437357885128e-07,2.7490300123278466e-05,18.217793988995254,4
normalized_vmin0.001,normalized,0.001,1.0,5,63,1,11,1.317564424229747e-07,4.307685173343678e-05,1.1878928542504412e-07,2.7377642328629825e-05,23.09547524014488,5
normalized_vmin0.001,normalized,0.001,1.0,5,63,1,12,1.3172510477681937e-07,4.3107205441650365e-05,1.1876269611428404e-07,2.7528058914816356e-05,23.17033460503444,5
normalized_vmin0.001,normalized,0.001,1.0,5,63,1,13,1.3180568602508386e-07,4.306646475105147e-05,1.1881106933440337e-07,2.7483496652491723e-05,23.23931354470551,5
normalized_vmin0.001,normalized,0.001,1.0,5,63,1,14,1.3175294834650694e-07,4.307312865770019e-05,1.1878494549051122e-07,2.7384687884879355e-05,28.007574915885925,6
normalized_vmin0.001,normalized,0.001,1.0,5,63,1,15,1.3172962792979648e-07,4.310680876729034e-05,1.1876887511478513e-07,2.7538010263894463e-05,28.07997559569776,6
normalized_vmin0.001,normalized,0.001,1.0,5,127,1,1,1.2913279951278213e-07,4.4466464418801976e-05,1.1870168743196912e-07,2.6917630864264908e-05,6.47308293171227,2
normalized_vmin0.001,normalized,0.001,1.0,5,127,1,2,1.2900795658995126e-07,4.444817248339117e-05,1.1854150917706919e-07,2.6700672746571286e-05,6.547804346773773,2
normalized_vmin0.001,normalized,0.001,1.0,5,127,1,3,1.2907780796178286e-07,4.432256570408022e-05,1.1863770200107635e-07,2.6914863034299685e-05,6.619605305604637,2
normalized_vmin0.001,normalized,0.001,1.0,5,127,1,4,1.2901846978842073e-07,4.4453966722368676e-05,1.1856045466022145e-07,2.680741579108581e-05,11.1824841927737,3
normalized_vmin0.001,normalized,0.001,1.0,5,127,1,5,1.2901053107511163e-07,4.445348026282936e-05,1.1853962872198121e-07,2.6701833275688536e-05,11.256796384695917,3
normalized_vmin0.001,normalized,0.001,1.0,5,127,1,6,1.2907185565776792e-07,4.431881589306297e-05,1.1863185396818602e-07,2.6909983010914296e-05,11.324566079769284,3
normalized_vmin0.001,normalized,0.001,1.0,5,127,1,7,1.2901501118663808e-07,4.445298192479186e-05,1.1855974995459979e-07,2.6819098863595237e-05,16.053181003779173,4
normalized_vmin0.001,normalized,0.001,1.0,5,127,1,8,1.2900054946147555e-07,4.445864457014448e-05,1.1853963375286564e-07,2.6687560821692102e-05,16.12799752689898,4
normalized_vmin0.001,normalized,0.001,1.0,5,127,1,9,1.2907301300033416e-07,4.433005800219547e-05,1.1863492123698961e-07,2.6903251101106918e-05,16.19836752768606,4
normalized_vmin0.001,normalized,0.001,1.0,5,127,1,10,1.2901878776193284e-07,4.445826133703257e-05,1.1856214109965153e-07,2.6804694692295072e-05,21.107240047305822,5
normalized_vmin0.001,normalized,0.001,1.0,5,127,1,11,1.290071673054708e-07,4.444950317528118e-05,1.1854037593054048e-07,2.6701675518769896e-05,21.183559791184962,5
normalized_vmin0.001,normalized,0.001,1.0,5,127,1,12,1.2907031245312033e-07,4.431489832457114e-05,1.1862972681593123e-07,2.690192184395812e-05,21.254899154417217,5
normalized_vmin0.001,normalized,0.001,1.0,5,127,1,13,1.290158280846603e-07,4.445157729360272e-05,1.1855834012705334e-07,2.6817286406743968e-05,26.15511783817783,6
normalized_vmin0.001,normalized,0.001,1.0,5,127,1,14,1.2900885985336706e-07,4.4456385777214e-05,1.1853901981112043e-07,2.6692584773613248e-05,26.230858830735087,6
normalized_vmin0.001,normalized,0.001,1.0,5,127,1,15,1.2907023480751757e-07,4.4332886634412816e-05,1.1863494905353127e-07,2.6910966958837435e-05,26.300339213572443,6
normalized_vmin0.001,normalized,0.001,1.0,5,255,1,1,1.3260137673449713e-07,4.3246744751535005e-05,1.1832881041394278e-07,2.5947724088482005e-05,7.67425456084311,2
normalized_vmin0.001,normalized,0.001,1.0,5,255,1,2,1.3259163830543644e-07,4.3243038086338004e-05,1.1831512612791152e-07,2.602646023741606e-05,7.748853651806712,2
normalized_vmin0.001,normalized,0.001,1.0,5,255,1,3,1.325992513204827e-07,4.325103834335042e-05,1.1832327473507354e-07,2.5910691146879827e-05,7.818920110817999,2
normalized_vmin0.001,normalized,0.001,1.0,5,255,1,4,1.325859864042109e-07,4.3238191746231e-05,1.1831466781432831e-07,2.593151451957265e-05,12.77833358477801,3
normalized_vmin0.001,normalized,0.001,1.0,5,255,1,5,1.3258984070754166e-07,4.324381159748203e-05,1.1831518967320753e-07,2.602603542423143e-05,12.853872447740287,3
normalized_vmin0.001,normalized,0.001,1.0,5,255,1,6,1.3259706974090953e-07,4.324587055626328e-05,1.1831594888221788e-07,2.5907703944727523e-05,12.923992718104273,3
normalized_vmin0.001,normalized,0.001,1.0,5,255,1,7,1.325797618346044e-07,4.323105648917913e-05,1.183129810499459e-07,2.593038085507704e-05,17.875836074817926,4
normalized_vmin0.001,normalized,0.001,1.0,5,255,1,8,1.3258998510433137e-07,4.324536163646808e-05,1.1830966246953651e-07,2.6026640944420976e-05,17.951939053833485,4
normalized_vmin0.001,normalized,0.001,1.0,5,255,1,9,1.325969571047857e-07,4.324559227275593e-05,1.1831626311151232e-07,2.590752575681865e-05,18.019892759621143,4
normalized_vmin0.001,normalized,0.001,1.0,5,255,1,10,1.3257929995476515e-07,4.323670572259353e-05,1.183072375569268e-07,2.5934029762364474e-05,22.650766705628484,5
normalized_vmin0.001,normalized,0.001,1.0,5,255,1,11,1.325937582088612e-07,4.3249579701254426e-05,1.1831740455078764e-07,2.6022492104926798e-05,22.72737004654482,5
normalized_vmin0.001,normalized,0.001,1.0,5,255,1,12,1.3260147826401326e-07,4.3250195232324984e-05,1.1832245307403938e-07,2.5907576957751033e-05,22.808789261616766,5
normalized_vmin0.001,normalized,0.001,1.0,5,255,1,13,1.3258576331993062e-07,4.323707172515512e-05,1.1831170601139609e-07,2.5936788785041465e-05,27.62651180382818,6
normalized_vmin0.001,normalized,0.001,1.0,5,255,1,14,1.3259653300771502e-07,4.3241949208683295e-05,1.1831588132046444e-07,2.6029007019756634e-05,27.706708731129766,6
normalized_vmin0.001,normalized,0.001,1.0,5,255,1,15,1.326019874281827e-07,4.325047390130177e-05,1.1832094242082052e-07,2.5914675828464517e-05,27.777208141982555,6
normalized_vmin0.001,normalized,0.001,1.0,5,511,1,1,1.340496534264467e-07,3.137626744786903e-05,1.1880334448938841e-07,2.727914959732569e-05,9.394259238615632,2
normalized_vmin0.001,normalized,0.001,1.0,5,511,1,2,1.3402980632520287e-07,3.1500975219422855e-05,1.1878449724646246e-07,2.717255302853161e-05,9.470873382873833,2
normalized_vmin0.001,normalized,0.001,1.0,5,511,1,3,1.3405319089552806e-07,3.14288548305397e-05,1.1881113558434334e-07,2.7344573435450492e-05,9.538776192814112,2
normalized_vmin0.001,normalized,0.001,1.0,5,511,1,4,1.3404260265325305e-07,3.136476228227103e-05,1.187951264512508e-07,2.7257672987945902e-05,14.327351133804768,3
normalized_vmin0.001,normalized,0.001,1.0,5,511,1,5,1.3402691399804073e-07,3.149720063266859e-05,1.1878067828692651e-07,2.71751038909418e-05,14.40447051776573,3
normalized_vmin0.001,normalized,0.001,1.0,5,511,1,6,1.340503657353749e-07,3.1439148078793444e-05,1.1880870387770607e-07,2.7335399142347505e-05,14.475094391033053,3
normalized_vmin0.001,normalized,0.001,1.0,5,511,1,7,1.3403832590410848e-07,3.137501863759162e-05,1.1879482082529711e-07,2.7263276359712485e-05,18.670781481079757,4
normalized_vmin0.001,normalized,0.001,1.0,5,511,1,8,1.3402357169282802e-07,3.1496627659888254e-05,1.1877891771407175e-07,2.7172328655789002e-05,18.74705071328208,4
normalized_vmin0.001,normalized,0.001,1.0,5,511,1,9,1.3404988644250337e-07,3.143414939854594e-05,1.1880711697910106e-07,2.7343593536954813e-05,18.816290318965912,4
normalized_vmin0.001,normalized,0.001,1.0,5,511,1,10,1.3403453304478488e-07,3.136624235633434e-05,1.1878719995303433e-07,2.7259052465256062e-05,23.615758479572833,5
normalized_vmin0.001,normalized,0.001,1.0,5,511,1,11,1.340226892768751e-07,3.1506226639610446e-05,1.187769851372857e-07,2.716943402980565e-05,23.692585068754852,5
normalized_vmin0.001,normalized,0.001,1.0,5,511,1,12,1.3405280997673776e-07,3.144051988468455e-05,1.1881265062087978e-07,2.7345027308056657e-05,23.76015186170116,5
normalized_vmin0.001,normalized,0.001,1.0,5,511,1,13,1.3403393987200632e-07,3.137414028742125e-05,1.1878850366563146e-07,2.725755455723622e-05,28.227240934036672,6
normalized_vmin0.001,normalized,0.001,1.0,5,511,1,14,1.3402411863712668e-07,3.1503269041111004e-05,1.1877586473940655e-07,2.7170861813585745e-05,28.301546496804804,6
normalized_vmin0.001,normalized,0.001,1.0,5,511,1,15,1.3405466382187235e-07,3.144172107749643e-05,1.1881300502769129e-07,2.7345963737990253e-05,28.370297213550657,6
normalized_vmin0.001,normalized,0.001,1.0,4,15,1,1,0.0019740734218790345,0.18691827866740174,0.001974073795484147,0.18690672690707866,2.392174842301756,1
normalized_vmin0.001,normalized,0.001,1.0,4,15,1,2,6.073632585888456e-05,0.04916374989209393,6.073472250372543e-05,0.049150241000946115,2.4604092934168875,1
normalized_vmin0.001,normalized,0.001,1.0,4,15,1,3,1.0184540229553294e-06,0.003600359058838043,1.0058282374140039e-06,0.003586202831319718,6.860498008318245,2
normalized_vmin0.001,normalized,0.001,1.0,4,15,1,4,1.3456359588342204e-07,5.840452107686023e-05,1.211226334389001e-07,4.419797166732575e-05,6.9340125834569335,2
normalized_vmin0.001,normalized,0.001,1.0,4,15,1,5,1.3257059268890318e-07,4.0020687059105775e-05,1.189840852928191e-07,2.8404832156936344e-05,7.00132540659979,2
normalized_vmin0.001,normalized,0.001,1.0,4,15,1,6,1.3257870418423819e-07,4.010559275502423e-05,1.1897647067232693e-07,2.828354884187867e-05,11.57965594343841,3
normalized_vmin0.001,normalized,0.001,1.0,4,15,1,7,1.32614639375076e-07,4.001728363012269e-05,1.1900790852150414e-07,2.8400204491796366e-05,11.65455808583647,3
normalized_vmin0.001,normalized,0.001,1.0,4,15,1,8,1.3257387992789073e-07,4.002209010911528e-05,1.1898860877210718e-07,2.840059901887404e-05,11.726512834895402,3
normalized_vmin0.001,normalized,0.001,1.0,4,15,1,9,1.325736456437817e-07,4.010256124398204e-05,1.1897403953181938e-07,2.8282470203366827e-05,16.30391954118386,4
normalized_vmin0.001,normalized,0.001,1.0,4,15,1,10,1.3262070449801127e-07,4.000931252512441e-05,1.1901295098677963e-07,2.8401126097366003e-05,16.37982548493892,4
normalized_vmin0.001,normalized,0.001,1.0,4,15,1,11,1.3257078902708476e-07,4.003290548360017e-05,1.1898969994294508e-07,2.8404300268958238e-05,16.44933043560013,4
normalized_vmin0.001,normalized,0.001,1.0,4,15,1,12,1.325722669886706e-07,4.010591312864076e-05,1.1897378385728578e-07,2.827476290501174e-05,21.233886455651373,5
normalized_vmin0.001,normalized,0.001,1.0,4,15,1,13,1.3262494382806933e-07,4.001398839492687e-05,1.1902088253865894e-07,2.8408237634613975e-05,21.31015314348042,5
normalized_vmin0.001,normalized,0.001,1.0,4,15,1,14,1.3257010420164825e-07,4.0031066041779084e-05,1.189835411116571e-07,2.8402243588132592e-05,21.379302078392357,5
normalized_vmin0.001,normalized,0.001,1.0,4,15,1,15,1.3257568820245624e-07,4.010876928761675e-05,1.1897488517212249e-07,2.8286967676316443e-05,26.364876955281943,6
normalized_vmin0.001,normalized,0.001,1.0,4,31,1,1,0.0001319280912453764,0.020388008164735294,0.00013192736593682866,0.0203572256113973,2.760872561018914,1
normalized_vmin0.001,normalized,0.001,1.0,4,31,1,2,5.685645421372188e-07,0.0006727058983039269,5.571178554232135e-07,0.0006413038268825444,7.763077737763524,2
normalized_vmin0.001,normalized,0.001,1.0,4,31,1,3,1.3429248510857722e-07,6.0071227356961465e-05,1.181035462380524e-07,2.6190931152636487e-05,7.837990937754512,2
normalized_vmin0.001,normalized,0.001,1.0,4,31,1,4,1.3418469690185873e-07,6.003088816719515e-05,1.1799047417458062e-07,2.5523073718169975e-05,7.907730518840253,2
normalized_vmin0.001,normalized,0.001,1.0,4,31,1,5,1.3419061605778477e-07,6.00671253050411e-05,1.1799840065814343e-07,2.5478396383227242e-05,12.67053255951032,3
normalized_vmin0.001,normalized,0.001,1.0,4,31,1,6,1.3421026681652038e-07,6.007591287071623e-05,1.1802357554051125e-07,2.5638244320780323e-05,12.743065947666764,3
normalized_vmin0.001,normalized,0.001,1.0,4,31,1,7,1.3418953281881072e-07,6.003804778009769e-05,1.179967711990771e-07,2.552397608435175e-05,12.811290100682527,3
normalized_vmin0.001,normalized,0.001,1.0,4,31,1,8,1.341849554925201e-07,6.007722883683009e-05,1.1799116864430378e-07,2.547972750066574e-05,17.513465894386172,4
normalized_vmin0.001,normalized,0.001,1.0,4,31,1,9,1.3420782485104696e-07,6.0085849931446056e-05,1.180204412573679e-07,2.561557640723411e-05,17.589764093980193,4
normalized_vmin0.001,normalized,0.001,1.0,4,31,1,10,1.341878516215693e-07,6.0031502498891776e-05,1.1799693627299816e-07,2.552769796149157e-05,17.656647983007133,4
normalized_vmin0.001,normalized,0.001,1.0,4,31,1,11,1.3419003314500788e-07,6.0073320838682776e-05,1.1799735872302682e-07,2.5479253127347334e-05,22.472758907824755,5
normalized_vmin0.001,normalized,0.001,1.0,4,31,1,12,1.342070436674439e-07,6.0072980252345864e-05,1.1802010520217232e-07,2.5629244205571666e-05,22.547923987731338,5
normalized_vmin0.001,normalized,0.001,1.0,4,31,1,13,1.3418657945581642e-07,6.003789872954801e-05,1.1799645767418543e-07,2.55262483840335e-05,22.61786561086774,5
normalized_vmin0.001,normalized,0.001,1.0,4,31,1,14,1.3418503614236237e-07,6.00820444167649e-05,1.1799111880584062e-07,2.5479902259983866e-05,27.649260093923658,6
normalized_vmin0.001,normalized,0.001,1.0,4,31,1,15,1.3421107881983057e-07,6.0081567800129854e-05,1.180238622232812e-07,2.5620431801653964e-05,27.7270866506733,6
normalized_vmin0.001,normalized,0.001,1.0,4,63,1,1,1.2048792242236871e-06,0.0002663954809252189,1.204841332000562e-06,0.0002488365211192889,3.628994054161012,1
normalized_vmin0.001,normalized,0.001,1.0,4,63,1,2,1.3270603503771032e-07,4.308034272249017e-05,1.1905767192266423e-07,2.553912671832137e-05,8.159449176397175,2
normalized_vmin0.001,normalized,0.001,1.0,4,63,1,3,1.3265216512695714e-07,4.3179316814301316e-05,1.1900566084241729e-07,2.561643652032597e-05,8.235930821392685,2
normalized_vmin0.001,normalized,0.001,1.0,4,63,1,4,1.3267726807764384e-07,4.279862290279546e-05,1.1903160264900185e-07,2.552940523514735e-05,8.306436887010932,2
normalized_vmin0.001,normalized,0.001,1.0,4,63,1,5,1.3266767602300507e-07,4.30018103122487e-05,1.1901913790790276e-07,2.551927334881743e-05,13.322133298031986,3
normalized_vmin0.001,normalized,0.001,1.0,4,63,1,6,1.326535509406452e-07,4.3171272814834794e-05,1.1900891285018749e-07,2.5608392379639078e-05,13.399278453085572,3
normalized_vmin0.001,normalized,0.001,1.0,4,63,1,7,1.326736125504181e-07,4.279804644635732e-05,1.1902826647351247e-07,2.5528959167631093e-05,13.468855184968561,3
normalized_vmin0.001,normalized,0.001,1.0,4,63,1,8,1.326691708944077e-07,4.2996574629472484e-05,1.1901965784344798e-07,2.5520222627695155e-05,18.537117565982044,4
normalized_vmin0.001,normalized,0.001,1.0,4,63,1,9,1.3264989050991525e-07,4.316338624776872e-05,1.1900411476060206e-07,2.560050567401717e-05,18.613021209836006,4
normalized_vmin0.001,normalized,0.001,1.0,4,63,1,10,1.3267524093681885e-07,4.280922340926807e-05,1.1902787578984853e-07,2.552687540469112e-05,18.682582029607147,4
normalized_vmin0.001,normalized,0.001,1.0,4,63,1,11,1.326702473846298e-07,4.300371493881627e-05,1.190225000859382e-07,2.552091246110777e-05,23.511615566443652,5
normalized_vmin0.001,normalized,0.001,1.0,4,63,1,12,1.326552763929661e-07,4.316960165329231e-05,1.1901230331910303e-07,2.5606721188675685e-05,23.58710055751726,5
normalized_vmin0.001,normalized,0.001,1.0,4,63,1,13,1.3267791209078323e-07,4.2794807056822926e-05,1.190311469726591e-07,2.5529285611947117e-05,23.657104480545968,5
normalized_vmin0.001,normalized,0.001,1.0,4,63,1,14,1.3267301721025165e-07,4.30028439063479e-05,1.1901911323862043e-07,2.5516308756134976e-05,28.580882960464805,6
normalized_vmin0.001,normalized,0.001,1.0,4,63,1,15,1.3264814410424218e-07,4.3162442123545475e-05,1.1899895554842987e-07,2.559956153314058e-05,28.657688952516764,6
normalized_vmin0.001,normalized,0.001,1.0,4,127,1,1,1.3366131825345149e-07,4.216272339907512e-05,1.184510068948261e-07,2.5980935636438218e-05,6.891313346568495,2
normalized_vmin0.001,normalized,0.001,1.0,4,127,1,2,1.3356459093595061e-07,4.217647205551067e-05,1.1834421674921132e-07,2.5994684515362465e-05,6.966736061498523,2
normalized_vmin0.001,normalized,0.001,1.0,4,127,1,3,1.3352604142149926e-07,4.198194832205626e-05,1.1828788978027045e-07,2.580015763398169e-05,7.036940797232091,2
normalized_vmin0.001,normalized,0.001,1.0,4,127,1,4,1.3353975892548608e-07,4.2056271785995136e-05,1.1831365838489049e-07,2.5874482300625168e-05,11.81890157610178,3
normalized_vmin0.001,normalized,0.001,1.0,4,127,1,5,1.3356066336402597e-07,4.217949903972951e-05,1.1834607722976484e-07,2.5997711548542135e-05,11.891313645988703,3
normalized_vmin0.001,normalized,0.001,1.0,4,127,1,6,1.335212184569482e-07,4.198375974262536e-05,1.1828162319905627e-07,2.58019690839717e-05,11.961845017969608,3
normalized_vmin0.001,normalized,0.001,1.0,4,127,1,7,1.3353997456271027e-07,4.205789295241846e-05,1.1831044994891184e-07,2.587610349336078e-05,16.83607816323638,4
normalized_vmin0.001,normalized,0.001,1.0,4,127,1,8,1.335620844176626e-07,4.219126363436132e-05,1.183466360627774e-07,2.6009476333577197e-05,16.9103630091995,4
normalized_vmin0.001,normalized,0.001,1.0,4,127,1,9,1.3352246451597333e-07,4.198902453778075e-05,1.1828439747203477e-07,2.5807233964170173e-05,16.97662110440433,4
normalized_vmin0.001,normalized,0.001,1.0,4,127,1,10,1.3353854905500848e-07,4.206181042631929e-05,1.1830919128541303e-07,2.5880021030655342e-05,22.04985183244571,5
normalized_vmin0.001,normalized,0.001,1.0,4,127,1,11,1.335617103640608e-07,4.2180114271928026e-05,1.1834529913260755e-07,2.599832679062164e-05,22.12599680852145,5
normalized_vmin0.001,normalized,0.001,1.0,4,127,1,12,1.335243634114734e-07,4.19892322442994e-05,1.1828551521688815e-07,2.5807441674130516e-05,22.195657439529896,5
normalized_vmin0.001,normalized,0.001,1.0,4,127,1,13,1.3353687440273304e-07,4.205848017646563e-05,1.1831001796063829e-07,2.5876690726955864e-05,26.96821650164202,6
normalized_vmin0.001,normalized,0.001,1.0,4,127,1,14,1.335656647803569e-07,4.218399281219476e-05,1.1834831984750796e-07,2.6002205393726996e-05,27.060139499604702,6
normalized_vmin0.001,normalized,0.001,1.0,4,127,1,15,1.3352212916666113e-07,4.199092903223178e-05,1.182863281998597e-07,2.5809138489485406e-05,27.12630378641188,6
normalized_vmin0.001,normalized,0.001,1.0,4,255,1,1,1.348966377649264e-07,3.845021891069056e-05,1.1928030616891128e-07,2.5778305483115105e-05,8.14413891453296,2
normalized_vmin0.001,normalized,0.001,1.0,4,255,1,2,1.3487390732798183e-07,3.838925607779764e-05,1.1926709276210892e-07,2.581651615685132e-05,8.216594085562974,2
normalized_vmin0.001,normalized,0.001,1.0,4,255,1,3,1.3487472127000813e-07,3.8369392154957715e-05,1.1926568964673614e-07,2.5751709792243282e-05,8.286209752317518,2
normalized_vmin0.001,normalized,0.001,1.0,4,255,1,4,1.3487897457957249e-07,3.84475064237888e-05,1.192660817580504e-07,2.5753440669129546e-05,12.537172998301685,3
normalized_vmin0.001,normalized,0.001,1.0,4,255,1,5,1.3486782642243073e-07,3.838634450492595e-05,1.1926615415486442e-07,2.5804838686971365e-05,12.61293664528057,3
normalized_vmin0.001,normalized,0.001,1.0,4,255,1,6,1.3487598697182218e-07,3.8367488531476646e-05,1.1926697238157978e-07,2.5738561091448453e-05,12.683371487539262,3
normalized_vmin0.001,normalized,0.001,1.0,4,255,1,7,1.3487785639277797e-07,3.844754634885206e-05,1.1926215040960903e-07,2.5762652648753104e-05,17.092768708709627,4
normalized_vmin0.001,normalized,0.001,1.0,4,255,1,8,1.3487298580244759e-07,3.838192536498308e-05,1.192695548779371e-07,2.580881452252104e-05,17.168699874076992,4
normalized_vmin0.001,normalized,0.001,1.0,4,255,1,9,1.348729103813634e-07,3.836720898720003e-05,1.1926119792771413e-07,2.5745771782825777e-05,17.23674569418654,4
normalized_vmin0.001,normalized,0.001,1.0,4,255,1,10,1.3488386294392365e-07,3.845104343469519e-05,1.1926840809412784e-07,2.5759286753523902e-05,21.828903077170253,5
normalized_vmin0.001,normalized,0.001,1.0,4,255,1,11,1.348764056111953e-07,3.8382400581959963e-05,1.192669520316505e-07,2.5805985692128885e-05,21.924517351202667,5
normalized_vmin0.001,normalized,0.001,1.0,4,255,1,12,1.3487554252599113e-07,3.836626859143877e-05,1.1926253726726242e-07,2.5749130325047886e-05,21.995973772369325,5
normalized_vmin0.001,normalized,0.001,1.0,4,255,1,13,1.348828312739248e-07,3.8450707682824437e-05,1.1926698704916143e-07,2.5764596296884434e-05,26.353614852763712,6
normalized_vmin0.001,normalized,0.001,1.0,4,255,1,14,1.348712845958756e-07,3.8386677437163286e-05,1.1926475642159659e-07,2.5808598693499718e-05,26.430213255342096,6
normalized_vmin0.001,normalized,0.001,1.0,4,255,1,15,1.348756846888568e-07,3.8368622351070414e-05,1.1926514174842766e-07,2.5742413843343748e-05,26.501584612764418,6
normalized_vmin0.001,normalized,0.001,1.0,4,511,1,1,1.2989519429137717e-07,4.143766133590798e-05,1.1865546854023852e-07,2.5497869927004757e-05,9.556609591003507,2
normalized_vmin0.001,normalized,0.001,1.0,4,511,1,2,1.2984846163253746e-07,4.137193032216491e-05,1.186172953853718e-07,2.543213786543319e-05,9.632281120866537,2
normalized_vmin0.001,normalized,0.001,1.0,4,511,1,3,1.2987368249228057e-07,4.151629338500218e-05,1.186343767779771e-07,2.5576503229429726e-05,9.699916943907738,2
normalized_vmin0.001,normalized,0.001,1.0,4,511,1,4,1.2987684198328706e-07,4.14226602883927e-05,1.1863824501412231e-07,2.548286864023641e-05,14.837043073028326,3
normalized_vmin0.001,normalized,0.001,1.0,4,511,1,5,1.298455416990774e-07,4.137325376241119e-05,1.1861365208786526e-07,2.5433461326884732e-05,14.913468517363071,3
normalized_vmin0.001,normalized,0.001,1.0,4,511,1,6,1.298772659199568e-07,4.151406210628483e-05,1.1863951478971761e-07,2.5574271915185243e-05,14.982802290469408,3
normalized_vmin0.001,normalized,0.001,1.0,4,511,1,7,1.2987877632767502e-07,4.142442234789101e-05,1.1863687219485817e-07,2.5484630727934388e-05,20.000222417525947,4
normalized_vmin0.001,normalized,0.001,1.0,4,511,1,8,1.2984659259386458e-07,4.1373766623165054e-05,1.1861322928331943e-07,2.5433974195743225e-05,20.075344372540712,4
normalized_vmin0.001,normalized,0.001,1.0,4,511,1,9,1.298837207663459e-07,4.151930838536266e-05,1.1864047181542927e-07,2.5579518277862867e-05,20.145438162144274,4
normalized_vmin0.001,normalized,0.001,1.0,4,511,1,10,1.2987759256613082e-07,4.142452966926502e-05,1.1863475007076375e-07,2.5484738051084754e-05,25.170212656259537,5
normalized_vmin0.001,normalized,0.001,1.0,4,511,1,11,1.2984246369537804e-07,4.137156455474855e-05,1.1860910942164106e-07,2.5431772092243676e-05,25.246023699175566,5
normalized_vmin0.001,normalized,0.001,1.0,4,511,1,12,1.2988143879453048e-07,4.1515771478373154e-05,1.1864137952633726e-07,2.557598131458505e-05,25.318001098465174,5
normalized_vmin0.001,normalized,0.001,1.0,4,511,1,13,1.2987736766351476e-07,4.1422402535351566e-05,1.1863315597257859e-07,2.5482610883198475e-05,30.351109403185546,6
normalized_vmin0.001,normalized,0.001,1.0,4,511,1,14,1.2984649485196808e-07,4.137254922120803e-05,1.1861349098037249e-07,2.54327567743573e-05,30.42337211407721,6
normalized_vmin0.001,normalized,0.001,1.0,4,511,1,15,1.2988119307077393e-07,4.1513585159802524e-05,1.1863902368519186e-07,2.5573794961153418e-05,30.493333654943854,6
normalized_vmin0.0001,normalized,0.0001,1.0,12,15,0,1,0.0038732066738909414,0.6576974158184679,0.0038732092679176345,0.6577978110626262,0.49662374146282673,0
normalized_vmin0.0001,normalized,0.0001,1.0,12,15,0,2,0.00032228869228079237,0.5065882608098411,0.0003222880408007033,0.506732975440451,5.354162983130664,1
normalized_vmin0.0001,normalized,0.0001,1.0,12,15,0,3,5.4990058669080594e-05,0.31990828651028025,5.496051477768722e-05,0.3201077532300224,5.430320818908513,1
normalized_vmin0.0001,normalized,0.0001,1.0,12,15,0,4,1.244579974905406e-05,0.1370488398945665,1.2393885746830463e-05,0.137301938166152,5.507246844936162,1
normalized_vmin0.0001,normalized,0.0001,1.0,12,15,0,5,1.5201315827220834e-06,0.02669679794331825,1.4617372408291677e-06,0.026982261790587492,10.663774717133492,2
normalized_vmin0.0001,normalized,0.0001,1.0,12,15,0,6,1.0761063622691724e-07,0.0007838840856903007,4.194724526906821e-08,0.0010769480313339574,10.738704422023147,2
normalized_vmin0.0001,normalized,0.0001,1.0,12,15,0,7,8.584405081226522e-08,0.00029470099682371576,1.5659629548552619e-09,1.3207088043198922e-06,10.808595318812877,2
normalized_vmin0.0001,normalized,0.0001,1.0,12,15,0,8,8.584736273510745e-08,0.00029537170979443417,1.1490690671746805e-09,1.9912250590614633e-06,15.995027175638825,3
normalized_vmin0.0001,normalized,0.0001,1.0,12,15,0,9,8.598666369048105e-08,0.0002991307950883648,1.6278107630275998e-09,5.74920783624755e-06,16.0718078375794,3
normalized_vmin0.0001,normalized,0.0001,1.0,12,15,0,10,8.589714512853515e-08,0.00029645351813822884,1.6193195807423077e-09,3.0727161151045124e-06,16.142745540477335,3
normalized_vmin0.0001,normalized,0.0001,1.0,12,15,0,11,8.584143966481516e-08,0.000295343414657534,1.1455414701877823e-09,1.9629382208563584e-06,20.800030161626637,4
normalized_vmin0.0001,normalized,0.0001,1.0,12,15,0,12,8.598706111655774e-08,0.00029912786269004066,1.6306806610012455e-09,5.746276298124187e-06,20.872945218347013,4
normalized_vmin0.0001,normalized,0.0001,1.0,12,15,0,13,8.589563576329764e-08,0.0002964551070621102,1.6210877627210443e-09,3.0743045729142437e-06,20.94060476310551,4
normalized_vmin0.0001,normalized,0.0001,1.0,12,15,0,14,8.58449165679542e-08,0.0002953741368305618,1.150049110650931e-09,1.993651383314088e-06,25.769568828865886,5
normalized_vmin0.0001,normalized,0.0001,1.0,12,15,0,15,8.599249406513661e-08,0.0002990881340647622,1.6264505438495032e-09,5.7065593250804625e-06,25.847203362267464,5
normalized_vmin0.0001,normalized,0.0001,1.0,12,31,0,1,0.0009513304072782112,0.3858821376217304,0.0009513192991061527,0.3858847438133699,0.8398147304542363,0
normalized_vmin0.0001,normalized,0.0001,1.0,12,31,0,2,4.5085230802173075e-05,0.19462652459284147,4.506401237590763e-05,0.19462994243450815,5.827976722735912,1
normalized_vmin0.0001,normalized,0.0001,1.0,12,31,0,3,3.494184598926925e-06,0.05313104628490639,3.4343255407943214e-06,0.05313506460468187,5.905361337587237,1
normalized_vmin0.0001,normalized,0.0001,1.0,12,31,0,4,2.447969298720212e-07,0.004156193033050037,1.6886637807701985e-07,0.004160419192168696,5.976146906614304,1
normalized_vmin0.0001,normalized,0.0001,1.0,12,31,0,5,8.270584334598097e-08,0.0001961913178615271,1.9262560120578208e-09,2.5364511271219747e-05,10.652379849925637,2
normalized_vmin0.0001,normalized,0.0001,1.0,12,31,0,6,8.213671965697858e-08,0.00019629893694073086,1.467024612940705e-09,1.2352496133738455e-06,10.753538073971868,2
normalized_vmin0.0001,normalized,0.0001,1.0,12,31,0,7,8.22171553124225e-08,0.00019590094074672937,1.5176269157519831e-09,1.3149971140880012e-06,10.8236461780034,2
normalized_vmin0.0001,normalized,0.0001,1.0,12,31,0,8,8.225992164780045e-08,0.00019618735436299772,1.124697361508571e-09,1.1176653254008073e-06,15.99971424229443,3
normalized_vmin0.0001,normalized,0.0001,1.0,12,31,0,9,8.214294762550807e-08,0.00019629601603954328,1.4725575974692845e-09,1.2264896169789097e-06,16.07510819332674,3
normalized_vmin0.0001,normalized,0.0001,1.0,12,31,0,10,8.221397026072298e-08,0.00019590401061009288,1.5196502118300533e-09,1.2981668637834787e-06,16.148893459234387,3
normalized_vmin0.0001,normalized,0.0001,1.0,12,31,0,11,8.225659040359798e-08,0.00019618677669230866,1.1233119669629057e-09,1.0997283301783511e-06,20.78580544423312,4
normalized_vmin0.0001,normalized,0.0001,1.0,12,31,0,12,8.214499370535279e-08,0.00019629745169114088,1.4700762947490265e-09,1.2396857521634885e-06,20.86170237418264,4
normalized_vmin0.0001,normalized,0.0001,1.0,12,31,0,13,8.221585421094673e-08,0.00019589511833739692,1.5144145696862916e-09,1.3170185182431737e-06,20.932015987113118,4
normalized_vmin0.0001,normalized,0.0001,1.0,12,31,0,14,8.225269861674521e-08,0.00019618262867071579,1.121504123340652e-09,1.0986819287683858e-06,25.46924944734201,5
normalized_vmin0.0001,normalized,0.0001,1.0,12,31,0,15,8.214073351059642e-08,0.0001963038999013289,1.4723625365490147e-09,1.2384856680203171e-06,25.54520640335977,5
normalized_vmin0.0001,normalized,0.0001,1.0,12,63,0,1,0.00013219933935516544,0.10640569845825942,0.00013219449359163122,0.10636210558382886,3.303323462139815,1
normalized_vmin0.0001,normalized,0.0001,1.0,12,63,0,2,1.9077077648184805e-06,0.016414336940204666,1.8742592353011935e-06,0.016366353950354018,3.377472792286426,1
normalized_vmin0.0001,normalized,0.0001,1.0,12,63,0,3,9.300850072077816e-08,0.0004448287411791263,1.6327521919830713e-08,0.0003960666989505368,3.4472760474309325,1
normalized_vmin0.0001,normalized,0.0001,1.0,12,63,0,4,7.913572437821229e-08,0.00018598037746309082,1.1591849000828819e-09,2.514547093213082e-06,8.103328324388713,2
normalized_vmin0.0001,normalized,0.0001,1.0,12,63,0,5,7.922011012530023e-08,0.00018596610516308232,1.522048262490687e-09,1.885096688969412e-06,8.188417428638786,2
normalized_vmin0.0001,normalized,0.0001,1.0,12,63,0,6,7.911981947247648e-08,0.00018625242135339448,1.5160939184070586e-09,3.7188860197989726e-06,8.257696738932282,2
normalized_vmin0.0001,normalized,0.0001,1.0,12,63,0,7,7.912942990797076e-08,0.00018598016867010791,1.1654955015620561e-09,2.720403143197103e-06,13.212302280124277,3
normalized_vmin0.0001,normalized,0.0001,1.0,12,63,0,8,7.922325180794723e-08,0.00018596903688128386,1.5177084190985354e-09,1.86456956052794e-06,13.28795477328822,3
normalized_vmin0.0001,normalized,0.0001,1.0,12,63,0,9,7.912317027353467e-08,0.0001862537521120089,1.5185470395280099e-09,3.660329747079416e-06,13.36658063903451,3
normalized_vmin0.0001,normalized,0.0001,1.0,12,63,0,10,7.913100877542272e-08,0.00018598877420639148,1.164838205157116e-09,2.735451257063204e-06,18.165419193916023,4
normalized_vmin0.0001,normalized,0.0001,1.0,12,63,0,11,7.922871359627339e-08,0.00018597091497341012,1.5254363739814066e-09,1.8775537546922294e-06,18.26374601991847,4
normalized_vmin0.0001,normalized,0.0001,1.0,12,63,0,12,7.911309194594772e-08,0.00018624956292012662,1.5188395657885216e-09,3.683195125780969e-06,18.336074948310852,4
normalized_vmin0.0001,normalized,0.0001,1.0,12,63,0,13,7.913264785121662e-08,0.00018598957531890115,1.163314749943274e-09,2.7329012510790562e-06,22.743428889196366,5
normalized_vmin0.0001,normalized,0.0001,1.0,12,63,0,14,7.922648370165631e-08,0.00018597245916107674,1.5233719141519197e-09,1.8769817509145525e-06,22.823362251278013,5
normalized_vmin0.0001,normalized,0.0001,1.0,12,63,0,15,7.912033701860613e-08,0.00018625082022238892,1.5198327344367012e-09,3.692750567552139e-06,22.893702566623688,5
normalized_vmin0.0001,normalized,0.0001,1.0,12,127,0,1,4.928968075448652e-06,0.005967195351775367,4.936680398754595e-06,0.006282367986438553,4.642131983768195,1
normalized_vmin0.0001,normalized,0.0001,1.0,12,127,0,2,8.810513929282369e-08,0.00026094389611275304,5.908188143979371e-09,5.6203461161752344e-05,4.716627968940884,1
normalized_vmin0.0001,normalized,0.0001,1.0,12,127,0,3,8.904965363674085e-08,0.00031840015071216143,1.5534306660770227e-09,1.2543823155741762e-06,4.786378024145961,1
normalized_vmin0.0001,normalized,0.0001,1.0,12,127,0,4,8.893997413447798e-08,0.0003176495215106989,1.1218055714974531e-09,5.915574607939789e-07,9.688297386281192,2
normalized_vmin0.0001,normalized,0.0001,1.0,12,127,0,5,8.905561203759391e-08,0.00032007439931125425,1.5185590121320433e-09,2.9082938461932883e-06,9.763619094155729,2
normalized_vmin0.0001,normalized,0.0001,1.0,12,127,0,6,8.905564663020941e-08,0.0003184369517030827,1.5550781931116615e-09,1.2740195201033089e-06,9.832245883531868,2
normalized_vmin0.0001,normalized,0.0001,1.0,12,127,0,7,8.893986591820594e-08,0.00031768386574260177,1.123744792735199e-09,5.963856319901595e-07,14.64972622320056,3
normalized_vmin0.0001,normalized,0.0001,1.0,12,127,0,8,8.905130553630864e-08,0.0003200920307151467,1.5220250867544545e-09,2.9259196596687076e-06,14.725797755178064,3
normalized_vmin0.0001,normalized,0.0001,1.0,12,127,0,9,8.906332088666949e-08,0.0003184454881348664,1.5583074573255506e-09,1.2798991397833248e-06,14.797520143911242,3
normalized_vmin0.0001,normalized,0.0001,1.0,12,127,0,10,8.893907048204366e-08,0.00031768221694372656,1.1178857705715513e-09,5.820076869333946e-07,19.40618562977761,4
normalized_vmin0.0001,normalized,0.0001,1.0,12,127,0,11,8.905378726734974e-08,0.0003200801892209171,1.5244764596027908e-09,2.914081919991318e-06,19.48353506391868,4
normalized_vmin0.0001,normalized,0.0001,1.0,12,127,0,12,8.905126645660725e-08,0.00031843818327459417,1.5557484707166467e-09,1.2725965956583707e-06,19.553820049855858,4
normalized_vmin0.0001,normalized,0.0001,1.0,12,127,0,13,8.894215561806198e-08,0.00031766001990884973,1.120826062563367e-09,5.910849483203862e-07,24.307002678979188,5
normalized_vmin0.0001,normalized,0.0001,1.0,12,127,0,14,8.904810818790996e-08,0.00032008751018586246,1.5248410121512313e-09,2.921400563682397e-06,24.380826925858855,5
normalized_vmin0.0001,normalized,0.0001,1.0,12,127,0,15,8.904894511927781e-08,0.00031841890173245346,1.5541815364071554e-09,1.2533211670717748e-06,24.45026364689693,5
normalized_vmin0.0001,normalized,0.0001,1.0,12,255,0,1,8.326957044861751e-08,0.00015456501943489354,1.4481579602008992e-08,3.208035028279266e-05,6.170303224120289,1
normalized_vmin0.0001,normalized,0.0001,1.0,12,255,0,2,8.183004815292709e-08,0.00014052179769530326,1.5175494241364282e-09,1.919848431786164e-06,6.245660606306046,1
normalized_vmin0.0001,normalized,0.0001,1.0,12,255,0,3,8.194017313598007e-08,0.00014118090640824477,1.5602572052888651e-09,3.6573077042412194e-06,6.315075412392616,1
normalized_vmin0.0001,normalized,0.0001,1.0,12,255,0,4,8.187871535451631e-08,0.00014092082122807437,1.1773631202391106e-09,3.022201933378099e-06,11.356785853393376,2
normalized_vmin0.0001,normalized,0.0001,1.0,12,255,0,5,8.183216475101245e-08,0.0001405196543270426,1.5223184476473512e-09,1.9269216797734856e-06,11.432766206562519,2
normalized_vmin0.0001,normalized,0.0001,1.0,12,255,0,6,8.193796280548288e-08,0.00014118304623966793,1.5649282216362867e-09,3.6838478458811608e-06,11.501109197270125,2
normalized_vmin0.0001,normalized,0.0001,1.0,12,255,0,7,8.187930248892234e-08,0.00014091909654123658,1.182874074135299e-09,3.0482384187902056e-06,16.438715959433466,3
normalized_vmin0.0001,normalized,0.0001,1.0,12,255,0,8,8.182712034419175e-08,0.00014052173878631447,1.515788916774249e-09,1.9386138452315294e-06,16.51249927142635,3
normalized_vmin0.0001,normalized,0.0001,1.0,12,255,0,9,8.194316475179542e-08,0.00014117861324536296,1.5621007127929057e-09,3.635720289274502e-06,16.57971312245354,3
normalized_vmin0.0001,normalized,0.0001,1.0,12,255,0,10,8.187847868691415e-08,0.0001409163072033648,1.177620500432793e-09,3.0104045274370606e-06,21.426360787358135,4
normalized_vmin0.0001,normalized,0.0001,1.0,12,255,0,11,8.182515929763563e-08,0.00014051922296254293,1.524128962520141e-09,1.9141077125528483e-06,21.505291043315083,4
normalized_vmin0.0001,normalized,0.0001,1.0,12,255,0,12,8.19342912939289e-08,0.00014118087554848557,1.5601079517308118e-09,3.6248437562669267e-06,21.57428591325879,4
normalized_vmin0.0001,normalized,0.0001,1.0,12,255,0,13,8.18720131362512e-08,0.00014092364184603579,1.1774472331112142e-09,2.9814927895444043e-06,26.58362835412845,5
normalized_vmin0.0001,normalized,0.0001,1.0,12,255,0,14,8.183061518065476e-08,0.00014051780233015343,1.518405303095984e-09,1.926572255062098e-06,26.660725211258978,5
normalized_vmin0.0001,normalized,0.0001,1.0,12,255,0,15,8.193333944304305e-08,0.00014117837111293774,1.557318716623418e-09,3.634346501080188e-06,26.73219739133492,5
normalized_vmin0.0001,normalized,0.0001,1.0,12,511,0,1,7.66081133188227e-08,9.920218597414543e-05,1.3279427223168998e-09,5.213995607600275e-06,11.708675922825933,2
normalized_vmin0.0001,normalized,0.0001,1.0,12,511,0,2,7.668899037206655e-08,9.864520938651644e-05,1.543482622701225e-09,2.7046508048744755e-06,11.783965629059821,2
normalized_vmin0.0001,normalized,0.0001,1.0,12,511,0,3,7.653125279989334e-08,9.81892948641594e-05,1.6610566690862495e-09,4.850413696244615e-06,11.85452137188986,2
normalized_vmin0.0001,normalized,0.0001,1.0,12,511,0,4,7.657034586249525e-08,9.854128283992569e-05,1.1700858818467364e-09,2.649812248622929e-06,17.03460151096806,3
normalized_vmin0.0001,normalized,0.0001,1.0,12,511,0,5,7.669003948603472e-08,9.864566936079733e-05,1.537650455534211e-09,2.692299403861398e-06,17.110381399746984,3
normalized_vmin0.0001,normalized,0.0001,1.0,12,511,0,6,7.65318042398126e-08,9.819187775716998e-05,1.6679703543884033e-09,4.841946635192329e-06,17.179528042674065,3
normalized_vmin0.0001,normalized,0.0001,1.0,12,511,0,7,7.656544922268979e-08,9.855152637627818e-05,1.170722769213041e-09,2.6714497275426297e-06,21.713973307516426,4
normalized_vmin0.0001,normalized,0.0001,1.0,12,511,0,8,7.6683432947622e-08,9.863418648148325e-05,1.5401142203187116e-09,2.696912440258714e-06,21.788744908757508,4
normalized_vmin0.0001,normalized,0.0001,1.0,12,511,0,9,7.652791354864099e-08,9.818599213495816e-05,1.664118713661666e-09,4.8646533036267314e-06,21.858593510929495,4
normalized_vmin0.0001,normalized,0.0001,1.0,12,511,0,10,7.657194744827548e-08,9.853486150457336e-05,1.170088054736968e-09,2.662800467012616e-06,26.913112035021186,5
normalized_vmin0.0001,normalized,0.0001,1.0,12,511,0,11,7.668713264895763e-08,9.86565307984355e-05,1.5368657569578845e-09,2.7048309094723777e-06,26.984041756018996,5
normalized_vmin0.0001,normalized,0.0001,1.0,12,511,0,12,7.652817547012389e-08,9.818523834503878e-05,1.662065246764682e-09,4.853896832024418e-06,27.049718987196684,5
normalized_vmin0.0001,normalized,0.0001,1.0,12,511,0,13,7.657518107282525e-08,9.85439698888424e-05,1.1747267965236258e-09,2.662793077368164e-06,32.172318659257144,6
normalized_vmin0.0001,normalized,0.0001,1.0,12,511,0,14,7.668442108836054e-08,9.865216594862058e-05,1.5356644073268087e-09,2.679505354263867e-06,32.24412389425561,6
normalized_vmin0.0001,normalized,0.0001,1.0,12,511,0,15,7.652640901125072e-08,9.818724355015185e-05,1.6654074816397713e-09,4.842647580050041e-06,32.31426349515095,6
normalized_vmin0.0001,normalized,0.0001,1.0,11,15,0,1,0.0038732092714116417,0.6577022987208948,0.003873214957633405,0.6577026426228616,0.389740742277354,0
normalized_vmin0.0001,normalized,0.0001,1.0,11,15,0,2,0.0003222880879728017,0.5066064162164023,0.00032229339740543823,0.506606911922401,4.819174383301288,1
normalized_vmin0.0001,normalized,0.0001,1.0,11,15,0,3,5.498368835913353e-05,0.31996440823205896,5.4964115653792286e-05,0.3199650914548111,4.891627177130431,1
normalized_vmin0.0001,normalized,0.0001,1.0,11,15,0,4,1.2437066551627344e-05,0.13718598690653705,1.239442162256581e-05,0.13718685376434825,4.95912048406899,1
normalized_vmin0.0001,normalized,0.0001,1.0,11,15,0,5,1.5155726505889675e-06,0.02693675716340449,1.4612121503716432e-06,0.026937734787156664,9.391548861283809,2
normalized_vmin0.0001,normalized,0.0001,1.0,11,15,0,6,1.1585981174638599e-07,0.0010756540128343817,4.1960393607084166e-08,0.0010766576188943056,9.464823642279953,2
normalized_vmin0.0001,normalized,0.0001,1.0,11,15,0,7,8.717389100406156e-08,0.00019978754113991748,1.5757244198849705e-09,1.3819769923983927e-06,9.534600659273565,2
normalized_vmin0.0001,normalized,0.0001,1.0,11,15,0,8,8.713826424487243e-08,0.0001995083988690638,1.2188779087908173e-09,2.6056674207186603e-06,13.821202589198947,3
normalized_vmin0.0001,normalized,0.0001,1.0,11,15,0,9,8.715403907737267e-08,0.00020021969038142018,1.5611732257255872e-09,2.2088696747246672e-06,13.894341019447893,3
normalized_vmin0.0001,normalized,0.0001,1.0,11,15,0,10,8.722342748378726e-08,0.0001997906631023838,1.6264240553640259e-09,3.178612921317381e-06,13.961612608283758,3
normalized_vmin0.0001,normalized,0.0001,1.0,11,15,0,11,8.714061670305972e-08,0.00019950384143574418,1.2142886192135225e-09,2.600609200875681e-06,18.428715664427727,4
normalized_vmin0.0001,normalized,0.0001,1.0,11,15,0,12,8.714759825603652e-08,0.00020021321134522374,1.550754577810294e-09,2.198016970655914e-06,18.50169855542481,4
normalized_vmin0.0001,normalized,0.0001,1.0,11,15,0,13,8.722702290429467e-08,0.00019978994191260924,1.6220877717227028e-09,3.1519138810054415e-06,18.569945816416293,4
normalized_vmin0.0001,normalized,0.0001,1.0,11,15,0,14,8.713623389545276e-08,0.0001994999033072542,1.2185382924620512e-09,2.601530959100984e-06,22.92919138306752,5
normalized_vmin0.0001,normalized,0.0001,1.0,11,15,0,15,8.714735420567487e-08,0.0002002150878921416,1.5548641155529487e-09,2.238090107020696e-06,23.0019037630409,5
normalized_vmin0.0001,normalized,0.0001,1.0,11,31,0,1,0.0009511923750523474,0.38599250021863984,0.0009511917893271212,0.38596445864635043,2.7703990200534463,1
normalized_vmin0.0001,normalized,0.0001,1.0,11,31,0,2,4.5059924159811317e-05,0.19474129995791833,4.50506543252559e-05,0.1947045239901053,2.841685141902417,1
normalized_vmin0.0001,normalized,0.0001,1.0,11,31,0,3,3.490383105667658e-06,0.053218495590942716,3.438236501122844e-06,0.05317525631127984,2.9097382100299,1
normalized_vmin0.0001,normalized,0.0001,1.0,11,31,0,4,2.3548906089447042e-07,0.004212933575026723,1.6908843140920994e-07,0.004167456223336474,7.606082542333752,2
normalized_vmin0.0001,normalized,0.0001,1.0,11,31,0,5,8.160048039018174e-08,0.00020081289402718028,2.3748721780459867e-09,2.592816711921575e-05,7.67649730341509,2
normalized_vmin0.0001,normalized,0.0001,1.0,11,31,0,6,8.083832834099709e-08,0.00020219321871017826,1.5725680960464736e-09,2.100669743265726e-06,7.743380437605083,2
normalized_vmin0.0001,normalized,0.0001,1.0,11,31,0,7,8.077516321083745e-08,0.00020260774605307397,1.1640596112522724e-09,1.4633176965705985e-06,12.240660055540502,3
normalized_vmin0.0001,normalized,0.0001,1.0,11,31,0,8,8.08517178551378e-08,0.00020235086876785324,1.5455536342594083e-09,1.9350442980181626e-06,12.312473370693624,3
normalized_vmin0.0001,normalized,0.0001,1.0,11,31,0,9,8.084023232043296e-08,0.00020219602120596925,1.5801370689742756e-09,2.1429393046723533e-06,12.383185361977667,3
normalized_vmin0.0001,normalized,0.0001,1.0,11,31,0,10,8.077065186007861e-08,0.00020261093380691264,1.162198714507414e-09,1.4540765697068636e-06,17.107901610899717,4
normalized_vmin0.0001,normalized,0.0001,1.0,11,31,0,11,8.084773618074887e-08,0.00020235714402683236,1.5426356365948928e-09,1.9322795981047136e-06,17.200976022984833,4
normalized_vmin0.0001,normalized,0.0001,1.0,11,31,0,12,8.084446441709731e-08,0.0002021930655822235,1.5819159526721997e-09,2.1566546990481328e-06,17.270598753821105,4
normalized_vmin0.0001,normalized,0.0001,1.0,11,31,0,13,8.076594972216861e-08,0.0002026070075984432,1.1620607447394252e-09,1.4448674942046935e-06,22.108856464736164,5
normalized_vmin0.0001,normalized,0.0001,1.0,11,31,0,14,8.084520744729048e-08,0.0002023532565160746,1.5404644079473082e-09,1.9273640713413087e-06,22.180335314478725,5
normalized_vmin0.0001,normalized,0.0001,1.0,11,31,0,15,8.083838042825819e-08,0.00020219612782246266,1.5800575904057737e-09,2.1310442100963556e-06,22.248413825407624,5
normalized_vmin0.0001,normalized,0.0001,1.0,11,63,0,1,0.00013218946454689447,0.1062385197534762,0.0001321974153523385,0.10651750712415953,3.153724738396704,1
normalized_vmin0.0001,normalized,0.0001,1.0,11,63,0,2,1.8992370552655607e-06,0.016109738230489223,1.8755393686114042e-06,0.01641685927255543,3.223835101351142,1
normalized_vmin0.0001,normalized,0.0001,1.0,11,63,0,3,7.744301552809726e-08,9.074121619601083e-05,1.6562566888514614e-08,0.0004028625832447341,3.2902896432206035,1
normalized_vmin0.0001,normalized,0.0001,1.0,11,63,0,4,8.235534565403517e-08,0.00031257487824554175,1.102265080147886e-09,1.120424825806765e-06,7.502545692026615,2
normalized_vmin0.0001,normalized,0.0001,1.0,11,63,0,5,8.232570791061062e-08,0.00030926972372902206,1.5800568003984726e-09,2.9765066111853145e-06,7.577079188078642,2
normalized_vmin0.0001,normalized,0.0001,1.0,11,63,0,6,8.237034445608769e-08,0.00031139722777062673,1.5686847117808678e-09,2.2415390006358393e-06,7.643927875906229,2
normalized_vmin0.0001,normalized,0.0001,1.0,11,63,0,7,8.236492342303977e-08,0.0003127980117729745,1.109309941661426e-09,1.129041862446556e-06,12.008253891021013,3
normalized_vmin0.0001,normalized,0.0001,1.0,11,63,0,8,8.232881769111691e-08,0.00030919987205968447,1.5874055572588067e-09,3.046336476519862e-06,12.08177024917677,3
normalized_vmin0.0001,normalized,0.0001,1.0,11,63,0,9,8.236521787279014e-08,0.0003113742771536643,1.5733400255333577e-09,2.2341105911927173e-06,12.148988678585738,3
normalized_vmin0.0001,normalized,0.0001,1.0,11,63,0,10,8.236110742394157e-08,0.00031277951438202223,1.1085278972289584e-09,1.1199748484180816e-06,16.286077987402678,4
normalized_vmin0.0001,normalized,0.0001,1.0,11,63,0,11,8.233128292182068e-08,0.0003092461449241135,1.5864584808943983e-09,3.00007805609237e-06,16.359247180633247,4
normalized_vmin0.0001,normalized,0.0001,1.0,11,63,0,12,8.236599435708827e-08,0.00031139462658780204,1.5667600254557022e-09,2.2509915880153386e-06,16.427311232779175,4
normalized_vmin0.0001,normalized,0.0001,1.0,11,63,0,13,8.235878003711637e-08,0.0003127790559831478,1.1080257087587068e-09,1.1090433362781482e-06,20.63088136864826,5
normalized_vmin0.0001,normalized,0.0001,1.0,11,63,0,14,8.233487608401627e-08,0.00030924287177436227,1.585431206759365e-09,3.00335018421638e-06,20.703893925994635,5
normalized_vmin0.0001,normalized,0.0001,1.0,11,63,0,15,8.236497271481771e-08,0.00031138970530908416,1.5652242436492057e-09,2.2384777365047626e-06,20.788911167997867,5
normalized_vmin0.0001,normalized,0.0001,1.0,11,127,0,1,4.942292150290838e-06,0.006329561259481031,4.935434425185894e-06,0.0062461552366880335,3.6318070022389293,1
normalized_vmin0.0001,normalized,0.0001,1.0,11,127,0,2,8.481055481474614e-08,0.00014108853583916225,5.838895800540334e-09,5.7163069298149516e-05,3.7053755591623485,1
normalized_vmin0.0001,normalized,0.0001,1.0,11,127,0,3,8.270558058317073e-08,0.00011110907298406136,1.6535007359663961e-09,3.6179286648785336e-06,3.772309907246381,1
normalized_vmin0.0001,normalized,0.0001,1.0,11,127,0,4,8.279961691355612e-08,0.00011067226322802881,1.1029411282291988e-09,1.8447434395607587e-06,8.639991641044617,2
normalized_vmin0.0001,normalized,0.0001,1.0,11,127,0,5,8.275024400052072e-08,0.00011050627665754043,1.4596158140279321e-09,2.412245704519478e-06,8.713948704767972,2
normalized_vmin0.0001,normalized,0.0001,1.0,11,127,0,6,8.270886971124166e-08,0.00011111113859030297,1.6548763897246475e-09,3.6246878876156075e-06,8.78095931885764,2
normalized_vmin0.0001,normalized,0.0001,1.0,11,127,0,7,8.279817018073672e-08,0.00011067143454868145,1.099912389138346e-09,1.8299037232161197e-06,13.586494554765522,3
normalized_vmin0.0001,normalized,0.0001,1.0,11,127,0,8,8.274670228225792e-08,0.0001105167539715568,1.4584112951620978e-09,2.4059071945803367e-06,13.65952034574002,3
normalized_vmin0.0001,normalized,0.0001,1.0,11,127,0,9,8.27084789796526e-08,0.00011110687819493315,1.6526184947394365e-09,3.662236418344733e-06,13.72531968075782,3
normalized_vmin0.0001,normalized,0.0001,1.0,11,127,0,10,8.279924062449206e-08,0.00011068633251232196,1.1017157585326725e-09,1.822320231603669e-06,18.552991181612015,4
normalized_vmin0.0001,normalized,0.0001,1.0,11,127,0,11,8.275101527459723e-08,0.00011050732259232365,1.4630643024438723e-09,2.409909223510809e-06,18.624253855552524,4
normalized_vmin0.0001,normalized,0.0001,1.0,11,127,0,12,8.270641534781136e-08,0.00011109323788194292,1.6558333921767854e-09,3.653312594220637e-06,18.69156628428027,4
normalized_vmin0.0001,normalized,0.0001,1.0,11,127,0,13,8.279808529098633e-08,0.00011067529872588189,1.102377870790868e-09,1.8070235598965922e-06,23.196218880359083,5
normalized_vmin0.0001,normalized,0.0001,1.0,11,127,0,14,8.274511582624796e-08,0.0001105018443006145,1.4593050072548186e-09,2.414715888798824e-06,23.27208923920989,5
normalized_vmin0.0001,normalized,0.0001,1.0,11,127,0,15,8.271173691074113e-08,0.00011111218442161341,1.6577866892183133e-09,3.6429044907304586e-06,23.338518103118986,5
normalized_vmin0.0001,normalized,0.0001,1.0,11,255,0,1,8.987680632711366e-08,0.0001848314557633124,1.4620704345157847e-08,3.897274872410872e-05,8.108112243004143,2
normalized_vmin0.0001,normalized,0.0001,1.0,11,255,0,2,8.649799404352316e-08,0.0001499141026019002,1.626138685413835e-09,4.050301621205676e-06,8.179893657099456,2
normalized_vmin0.0001,normalized,0.0001,1.0,11,255,0,3,8.618097158846579e-08,0.00014522282191298252,1.5869792163944745e-09,2.0320521771921563e-06,8.24519421113655,2
normalized_vmin0.0001,normalized,0.0001,1.0,11,255,0,4,8.63531895391882e-08,0.0001467898227973663,1.1874488340143485e-09,1.1696197685928666e-06,13.250351598951966,3
normalized_vmin0.0001,normalized,0.0001,1.0,11,255,0,5,8.649625787236285e-08,0.00014990638399481337,1.6234980424503472e-09,4.04258188813067e-06,13.322637420147657,3
normalized_vmin0.0001,normalized,0.0001,1.0,11,255,0,6,8.617560340295203e-08,0.00014524485185729574,1.5870949426639164e-09,2.0393724742273633e-06,13.388981020078063,3
normalized_vmin0.0001,normalized,0.0001,1.0,11,255,0,7,8.635130111832795e-08,0.00014674410798354298,1.18304274252876e-09,1.1663884751378362e-06,17.89608442503959,4
normalized_vmin0.0001,normalized,0.0001,1.0,11,255,0,8,8.649803771612857e-08,0.0001499085493393837,1.624921270271479e-09,4.044747548559435e-06,17.971167009789497,4
normalized_vmin0.0001,normalized,0.0001,1.0,11,255,0,9,8.617931651152833e-08,0.00014521467646733122,1.593744876349901e-09,2.063230167159702e-06,18.03783843619749,4
normalized_vmin0.0001,normalized,0.0001,1.0,11,255,0,10,8.635050475552856e-08,0.00014675468457847618,1.1894657330387148e-09,1.2047130142356366e-06,22.525714932009578,5
normalized_vmin0.0001,normalized,0.0001,1.0,11,255,0,11,8.649585736101946e-08,0.0001499354987295476,1.626782727542084e-09,4.07170087024511e-06,22.599410098046064,5
normalized_vmin0.0001,normalized,0.0001,1.0,11,255,0,12,8.618079228003408e-08,0.00014525558127420624,1.5879819478413406e-09,2.040902725708449e-06,22.66609481489286,5
normalized_vmin0.0001,normalized,0.0001,1.0,11,255,0,13,8.634768787518007e-08,0.00014672445766539255,1.1854754833458216e-09,1.2109070701704638e-06,27.834838854148984,6
normalized_vmin0.0001,normalized,0.0001,1.0,11,255,0,14,8.649767294967043e-08,0.00014990000269377024,1.6219764739481852e-09,4.036199656054507e-06,27.90712680341676,6
normalized_vmin0.0001,normalized,0.0001,1.0,11,255,0,15,8.618294570289376e-08,0.00014522325120125412,1.5836320785335444e-09,2.0263252760166495e-06,27.97483286075294,6
normalized_vmin0.0001,normalized,0.0001,1.0,11,511,0,1,8.051431407168731e-08,0.00024512229268391916,1.3460031599905496e-09,3.526964508671071e-06,11.287226859945804,2
normalized_vmin0.0001,normalized,0.0001,1.0,11,511,0,2,8.056431397750075e-08,0.00024505166582100557,1.548882850150007e-09,3.456320578520966e-06,11.358757525216788,2
normalized_vmin0.0001,normalized,0.0001,1.0,11,511,0,3,8.056543688603299e-08,0.00024161563367430805,1.432426227508172e-09,8.445051055128161e-07,11.42631267523393,2
normalized_vmin0.0001,normalized,0.0001,1.0,11,511,0,4,8.051822486697925e-08,0.00024261374706202599,1.1604545070000385e-09,1.017812685244479e-06,15.858517452143133,3
normalized_vmin0.0001,normalized,0.0001,1.0,11,511,0,5,8.056768131598277e-08,0.0002450709279400165,1.553062478174981e-09,3.4755873522529512e-06,15.931415915023535,3
normalized_vmin0.0001,normalized,0.0001,1.0,11,511,0,6,8.056732463798794e-08,0.00024160847743315284,1.4334668951246788e-09,8.498613371932251e-07,16.020775879733264,3
normalized_vmin0.0001,normalized,0.0001,1.0,11,511,0,7,8.052944673629927e-08,0.00024263297777726844,1.1598229754433882e-09,1.0370480476584731e-06,20.59192510554567,4
normalized_vmin0.0001,normalized,0.0001,1.0,11,511,0,8,8.056520921974493e-08,0.0002450560262111656,1.5533361215571047e-09,3.4606820223936907e-06,20.664562582504004,4
normalized_vmin0.0001,normalized,0.0001,1.0,11,511,0,9,8.05614797329565e-08,0.0002415841905814009,1.4295095896296923e-09,8.26822296629004e-07,20.732043347787112,4
normalized_vmin0.0001,normalized,0.0001,1.0,11,511,0,10,8.052146721073371e-08,0.00024262320191925646,1.16545118352093e-09,1.027269827313937e-06,25.08066165773198,5
normalized_vmin0.0001,normalized,0.0001,1.0,11,511,0,11,8.056803979173728e-08,0.00024507069267099,1.548617757084371e-09,3.4753520263830495e-06,25.152989574708045,5
normalized_vmin0.0001,normalized,0.0001,1.0,11,511,0,12,8.056753802201979e-08,0.00024160275578721802,1.4349120906572061e-09,8.351117953830922e-07,25.219367713667452,5
normalized_vmin0.0001,normalized,0.0001,1.0,11,511,0,13,8.052489260024269e-08,0.00024263003906255243,1.15732081905996e-09,1.0341086228438101e-06,29.55199319589883,6
normalized_vmin0.0001,normalized,0.0001,1.0,11,511,0,14,8.056157637351705e-08,0.0002450668238488385,1.5513996800138293e-09,3.471482269312709e-06,29.6248555094935,6
normalized_vmin0.0001,normalized,0.0001,1.0,11,511,0,15,8.055955491440272e-08,0.00024160734642453274,1.4346130145280825e-09,8.278328783584143e-07,29.69084064057097,6
normalized_vmin0.0001,normalized,0.0001,1.0,10,15,0,1,0.003873031850610915,0.6577221023633748,0.0038730247687393292,0.6576950458174768,2.54919357271865,1
normalized_vmin0.0001,normalized,0.0001,1.0,10,15,0,2,0.0003222625596259899,0.5066360432660886,0.00032224926733775635,0.506597043597597,2.6150096766650677,1
normalized_vmin0.0001,normalized,0.0001,1.0,10,15,0,3,5.5006948259267896e-05,0.3200080358810621,5.4960902900355084e-05,0.3199542835531598,7.612205107696354,2
normalized_vmin0.0001,normalized,0.0001,1.0,10,15,0,4,1.2459281212175488e-05,0.13724797222966223,1.2392013163906294e-05,0.13717977299740325,7.680252434685826,2
normalized_vmin0.0001,normalized,0.0001,1.0,10,15,0,5,1.5364344908765222e-06,0.027014279705091293,1.4606919370945146e-06,0.02693736666752422,12.670549531001598,3
normalized_vmin0.0001,normalized,0.0001,1.0,10,15,0,6,1.203051021402098e-07,0.0011595147079732637,4.201956559251089e-08,0.0010805578906568636,12.739081613253802,3
normalized_vmin0.0001,normalized,0.0001,1.0,10,15,0,7,8.25110072551571e-08,8.180063865237397e-05,1.1877888714201333e-09,2.758629682131364e-06,17.0527892424725,4
normalized_vmin0.0001,normalized,0.0001,1.0,10,15,0,8,8.257544438901188e-08,8.105701734606452e-05,1.5391441017443446e-09,2.0149495936205852e-06,17.12345160311088,4
normalized_vmin0.0001,normalized,0.0001,1.0,10,15,0,9,8.24633628939225e-08,8.007668699960835e-05,1.1402050906629373e-09,1.149318206494776e-06,21.69167583808303,5
normalized_vmin0.0001,normalized,0.0001,1.0,10,15,0,10,8.258026263466446e-08,8.110065634225894e-05,1.5406202623314755e-09,2.0585920393889623e-06,21.759484221227467,5
normalized_vmin0.0001,normalized,0.0001,1.0,10,15,0,11,8.245739963856099e-08,8.00609191655699e-05,1.1371385769722844e-09,1.1716174577180993e-06,25.90335197839886,6
normalized_vmin0.0001,normalized,0.0001,1.0,10,15,0,12,8.257336057722393e-08,8.108015248564637e-05,1.5397375793497288e-09,2.0380865620728272e-06,25.970848090481013,6
normalized_vmin0.0001,normalized,0.0001,1.0,10,15,0,13,8.245951862045456e-08,8.004864475652518e-05,1.1366926710122877e-09,1.1596038096417516e-06,30.855931559577584,7
normalized_vmin0.0001,normalized,0.0001,1.0,10,15,0,14,8.257618322815718e-08,8.106952182851401e-05,1.5447270794483492e-09,2.02745506461266e-06,30.92151127755642,7
normalized_vmin0.0001,normalized,0.0001,1.0,10,15,0,15,8.245571156924639e-08,8.007387288633261e-05,1.1358912225118952e-09,1.1562654926855487e-06,35.38661361858249,8
normalized_vmin0.0001,normalized,0.0001,1.0,10,15,1,1,0.003873316660558553,0.6577106355034903,0.003873309216653827,0.6576346583958245,2.6339305490255356,1
normalized_vmin0.0001,normalized,0.0001,1.0,10,15,1,2,0.0003224201689166025,0.5066374360897615,0.00032240918294405884,0.5065279256447275,2.701076957862824,1
normalized_vmin0.0001,normalized,0.0001,1.0,10,15,1,3,5.513121339972601e-05,0.3200594266062372,5.5107005741709936e-05,0.31990850191061593,7.552488574758172,2
normalized_vmin0.0001,normalized,0.0001,1.0,10,15,1,4,1.2584009166263228e-05,0.13741929538016107,1.2556461351400994e-05,0.13722783051486598,7.623982856981456,2
normalized_vmin0.0001,normalized,0.0001,1.0,10,15,1,5,1.6654900456576192e-06,0.027344943999342397,1.6371087028916567e-06,0.027129046207659324,7.693158223293722,2
normalized_vmin0.0001,normalized,0.0001,1.0,10,15,1,6,2.4982195358150595e-07,0.0015666312457076614,2.212609305647798e-07,0.0013450115069042479,12.500938198994845,3
normalized_vmin0.0001,normalized,0.0001,1.0,10,15,1,7,2.094434336416846e-07,0.0004955665887288463,1.8088677590188026e-07,0.0002737091084026311,12.57679443480447,3
normalized_vmin0.0001,normalized,0.0001,1.0,10,15,1,8,2.09474129940032e-07,0.000492556489303464,1.8091968950364917e-07,0.0002706983408329311,12.644256602507085,3
normalized_vmin0.0001,normalized,0.0001,1.0,10,15,1,9,2.094811991062649e-07,0.0004943659764667929,1.8091999216657997e-07,0.0002725082296436421,17.494455497246236,4
normalized_vmin0.0001,normalized,0.0001,1.0,10,15,1,10,2.0939754028132424e-07,0.0004938989747560463,1.8084062289165062e-07,0.0002720411242737031,17.566809602081776,4
normalized_vmin0.0001,normalized,0.0001,1.0,10,15,1,11,2.0947488141625836e-07,0.0004925710673820971,1.809183453058655e-07,0.0002707129221475313,17.635971617884934,4
normalized_vmin0.0001,normalized,0.0001,1.0,10,15,1,12,2.0947996580286815e-07,0.000494368070305784,1.8091516177516948e-07,0.0002725103239473725,22.17878261068836,5
normalized_vmin0.0001,normalized,0.0001,1.0,10,15,1,13,2.0939390255530905e-07,0.0004938882683047652,1.8083815566028553e-07,0.0002720304154459896,22.25429381756112,5
normalized_vmin0.0001,normalized,0.0001,1.0,10,15,1,14,2.0947213790722851e-07,0.0004925788635755657,1.8091961518764145e-07,0.00027072072007139347,22.323571193497628,5
normalized_vmin0.0001,normalized,0.0001,1.0,10,15,1,15,2.0947380532775688e-07,0.0004943530047550881,1.809071124677568e-07,0.0002724952550526849,26.799523237627,6
normalized_vmin0.0001,normalized,0.0001,1.0,10,31,0,1,0.0009511872601241786,0.38599152591526265,0.0009511911243349501,0.38596853793772057,2.66478938376531,1
normalized_vmin0.0001,normalized,0.0001,1.0,10,31,0,2,4.50557037757728e-05,0.19473799610107578,4.5049132462187e-05,0.19470784774703442,2.7324850633740425,1
normalized_vmin0.0001,normalized,0.0001,1.0,10,31,0,3,3.4867034678331933e-06,0.053211698898007476,3.437185662999468e-06,0.05317625191458375,7.54803460650146,2
normalized_vmin0.0001,normalized,0.0001,1.0,10,31,0,4,2.4137390623391316e-07,0.004201836164782091,1.6919013191705112e-07,0.004164554291985811,7.618070650845766,2
normalized_vmin0.0001,normalized,0.0001,1.0,10,31,0,5,7.962283223980675e-08,8.175508223984274e-05,1.9264601223325096e-09,2.6589897348383573e-05,11.799714627675712,3
normalized_vmin0.0001,normalized,0.0001,1.0,10,31,0,6,7.877303896237323e-08,8.180434431004358e-05,1.4972668978811181e-09,2.1713642579523906e-06,11.868606706615537,3
normalized_vmin0.0001,normalized,0.0001,1.0,10,31,0,7,7.887508987740072e-08,8.17493920848289e-05,1.0926949759478119e-09,6.208922121997418e-07,16.848402900621295,4
normalized_vmin0.0001,normalized,0.0001,1.0,10,31,0,8,7.877664622325944e-08,8.180638427068843e-05,1.497826447351407e-09,2.164958341710488e-06,16.91435076855123,4
normalized_vmin0.0001,normalized,0.0001,1.0,10,31,0,9,7.88785556574454e-08,8.175090683493202e-05,1.092612205680528e-09,6.235467713278098e-07,21.75520455185324,5
normalized_vmin0.0001,normalized,0.0001,1.0,10,31,0,10,7.876997303327761e-08,8.180177799466115e-05,1.4983875884304852e-09,2.1961162828265657e-06,21.821952907834202,5
normalized_vmin0.0001,normalized,0.0001,1.0,10,31,0,11,7.887566563178697e-08,8.175444410918331e-05,1.0872693300804394e-09,6.385305921785545e-07,26.198539577890188,6
normalized_vmin0.0001,normalized,0.0001,1.0,10,31,0,12,7.876921819816921e-08,8.181042428789809e-05,1.501246334720713e-09,2.166279353454925e-06,26.267848597839475,6
normalized_vmin0.0001,normalized,0.0001,1.0,10,31,0,13,7.888186910157575e-08,8.17520608717981e-05,1.0931528294430548e-09,6.456785542896526e-07,31.442775275092572,7
normalized_vmin0.0001,normalized,0.0001,1.0,10,31,0,14,7.877842515696958e-08,8.180084089248751e-05,1.4975181231437706e-09,2.1721937919494394e-06,31.51136273238808,7
normalized_vmin0.0001,normalized,0.0001,1.0,10,31,0,15,7.887976856658932e-08,8.174837201480045e-05,1.0921237483123064e-09,6.299121995123613e-07,36.46316820429638,8
normalized_vmin0.0001,normalized,0.0001,1.0,10,31,1,1,0.0009514654198017182,0.3858900623648104,0.0009514612503411122,0.38600446476157024,2.76131261093542,1
normalized_vmin0.0001,normalized,0.0001,1.0,10,31,1,2,4.523266853356333e-05,0.19465093624260987,4.522561732829706e-05,0.194800964531481,6.985036465805024,2
normalized_vmin0.0001,normalized,0.0001,1.0,10,31,1,3,3.627126745943806e-06,0.05318123730083624,3.6104507741198077e-06,0.05335761994686061,7.0600267467089,2
normalized_vmin0.0001,normalized,0.0001,1.0,10,31,1,4,3.647150300447951e-07,0.004226090412448258,3.4760842689483243e-07,0.004411592901345296,7.128338222857565,2
normalized_vmin0.0001,normalized,0.0001,1.0,10,31,1,5,1.9813776377456053e-07,0.00024446439881298243,1.81015994570723e-07,0.00028080705378907833,11.578423399943858,3
normalized_vmin0.0001,normalized,0.0001,1.0,10,31,1,6,1.9734770538606781e-07,0.0002438183468652655,1.8020123125243393e-07,0.0002539770181203549,11.654101226013154,3
normalized_vmin0.0001,normalized,0.0001,1.0,10,31,1,7,1.9734083283331916e-07,0.00024361577960474445,1.8025231682489916e-07,0.0002556692131965299,11.721972900442779,3
normalized_vmin0.0001,normalized,0.0001,1.0,10,31,1,8,1.973008094467333e-07,0.00024292070388898246,1.8017754996958778e-07,0.00025490078034440256,16.2663995353505,4
normalized_vmin0.0001,normalized,0.0001,1.0,10,31,1,9,1.973434691708955e-07,0.00024381847087528996,1.8019648686931473e-07,0.0002539355630367668,16.341552414000034,4
normalized_vmin0.0001,normalized,0.0001,1.0,10,31,1,10,1.9733646092459355e-07,0.00024362122983501155,1.8025187156697696e-07,0.0002556742457522354,16.410994755104184,4
normalized_vmin0.0001,normalized,0.0001,1.0,10,31,1,11,1.9729874459505282e-07,0.00024293186538981715,1.8017682798216635e-07,0.0002549216092099238,20.992967405356467,5
normalized_vmin0.0001,normalized,0.0001,1.0,10,31,1,12,1.9734673003137294e-07,0.00024382104677678207,1.8019854478777981e-07,0.00025396941150535035,21.07812730735168,5
normalized_vmin0.0001,normalized,0.0001,1.0,10,31,1,13,1.9734241862292426e-07,0.00024362039317027406,1.802483722917191e-07,0.00025567010468796614,21.14517204137519,5
normalized_vmin0.0001,normalized,0.0001,1.0,10,31,1,14,1.9729354889603179e-07,0.0002429249147206658,1.8017443812241258e-07,0.0002549143864056802,25.566720149479806,6
normalized_vmin0.0001,normalized,0.0001,1.0,10,31,1,15,1.9735455476390694e-07,0.00024382814694223764,1.8020536280432232e-07,0.0002539662403414633,25.642286324407905,6
normalized_vmin0.0001,normalized,0.0001,1.0,10,63,0,1,0.00013219816776800292,0.1061927027101568,0.00013219908754096295,0.10656017381768934,2.7992055509239435,1
normalized_vmin0.0001,normalized,0.0001,1.0,10,63,0,2,1.9024398679808553e-06,0.016022244135857178,1.8758989329395417e-06,0.016426787035463297,2.868437713943422,1
normalized_vmin0.0001,normalized,0.0001,1.0,10,63,0,3,7.84497426051993e-08,8.236356680246804e-05,1.6189961190757172e-08,0.0004026130612654333,7.190220171120018,2
normalized_vmin0.0001,normalized,0.0001,1.0,10,63,0,4,8.89009827226907e-08,0.00041220536306463273,1.5498835338506774e-09,1.3019514928380715e-06,7.257979715242982,2
normalized_vmin0.0001,normalized,0.0001,1.0,10,63,0,5,8.878507881919455e-08,0.0004111890726230527,1.120430081690899e-09,9.72971214041607e-07,11.533722245600075,3
normalized_vmin0.0001,normalized,0.0001,1.0,10,63,0,6,8.890771683524282e-08,0.0004124431251981697,1.5644817242372287e-09,1.2995231913892624e-06,11.602546877693385,3
normalized_vmin0.0001,normalized,0.0001,1.0,10,63,0,7,8.878678527308821e-08,0.0004111956484105228,1.1237330052281933e-09,1.0020970688806585e-06,15.676788647659123,4
normalized_vmin0.0001,normalized,0.0001,1.0,10,63,0,8,8.890568723920813e-08,0.0004124421727607075,1.5616396518752709e-09,1.294970432996756e-06,15.749641817994416,4
normalized_vmin0.0001,normalized,0.0001,1.0,10,63,0,9,8.878017746973344e-08,0.0004111993026107985,1.121743886234978e-09,9.890865786399416e-07,19.88924744585529,5
normalized_vmin0.0001,normalized,0.0001,1.0,10,63,0,10,8.891065387257153e-08,0.00041244024597664186,1.5619318685418523e-09,1.31135822589723e-06,19.958207509480417,5
normalized_vmin0.0001,normalized,0.0001,1.0,10,63,0,11,8.878839723683809e-08,0.00041119831827551856,1.124756250938904e-09,9.898339081715335e-07,24.21795522933826,6
normalized_vmin0.0001,normalized,0.0001,1.0,10,63,0,12,8.890905712229572e-08,0.00041245588525629095,1.5573669036366084e-09,1.304689296488526e-06,24.29417418502271,6
normalized_vmin0.0001,normalized,0.0001,1.0,10,63,0,13,8.878836212728854e-08,0.00041121336766525296,1.1241978965067427e-09,9.753457954619904e-07,28.43978307582438,7
normalized_vmin0.0001,normalized,0.0001,1.0,10,63,0,14,8.890186095287785e-08,0.00041242781487871305,1.5608025443516723e-09,1.2983826132018095e-06,28.509154005907476,7
normalized_vmin0.0001,normalized,0.0001,1.0,10,63,0,15,8.87859138621431e-08,0.00041120532513128083,1.124543557845379e-09,9.794128625895127e-07,32.646774706896394,8
normalized_vmin0.0001,normalized,0.0001,1.0,10,63,1,1,0.00013240193161742435,0.10614622227091208,0.00013241129986543197,0.10629720093545825,3.013937803450972,1
normalized_vmin0.0001,normalized,0.0001,1.0,10,63,1,2,2.055800925973367e-06,0.01636443761909956,2.0543332108960066e-06,0.016530581106220854,7.5317658660933375,2
normalized_vmin0.0001,normalized,0.0001,1.0,10,63,1,3,2.0014826806371823e-07,0.00047969048929974445,1.950601836728721e-07,0.0006485170303700549,7.60548229701817,2
normalized_vmin0.0001,normalized,0.0001,1.0,10,63,1,4,1.8555110391559407e-07,0.00014911014683582913,1.8018747841406114e-07,0.00025682114607328277,7.672709136735648,2
normalized_vmin0.0001,normalized,0.0001,1.0,10,63,1,5,1.8549760333319147e-07,0.00014924348289258038,1.8012530722211637e-07,0.00025556657278236194,12.30096961883828,3
normalized_vmin0.0001,normalized,0.0001,1.0,10,63,1,6,1.853463094451767e-07,0.00014926150909921887,1.7998822039444123e-07,0.00025315504761513896,12.37466225773096,3
normalized_vmin0.0001,normalized,0.0001,1.0,10,63,1,7,1.8554528103293815e-07,0.00014910813049628935,1.801805558081163e-07,0.00025662734314746416,12.443480484653264,3
normalized_vmin0.0001,normalized,0.0001,1.0,10,63,1,8,1.854995098159248e-07,0.00014924273428407187,1.8012538165878902e-07,0.0002555720198766931,16.8247971679084,4
normalized_vmin0.0001,normalized,0.0001,1.0,10,63,1,9,1.8534419795278233e-07,0.00014926760953060114,1.7998761908280092e-07,0.00025314330491876813,16.897746459580958,4
normalized_vmin0.0001,normalized,0.0001,1.0,10,63,1,10,1.8554420469074013e-07,0.00014910679435020668,1.80179999086042e-07,0.0002566173952751605,16.96853413665667,4
normalized_vmin0.0001,normalized,0.0001,1.0,10,63,1,11,1.8549529337775545e-07,0.00014924315201114702,1.8012247965676573e-07,0.0002555634701759679,21.53525248123333,5
normalized_vmin0.0001,normalized,0.0001,1.0,10,63,1,12,1.853420831992908e-07,0.000149265368092677,1.7998512669411344e-07,0.00025316553964382926,21.607408994343132,5
normalized_vmin0.0001,normalized,0.0001,1.0,10,63,1,13,1.8554826279124832e-07,0.00014910863243799977,1.80184992046443e-07,0.0002566073488697862,21.676938051357865,5
normalized_vmin0.0001,normalized,0.0001,1.0,10,63,1,14,1.8549896537753245e-07,0.00014924380315539665,1.801294376477796e-07,0.00025555467845783664,26.22035442152992,6
normalized_vmin0.0001,normalized,0.0001,1.0,10,63,1,15,1.8534363838159073e-07,0.00014926261814174335,1.7998633470149125e-07,0.0002531294192685829,26.29569451743737,6
normalized_vmin0.0001,normalized,0.0001,1.0,10,127,0,1,4.952876805166249e-06,0.0062645685400223305,4.934605195891652e-06,0.00627730749898181,5.848556242883205,2
normalized_vmin0.0001,normalized,0.0001,1.0,10,127,0,2,8.789439434028472e-08,0.00017089281968851733,5.667290331945793e-09,5.4327515194851905e-05,5.919054290745407,2
normalized_vmin0.0001,normalized,0.0001,1.0,10,127,0,3,8.590748170732315e-08,0.00015544611677831277,1.1894182296692043e-09,2.957360023092548e-06,10.641230122186244,3
normalized_vmin0.0001,normalized,0.0001,1.0,10,127,0,4,8.593364182854206e-08,0.00015534772225977989,1.6030607306173714e-09,4.763390934581224e-06,10.734931393526495,3
normalized_vmin0.0001,normalized,0.0001,1.0,10,127,0,5,8.590363540625484e-08,0.0001554423446691322,1.1887202292992717e-09,2.9674160417769713e-06,15.759900134522468,4
normalized_vmin0.0001,normalized,0.0001,1.0,10,127,0,6,8.593566765640161e-08,0.0001553562145490961,1.6011404258784454e-09,4.749525968739121e-06,15.831076823640615,4
normalized_vmin0.0001,normalized,0.0001,1.0,10,127,0,7,8.590956996984571e-08,0.0001554404378500962,1.1918065061286684e-09,2.956141724075323e-06,20.671637343708426,5
normalized_vmin0.0001,normalized,0.0001,1.0,10,127,0,8,8.593592933730005e-08,0.00015535395061883062,1.605702222043598e-09,4.785173182142444e-06,20.74031499773264,5
normalized_vmin0.0001,normalized,0.0001,1.0,10,127,0,9,8.590309297504598e-08,0.00015543660489647504,1.1871165022909016e-09,2.9623041701842823e-06,25.866854442749172,6
normalized_vmin0.0001,normalized,0.0001,1.0,10,127,0,10,8.593970753041757e-08,0.00015534841811470912,1.6040059351439984e-09,4.747738166166471e-06,25.937741783447564,6
normalized_vmin0.0001,normalized,0.0001,1.0,10,127,0,11,8.59085451423789e-08,0.00015544417662338716,1.191567284437574e-09,2.95768267299934e-06,30.64707351755351,7
normalized_vmin0.0001,normalized,0.0001,1.0,10,127,0,12,8.593381014732776e-08,0.00015534951366558136,1.6069789004796893e-09,4.737676501553878e-06,30.71584100043401,7
normalized_vmin0.0001,normalized,0.0001,1.0,10,127,0,13,8.591075758899818e-08,0.00015544452717997093,1.1958193015075829e-09,2.977692745931293e-06,35.080987067427486,8
normalized_vmin0.0001,normalized,0.0001,1.0,10,127,0,14,8.593529102512268e-08,0.00015535242244624214,1.6011862622261294e-09,4.754603246448497e-06,35.14981048554182,8
normalized_vmin0.0001,normalized,0.0001,1.0,10,127,0,15,8.590309374587984e-08,0.00015544372544562535,1.1903656246331972e-09,2.9481584020718543e-06,39.29477780777961,9
normalized_vmin0.0001,normalized,0.0001,1.0,10,127,1,1,5.096335361968213e-06,0.006510760195445164,5.109067052676255e-06,0.00658109215652225,6.179521288257092,2
normalized_vmin0.0001,normalized,0.0001,1.0,10,127,1,2,1.9343348484962195e-07,0.00034087847633434976,1.8757572370197838e-07,0.00041164722108599783,6.255424289498478,2
normalized_vmin0.0001,normalized,0.0001,1.0,10,127,1,3,1.8963684689481057e-07,0.0003215603432827896,1.8300852089414595e-07,0.00035370396543954463,6.323859881144017,2
normalized_vmin0.0001,normalized,0.0001,1.0,10,127,1,4,1.8950022367244517e-07,0.00032167985495112905,1.8290289753775772e-07,0.0003528657381974831,10.557199372909963,3
normalized_vmin0.0001,normalized,0.0001,1.0,10,127,1,5,1.8945122070479e-07,0.0003209018520111684,1.828720683592329e-07,0.0003536191042328163,10.629358341917396,3
normalized_vmin0.0001,normalized,0.0001,1.0,10,127,1,6,1.8964872750188406e-07,0.0003215632640400923,1.830159069865313e-07,0.0003537476979172949,10.699173593893647,3
normalized_vmin0.0001,normalized,0.0001,1.0,10,127,1,7,1.895025809108324e-07,0.0003216838738419048,1.829030831251464e-07,0.00035288593267290835,14.943579428829253,4
normalized_vmin0.0001,normalized,0.0001,1.0,10,127,1,8,1.8944317389323103e-07,0.0003208920051520625,1.8286252427902238e-07,0.00035361342584783184,15.015118757262826,4
normalized_vmin0.0001,normalized,0.0001,1.0,10,127,1,9,1.896407963188876e-07,0.00032155890522655994,1.8301156689768934e-07,0.00035374008554034386,15.084538130555302,4
normalized_vmin0.0001,normalized,0.0001,1.0,10,127,1,10,1.894992323920977e-07,0.0003216779121635316,1.8289900122988014e-07,0.0003529069379701877,19.13698510127142,5
normalized_vmin0.0001,normalized,0.0001,1.0,10,127,1,11,1.8944617669559705e-07,0.0003208953793935043,1.8286425700039368e-07,0.0003535896044560838,19.21321423817426,5
normalized_vmin0.0001,normalized,0.0001,1.0,10,127,1,12,1.896380323669683e-07,0.0003215676584130689,1.830111379390392e-07,0.00035372307480130427,19.284404176287353,5
normalized_vmin0.0001,normalized,0.0001,1.0,10,127,1,13,1.8949773753987868e-07,0.0003216796635685526,1.8290198667038823e-07,0.00035287701740138733,23.489556290209293,6
normalized_vmin0.0001,normalized,0.0001,1.0,10,127,1,14,1.8944248352072143e-07,0.0003208971074986078,1.8286952428169136e-07,0.00035359749673646856,23.565561905503273,6
normalized_vmin0.0001,normalized,0.0001,1.0,10,127,1,15,1.8963714806388696e-07,0.0003215637187805598,1.8301146317385643e-07,0.00035373041429842544,23.63510316843167,6
normalized_vmin0.0001,normalized,0.0001,1.0,10,255,0,1,9.585811399483786e-08,0.0004666032842136625,1.4575556219451508e-08,3.4769538342693806e-05,7.228473085910082,2
normalized_vmin0.0001,normalized,0.0001,1.0,10,255,0,2,9.468758970165996e-08,0.0004282431586700719,1.6732726309641054e-09,3.6071601305920353e-06,7.298446658998728,2
normalized_vmin0.0001,normalized,0.0001,1.0,10,255,0,3,9.458940104496464e-08,0.0004289114763286195,1.2024376082098208e-09,2.938553735232219e-06,11.505607745610178,3
normalized_vmin0.0001,normalized,0.0001,1.0,10,255,0,4,9.469411606616467e-08,0.0004282020631375394,1.6755890676760127e-09,3.6482734178111542e-06,11.571368944831192,3
normalized_vmin0.0001,normalized,0.0001,1.0,10,255,0,5,9.45941856215353e-08,0.00042890948114593375,1.2065807965521433e-09,2.9405497798951075e-06,15.712145778816193,4
normalized_vmin0.0001,normalized,0.0001,1.0,10,255,0,6,9.468554259234834e-08,0.00042824350589043547,1.6782702224499865e-09,3.6068127602373323e-06,15.782176032662392,4
normalized_vmin0.0001,normalized,0.0001,1.0,10,255,0,7,9.458788841105748e-08,0.00042894222382627856,1.2011321209261965e-09,2.9077929535326064e-06,19.982763139531016,5
normalized_vmin0.0001,normalized,0.0001,1.0,10,255,0,8,9.468738333584834e-08,0.00042820668961440767,1.6711474866618991e-09,3.6436449422083683e-06,20.049568465910852,5
normalized_vmin0.0001,normalized,0.0001,1.0,10,255,0,9,9.459203482717809e-08,0.00042892344827938356,1.202593857890712e-09,2.9265766121611136e-06,24.2914095451124,6
normalized_vmin0.0001,normalized,0.0001,1.0,10,255,0,10,9.468583733462322e-08,0.0004282402582553857,1.6695383638334264e-09,3.6100617983869654e-06,24.359693275298923,6
normalized_vmin0.0001,normalized,0.0001,1.0,10,255,0,11,9.459399317565984e-08,0.0004289244102380074,1.201295163482676e-09,2.925614237980767e-06,28.50455223210156,7
normalized_vmin0.0001,normalized,0.0001,1.0,10,255,0,12,9.469273816978166e-08,0.00042825108858568495,1.6729743525299538e-09,3.5992267890527785e-06,28.5945623931475,7
normalized_vmin0.0001,normalized,0.0001,1.0,10,255,0,13,9.459135988276716e-08,0.0004289413026884459,1.196904807260386e-09,2.908714489269215e-06,32.9175171921961,8
normalized_vmin0.0001,normalized,0.0001,1.0,10,255,0,14,9.468860822275981e-08,0.0004282128614030434,1.6771268505334726e-09,3.6374704870389962e-06,32.98335478827357,8
normalized_vmin0.0001,normalized,0.0001,1.0,10,255,0,15,9.459201313508105e-08,0.00042892476872979923,1.2027030677764486e-09,2.9252555913128475e-06,37.209669643081725,9
normalized_vmin0.0001,normalized,0.0001,1.0,10,255,1,1,2.098233750526726e-07,0.00029906567075244084,1.9264553782552337e-07,0.00029257648681990656,7.609450269956142,2
normalized_vmin0.0001,normalized,0.0001,1.0,10,255,1,2,1.988110961093885e-07,0.0002892681934721919,1.7980833538160763e-07,0.0002573940693785248,7.685103016905487,2
normalized_vmin0.0001,normalized,0.0001,1.0,10,255,1,3,1.9899499813736332e-07,0.00029051895178566767,1.7980936944544357e-07,0.0002572023593354622,7.753243410028517,2
normalized_vmin0.0001,normalized,0.0001,1.0,10,255,1,4,1.989232699742712e-07,0.0002898774816941785,1.798331816350701e-07,0.00025788291178074907,12.089166377205402,3
normalized_vmin0.0001,normalized,0.0001,1.0,10,255,1,5,1.9881246926043545e-07,0.000289273227444764,1.7981351154994964e-07,0.00025737448611673486,12.16426685033366,3
normalized_vmin0.0001,normalized,0.0001,1.0,10,255,1,6,1.9899331995058202e-07,0.0002905097629229969,1.7980981127755456e-07,0.00025717357722643275,12.23241277737543,3
normalized_vmin0.0001,normalized,0.0001,1.0,10,255,1,7,1.9892617463212225e-07,0.00028987742872133015,1.7983625535768875e-07,0.0002579163862513889,16.721775335259736,4
normalized_vmin0.0001,normalized,0.0001,1.0,10,255,1,8,1.9880786234943883e-07,0.00028927009045742746,1.798073657732622e-07,0.0002573579139396598,16.79671944398433,4
normalized_vmin0.0001,normalized,0.0001,1.0,10,255,1,9,1.989973687654678e-07,0.0002905238142523192,1.798110455923798e-07,0.0002571771712982507,16.86515527917072,4
normalized_vmin0.0001,normalized,0.0001,1.0,10,255,1,10,1.989228731493033e-07,0.000289883462454843,1.798325944803251e-07,0.0002579211276869664,21.376699287444353,5
normalized_vmin0.0001,normalized,0.0001,1.0,10,255,1,11,1.9881083886550614e-07,0.0002892800381333327,1.7981028500491819e-07,0.000257374500812535,21.448358136229217,5
normalized_vmin0.0001,normalized,0.0001,1.0,10,255,1,12,1.9899657655690763e-07,0.00029053012273183576,1.7981030428573265e-07,0.00025717243133649426,21.521457139402628,5
normalized_vmin0.0001,normalized,0.0001,1.0,10,255,1,13,1.9892292015418037e-07,0.0002898898215950574,1.7983540732996906e-07,0.0002579081237559233,25.9997857096605,6
normalized_vmin0.0001,normalized,0.0001,1.0,10,255,1,14,1.9881370593914668e-07,0.00028928381432802297,1.7980969715233663e-07,0.0002573848427164238,26.07492644758895,6
normalized_vmin0.0001,normalized,0.0001,1.0,10,255,1,15,1.9899660295812161e-07,0.00029052780746985363,1.7980913385359697e-07,0.00025720015726038437,26.143469182774425,6
normalized_vmin0.0001,normalized,0.0001,1.0,10,511,0,1,7.839309544204617e-08,0.0001026264117852671,1.4301974965009155e-09,4.635292513821554e-06,11.49502082914114,2
normalized_vmin0.0001,normalized,0.0001,1.0,10,511,0,2,7.859714937780222e-08,0.00010205360052861767,1.7181947163637734e-09,3.794221804076514e-06,11.56806765543297,2
normalized_vmin0.0001,normalized,0.0001,1.0,10,511,0,3,7.849634082370485e-08,0.00010223378903817526,1.2312303840414363e-09,2.3346170020532853e-06,16.50013024173677,3
normalized_vmin0.0001,normalized,0.0001,1.0,10,511,0,4,7.859529527232698e-08,0.00010205262755380584,1.7150001313050482e-09,3.832310506934888e-06,16.56974750990048,3
normalized_vmin0.0001,normalized,0.0001,1.0,10,511,0,5,7.849698498286933e-08,0.00010224175015094428,1.2302998985045895e-09,2.3336730281542373e-06,21.245294684544206,4
normalized_vmin0.0001,normalized,0.0001,1.0,10,511,0,6,7.859398245553512e-08,0.00010205512349326096,1.7172222198867085e-09,3.7871047001702962e-06,21.335136752575636,4
normalized_vmin0.0001,normalized,0.0001,1.0,10,511,0,7,7.850150225395818e-08,0.00010222844949847598,1.23125025098915e-09,2.3119302436924727e-06,25.889300203416497,5
normalized_vmin0.0001,normalized,0.0001,1.0,10,511,0,8,7.859643643616751e-08,0.00010205040574173818,1.7128964326403983e-09,3.7848512141058777e-06,25.96111007547006,5
normalized_vmin0.0001,normalized,0.0001,1.0,10,511,0,9,7.849399503093502e-08,0.00010223603057668562,1.2285165245122173e-09,2.346706464817494e-06,31.038183602504432,6
normalized_vmin0.0001,normalized,0.0001,1.0,10,511,0,10,7.859815720411838e-08,0.00010205259064843819,1.7174642670256051e-09,3.823147257886461e-06,31.107938420493156,6
normalized_vmin0.0001,normalized,0.0001,1.0,10,511,0,11,7.849580827354528e-08,0.00010223029415101781,1.2310028941327439e-09,2.328310261145994e-06,36.14202056825161,7
normalized_vmin0.0001,normalized,0.0001,1.0,10,511,0,12,7.859449821775918e-08,0.00010205817235386938,1.7164438035470757e-09,3.8110827472737085e-06,36.21002776734531,7
normalized_vmin0.0001,normalized,0.0001,1.0,10,511,0,13,7.849608645288709e-08,0.00010223862510250203,1.2295840103031415e-09,2.333373790408544e-06,41.36316329333931,8
normalized_vmin0.0001,normalized,0.0001,1.0,10,511,0,14,7.859555500144805e-08,0.00010205556742404198,1.7106199396644726e-09,3.8014230522298575e-06,41.43229975551367,8
normalized_vmin0.0001,normalized,0.0001,1.0,10,511,0,15,7.84935482998599e-08,0.00010222721573149851,1.2304007099773388e-09,2.3209397636003715e-06,46.6176496562548,9
normalized_vmin0.0001,normalized,0.0001,1.0,10,511,1,1,1.997222935556437e-07,0.0003111046778189186,1.8166209310480923e-07,0.00027348403061655535,11.800135444384068,2
normalized_vmin0.0001,normalized,0.0001,1.0,10,511,1,2,1.995611638429693e-07,0.0003101397619065249,1.815122273351941e-07,0.0002730233013317207,11.875142064411193,2
normalized_vmin0.0001,normalized,0.0001,1.0,10,511,1,3,1.995766567788796e-07,0.00031049498567392586,1.8152854862586384e-07,0.0002725470139616215,11.945520730223507,2
normalized_vmin0.0001,normalized,0.0001,1.0,10,511,1,4,1.9953137763365958e-07,0.0003104918776537513,1.8146772674536264e-07,0.0002718176851290721,16.848246694076806,3
normalized_vmin0.0001,normalized,0.0001,1.0,10,511,1,5,1.9956695657755762e-07,0.0003101491155111935,1.8151660116375037e-07,0.0002730603652462138,16.92324934201315,3
normalized_vmin0.0001,normalized,0.0001,1.0,10,511,1,6,1.9958581283823688e-07,0.0003105004367970343,1.8153578427949216e-07,0.000272566299271193,16.992187722120434,3
normalized_vmin0.0001,normalized,0.0001,1.0,10,511,1,7,1.99530138048409e-07,0.0003104808310790963,1.8146718500473296e-07,0.0002718424885203019,21.87144163902849,4
normalized_vmin0.0001,normalized,0.0001,1.0,10,511,1,8,1.9956017300317723e-07,0.0003101478762886911,1.8151767451187665e-07,0.00027304423353324836,21.946297902148217,4
normalized_vmin0.0001,normalized,0.0001,1.0,10,511,1,9,1.995763077105305e-07,0.0003105100657764259,1.8152415881553057e-07,0.000272519164500884,22.015096332877874,4
normalized_vmin0.0001,normalized,0.0001,1.0,10,511,1,10,1.9953394062600927e-07,0.0003104903366293321,1.8146778935409092e-07,0.0002718443348104227,26.592344193253666,5
normalized_vmin0.0001,normalized,0.0001,1.0,10,511,1,11,1.9956259078478597e-07,0.0003101480034608528,1.8151557626268656e-07,0.00027303204326489805,26.66873628133908,5
normalized_vmin0.0001,normalized,0.0001,1.0,10,511,1,12,1.9957620011135923e-07,0.00031050025016443605,1.8152951953953448e-07,0.00027253095586854403,26.737702534534037,5
normalized_vmin0.0001,normalized,0.0001,1.0,10,511,1,13,1.9953557934098746e-07,0.00031049232845026253,1.8147294801032152e-07,0.00027182457726437903,31.62961323466152,6
normalized_vmin0.0001,normalized,0.0001,1.0,10,511,1,14,1.9956414593921853e-07,0.0003101419581864606,1.8151303503621726e-07,0.00027304425421637024,31.705371188931167,6
normalized_vmin0.0001,normalized,0.0001,1.0,10,511,1,15,1.9957225961044227e-07,0.0003105041198264713,1.8152467957374807e-07,0.0002725413197749438,31.775932181160897,6
normalized_vmin0.0001,normalized,0.0001,1.0,9,15,0,1,0.0038730293803610526,0.6577211373636833,0.003873025382194453,0.6577136904094623,2.5018017082475126,1
normalized_vmin0.0001,normalized,0.0001,1.0,9,15,0,2,0.0003222603615963306,0.5066323611812218,0.00032224912098587473,0.5066216269915844,2.5664993841201067,1
normalized_vmin0.0001,normalized,0.0001,1.0,9,15,0,3,5.500381433491109e-05,0.3199969239180518,5.4959506607425634e-05,0.3199821291050192,6.811574905179441,2
normalized_vmin0.0001,normalized,0.0001,1.0,9,15,0,4,1.2457940663442152e-05,0.137220127058289,1.2390727989217348e-05,0.13720135557422164,6.879160209093243,2
normalized_vmin0.0001,normalized,0.0001,1.0,9,15,0,5,1.5399460893668763e-06,0.026966463846496147,1.4605931535216402e-06,0.026945293575730944,11.14862793404609,3
normalized_vmin0.0001,normalized,0.0001,1.0,9,15,0,6,1.255628575189241e-07,0.0011003591988273387,4.1992854686844085e-08,0.0010786261597518498,11.21606958610937,3
normalized_vmin0.0001,normalized,0.0001,1.0,9,15,0,7,8.557805193749329e-08,0.0002660816770280183,1.2023976229861655e-09,2.252389417978229e-06,15.442300069145858,4
normalized_vmin0.0001,normalized,0.0001,1.0,9,15,0,8,8.550126266831576e-08,0.000266228733883378,1.4965109976863855e-09,2.003476547884908e-06,15.507670439779758,4
normalized_vmin0.0001,normalized,0.0001,1.0,9,15,0,9,8.552552931425264e-08,0.00026608061406219186,1.146682669810376e-09,1.4198971526324655e-06,19.69702680548653,5
normalized_vmin0.0001,normalized,0.0001,1.0,9,15,0,10,8.550378412844792e-08,0.0002662328489465571,1.497556815761267e-09,1.9956285346456326e-06,19.764528891071677,5
normalized_vmin0.0001,normalized,0.0001,1.0,9,15,0,11,8.552462541657518e-08,0.00026607559102931333,1.1443221574680077e-09,1.4204966118924744e-06,24.18863003421575,6
normalized_vmin0.0001,normalized,0.0001,1.0,9,15,0,12,8.55084818190758e-08,0.0002662244242491729,1.497011371500356e-09,2.0037436875286474e-06,24.252741754986346,6
normalized_vmin0.0001,normalized,0.0001,1.0,9,15,0,13,8.553126201981588e-08,0.00026607338054873697,1.1462071949737353e-09,1.410533520984636e-06,28.543545502703637,7
normalized_vmin0.0001,normalized,0.0001,1.0,9,15,0,14,8.549617451620746e-08,0.00026622848123092346,1.4910980072434102e-09,1.993722213433635e-06,28.611500317696482,7
normalized_vmin0.0001,normalized,0.0001,1.0,9,15,0,15,8.552417800876478e-08,0.00026607673857659275,1.139834030489112e-09,1.4277981044141796e-06,32.99766338476911,8
normalized_vmin0.0001,normalized,0.0001,1.0,9,15,1,1,0.003873314178367619,0.6577072888497943,0.003873320603762368,0.6576949580524561,2.5310682323761284,1
normalized_vmin0.0001,normalized,0.0001,1.0,9,15,1,2,0.000322413695257068,0.506625119818256,0.0003224208949494206,0.5066073464171257,2.5993572613224387,1
normalized_vmin0.0001,normalized,0.0001,1.0,9,15,1,3,5.511900370496782e-05,0.32002155808184674,5.511721376552251e-05,0.31999706244963344,7.741016419138759,2
normalized_vmin0.0001,normalized,0.0001,1.0,9,15,1,4,1.2565135715708337e-05,0.13732586273270775,1.2563230343673112e-05,0.13729478564690067,7.844409323297441,2
normalized_vmin0.0001,normalized,0.0001,1.0,9,15,1,5,1.642655472875266e-06,0.027183874523041607,1.6404859765455533e-06,0.02714882966786414,7.9156410694122314,2
normalized_vmin0.0001,normalized,0.0001,1.0,9,15,1,6,2.2717908428762111e-07,0.0013707126822128934,2.234956983078549e-07,0.0013347379303214613,13.054547958541662,3
normalized_vmin0.0001,normalized,0.0001,1.0,9,15,1,7,1.867622322621252e-07,0.00029575021291494696,1.83026587957684e-07,0.00025973673643509,13.129615422338247,3
normalized_vmin0.0001,normalized,0.0001,1.0,9,15,1,8,1.8676391048789713e-07,0.00029760904212638994,1.831241484024905e-07,0.0002615956326091906,13.197808625176549,3
normalized_vmin0.0001,normalized,0.0001,1.0,9,15,1,9,1.8675579649124672e-07,0.00029567309281819387,1.830714669074836e-07,0.0002596596135601148,18.106865108944476,4
normalized_vmin0.0001,normalized,0.0001,1.0,9,15,1,10,1.867140208214736e-07,0.0002940092793243254,1.8297937965775204e-07,0.00025799574012885795,18.183961536269635,4
normalized_vmin0.0001,normalized,0.0001,1.0,9,15,1,11,1.8676083487740127e-07,0.00029760254494459737,1.831235301923091e-07,0.00026158913519347404,18.25469713844359,4
normalized_vmin0.0001,normalized,0.0001,1.0,9,15,1,12,1.8675848144887675e-07,0.00029567952790998664,1.830731412519676e-07,0.00025966604888383316,23.33450546860695,5
normalized_vmin0.0001,normalized,0.0001,1.0,9,15,1,13,1.867129005076506e-07,0.00029402335385542155,1.8297741664480892e-07,0.00025800981516699295,23.411376094445586,5
normalized_vmin0.0001,normalized,0.0001,1.0,9,15,1,14,1.86767669600947e-07,0.0002976207259566266,1.831267600163169e-07,0.0002616073168603128,23.481298936530948,5
normalized_vmin0.0001,normalized,0.0001,1.0,9,15,1,15,1.867532731706914e-07,0.000295654361008868,1.8307005675137307e-07,0.00025964088107599537,28.597631676588207,6
normalized_vmin0.0001,normalized,0.0001,1.0,9,31,0,1,0.0009511914788329493,0.38602363283632424,0.0009511800463685839,0.38581998533454875,2.8841254767030478,1
normalized_vmin0.0001,normalized,0.0001,1.0,9,31,0,2,4.50652173923062e-05,0.19483552988983477,4.5041696837901866e-05,0.19456846792845373,2.952619339339435,1
normalized_vmin0.0001,normalized,0.0001,1.0,9,31,0,3,3.5057821577680894e-06,0.05341567178707618,3.4341705029389682e-06,0.05310170280720983,7.701510556507856,2
normalized_vmin0.0001,normalized,0.0001,1.0,9,31,0,4,2.5377072874636024e-07,0.004480965388995672,1.6868359061157192e-07,0.004150765441227167,7.771108898799866,2
normalized_vmin0.0001,normalized,0.0001,1.0,9,31,0,5,9.164173431912653e-08,0.000356011971517356,1.932257687088933e-09,2.4443833532838966e-05,12.827896016649902,3
normalized_vmin0.0001,normalized,0.0001,1.0,9,31,0,6,9.064256145659242e-08,0.00032680711145427477,1.6877396136940194e-09,4.770713379897984e-06,12.895858684554696,3
normalized_vmin0.0001,normalized,0.0001,1.0,9,31,0,7,9.079849447889875e-08,0.00033017769281817877,1.1901457143039657e-09,1.399014040615043e-06,18.123322056606412,4
normalized_vmin0.0001,normalized,0.0001,1.0,9,31,0,8,9.064002908491746e-08,0.0003267886927365016,1.691464838148287e-09,4.789138206895416e-06,18.191379284020513,4
normalized_vmin0.0001,normalized,0.0001,1.0,9,31,0,9,9.079436314395243e-08,0.00033019589137250893,1.1816742208590753e-09,1.3808094501133183e-06,23.227696747053415,5
normalized_vmin0.0001,normalized,0.0001,1.0,9,31,0,10,9.06500138333039e-08,0.00032679040217009625,1.6940153707483492e-09,4.7874282063098406e-06,23.29581093834713,5
normalized_vmin0.0001,normalized,0.0001,1.0,9,31,0,11,9.080037585185535e-08,0.0003301806131446039,1.189697368502834e-09,1.3960927456313499e-06,28.36603177106008,6
normalized_vmin0.0001,normalized,0.0001,1.0,9,31,0,12,9.064048594649307e-08,0.0003267777342856881,1.693400336605079e-09,4.800100292579046e-06,28.434940880164504,6
normalized_vmin0.0001,normalized,0.0001,1.0,9,31,0,13,9.0798721180955e-08,0.0003301898860241792,1.1881465130843553e-09,1.3868167902941764e-06,33.17933327937499,7
normalized_vmin0.0001,normalized,0.0001,1.0,9,31,0,14,9.064791329441773e-08,0.00032678536063190933,1.6955356421381371e-09,4.7924714168257054e-06,33.24594788020477,7
normalized_vmin0.0001,normalized,0.0001,1.0,9,31,0,15,9.079632836634711e-08,0.0003302024538107684,1.1895171830667635e-09,1.374244835039562e-06,38.133102831896394,8
normalized_vmin0.0001,normalized,0.0001,1.0,9,31,1,1,0.0009514588193460066,0.3858878610683869,0.00095146727548588,0.386014430763011,2.7947060149163008,1
normalized_vmin0.0001,normalized,0.0001,1.0,9,31,1,2,4.522278276142886e-05,0.1946445372471004,4.5229763855442464e-05,0.19481052255910192,7.870439728256315,2
normalized_vmin0.0001,normalized,0.0001,1.0,9,31,1,3,3.6145270214944584e-06,0.053168626408473196,3.6124888698067395e-06,0.0533637701781835,7.944390347227454,2
normalized_vmin0.0001,normalized,0.0001,1.0,9,31,1,4,3.5056345472389666e-07,0.004206926663989585,3.483831695295601e-07,0.004412161534318337,8.015983459539711,2
normalized_vmin0.0001,normalized,0.0001,1.0,9,31,1,5,1.8393627207945288e-07,0.00018700950174543873,1.8177945810990032e-07,0.0002818398540488376,12.921080341562629,3
normalized_vmin0.0001,normalized,0.0001,1.0,9,31,1,6,1.832380531045468e-07,0.0001867999117486363,1.810762534382396e-07,0.00025603966589171634,12.997646324336529,3
normalized_vmin0.0001,normalized,0.0001,1.0,9,31,1,7,1.830701186924937e-07,0.00018656832618724195,1.8091429624422206e-07,0.0002552517003112653,13.069039563648403,3
normalized_vmin0.0001,normalized,0.0001,1.0,9,31,1,8,1.830949297231346e-07,0.00018692551927512735,1.809336269924262e-07,0.0002559754832368588,18.157892602030188,4
normalized_vmin0.0001,normalized,0.0001,1.0,9,31,1,9,1.8323104790699088e-07,0.00018679651764019756,1.8107354007821925e-07,0.00025600243934764677,18.25674771796912,4
normalized_vmin0.0001,normalized,0.0001,1.0,9,31,1,10,1.8306722234991767e-07,0.00018656748142686919,1.8091382134442254e-07,0.0002552819720010868,18.327840998768806,4
normalized_vmin0.0001,normalized,0.0001,1.0,9,31,1,11,1.8310021120959493e-07,0.00018692435023870413,1.8093814762662887e-07,0.0002559537610806739,23.444448842667043,5
normalized_vmin0.0001,normalized,0.0001,1.0,9,31,1,12,1.8323800236379366e-07,0.000186791723566615,1.8107910183939795e-07,0.0002560367096607896,23.52165313763544,5
normalized_vmin0.0001,normalized,0.0001,1.0,9,31,1,13,1.8306801588275964e-07,0.00018656321927756903,1.8091828913263265e-07,0.0002552342155373033,23.58932268153876,5
normalized_vmin0.0001,normalized,0.0001,1.0,9,31,1,14,1.8309699698908598e-07,0.00018692161995437218,1.809386595189525e-07,0.0002559639079979803,28.45182971889153,6
normalized_vmin0.0001,normalized,0.0001,1.0,9,31,1,15,1.8323819826549577e-07,0.0001868008184856551,1.81075382747469e-07,0.0002560088525598303,28.523280906956643,6
normalized_vmin0.0001,normalized,0.0001,1.0,9,63,0,1,0.00013224180809962097,0.10622971056633346,0.0001322306452595079,0.10603695603438656,3.1661989600397646,1
normalized_vmin0.0001,normalized,0.0001,1.0,9,63,0,2,1.914490025905472e-06,0.016481485361604653,1.8744664955754104e-06,0.016269375322602975,7.782842613290995,2
normalized_vmin0.0001,normalized,0.0001,1.0,9,63,0,3,9.700941462995676e-08,0.0006109738738522275,1.6289403091407508e-08,0.00039544112875955495,7.85966853518039,2
normalized_vmin0.0001,normalized,0.0001,1.0,9,63,0,4,8.366003788361749e-08,0.00021554740176754628,1.1859506707909595e-09,1.435246545611335e-06,12.591630224138498,3
normalized_vmin0.0001,normalized,0.0001,1.0,9,63,0,5,8.371104661082784e-08,0.0002161929195064749,1.462445845155859e-09,7.592847802717628e-07,12.660628631245345,3
normalized_vmin0.0001,normalized,0.0001,1.0,9,63,0,6,8.365514063330456e-08,0.00021529235825612503,1.1939857205656103e-09,1.448696843708852e-06,17.58119316631928,4
normalized_vmin0.0001,normalized,0.0001,1.0,9,63,0,7,8.372153231788756e-08,0.00021623211862009661,1.4627206377482399e-09,7.692556018845664e-07,17.650491293519735,4
normalized_vmin0.0001,normalized,0.0001,1.0,9,63,0,8,8.365422935394502e-08,0.00021529221946126054,1.1974559203536711e-09,1.4286094002224914e-06,22.199837789405137,5
normalized_vmin0.0001,normalized,0.0001,1.0,9,63,0,9,8.3716655816636e-08,0.00021620315561177161,1.463534737004184e-09,7.554335323955996e-07,22.272630089428276,5
normalized_vmin0.0001,normalized,0.0001,1.0,9,63,0,10,8.365340343679731e-08,0.00021529332880343421,1.1953267420536655e-09,1.447874403814886e-06,26.678014741279185,6
normalized_vmin0.0001,normalized,0.0001,1.0,9,63,0,11,8.371202213899168e-08,0.0002161907173952038,1.4649284460049308e-09,7.463374638305709e-07,26.74646556423977,6
normalized_vmin0.0001,normalized,0.0001,1.0,9,63,0,12,8.365914628332698e-08,0.00021530231217259388,1.193606148218885e-09,1.448514235780074e-06,31.450220277067274,7
normalized_vmin0.0001,normalized,0.0001,1.0,9,63,0,13,8.371455671865114e-08,0.0002161912296737567,1.4618188458150115e-09,7.642177825006868e-07,31.518640167079866,7
normalized_vmin0.0001,normalized,0.0001,1.0,9,63,0,14,8.365160386226305e-08,0.00021527803914822563,1.1965286620157416e-09,1.4176529556930717e-06,36.30525560118258,8
normalized_vmin0.0001,normalized,0.0001,1.0,9,63,0,15,8.371288455970527e-08,0.00021620975644298657,1.46826452897798e-09,7.537052275630174e-07,36.370560253039,8
normalized_vmin0.0001,normalized,0.0001,1.0,9,63,1,1,0.0001324067418192562,0.10624944485968413,0.00013241026053642256,0.10621332688466367,2.991810348816216,1
normalized_vmin0.0001,normalized,0.0001,1.0,9,63,1,2,2.062877593994933e-06,0.01655521176929864,2.055147863590502e-06,0.016515469098269175,7.294484035577625,2
normalized_vmin0.0001,normalized,0.0001,1.0,9,63,1,3,2.0877859291168938e-07,0.0007062951004281892,1.9699063023753522e-07,0.0006659119478089615,7.371545944362879,2
normalized_vmin0.0001,normalized,0.0001,1.0,9,63,1,4,1.9372365740133278e-07,0.0003136528211099554,1.8193125337868184e-07,0.00027325380115061915,7.440674296114594,2
normalized_vmin0.0001,normalized,0.0001,1.0,9,63,1,5,1.9365047924930126e-07,0.00031009346164079243,1.818446018871713e-07,0.00026969429784173826,11.664152210112661,3
normalized_vmin0.0001,normalized,0.0001,1.0,9,63,1,6,1.9375284126454457e-07,0.0003125893706986682,1.8196476479735848e-07,0.00027219030776348685,11.740020264405757,3
normalized_vmin0.0001,normalized,0.0001,1.0,9,63,1,7,1.9371750902717137e-07,0.00031340522797496106,1.81924540185133e-07,0.00027300619800996184,11.808213987387717,3
normalized_vmin0.0001,normalized,0.0001,1.0,9,63,1,8,1.9364920282169534e-07,0.00031008835938772794,1.8184248251786858e-07,0.00026968919538250535,16.33480394212529,4
normalized_vmin0.0001,normalized,0.0001,1.0,9,63,1,9,1.9375067932675066e-07,0.0003125515031301429,1.8195987262540787e-07,0.00027215243866474115,16.413362245075405,4
normalized_vmin0.0001,normalized,0.0001,1.0,9,63,1,10,1.9371612387490762e-07,0.0003134079588201777,1.8192441250735065e-07,0.00027300892896553464,16.48091756319627,4
normalized_vmin0.0001,normalized,0.0001,1.0,9,63,1,11,1.9364975258824002e-07,0.00031011068915220985,1.8184336503892135e-07,0.00026971152604937654,20.836877013090998,5
normalized_vmin0.0001,normalized,0.0001,1.0,9,63,1,12,1.9375577870882517e-07,0.0003125978776431504,1.8196948002628126e-07,0.0002721988150518051,20.913449394050986,5
normalized_vmin0.0001,normalized,0.0001,1.0,9,63,1,13,1.9371325651013847e-07,0.00031341265789752715,1.819217341032247e-07,0.00027301362823273223,20.981313280761242,5
normalized_vmin0.0001,normalized,0.0001,1.0,9,63,1,14,1.9364839085847014e-07,0.000310092800765549,1.818433777651001e-07,0.0002696936369398495,25.089784998912364,6
normalized_vmin0.0001,normalized,0.0001,1.0,9,63,1,15,1.9375344940253522e-07,0.00031257563066910965,1.8196823443628537e-07,0.00027217656717870575,25.163809085264802,6
normalized_vmin0.0001,normalized,0.0001,1.0,9,127,0,1,4.942441448387639e-06,0.006274545917288932,4.9347175929549405e-06,0.006281056203316537,6.510283631272614,2
normalized_vmin0.0001,normalized,0.0001,1.0,9,127,0,2,8.375642458420651e-08,0.00012584582619667994,6.064329766671884e-09,6.439318337814193e-05,6.575674137100577,2
normalized_vmin0.0001,normalized,0.0001,1.0,9,127,0,3,8.158626694377272e-08,0.00012661068389407948,1.1965690783215688e-09,2.961595634176639e-06,11.275501838885248,3
normalized_vmin0.0001,normalized,0.0001,1.0,9,127,0,4,8.142724590504477e-08,0.00012581572233549831,1.6502904395205372e-09,5.455198039516773e-06,11.342307605780661,3
normalized_vmin0.0001,normalized,0.0001,1.0,9,127,0,5,8.158492127243971e-08,0.00012661420501691723,1.19933455553715e-09,2.9449622102051265e-06,16.068910368718207,4
normalized_vmin0.0001,normalized,0.0001,1.0,9,127,0,6,8.142429807827815e-08,0.00012581319660864843,1.6566452661484282e-09,5.439267564022465e-06,16.135472788941115,4
normalized_vmin0.0001,normalized,0.0001,1.0,9,127,0,7,8.158493789513604e-08,0.00012661797604807123,1.1969642199741214e-09,2.976889881045608e-06,21.06321422290057,5
normalized_vmin0.0001,normalized,0.0001,1.0,9,127,0,8,8.142889695958539e-08,0.0001258120806594265,1.6540419297753203e-09,5.454503306023817e-06,21.131381551735103,5
normalized_vmin0.0001,normalized,0.0001,1.0,9,127,0,9,8.158486397214483e-08,0.00012660734998415357,1.2004093894811931e-09,2.95871049393881e-06,25.815740482416004,6
normalized_vmin0.0001,normalized,0.0001,1.0,9,127,0,10,8.142534240659487e-08,0.00012582138368189,1.6514464924418434e-09,5.45363086545958e-06,25.88307107752189,6
normalized_vmin0.0001,normalized,0.0001,1.0,9,127,0,11,8.158587971826987e-08,0.00012662127354512442,1.2014566158296647e-09,2.9838091127887267e-06,30.71215849276632,7
normalized_vmin0.0001,normalized,0.0001,1.0,9,127,0,12,8.14271129125813e-08,0.00012581689643664795,1.6508018542903905e-09,5.447628499188895e-06,30.778669589664787,7
normalized_vmin0.0001,normalized,0.0001,1.0,9,127,0,13,8.158189750789881e-08,0.00012662250471173753,1.2000315277581623e-09,2.9541728076010187e-06,35.32845146767795,8
normalized_vmin0.0001,normalized,0.0001,1.0,9,127,0,14,8.142171639334111e-08,0.00012580307520582146,1.657084404643825e-09,5.4080128912836756e-06,35.39456283394247,8
normalized_vmin0.0001,normalized,0.0001,1.0,9,127,0,15,8.158927369309206e-08,0.00012661457498819306,1.201805525471891e-09,2.9563523374909195e-06,39.6462972429581,9
normalized_vmin0.0001,normalized,0.0001,1.0,9,127,1,1,5.111613184060147e-06,0.0067151308703331525,5.107062755882356e-06,0.006498539160922467,6.45982377929613,2
normalized_vmin0.0001,normalized,0.0001,1.0,9,127,1,2,2.050593019589383e-07,0.0005642216581080994,1.8595051815256574e-07,0.0003462887061373987,6.5340598514303565,2
normalized_vmin0.0001,normalized,0.0001,1.0,9,127,1,3,2.0024338433787556e-07,0.0005048305377958195,1.8112062144368772e-07,0.0002868846352359622,6.603011965751648,2
normalized_vmin0.0001,normalized,0.0001,1.0,9,127,1,4,2.0037794179098662e-07,0.000507806760784768,1.8124966291940768e-07,0.0002898615072080002,11.626349774654955,3
normalized_vmin0.0001,normalized,0.0001,1.0,9,127,1,5,2.0026077830760704e-07,0.0005065018931219578,1.8112681100889534e-07,0.00028855635501101595,11.711094384547323,3
normalized_vmin0.0001,normalized,0.0001,1.0,9,127,1,6,2.002568124668321e-07,0.0005048158884541909,1.8112915318204605e-07,0.00028686998269988884,11.780609687790275,3
normalized_vmin0.0001,normalized,0.0001,1.0,9,127,1,7,2.0037877474268537e-07,0.0005078158287823431,1.8124774553449297e-07,0.00028987057718288245,16.534999780356884,4
normalized_vmin0.0001,normalized,0.0001,1.0,9,127,1,8,2.0025689536776946e-07,0.000506467065080507,1.8112304580644769e-07,0.0002885215193750845,16.611470175441355,4
normalized_vmin0.0001,normalized,0.0001,1.0,9,127,1,9,2.0025188605717618e-07,0.0005047838017566697,1.8112943301102518e-07,0.0002868378890056311,16.68048988142982,4
normalized_vmin0.0001,normalized,0.0001,1.0,9,127,1,10,2.0037133057937794e-07,0.0005078015094412969,1.8124453342043638e-07,0.000289856254719556,21.659857685212046,5
normalized_vmin0.0001,normalized,0.0001,1.0,9,127,1,11,2.0025314451976216e-07,0.0005064827622134338,1.8112364037025763e-07,0.0002885372199308289,21.735074311494827,5
normalized_vmin0.0001,normalized,0.0001,1.0,9,127,1,12,2.0024762707465947e-07,0.0005048485128853475,1.8112106077706845e-07,0.0002869026142449105,21.803247875533998,5
normalized_vmin0.0001,normalized,0.0001,1.0,9,127,1,13,2.003774612307234e-07,0.0005077931084838117,1.812496485072776e-07,0.0002898478519302028,26.693512197583914,6
normalized_vmin0.0001,normalized,0.0001,1.0,9,127,1,14,2.00257907882806e-07,0.0005064770143577979,1.8112353124462795e-07,0.0002885314708219733,26.77173813432455,6
normalized_vmin0.0001,normalized,0.0001,1.0,9,127,1,15,2.0024431398946103e-07,0.0005048226724754246,1.8112127875056198e-07,0.0002868767682004947,26.866125537548214,6
normalized_vmin0.0001,normalized,0.0001,1.0,9,255,0,1,8.936034595768847e-08,0.0002024209873634497,1.4716418555400448e-08,3.766045049402589e-05,8.225804994348437,2
normalized_vmin0.0001,normalized,0.0001,1.0,9,255,0,2,8.785972969774971e-08,0.00018777541778125517,1.5922119655751318e-09,2.8520195818337868e-06,8.2938267220743,2
normalized_vmin0.0001,normalized,0.0001,1.0,9,255,0,3,8.78531552003911e-08,0.00018791943402696187,1.193418188107949e-09,1.1061728457661957e-06,12.726767525076866,3
normalized_vmin0.0001,normalized,0.0001,1.0,9,255,0,4,8.786201916806321e-08,0.00018777526750402007,1.593133188203613e-09,2.866813173740823e-06,12.794982290826738,3
normalized_vmin0.0001,normalized,0.0001,1.0,9,255,0,5,8.78533526743761e-08,0.00018791937479667453,1.1910197454946775e-09,1.119577235586533e-06,16.968139931559563,4
normalized_vmin0.0001,normalized,0.0001,1.0,9,255,0,6,8.786246989823837e-08,0.00018776950807719572,1.596346799357057e-09,2.8728839092106995e-06,17.033869473729283,4
normalized_vmin0.0001,normalized,0.0001,1.0,9,255,0,7,8.785538659902698e-08,0.0001879166156701917,1.1945118967853115e-09,1.1363563161559398e-06,21.862314303405583,5
normalized_vmin0.0001,normalized,0.0001,1.0,9,255,0,8,8.786353774823991e-08,0.000187770544797905,1.5913454720221975e-09,2.8687688400363953e-06,21.927744307089597,5
normalized_vmin0.0001,normalized,0.0001,1.0,9,255,0,9,8.785673289185518e-08,0.0001879253733462205,1.1959510182140809e-09,1.1236095303068794e-06,26.22841603681445,6
normalized_vmin0.0001,normalized,0.0001,1.0,9,255,0,10,8.7861942285732e-08,0.00018777560994598375,1.593741033812041e-09,2.8565801597491003e-06,26.29488682281226,6
normalized_vmin0.0001,normalized,0.0001,1.0,9,255,0,11,8.785334078563849e-08,0.00018792451396010268,1.196358641998254e-09,1.116324242378397e-06,30.524652578867972,7
normalized_vmin0.0001,normalized,0.0001,1.0,9,255,0,12,8.786318286957005e-08,0.00018778034186062165,1.5915848305226655e-09,2.8513930678819577e-06,30.591860703658313,7
normalized_vmin0.0001,normalized,0.0001,1.0,9,255,0,13,8.785356708251483e-08,0.00018792205807616202,1.1977349491204515e-09,1.1337898755403586e-06,34.761055967304856,8
normalized_vmin0.0001,normalized,0.0001,1.0,9,255,0,14,8.785904717431496e-08,0.00018777423339766397,1.5921510750226847e-09,2.8378418550634166e-06,34.82958817202598,8
normalized_vmin0.0001,normalized,0.0001,1.0,9,255,0,15,8.785339140277566e-08,0.00018792102631415286,1.1926796987296573e-09,1.1251456011329708e-06,39.606325815431774,9
normalized_vmin0.0001,normalized,0.0001,1.0,9,255,1,1,1.9310896096307837e-07,0.00017628462418428636,1.8785692958910662e-07,0.00020865847439732743,7.774727007839829,2
normalized_vmin0.0001,normalized,0.0001,1.0,9,255,1,2,1.8229601268486962e-07,0.00014979006944126905,1.750642750076804e-07,0.00019962218661562225,7.849028083961457,2
normalized_vmin0.0001,normalized,0.0001,1.0,9,255,1,3,1.8248377008705185e-07,0.00014999025596218463,1.7515473769996268e-07,0.00020083624413325118,7.918320854660124,2
normalized_vmin0.0001,normalized,0.0001,1.0,9,255,1,4,1.8230619576808065e-07,0.0001501214588615074,1.750520388883259e-07,0.00019949056543278054,12.924294847529382,3
normalized_vmin0.0001,normalized,0.0001,1.0,9,255,1,5,1.8230194406327442e-07,0.0001497917283745931,1.7506939494620438e-07,0.00019961891729258774,12.999900496564806,3
normalized_vmin0.0001,normalized,0.0001,1.0,9,255,1,6,1.8248451593494755e-07,0.00014998779596930856,1.7515483738805967e-07,0.00020083785345959004,13.06809899955988,3
normalized_vmin0.0001,normalized,0.0001,1.0,9,255,1,7,1.8230571509115728e-07,0.00015011638473849676,1.7505160765830948e-07,0.00019948582833362316,18.169956893660128,4
normalized_vmin0.0001,normalized,0.0001,1.0,9,255,1,8,1.82294141159823e-07,0.00014978848179247883,1.7506257114713734e-07,0.0001996167919499081,18.24378497293219,4
normalized_vmin0.0001,normalized,0.0001,1.0,9,255,1,9,1.8248492448327496e-07,0.00014999245433844344,1.7515714166498343e-07,0.00020082925146658326,18.31236917991191,4
normalized_vmin0.0001,normalized,0.0001,1.0,9,255,1,10,1.8230777855190802e-07,0.0001501217537295263,1.7505246162111788e-07,0.00019949145378483912,23.02071825088933,5
normalized_vmin0.0001,normalized,0.0001,1.0,9,255,1,11,1.8229600996617847e-07,0.00014979654900881822,1.750644355548812e-07,0.00019961688826097834,23.094492280855775,5
normalized_vmin0.0001,normalized,0.0001,1.0,9,255,1,12,1.8248171598773296e-07,0.00014998774808649973,1.7515544102122418e-07,0.00020082745866767393,23.164766170084476,5
normalized_vmin0.0001,normalized,0.0001,1.0,9,255,1,13,1.8230920295156874e-07,0.0001501182253420552,1.7505428199396e-07,0.00019948450114737337,28.10246485704556,6
normalized_vmin0.0001,normalized,0.0001,1.0,9,255,1,14,1.8229333219801162e-07,0.00014979028235362346,1.7506514468565708e-07,0.00019962709673215784,28.17729531833902,6
normalized_vmin0.0001,normalized,0.0001,1.0,9,255,1,15,1.8248024056168602e-07,0.0001499833688829444,1.751518084528807e-07,0.00020082316132119526,28.248763110954314,6
normalized_vmin0.0001,normalized,0.0001,1.0,9,511,0,1,9.84542215755079e-08,0.0003105663700482264,1.4073496614742627e-09,4.273224547879373e-06,11.446791409514844,2
normalized_vmin0.0001,normalized,0.0001,1.0,9,511,0,2,9.852327077741098e-08,0.00030650641455653993,1.5358507654002857e-09,3.3514507959964135e-06,11.513786386232823,2
normalized_vmin0.0001,normalized,0.0001,1.0,9,511,0,3,9.846092528669568e-08,0.000308058904891384,1.2337944796616987e-09,2.206618755273837e-06,16.12324114702642,3
normalized_vmin0.0001,normalized,0.0001,1.0,9,511,0,4,9.852319350918173e-08,0.0003064672310391092,1.5340855394750555e-09,3.345977895197194e-06,16.190855231136084,3
normalized_vmin0.0001,normalized,0.0001,1.0,9,511,0,5,9.846090178331694e-08,0.00030802597019441436,1.2397672126916986e-09,2.242237157057403e-06,20.7456046291627,4
normalized_vmin0.0001,normalized,0.0001,1.0,9,511,0,6,9.852600837639719e-08,0.0003064962315717512,1.5332613108638032e-09,3.3367844192166984e-06,20.81087444908917,4
normalized_vmin0.0001,normalized,0.0001,1.0,9,511,0,7,9.845701843492487e-08,0.00030803723645689285,1.2317300689364057e-09,2.2328211668476428e-06,25.676265762653202,5
normalized_vmin0.0001,normalized,0.0001,1.0,9,511,0,8,9.851944132826645e-08,0.000306497841146558,1.5373422999674462e-09,3.3617571437716265e-06,25.743944644462317,5
normalized_vmin0.0001,normalized,0.0001,1.0,9,511,0,9,9.845418013956076e-08,0.0003080396032484334,1.2321933185160255e-09,2.2313450944722035e-06,30.4962588516064,6
normalized_vmin0.0001,normalized,0.0001,1.0,9,511,0,10,9.851742047926995e-08,0.00030649977990249155,1.531815822488269e-09,3.3477767518164114e-06,30.564334619324654,6
normalized_vmin0.0001,normalized,0.0001,1.0,9,511,0,11,9.846206262433931e-08,0.0003080091378662164,1.2390685196317743e-09,2.251415214704622e-06,35.39635187899694,7
normalized_vmin0.0001,normalized,0.0001,1.0,9,511,0,12,9.851860763028424e-08,0.00030649199392041027,1.5377730937381922e-09,3.3384601174635264e-06,35.46438875189051,7
normalized_vmin0.0001,normalized,0.0001,1.0,9,511,0,13,9.846574839267753e-08,0.00030802809145835663,1.2359298039446782e-09,2.239461569741863e-06,40.257549308706075,8
normalized_vmin0.0001,normalized,0.0001,1.0,9,511,0,14,9.852175348324714e-08,0.00030650703000190127,1.533416931592238e-09,3.3416537488228926e-06,40.324687278363854,8
normalized_vmin0.0001,normalized,0.0001,1.0,9,511,0,15,9.846479811127597e-08,0.00030800883833492776,1.227851824392185e-09,2.2129994454722635e-06,45.139170203357935,9
normalized_vmin0.0001,normalized,0.0001,1.0,9,511,1,1,2.0282067267953855e-07,0.00044925057663391943,1.8211159495978388e-07,0.0002627657512770387,11.470328269060701,2
normalized_vmin0.0001,normalized,0.0001,1.0,9,511,1,2,2.026906160316939e-07,0.0004479487101310964,1.8198180451333391e-07,0.0002619515580131182,11.558538105804473,2
normalized_vmin0.0001,normalized,0.0001,1.0,9,511,1,3,2.0255330218181794e-07,0.0004487210581829437,1.8183694251014938e-07,0.00026103055239357076,11.628681287635118,2
normalized_vmin0.0001,normalized,0.0001,1.0,9,511,1,4,2.0262994271572332e-07,0.0004486338076170604,1.8191957774578888e-07,0.0002610991724132372,16.59779043868184,3
normalized_vmin0.0001,normalized,0.0001,1.0,9,511,1,5,2.0269358127188243e-07,0.0004479532775822914,1.8198822186091715e-07,0.00026191467343184005,16.68641791632399,3
normalized_vmin0.0001,normalized,0.0001,1.0,9,511,1,6,2.0255322160703633e-07,0.00044872272563212245,1.8184035394376057e-07,0.00026101671270950533,16.75440201209858,3
normalized_vmin0.0001,normalized,0.0001,1.0,9,511,1,7,2.026220566025707e-07,0.0004486398208728426,1.8191522436197536e-07,0.0002611074417956383,21.491665008012205,4
normalized_vmin0.0001,normalized,0.0001,1.0,9,511,1,8,2.0269448723004546e-07,0.0004479511664712277,1.819858658049608e-07,0.0002619405479546977,21.563992405775934,4
normalized_vmin0.0001,normalized,0.0001,1.0,9,511,1,9,2.0256029473865057e-07,0.0004487217739737037,1.818437762893313e-07,0.00026101334849548685,21.632781866937876,4
normalized_vmin0.0001,normalized,0.0001,1.0,9,511,1,10,2.0262462238929225e-07,0.0004486361126102567,1.8191623379910764e-07,0.0002611294515874052,26.53884837217629,5
normalized_vmin0.0001,normalized,0.0001,1.0,9,511,1,11,2.0269301314241561e-07,0.00044794668430525597,1.8198657180500466e-07,0.00026193839632704385,26.613135466352105,5
normalized_vmin0.0001,normalized,0.0001,1.0,9,511,1,12,2.0255287237219444e-07,0.0004487241473056791,1.8184293499966722e-07,0.000261042976404946,26.681451394222677,5
normalized_vmin0.0001,normalized,0.0001,1.0,9,511,1,13,2.0262794207897937e-07,0.0004486369734646445,1.819146583763591e-07,0.0002611241669666642,31.779718477278948,6
normalized_vmin0.0001,normalized,0.0001,1.0,9,511,1,14,2.0269290987468962e-07,0.0004479463247245574,1.819882785590292e-07,0.00026195493472780385,31.85557251656428,6
normalized_vmin0.0001,normalized,0.0001,1.0,9,511,1,15,2.0254990647593146e-07,0.00044872289715103264,1.818384465712022e-07,0.000260997995160106,31.925628531724215,6
normalized_vmin0.0001,normalized,0.0001,1.0,8,15,0,1,0.003873028281991282,0.6577223848507809,0.0038730296773401276,0.6576897062011323,2.4837262704968452,1
normalized_vmin0.0001,normalized,0.0001,1.0,8,15,0,2,0.00032225717177386564,0.506637070724147,0.0003222541016310558,0.5065899673390529,6.747343736235052,2
normalized_vmin0.0001,normalized,0.0001,1.0,8,15,0,3,5.4995893096279485e-05,0.32001128542305324,5.496341914324215e-05,0.31994636410776645,11.080323842354119,3
normalized_vmin0.0001,normalized,0.0001,1.0,8,15,0,4,1.2448060963625695e-05,0.13725569515649583,1.2392227800357709e-05,0.13717332541443106,15.477125393692404,4
normalized_vmin0.0001,normalized,0.0001,1.0,8,15,0,5,1.5311241314101063e-06,0.027028332325931603,1.4605965095458695e-06,0.026935438724834837,19.83789580548182,5
normalized_vmin0.0001,normalized,0.0001,1.0,8,15,0,6,1.1871879361851289e-07,0.0011755540521403152,4.166410731024645e-08,0.0010801921801246728,23.966941085178405,6
normalized_vmin0.0001,normalized,0.0001,1.0,8,15,0,7,8.07229866592111e-08,9.907705668144029e-05,1.2542988760229823e-09,3.6124089859423947e-06,28.277311950922012,7
normalized_vmin0.0001,normalized,0.0001,1.0,8,15,0,8,8.067463906576188e-08,9.731180387051452e-05,1.2072307924986957e-09,1.8469876390536655e-06,32.59722992172465,8
normalized_vmin0.0001,normalized,0.0001,1.0,8,15,0,9,8.067216359844472e-08,9.733255101562754e-05,1.2022027984016405e-09,1.8677367650266063e-06,36.767404209822416,9
normalized_vmin0.0001,normalized,0.0001,1.0,8,15,0,10,8.067021769757291e-08,9.732154764929835e-05,1.2008522984692158e-09,1.8567323482043818e-06,41.00703850900754,10
normalized_vmin0.0001,normalized,0.0001,1.0,8,15,0,11,8.067113985584076e-08,9.73307856351191e-05,1.2062855476736292e-09,1.8659712159863062e-06,45.326682024635375,11
normalized_vmin0.0001,normalized,0.0001,1.0,8,15,0,12,8.067695095671223e-08,9.73342049604975e-05,1.2029280683942224e-09,1.8693908677702709e-06,49.52937022829428,12
normalized_vmin0.0001,normalized,0.0001,1.0,8,15,0,13,8.067194302656242e-08,9.730321617651416e-05,1.2009645024707311e-09,1.8383991252646226e-06,53.96378798922524,13
normalized_vmin0.0001,normalized,0.0001,1.0,8,15,0,14,8.06675089519509e-08,9.728821331256299e-05,1.2036478617258773e-09,1.8233948287926793e-06,58.400873164180666,14
normalized_vmin0.0001,normalized,0.0001,1.0,8,15,0,15,8.067196503405388e-08,9.730164414245568e-05,1.198318731369881e-09,1.8368269411039861e-06,62.549703223165125,15
normalized_vmin0.0001,normalized,0.0001,1.0,8,15,1,1,0.0038733135695483067,0.6577034018520296,0.00387331240313731,0.6577709612732096,2.6273350161500275,1
normalized_vmin0.0001,normalized,0.0001,1.0,8,15,1,2,0.0003224181521007733,0.5066104583959032,0.00032241497914071093,0.5067078391821201,2.6951149557717144,1
normalized_vmin0.0001,normalized,0.0001,1.0,8,15,1,3,5.5128629650718844e-05,0.31997663765082185,5.511451082442905e-05,0.32011085454049515,7.626482754945755,2
normalized_vmin0.0001,normalized,0.0001,1.0,8,15,1,4,1.2577746929064408e-05,0.13721672316699018,1.256278104576446e-05,0.13738701156337507,7.7005477719940245,2
normalized_vmin0.0001,normalized,0.0001,1.0,8,15,1,5,1.6545671245258838e-06,0.02698986129278569,1.6400946941993858e-06,0.027181905274902385,7.776979821268469,2
normalized_vmin0.0001,normalized,0.0001,1.0,8,15,1,6,2.3686714359678483e-07,0.001138349273035022,2.2252764809620803e-07,0.0013354955938781332,12.55552825331688,3
normalized_vmin0.0001,normalized,0.0001,1.0,8,15,1,7,1.9649069871801e-07,0.0002505768670687525,1.8215922380758972e-07,0.0002612599372345814,12.631919350475073,3
normalized_vmin0.0001,normalized,0.0001,1.0,8,15,1,8,1.963708282199914e-07,0.0002510942739082367,1.8204926479396135e-07,0.0002580865183097192,12.702623104210943,3
normalized_vmin0.0001,normalized,0.0001,1.0,8,15,1,9,1.9636286862112663e-07,0.0002508002914841656,1.8202655805263813e-07,0.000257594731109978,17.683418922126293,4
normalized_vmin0.0001,normalized,0.0001,1.0,8,15,1,10,1.964348614139201e-07,0.00025051349782068133,1.8210273575852202e-07,0.00025953658483768294,17.759667698293924,4
normalized_vmin0.0001,normalized,0.0001,1.0,8,15,1,11,1.963669570796514e-07,0.0002510992987356797,1.820472082003676e-07,0.0002580563021942206,17.829112768173218,4
normalized_vmin0.0001,normalized,0.0001,1.0,8,15,1,12,1.9636537829645552e-07,0.0002507974047739614,1.820353873016088e-07,0.00025762507277282687,22.944633975159377,5
normalized_vmin0.0001,normalized,0.0001,1.0,8,15,1,13,1.9643691204055636e-07,0.00025051904117145973,1.8210083431565845e-07,0.0002595448918301102,23.022308401297778,5
normalized_vmin0.0001,normalized,0.0001,1.0,8,15,1,14,1.963706942503365e-07,0.0002510924915171131,1.8204758455524952e-07,0.00025807169916702843,23.093487126287073,5
normalized_vmin0.0001,normalized,0.0001,1.0,8,15,1,15,1.9636916144849694e-07,0.0002507936804521105,1.8203677300114392e-07,0.0002576285254033417,28.25228871544823,6
normalized_vmin0.0001,normalized,0.0001,1.0,8,31,0,1,0.000951294135163883,0.38589692325505576,0.0009512990876664977,0.38585283245567537,2.9194972794502974,1
normalized_vmin0.0001,normalized,0.0001,1.0,8,31,0,2,4.506684338344876e-05,0.19465789059506045,4.506181584077663e-05,0.19460006939415297,7.58793036872521,2
normalized_vmin0.0001,normalized,0.0001,1.0,8,31,0,3,3.487382722343159e-06,0.05318664938678286,3.4343574375360933e-06,0.05311867096577594,12.637880757916719,3
normalized_vmin0.0001,normalized,0.0001,1.0,8,31,0,4,2.3865809096283776e-07,0.004228249810567353,1.685714528626596e-07,0.004156756320095045,17.57889987109229,4
normalized_vmin0.0001,normalized,0.0001,1.0,8,31,0,5,8.117402643872471e-08,9.688948972685907e-05,1.903317660454458e-09,2.509937970318621e-05,22.492037814110518,5
normalized_vmin0.0001,normalized,0.0001,1.0,8,31,0,6,8.043425117532137e-08,8.485672939340105e-05,1.1084095842665853e-09,7.884013450976113e-07,27.403489341959357,6
normalized_vmin0.0001,normalized,0.0001,1.0,8,31,0,7,8.04346332418176e-08,8.487193652939595e-05,1.10643697302394e-09,7.706521911732267e-07,32.26793485088274,7
normalized_vmin0.0001,normalized,0.0001,1.0,8,31,0,8,8.04331403529159e-08,8.487147185420874e-05,1.1069369600792787e-09,7.891575117824345e-07,36.573170667048544,8
normalized_vmin0.0001,normalized,0.0001,1.0,8,31,0,9,8.04359033840799e-08,8.48742632757471e-05,1.1073555026771837e-09,7.537862125595041e-07,41.36924957111478,9
normalized_vmin0.0001,normalized,0.0001,1.0,8,31,0,10,8.043855544915393e-08,8.486729418888395e-05,1.1071404538867766e-09,7.943517150721391e-07,46.44921834114939,10
normalized_vmin0.0001,normalized,0.0001,1.0,8,31,0,11,8.044159567774866e-08,8.487246050159492e-05,1.1073145820750447e-09,7.607634886497294e-07,51.5117495120503,11
normalized_vmin0.0001,normalized,0.0001,1.0,8,31,0,12,8.043605814457523e-08,8.487147465063849e-05,1.1087485803300647e-09,7.995027939688981e-07,55.89271599100903,12
normalized_vmin0.0001,normalized,0.0001,1.0,8,31,0,13,8.043155358586866e-08,8.486853870315336e-05,1.109535018146247e-09,7.805796611304316e-07,60.0556413391605,13
normalized_vmin0.0001,normalized,0.0001,1.0,8,31,0,14,8.042972679638943e-08,8.486761398529552e-05,1.1083549326911652e-09,7.734413436377707e-07,64.45147707313299,14
normalized_vmin0.0001,normalized,0.0001,1.0,8,31,0,15,8.043980699809099e-08,8.486438644395022e-05,1.1116889116275972e-09,7.849252379177329e-07,68.49667134229094,15
normalized_vmin0.0001,normalized,0.0001,1.0,8,31,1,1,0.0009514628259228255,0.3859163701138646,0.0009514602249264693,0.38588650029765037,2.879195149987936,1
normalized_vmin0.0001,normalized,0.0001,1.0,8,31,1,2,4.5230389185588784e-05,0.19473104578131928,4.522386344823706e-05,0.19469187646545594,7.873221802990884,2
normalized_vmin0.0001,normalized,0.0001,1.0,8,31,1,3,3.6266271139289543e-06,0.053348026858993314,3.609733796779835e-06,0.053301980491559986,7.945598170161247,2
normalized_vmin0.0001,normalized,0.0001,1.0,8,31,1,4,3.6586455482632397e-07,0.004455108023545762,3.48223938012723e-07,0.00440668344176387,8.015296753495932,2
normalized_vmin0.0001,normalized,0.0001,1.0,8,31,1,5,1.9955305258818488e-07,0.0003340959958870737,1.8191590328694648e-07,0.00028547096278896955,12.926542464178056,3
normalized_vmin0.0001,normalized,0.0001,1.0,8,31,1,6,1.987367436456681e-07,0.0003060145376300172,1.8110079136627469e-07,0.0002573881386136456,12.998838611412793,3
normalized_vmin0.0001,normalized,0.0001,1.0,8,31,1,7,1.988029937080601e-07,0.00030870070405430994,1.8115345573228994e-07,0.00026007443569653343,13.069486884400249,3
normalized_vmin0.0001,normalized,0.0001,1.0,8,31,1,8,1.9872119106566517e-07,0.00030830373321277804,1.8108551446553484e-07,0.00025967744554589167,18.027376441285014,4
normalized_vmin0.0001,normalized,0.0001,1.0,8,31,1,9,1.987366939189557e-07,0.0003059764852740843,1.8110007466405086e-07,0.0002573500844068599,18.1032961322926,4
normalized_vmin0.0001,normalized,0.0001,1.0,8,31,1,10,1.9880195682158173e-07,0.0003087086104447412,1.8115113597941016e-07,0.00026008234247165696,18.17449604626745,4
normalized_vmin0.0001,normalized,0.0001,1.0,8,31,1,11,1.987172308191871e-07,0.0003082989478627729,1.8107971276941587e-07,0.00025967265996307276,23.131278445012867,5
normalized_vmin0.0001,normalized,0.0001,1.0,8,31,1,12,1.987345048329359e-07,0.0003059941469437666,1.8110344489293456e-07,0.0002573677469356328,23.205026881303638,5
normalized_vmin0.0001,normalized,0.0001,1.0,8,31,1,13,1.9880925376932626e-07,0.00030873755011284754,1.8116016739743557e-07,0.00026011128354730406,23.274341924581677,5
normalized_vmin0.0001,normalized,0.0001,1.0,8,31,1,14,1.9871854180123443e-07,0.00030832773959488247,1.810810216934137e-07,0.0002597014530957287,28.395878480747342,6
normalized_vmin0.0001,normalized,0.0001,1.0,8,31,1,15,1.9873681407967978e-07,0.00030599890725246937,1.8110435998209244e-07,0.0002573725074758171,28.471767293754965,6
normalized_vmin0.0001,normalized,0.0001,1.0,8,63,0,1,0.00013224601471218384,0.10612055918087138,0.00013223310928954182,0.10613768694864378,3.1670140591450036,1
normalized_vmin0.0001,normalized,0.0001,1.0,8,63,0,2,1.9198408031729757e-06,0.016282554614550304,1.8753921172479477e-06,0.01630140378278122,7.4389911238104105,2
normalized_vmin0.0001,normalized,0.0001,1.0,8,63,0,3,9.716893292988299e-08,0.00037919613213477366,1.612602823551721e-08,0.000398350027176142,11.520251198671758,3
normalized_vmin0.0001,normalized,0.0001,1.0,8,63,0,4,8.505141303612434e-08,0.00016321541340391654,1.1556356131470203e-09,2.2296318623604705e-06,15.599342322908342,4
normalized_vmin0.0001,normalized,0.0001,1.0,8,63,0,5,8.506315883397404e-08,0.0001632164895086774,1.1441277711281652e-09,2.0146942703025417e-06,19.746807287912816,5
normalized_vmin0.0001,normalized,0.0001,1.0,8,63,0,6,8.506184478053442e-08,0.00016321368851535123,1.1523276573937626e-09,1.9887053932521326e-06,23.98140283720568,6
normalized_vmin0.0001,normalized,0.0001,1.0,8,63,0,7,8.506352193349845e-08,0.00016321397124208215,1.1453241759265846e-09,2.0157380224983257e-06,28.144416929222643,7
normalized_vmin0.0001,normalized,0.0001,1.0,8,63,0,8,8.506430105525729e-08,0.0001632151214059352,1.1507609147305578e-09,2.0318037009525725e-06,32.405731747392565,8
normalized_vmin0.0001,normalized,0.0001,1.0,8,63,0,9,8.505843504735881e-08,0.00016321113801676113,1.1474912532792472e-09,1.988700531363463e-06,36.626426693517715,9
normalized_vmin0.0001,normalized,0.0001,1.0,8,63,0,10,8.506428257121283e-08,0.0001632173039729512,1.1495630482785321e-09,1.995323731462939e-06,40.821261279750615,10
normalized_vmin0.0001,normalized,0.0001,1.0,8,63,0,11,8.505917298895751e-08,0.00016321616889991564,1.14948080514018e-09,1.9931824564167755e-06,45.02260250970721,11
normalized_vmin0.0001,normalized,0.0001,1.0,8,63,0,12,8.506351692000192e-08,0.00016321287725895584,1.1479254044073812e-09,2.0039204250421605e-06,49.211785272695124,12
normalized_vmin0.0001,normalized,0.0001,1.0,8,63,0,13,8.506107577240996e-08,0.00016321748254943813,1.1468713991356482e-09,1.996847377783162e-06,53.294767749495804,13
normalized_vmin0.0001,normalized,0.0001,1.0,8,63,0,14,8.505958344307856e-08,0.0001632141030939449,1.148464479007634e-09,1.9891452766040985e-06,57.43422570452094,14
normalized_vmin0.0001,normalized,0.0001,1.0,8,63,0,15,8.505950264624896e-08,0.00016321326314783224,1.150413884390167e-09,2.0024441759192158e-06,61.56718127336353,15
normalized_vmin0.0001,normalized,0.0001,1.0,8,63,1,1,0.0001324234083865556,0.10624293164925269,0.00013240249117561952,0.10619628458353336,3.2494134311564267,1
normalized_vmin0.0001,normalized,0.0001,1.0,8,63,1,2,2.0845929889484e-06,0.01654343766962585,2.052073992729048e-06,0.01649210899820086,7.886074329260737,2
normalized_vmin0.0001,normalized,0.0001,1.0,8,63,1,3,2.2977315981185614e-07,0.0006902352100575104,1.9433226738301923e-07,0.0006380791265725438,7.962163073942065,2
normalized_vmin0.0001,normalized,0.0001,1.0,8,63,1,4,2.1473214115828531e-07,0.0004001443419096029,1.7928429274472016e-07,0.0002465267343028099,8.031495573930442,2
normalized_vmin0.0001,normalized,0.0001,1.0,8,63,1,5,2.1469370250109713e-07,0.0004000721987992284,1.7924275397245766e-07,0.0002442480214221998,13.092311789747328,3
normalized_vmin0.0001,normalized,0.0001,1.0,8,63,1,6,2.1474920175545587e-07,0.0003996907667985772,1.7930681754738125e-07,0.00024416361858192737,13.168274524621665,3
normalized_vmin0.0001,normalized,0.0001,1.0,8,63,1,7,2.147289332661357e-07,0.00040014267057753017,1.7927654017665904e-07,0.0002463078487834336,13.238522143568844,3
normalized_vmin0.0001,normalized,0.0001,1.0,8,63,1,8,2.146871956318282e-07,0.0004000754291233477,1.79237991113971e-07,0.0002442412745456979,17.739503936376423,4
normalized_vmin0.0001,normalized,0.0001,1.0,8,63,1,9,2.147421175622927e-07,0.0003996936851735633,1.7930250211878546e-07,0.0002441433298950857,17.824385460000485,4
normalized_vmin0.0001,normalized,0.0001,1.0,8,63,1,10,2.1473109662198473e-07,0.0004001457882032433,1.792858198431718e-07,0.00024632490690967845,17.89301480911672,4
normalized_vmin0.0001,normalized,0.0001,1.0,8,63,1,11,2.146894739686966e-07,0.00040006910652901073,1.792401194796852e-07,0.0002442431107928522,22.148458884097636,5
normalized_vmin0.0001,normalized,0.0001,1.0,8,63,1,12,2.1474555087908816e-07,0.0003996834197044219,1.7930839323220178e-07,0.0002441346108033038,22.249009553343058,5
normalized_vmin0.0001,normalized,0.0001,1.0,8,63,1,13,2.147279662265566e-07,0.00040014396729015633,1.7927723576815875e-07,0.00024631986020040575,22.31913729244843,5
normalized_vmin0.0001,normalized,0.0001,1.0,8,63,1,14,2.1469070665837731e-07,0.00040007061653202225,1.792426066051505e-07,0.00024422336865281835,27.301193474791944,6
normalized_vmin0.0001,normalized,0.0001,1.0,8,63,1,15,2.1475312265385865e-07,0.00039968821621827466,1.7930924276247999e-07,0.00024414099943170786,27.376930995844305,6
normalized_vmin0.0001,normalized,0.0001,1.0,8,127,0,1,4.939762301665986e-06,0.00608443152863869,4.934939578029587e-06,0.006285871266468512,5.676428115926683,2
normalized_vmin0.0001,normalized,0.0001,1.0,8,127,0,2,9.651210264106154e-08,0.00014551838103837866,5.630376710307925e-09,5.718399872645108e-05,10.380122419912368,3
normalized_vmin0.0001,normalized,0.0001,1.0,8,127,0,3,9.704456443840854e-08,0.00020469293889080475,1.1596755793337205e-09,1.9785660476667744e-06,15.14959576819092,4
normalized_vmin0.0001,normalized,0.0001,1.0,8,127,0,4,9.704578504271804e-08,0.00020472073355937148,1.1642981858677934e-09,2.0063550831839194e-06,20.06175747141242,5
normalized_vmin0.0001,normalized,0.0001,1.0,8,127,0,5,9.704071667028934e-08,0.00020472817376449015,1.1651901714430934e-09,2.0137937801756323e-06,24.75451086414978,6
normalized_vmin0.0001,normalized,0.0001,1.0,8,127,0,6,9.704432625429554e-08,0.00020469922910271166,1.1635276616831077e-09,1.9848549845935537e-06,28.91900064004585,7
normalized_vmin0.0001,normalized,0.0001,1.0,8,127,0,7,9.704515265445194e-08,0.00020473355390993042,1.1606535875422646e-09,2.0191728351548477e-06,33.11453952873126,8
normalized_vmin0.0001,normalized,0.0001,1.0,8,127,0,8,9.704660132990074e-08,0.00020472780110414313,1.1661452889352155e-09,2.0134211953237724e-06,37.73484064359218,9
normalized_vmin0.0001,normalized,0.0001,1.0,8,127,0,9,9.703917381804472e-08,0.000204728244675767,1.1627779150743167e-09,2.0138646770195834e-06,42.02490816777572,10
normalized_vmin0.0001,normalized,0.0001,1.0,8,127,0,10,9.70458207683858e-08,0.00020474641973389218,1.1640419718419678e-09,2.0320360516468128e-06,46.13416276918724,11
normalized_vmin0.0001,normalized,0.0001,1.0,8,127,0,11,9.704018521051189e-08,0.00020474358550437444,1.1618341730178358e-09,2.0292023965584605e-06,50.35699021909386,12
normalized_vmin0.0001,normalized,0.0001,1.0,8,127,0,12,9.704190500878283e-08,0.0002046805151127984,1.1608536181776307e-09,1.966144787646229e-06,54.648146253079176,13
normalized_vmin0.0001,normalized,0.0001,1.0,8,127,0,13,9.704221734267504e-08,0.00020470409398010148,1.1617601974699262e-09,1.9897188761053286e-06,59.37911262223497,14
normalized_vmin0.0001,normalized,0.0001,1.0,8,127,0,14,9.704843343412547e-08,0.00020471436762714568,1.1660442032609606e-09,1.9999904410372693e-06,64.26484201056883,15
normalized_vmin0.0001,normalized,0.0001,1.0,8,127,0,15,9.704447008205191e-08,0.00020471131736021775,1.1634975080623508e-09,1.9969407922815208e-06,69.20004156464711,16
normalized_vmin0.0001,normalized,0.0001,1.0,8,127,1,1,5.104904660576059e-06,0.006618212518073263,5.107458066636116e-06,0.0064786379508020575,6.627533596009016,2
normalized_vmin0.0001,normalized,0.0001,1.0,8,127,1,2,2.0014581892088064e-07,0.0004591233754165369,1.862806872295876e-07,0.00031868342867824584,6.754518756177276,2
normalized_vmin0.0001,normalized,0.0001,1.0,8,127,1,3,1.9541131854347544e-07,0.00039773264634601624,1.8146789470923814e-07,0.0002572840739367699,6.827811214141548,2
normalized_vmin0.0001,normalized,0.0001,1.0,8,127,1,4,1.9545364285694942e-07,0.0004007998951813807,1.815100627667293e-07,0.0002603517537342892,11.766500369179994,3
normalized_vmin0.0001,normalized,0.0001,1.0,8,127,1,5,1.953797382702042e-07,0.00040124108523054147,1.8145474371903327e-07,0.00026079300577264153,11.842408703174442,3
normalized_vmin0.0001,normalized,0.0001,1.0,8,127,1,6,1.9541493781764698e-07,0.00039772221942213637,1.8147215884678042e-07,0.0002572736455478397,11.91185742104426,3
normalized_vmin0.0001,normalized,0.0001,1.0,8,127,1,7,1.954546824994155e-07,0.00040079531359249465,1.815064295961115e-07,0.00026034717150169584,17.275097833946347,4
normalized_vmin0.0001,normalized,0.0001,1.0,8,127,1,8,1.9537682098401686e-07,0.00040121885566679616,1.814529350414766e-07,0.0002607707730855058,17.350153753068298,4
normalized_vmin0.0001,normalized,0.0001,1.0,8,127,1,9,1.9540989397734225e-07,0.00039771799526744367,1.8146736614611347e-07,0.0002572694207997328,17.420552955009043,4
normalized_vmin0.0001,normalized,0.0001,1.0,8,127,1,10,1.954508199667768e-07,0.000400822387913391,1.815095366820027e-07,0.00026037424962666034,22.26469363225624,5
normalized_vmin0.0001,normalized,0.0001,1.0,8,127,1,11,1.9538444899140398e-07,0.00040120737184834443,1.8146015938981714e-07,0.00026075928765356693,22.337536754086614,5
normalized_vmin0.0001,normalized,0.0001,1.0,8,127,1,12,1.9541019610171256e-07,0.000397706973186418,1.814706760148703e-07,0.00025725839717005705,22.40744850318879,5
normalized_vmin0.0001,normalized,0.0001,1.0,8,127,1,13,1.9544824671150827e-07,0.00040082831021703846,1.8150625748358383e-07,0.00026038017276242,27.38509313436225,6
normalized_vmin0.0001,normalized,0.0001,1.0,8,127,1,14,1.9538156610801206e-07,0.0004012483812572132,1.8146027560823983e-07,0.00026080030282438216,27.46103419130668,6
normalized_vmin0.0001,normalized,0.0001,1.0,8,127,1,15,1.9541022171354943e-07,0.0003977259205752981,1.8146878175824782e-07,0.0002572773472210299,27.53187011508271,6
normalized_vmin0.0001,normalized,0.0001,1.0,8,255,0,1,8.508110743531946e-08,0.00015972999391611342,1.4592592401005785e-08,3.7925480840361736e-05,8.060687188059092,2
normalized_vmin0.0001,normalized,0.0001,1.0,8,255,0,2,8.278824147710178e-08,0.00012173384612523819,1.1246191364268582e-09,1.2663729735962193e-06,12.384039755444974,3
normalized_vmin0.0001,normalized,0.0001,1.0,8,255,0,3,8.278275145338633e-08,0.00012169243097881477,1.131695825193227e-09,1.2610331923124107e-06,16.583499647211283,4
normalized_vmin0.0001,normalized,0.0001,1.0,8,255,0,4,8.278753659826527e-08,0.00012170167926317532,1.1309214214417888e-09,1.2430559872544933e-06,20.810188891366124,5
normalized_vmin0.0001,normalized,0.0001,1.0,8,255,0,5,8.278391356503266e-08,0.00012168501457276992,1.1289068833116988e-09,1.2617751457000281e-06,25.02372618019581,6
normalized_vmin0.0001,normalized,0.0001,1.0,8,255,0,6,8.278942583280231e-08,0.00012170603470751384,1.1331736206589781e-09,1.2497815673473411e-06,29.268510980997235,7
normalized_vmin0.0001,normalized,0.0001,1.0,8,255,0,7,8.27843874954267e-08,0.00012169547129947667,1.1285576784141158e-09,1.2524449077844224e-06,33.494668792933226,8
normalized_vmin0.0001,normalized,0.0001,1.0,8,255,0,8,8.278698695783024e-08,0.0001217189463621482,1.1285531039720265e-09,1.245476346056762e-06,37.82666221400723,9
normalized_vmin0.0001,normalized,0.0001,1.0,8,255,0,9,8.278669325530524e-08,0.00012171362576041123,1.1275559762579702e-09,1.2662939348206947e-06,42.10961670894176,10
normalized_vmin0.0001,normalized,0.0001,1.0,8,255,0,10,8.27907342658158e-08,0.00012174130299380526,1.1267582597237569e-09,1.2677979057684752e-06,46.45490512531251,11
normalized_vmin0.0001,normalized,0.0001,1.0,8,255,0,11,8.278512834609567e-08,0.00012167316319233734,1.1255236763721367e-09,1.2645762035301544e-06,50.61680280510336,12
normalized_vmin0.0001,normalized,0.0001,1.0,8,255,0,12,8.278463172969614e-08,0.00012170957649315639,1.128691557158659e-09,1.2705447307581608e-06,54.76072170911357,13
normalized_vmin0.0001,normalized,0.0001,1.0,8,255,0,13,8.278923906526972e-08,0.00012170422282098414,1.130777885420504e-09,1.266582300152308e-06,58.80789329018444,14
normalized_vmin0.0001,normalized,0.0001,1.0,8,255,0,14,8.278657699711266e-08,0.00012172274947186423,1.1291011191541154e-09,1.248376272133811e-06,62.99508456978947,15
normalized_vmin0.0001,normalized,0.0001,1.0,8,255,0,15,8.278359636379438e-08,0.00012173604020315754,1.1297778022424762e-09,1.265798741600932e-06,67.00614153314382,16
normalized_vmin0.0001,normalized,0.0001,1.0,8,255,1,1,2.2132692458866137e-07,0.000290896848226474,1.954870047762421e-07,0.00029457650493636134,6.9489648677408695,2
normalized_vmin0.0001,normalized,0.0001,1.0,8,255,1,2,2.1004426684492295e-07,0.0002878463835206402,1.8267346139963622e-07,0.00025933099615726984,7.024224091786891,2
normalized_vmin0.0001,normalized,0.0001,1.0,8,255,1,3,2.1011578693953847e-07,0.00028792976910785306,1.8274685784056246e-07,0.0002598049068628372,7.0947983604855835,2
normalized_vmin0.0001,normalized,0.0001,1.0,8,255,1,4,2.1004081456992075e-07,0.0002879060460865279,1.826696442206279e-07,0.00025970322457047335,11.791308770421892,3
normalized_vmin0.0001,normalized,0.0001,1.0,8,255,1,5,2.1004218121720817e-07,0.00028784405655224443,1.826714462160467e-07,0.0002593157898270748,11.867791714612395,3
normalized_vmin0.0001,normalized,0.0001,1.0,8,255,1,6,2.1011574839047273e-07,0.0002879361618713938,1.8274904798899197e-07,0.000259834013068283,11.938317104708403,3
normalized_vmin0.0001,normalized,0.0001,1.0,8,255,1,7,2.1004294972842244e-07,0.00028790623247110236,1.8267410154323096e-07,0.00025965401027105983,16.632927868980914,4
normalized_vmin0.0001,normalized,0.0001,1.0,8,255,1,8,2.1003857928348496e-07,0.00028784616248145323,1.826742115290768e-07,0.0002593274392882483,16.70610126014799,4
normalized_vmin0.0001,normalized,0.0001,1.0,8,255,1,9,2.1011841678064992e-07,0.0002879256193809576,1.8275032622729683e-07,0.0002597784665313574,16.77568705799058,4
normalized_vmin0.0001,normalized,0.0001,1.0,8,255,1,10,2.1004382538504567e-07,0.000287909007172682,1.8267625351752877e-07,0.0002596716547239586,21.486380903981626,5
normalized_vmin0.0001,normalized,0.0001,1.0,8,255,1,11,2.100437897396834e-07,0.00028784746456855803,1.8267334571464778e-07,0.00025929437252458776,21.56152786174789,5
normalized_vmin0.0001,normalized,0.0001,1.0,8,255,1,12,2.101174587077582e-07,0.0002879364207015733,1.827490535426448e-07,0.0002598034671252858,21.629661617334932,5
normalized_vmin0.0001,normalized,0.0001,1.0,8,255,1,13,2.1004300060564954e-07,0.0002879065803452763,1.826700690104902e-07,0.0002596420600670113,26.06282091513276,6
normalized_vmin0.0001,normalized,0.0001,1.0,8,255,1,14,2.1003997816899543e-07,0.0002878492773187302,1.8266910046361258e-07,0.000259312890793173,26.148096070159227,6
normalized_vmin0.0001,normalized,0.0001,1.0,8,255,1,15,2.1011926637340867e-07,0.0002879373345868741,1.8274879664967463e-07,0.0002598082931465351,26.219288485124707,6
normalized_vmin0.0001,normalized,0.0001,1.0,8,511,0,1,7.729714121962864e-08,0.00011751674509818955,1.2144379090584672e-09,1.5510651096839467e-06,11.40767669538036,2
normalized_vmin0.0001,normalized,0.0001,1.0,8,511,0,2,7.721884391474702e-08,0.00011657293968947435,1.1263461650523545e-09,2.0726062956999414e-06,16.251932739280164,3
normalized_vmin0.0001,normalized,0.0001,1.0,8,511,0,3,7.72190824994219e-08,0.00011657529650821452,1.1298298930340089e-09,2.0398939990506904e-06,20.779019161127508,4
normalized_vmin0.0001,normalized,0.0001,1.0,8,511,0,4,7.72198802842778e-08,0.00011658012341408952,1.1243117004620159e-09,2.0490528096495098e-06,24.918280210345984,5
normalized_vmin0.0001,normalized,0.0001,1.0,8,511,0,5,7.721588043278204e-08,0.00011657216877036802,1.123776344627781e-09,2.0726173945995185e-06,29.67041876539588,6
normalized_vmin0.0001,normalized,0.0001,1.0,8,511,0,6,7.722297039819016e-08,0.0001165744896577392,1.1252665597954363e-09,2.063629863879868e-06,34.33114601438865,7
normalized_vmin0.0001,normalized,0.0001,1.0,8,511,0,7,7.72203467407953e-08,0.0001165681501140714,1.12943107265638e-09,2.0490607295364782e-06,39.20795916952193,8
normalized_vmin0.0001,normalized,0.0001,1.0,8,511,0,8,7.721851988308587e-08,0.00011657153002520015,1.1248703494312498e-09,2.0455910685335255e-06,44.08964478131384,9
normalized_vmin0.0001,normalized,0.0001,1.0,8,511,0,9,7.721637681940864e-08,0.0001165778125388206,1.1250352983200804e-09,2.0513544216615998e-06,48.27339672297239,10
normalized_vmin0.0001,normalized,0.0001,1.0,8,511,0,10,7.721362845766606e-08,0.00011656497274192823,1.1225387792865055e-09,2.056842131947789e-06,52.83052677009255,11
normalized_vmin0.0001,normalized,0.0001,1.0,8,511,0,11,7.722237201439376e-08,0.00011657416246502184,1.1265531140427696e-09,2.0372639497612255e-06,57.18654826004058,12
normalized_vmin0.0001,normalized,0.0001,1.0,8,511,0,12,7.721860024358847e-08,0.0001165696992477816,1.124228211561815e-09,2.076865988298593e-06,61.34427564172074,13
normalized_vmin0.0001,normalized,0.0001,1.0,8,511,0,13,7.721700663482233e-08,0.00011657726762226428,1.1275830886645283e-09,2.1062012431904975e-06,65.62781295459718,14
normalized_vmin0.0001,normalized,0.0001,1.0,8,511,0,14,7.722445330910133e-08,0.0001165745204523283,1.1284109866834945e-09,2.0658538379958458e-06,70.29962533572689,15
normalized_vmin0.0001,normalized,0.0001,1.0,8,511,0,15,7.721315725053377e-08,0.00011657185249336344,1.1253897096208702e-09,2.0573408987534236e-06,74.86895258771256,16
normalized_vmin0.0001,normalized,0.0001,1.0,8,511,1,1,1.9273079228627826e-07,0.00022150435498657917,1.8086758269582462e-07,0.00026690781016247556,11.551885972730815,2
normalized_vmin0.0001,normalized,0.0001,1.0,8,511,1,2,1.9248669671979534e-07,0.00021897624083389022,1.8064182584638498e-07,0.0002643798108203921,11.625109545420855,2
normalized_vmin0.0001,normalized,0.0001,1.0,8,511,1,3,1.9256179259410125e-07,0.00021881816145064015,1.8068573662810686e-07,0.0002642217386160661,11.694837616290897,2
normalized_vmin0.0001,normalized,0.0001,1.0,8,511,1,4,1.9254797313912148e-07,0.00021983339579823014,1.8067729383378146e-07,0.0002652369268582033,16.649198927450925,3
normalized_vmin0.0001,normalized,0.0001,1.0,8,511,1,5,1.9248521371775698e-07,0.00021898117321239585,1.806378259635185e-07,0.0002643847429748547,16.751475994475186,3
normalized_vmin0.0001,normalized,0.0001,1.0,8,511,1,6,1.9255782522559396e-07,0.0002187863387775879,1.806796909564904e-07,0.0002641899173881912,16.81714508542791,3
normalized_vmin0.0001,normalized,0.0001,1.0,8,511,1,7,1.9254310450156456e-07,0.0002198280504882577,1.8067661217505555e-07,0.00026523158179092565,21.704159770160913,4
normalized_vmin0.0001,normalized,0.0001,1.0,8,511,1,8,1.9248516912797752e-07,0.00021898786560770045,1.8063660010621222e-07,0.00026439143506618024,21.77711124205962,4
normalized_vmin0.0001,normalized,0.0001,1.0,8,511,1,9,1.9256171821522674e-07,0.000218797385750924,1.8067925025146177e-07,0.0002642009638598175,21.845129360910505,4
normalized_vmin0.0001,normalized,0.0001,1.0,8,511,1,10,1.9254550778207428e-07,0.0002198529030837948,1.8067565184486846e-07,0.00026525643325792103,26.603178754914552,5
normalized_vmin0.0001,normalized,0.0001,1.0,8,511,1,11,1.9248437793189954e-07,0.00021900398215146666,1.8063457459460767e-07,0.00026440755087808743,26.680038693826646,5
normalized_vmin0.0001,normalized,0.0001,1.0,8,511,1,12,1.9255919983128108e-07,0.00021879004928038182,1.806813913798449e-07,0.00026419362772245325,26.749505235813558,5
normalized_vmin0.0001,normalized,0.0001,1.0,8,511,1,13,1.925488109701874e-07,0.0002198568563744896,1.80680937309026e-07,0.00026526038636909277,31.615564530715346,6
normalized_vmin0.0001,normalized,0.0001,1.0,8,511,1,14,1.9248827342946813e-07,0.0002189650528129361,1.8064225914850488e-07,0.000264368623307476,31.686268869321793,6
normalized_vmin0.0001,normalized,0.0001,1.0,8,511,1,15,1.9255967618690662e-07,0.00021881548525626293,1.8068000637438213e-07,0.0002642190625431473,31.75775168137625,6
normalized_vmin0.0001,normalized,0.0001,1.0,7,15,0,1,0.003873177849089867,0.6577061716176751,0.00387318060255427,0.6576487636104207,2.3094526580534875,1
normalized_vmin0.0001,normalized,0.0001,1.0,7,15,0,2,0.0003222809235673094,0.506618376576691,0.0003222803326273121,0.5065356287925705,6.663679416291416,2
normalized_vmin0.0001,normalized,0.0001,1.0,7,15,0,3,5.499000846119259e-05,0.3199983790051387,5.495698289318146e-05,0.31988433214026935,11.083715417422354,3
normalized_vmin0.0001,normalized,0.0001,1.0,7,15,0,4,1.2444211345503172e-05,0.13726706385219378,1.2389040863201904e-05,0.1371223700991947,15.719678612425923,4
normalized_vmin0.0001,normalized,0.0001,1.0,7,15,0,5,1.5256129463037422e-06,0.027077093794955154,1.4597175184309593e-06,0.026913919467444147,20.388836744707078,5
normalized_vmin0.0001,normalized,0.0001,1.0,7,15,0,6,1.217379194971076e-07,0.0012432049111210652,4.14713485052113e-08,0.0010756978380052074,24.804925083648413,6
normalized_vmin0.0001,normalized,0.0001,1.0,7,15,0,7,8.686790370992129e-08,0.00017361936338278205,1.2161578188429922e-09,2.813808475998769e-06,29.138838770333678,7
normalized_vmin0.0001,normalized,0.0001,1.0,7,15,0,8,8.681663107942166e-08,0.0001736179715634556,1.237141043969515e-09,2.834401924944885e-06,33.59197276830673,8
normalized_vmin0.0001,normalized,0.0001,1.0,7,15,0,9,8.681164270990874e-08,0.00017362097796325138,1.2327817359330303e-09,2.818446103169947e-06,38.21201891917735,9
normalized_vmin0.0001,normalized,0.0001,1.0,7,15,0,10,8.681329573854095e-08,0.00017361872319066052,1.2386426499955876e-09,2.818668296766802e-06,42.67168637784198,10
normalized_vmin0.0001,normalized,0.0001,1.0,7,15,0,11,8.681343807581072e-08,0.00017361453400588367,1.2393238618303042e-09,2.8445570123825092e-06,47.07583768712357,11
normalized_vmin0.0001,normalized,0.0001,1.0,7,15,0,12,8.682089570910025e-08,0.0001736224035180367,1.2359683292426744e-09,2.835621914387687e-06,51.45413895789534,12
normalized_vmin0.0001,normalized,0.0001,1.0,7,15,0,13,8.680958350113465e-08,0.00017361672000015815,1.2349313469682652e-09,2.8404599947684517e-06,55.81905487785116,13
normalized_vmin0.0001,normalized,0.0001,1.0,7,15,0,14,8.681639937892913e-08,0.00017361935814630414,1.2380649454786052e-09,2.8327183578813475e-06,60.30393623420969,14
normalized_vmin0.0001,normalized,0.0001,1.0,7,15,0,15,8.681472867064238e-08,0.00017362402873910554,1.2410924431545823e-09,2.8323874370350666e-06,64.87233108654618,15
normalized_vmin0.0001,normalized,0.0001,1.0,7,15,1,1,0.0038733131818604895,0.6577041606867554,0.003873318803508439,0.6577540201051439,2.4504950242117047,1
normalized_vmin0.0001,normalized,0.0001,1.0,7,15,1,2,0.0003224137531403977,0.5066134432063838,0.0003224201890933656,0.5066853107663631,2.5185022144578397,1
normalized_vmin0.0001,normalized,0.0001,1.0,7,15,1,3,5.511886307549357e-05,0.3199857927023584,5.51165878749499e-05,0.3200848447765522,7.523770188447088,2
normalized_vmin0.0001,normalized,0.0001,1.0,7,15,1,4,1.2564973823327716e-05,0.1372382619203003,1.2561978623786137e-05,0.13736393332359553,7.5994497844949365,2
normalized_vmin0.0001,normalized,0.0001,1.0,7,15,1,5,1.6414981952459824e-06,0.02702839433388149,1.63877295481056e-06,0.027170119101744605,7.669328500516713,2
normalized_vmin0.0001,normalized,0.0001,1.0,7,15,1,6,2.2590097108101453e-07,0.0011857019634866628,2.2124888594018103e-07,0.0013311910237050473,12.109566496685147,3
normalized_vmin0.0001,normalized,0.0001,1.0,7,15,1,7,1.8539124882742283e-07,0.0002199360419953278,1.8073488122488516e-07,0.00025462393702824215,12.186699979472905,3
normalized_vmin0.0001,normalized,0.0001,1.0,7,15,1,8,1.8549084821741388e-07,0.0002202125829540158,1.8086137459510682e-07,0.00025351163896591977,12.258482531178743,3
normalized_vmin0.0001,normalized,0.0001,1.0,7,15,1,9,1.8541264706747188e-07,0.00021986690419606436,1.80756854380541e-07,0.0002539063592755797,16.908161856234074,4
normalized_vmin0.0001,normalized,0.0001,1.0,7,15,1,10,1.8533446698046439e-07,0.00021988200437539351,1.8067637444305824e-07,0.0002528660986280684,16.983676614239812,4
normalized_vmin0.0001,normalized,0.0001,1.0,7,15,1,11,1.8549245610578332e-07,0.00022021007393713266,1.8086073614412447e-07,0.00025352154386826253,17.051759456284344,4
normalized_vmin0.0001,normalized,0.0001,1.0,7,15,1,12,1.8541138228514258e-07,0.0002198642124501271,1.807585166312512e-07,0.0002539418937430593,21.52687105210498,5
normalized_vmin0.0001,normalized,0.0001,1.0,7,15,1,13,1.8533708981344207e-07,0.00021986462400125362,1.8067932496909864e-07,0.000252864125071639,21.601505803875625,5
normalized_vmin0.0001,normalized,0.0001,1.0,7,15,1,14,1.8549286206945745e-07,0.00022020739106443088,1.8086142958987966e-07,0.0002535062193252946,21.668472828809172,5
normalized_vmin0.0001,normalized,0.0001,1.0,7,15,1,15,1.854123937801719e-07,0.00021986577681598618,1.8075727977148498e-07,0.00025396872580230045,25.82136984402314,6
normalized_vmin0.0001,normalized,0.0001,1.0,7,31,0,1,0.0009512985520179,0.3858913882266979,0.000951293741465556,0.3858766824296561,2.4662249530665576,1
normalized_vmin0.0001,normalized,0.0001,1.0,7,31,0,2,4.507502145594727e-05,0.19464094614662641,4.5057997220806724e-05,0.1946216605568062,6.81288042711094,2
normalized_vmin0.0001,normalized,0.0001,1.0,7,31,0,3,3.496510512401919e-06,0.05315117392500279,3.4332087132648945e-06,0.05312850013994497,11.103230940178037,3
normalized_vmin0.0001,normalized,0.0001,1.0,7,31,0,4,2.4777294895932e-07,0.00417954870577919,1.6844446486618636e-07,0.0041557022180959136,15.227163717150688,4
normalized_vmin0.0001,normalized,0.0001,1.0,7,31,0,5,8.229614476582158e-08,0.00012293083679604244,1.821048720685955e-09,2.2065955312289276e-05,19.474202637095004,5
normalized_vmin0.0001,normalized,0.0001,1.0,7,31,0,6,8.145326708843529e-08,0.0001228340385468485,1.2228613341730356e-09,3.852373944956966e-06,23.757607859093696,6
normalized_vmin0.0001,normalized,0.0001,1.0,7,31,0,7,8.14508422821316e-08,0.0001228411837606025,1.2236362681840394e-09,3.819831660534234e-06,27.95833473978564,7
normalized_vmin0.0001,normalized,0.0001,1.0,7,31,0,8,8.145201659495889e-08,0.00012283804891422,1.2216934913120451e-09,3.841766472278962e-06,32.01466386578977,8
normalized_vmin0.0001,normalized,0.0001,1.0,7,31,0,9,8.145557315340156e-08,0.0001228382766734759,1.2283360936229395e-09,3.82901771178723e-06,36.369858919642866,9
normalized_vmin0.0001,normalized,0.0001,1.0,7,31,0,10,8.145515524179237e-08,0.00012283778292088154,1.222375012967697e-09,3.836246231569973e-06,40.544581298716366,10
normalized_vmin0.0001,normalized,0.0001,1.0,7,31,0,11,8.14517802005723e-08,0.0001228364731863385,1.224748674974799e-09,3.8409506681880146e-06,44.9330554837361,11
normalized_vmin0.0001,normalized,0.0001,1.0,7,31,0,12,8.145420832182752e-08,0.00012283732907114597,1.2253779407962425e-09,3.870535280059428e-06,49.37231966294348,12
normalized_vmin0.0001,normalized,0.0001,1.0,7,31,0,13,8.145407968291688e-08,0.00012284148536290118,1.2233134252997502e-09,3.814849290018074e-06,53.483026425819844,13
normalized_vmin0.0001,normalized,0.0001,1.0,7,31,0,14,8.14530688042565e-08,0.00012283943755009297,1.2209228018034688e-09,3.842236801832044e-06,57.67153833480552,14
normalized_vmin0.0001,normalized,0.0001,1.0,7,31,0,15,8.144972280203636e-08,0.00012283758044107085,1.2211924856216604e-09,3.832347867271935e-06,61.92242063442245,15
normalized_vmin0.0001,normalized,0.0001,1.0,7,31,1,1,0.0009514584110380977,0.3858947031666984,0.000951460940146583,0.38599061829622494,2.8599971495568752,1
normalized_vmin0.0001,normalized,0.0001,1.0,7,31,1,2,4.522634383277002e-05,0.19466529759362905,4.5226336890272925e-05,0.1947910802284506,7.33378884755075,2
normalized_vmin0.0001,normalized,0.0001,1.0,7,31,1,3,3.6224223458050746e-06,0.05321284085320788,3.6109889943576287e-06,0.05336071649191665,7.4064633985981345,2
normalized_vmin0.0001,normalized,0.0001,1.0,7,31,1,4,3.595844864764346e-07,0.004266544174628462,3.4802842590543246e-07,0.004422064577858875,7.473461236804724,2
normalized_vmin0.0001,normalized,0.0001,1.0,7,31,1,5,1.9307949329135047e-07,0.00021023855314816764,1.8136063064372914e-07,0.0002938969461634411,11.96214772760868,3
normalized_vmin0.0001,normalized,0.0001,1.0,7,31,1,6,1.921966569902842e-07,0.00021026734793050395,1.8053814088529266e-07,0.00026976826114633035,12.036108596716076,3
normalized_vmin0.0001,normalized,0.0001,1.0,7,31,1,7,1.9233938788192106e-07,0.00021040877541411707,1.8067780985014928e-07,0.0002674758814467104,12.104567998554558,3
normalized_vmin0.0001,normalized,0.0001,1.0,7,31,1,8,1.9223802661332652e-07,0.00021023570624933985,1.8051974057309427e-07,0.0002680482316036459,16.199096470605582,4
normalized_vmin0.0001,normalized,0.0001,1.0,7,31,1,9,1.9219146172348036e-07,0.0002102719235467232,1.8053462181843915e-07,0.00026976730542216387,16.271921610459685,4
normalized_vmin0.0001,normalized,0.0001,1.0,7,31,1,10,1.9234030770907292e-07,0.00021041143711841848,1.8067579201008825e-07,0.00026748263214326773,16.34151230752468,4
normalized_vmin0.0001,normalized,0.0001,1.0,7,31,1,11,1.9224175492040134e-07,0.00021023713232659613,1.8052150532185535e-07,0.00026802724679853007,20.805144373327494,5
normalized_vmin0.0001,normalized,0.0001,1.0,7,31,1,12,1.9219171846432002e-07,0.00021026258512857332,1.8053031539669705e-07,0.0002697612582660547,20.876550826244056,5
normalized_vmin0.0001,normalized,0.0001,1.0,7,31,1,13,1.9233651903504754e-07,0.00021041137008104283,1.8067101567962728e-07,0.0002674747080007034,20.94471202325076,5
normalized_vmin0.0001,normalized,0.0001,1.0,7,31,1,14,1.9224105454594714e-07,0.00021023582114954031,1.8052625781605363e-07,0.0002680428730652551,25.142280192114413,6
normalized_vmin0.0001,normalized,0.0001,1.0,7,31,1,15,1.9219409311298837e-07,0.0002102678189672691,1.805371959248572e-07,0.00026978793891874187,25.215170830953866,6
normalized_vmin0.0001,normalized,0.0001,1.0,7,63,0,1,0.00013223622394092094,0.1060538335764768,0.00013223568196910513,0.10619894142386732,3.3759003453888,1
normalized_vmin0.0001,normalized,0.0001,1.0,7,63,0,2,1.914428005261938e-06,0.016156350953140053,1.8759398505869452e-06,0.016316051211885063,8.283255937509239,2
normalized_vmin0.0001,normalized,0.0001,1.0,7,63,0,3,9.629237070025515e-08,0.00023165615751041813,1.5979961574936298e-08,0.00039394135735026925,12.94322763942182,3
normalized_vmin0.0001,normalized,0.0001,1.0,7,63,0,4,9.407621136231397e-08,0.00016548858994336335,1.2210737918264979e-09,3.138924454804126e-06,17.601014781743288,4
normalized_vmin0.0001,normalized,0.0001,1.0,7,63,0,5,9.40775445302955e-08,0.000165728457258707,1.2286352601711362e-09,3.3787528344042528e-06,22.523147680796683,5
normalized_vmin0.0001,normalized,0.0001,1.0,7,63,0,6,9.40814807508365e-08,0.00016571190023295657,1.2311958159729494e-09,3.362198496281721e-06,27.415676020551473,6
normalized_vmin0.0001,normalized,0.0001,1.0,7,63,0,7,9.408099529664054e-08,0.0001657480981374082,1.2305184329846524e-09,3.3983905249890256e-06,32.00410301052034,7
normalized_vmin0.0001,normalized,0.0001,1.0,7,63,0,8,9.407454891947637e-08,0.00016570772519974852,1.2273738680742695e-09,3.3580241407538125e-06,36.88015630049631,8
normalized_vmin0.0001,normalized,0.0001,1.0,7,63,0,9,9.408261763290177e-08,0.00016573633582539493,1.2275722675613484e-09,3.386630122115264e-06,41.99407998053357,9
normalized_vmin0.0001,normalized,0.0001,1.0,7,63,0,10,9.408092892909512e-08,0.00016571686927679963,1.2296670531524042e-09,3.3671667334367328e-06,46.88396630156785,10
normalized_vmin0.0001,normalized,0.0001,1.0,7,63,0,11,9.408165104071869e-08,0.00016573161256028257,1.227285767238913e-09,3.381907623722924e-06,51.60489860828966,11
normalized_vmin0.0001,normalized,0.0001,1.0,7,63,0,12,9.408872756248065e-08,0.00016575615070157923,1.231637285394597e-09,3.4064417819834603e-06,56.29317520931363,12
normalized_vmin0.0001,normalized,0.0001,1.0,7,63,0,13,9.407999314535703e-08,0.00016572705080686312,1.2334298123775633e-09,3.3773466108222294e-06,61.25732292840257,13
normalized_vmin0.0001,normalized,0.0001,1.0,7,63,0,14,9.407990504664264e-08,0.00016569358712681392,1.225068984126045e-09,3.3438883626502047e-06,66.14022056339309,14
normalized_vmin0.0001,normalized,0.0001,1.0,7,63,0,15,9.40876933766618e-08,0.0001657355936877103,1.2275392384873522e-09,3.385888105000845e-06,71.10699449339882,15
normalized_vmin0.0001,normalized,0.0001,1.0,7,63,1,1,0.00013240357707811914,0.1062006400318809,0.0001324077311902379,0.10624225879107052,3.19048974243924,1
normalized_vmin0.0001,normalized,0.0001,1.0,7,63,1,2,2.060221023902418e-06,0.016465448730291876,2.0531236709701885e-06,0.016511245907463,7.43503728043288,2
normalized_vmin0.0001,normalized,0.0001,1.0,7,63,1,3,2.0600821696593728e-07,0.0006017101667846747,1.9466767971523905e-07,0.0006482460210511798,7.511780786328018,2
normalized_vmin0.0001,normalized,0.0001,1.0,7,63,1,4,1.9076541636082656e-07,0.0002122933418206019,1.7941855919996374e-07,0.00025178401415248963,7.58065095404163,2
normalized_vmin0.0001,normalized,0.0001,1.0,7,63,1,5,1.9079524551215884e-07,0.00021240178798542786,1.7944610465654105e-07,0.0002516092605221454,11.739794265013188,3
normalized_vmin0.0001,normalized,0.0001,1.0,7,63,1,6,1.909692611126314e-07,0.00021221167493246096,1.796218427006938e-07,0.0002538451347448012,11.815183808095753,3
normalized_vmin0.0001,normalized,0.0001,1.0,7,63,1,7,1.9075436741387904e-07,0.00021229963042890265,1.7940959712310132e-07,0.0002515307954964463,11.885409866925329,3
normalized_vmin0.0001,normalized,0.0001,1.0,7,63,1,8,1.9080279243963795e-07,0.0002124061394673804,1.7945898218524887e-07,0.00025163686161022714,16.079595882911235,4
normalized_vmin0.0001,normalized,0.0001,1.0,7,63,1,9,1.9096896691826146e-07,0.00021221061974119326,1.796244485261037e-07,0.0002538512273260185,16.154441515915096,4
normalized_vmin0.0001,normalized,0.0001,1.0,7,63,1,10,1.9075860665582534e-07,0.0002122941996226535,1.7941280816290668e-07,0.00025156197946996084,16.225910316687077,4
normalized_vmin0.0001,normalized,0.0001,1.0,7,63,1,11,1.9079610629441933e-07,0.0002124119497106669,1.794482060025649e-07,0.00025162202304407355,20.609749051742256,5
normalized_vmin0.0001,normalized,0.0001,1.0,7,63,1,12,1.909608334258298e-07,0.00021221147445171784,1.7961658432515134e-07,0.0002538557161479993,20.683247030712664,5
normalized_vmin0.0001,normalized,0.0001,1.0,7,63,1,13,1.9075524841354543e-07,0.00021229465286942695,1.7940894800709664e-07,0.00025157230323380464,20.75351795181632,5
normalized_vmin0.0001,normalized,0.0001,1.0,7,63,1,14,1.9080087223988368e-07,0.0002124091071810108,1.7945838433649608e-07,0.00025162138522460964,24.89543754607439,6
normalized_vmin0.0001,normalized,0.0001,1.0,7,63,1,15,1.9096384084673444e-07,0.0002122165277567145,1.7961658092735322e-07,0.0002538297985590354,24.96838326798752,6
normalized_vmin0.0001,normalized,0.0001,1.0,7,127,0,1,4.924738266539975e-06,0.00628298969043628,4.934486837533561e-06,0.0062754356304624,6.53644227841869,2
normalized_vmin0.0001,normalized,0.0001,1.0,7,127,0,2,8.769824886724868e-08,0.00017188325823314088,5.591514981138511e-09,5.6933670929293356e-05,11.462848784402013,3
normalized_vmin0.0001,normalized,0.0001,1.0,7,127,0,3,8.572762535534687e-08,0.00017990880891916028,1.2012433463844292e-09,2.0543260317307244e-06,16.493023497983813,4
normalized_vmin0.0001,normalized,0.0001,1.0,7,127,0,4,8.572983089943706e-08,0.00017990292205083414,1.2001761583221979e-09,2.069488807876496e-06,21.429585043806583,5
normalized_vmin0.0001,normalized,0.0001,1.0,7,127,0,5,8.573178828969076e-08,0.0001799058935461062,1.1974523734777434e-09,2.0545831369567225e-06,26.197164876852185,6
normalized_vmin0.0001,normalized,0.0001,1.0,7,127,0,6,8.572708718053616e-08,0.00017990935876910363,1.203244264034992e-09,2.0872926307369255e-06,31.251175253652036,7
normalized_vmin0.0001,normalized,0.0001,1.0,7,127,0,7,8.573042596177671e-08,0.00017990236473175436,1.201481268272973e-09,2.0544069097017115e-06,36.167107845656574,8
normalized_vmin0.0001,normalized,0.0001,1.0,7,127,0,8,8.573547659314438e-08,0.0001799025154403111,1.2014958671907508e-09,2.076207368695293e-06,40.981767788529396,9
normalized_vmin0.0001,normalized,0.0001,1.0,7,127,0,9,8.573262128485924e-08,0.00017990563297587414,1.2021843559092342e-09,2.0758666647857638e-06,45.891738787759095,10
normalized_vmin0.0001,normalized,0.0001,1.0,7,127,0,10,8.573505990705634e-08,0.0001799065275642775,1.2053016346154507e-09,2.073475964925464e-06,50.38047894043848,11
normalized_vmin0.0001,normalized,0.0001,1.0,7,127,0,11,8.573207865801287e-08,0.00017990404552392647,1.2003942400868673e-09,2.0753234604153903e-06,54.4308917671442,12
normalized_vmin0.0001,normalized,0.0001,1.0,7,127,0,12,8.572599573953879e-08,0.00017989145642394178,1.2037259493510833e-09,2.087584780596785e-06,59.05651024216786,13
normalized_vmin0.0001,normalized,0.0001,1.0,7,127,0,13,8.573103535831263e-08,0.00017991399767147698,1.204925614541947e-09,2.0754472185302575e-06,63.061415052972734,14
normalized_vmin0.0001,normalized,0.0001,1.0,7,127,0,14,8.57312962754584e-08,0.00017991666191918831,1.2063571370992331e-09,2.0850965658514298e-06,67.86409935215488,15
normalized_vmin0.0001,normalized,0.0001,1.0,7,127,0,15,8.572991607933689e-08,0.0001799083823634806,1.2063323143108229e-09,2.0570300589550783e-06,72.42397266346961,16
normalized_vmin0.0001,normalized,0.0001,1.0,7,127,1,1,5.110416229418896e-06,0.006427880430309507,5.107857122291247e-06,0.006493082012911322,6.298688648734242,2
normalized_vmin0.0001,normalized,0.0001,1.0,7,127,1,2,2.016418930240923e-07,0.00028415803643522253,1.857966158884843e-07,0.00031364889334739576,6.37165687000379,2
normalized_vmin0.0001,normalized,0.0001,1.0,7,127,1,3,1.9688894581896968e-07,0.0002833401419027881,1.810087996025571e-07,0.00025764094920477376,6.439924141857773,2
normalized_vmin0.0001,normalized,0.0001,1.0,7,127,1,4,1.9686264944275694e-07,0.00028326800895084325,1.8097772302267276e-07,0.0002564992608774519,11.539496476761997,3
normalized_vmin0.0001,normalized,0.0001,1.0,7,127,1,5,1.9683411663309026e-07,0.0002833292339651239,1.8096026719254628e-07,0.00025542340294948396,11.62052085576579,3
normalized_vmin0.0001,normalized,0.0001,1.0,7,127,1,6,1.9689363371191325e-07,0.00028334332483515023,1.8101573404979553e-07,0.00025762047018329515,11.690174088813365,3
normalized_vmin0.0001,normalized,0.0001,1.0,7,127,1,7,1.9686870564367733e-07,0.0002832688669492933,1.8098425160041357e-07,0.00025651191824793695,16.809151481837034,4
normalized_vmin0.0001,normalized,0.0001,1.0,7,127,1,8,1.968227440387059e-07,0.0002833307665175422,1.8095445715469438e-07,0.00025540152534331284,16.88498280523345,4
normalized_vmin0.0001,normalized,0.0001,1.0,7,127,1,9,1.9688774939598716e-07,0.0002833330483466012,1.8100992243321652e-07,0.0002576082308304306,16.951237033121288,4
normalized_vmin0.0001,normalized,0.0001,1.0,7,127,1,10,1.9686750381969087e-07,0.0002832656823205104,1.8098145622391412e-07,0.0002565097043111253,21.882205659989268,5
normalized_vmin0.0001,normalized,0.0001,1.0,7,127,1,11,1.9683402392355542e-07,0.0002833235507896381,1.8096206550005477e-07,0.00025543098505287354,21.95563599281013,5
normalized_vmin0.0001,normalized,0.0001,1.0,7,127,1,12,1.9688650653001873e-07,0.00028333868440533205,1.8100716812520778e-07,0.00025761249939226794,22.023403806611896,5
normalized_vmin0.0001,normalized,0.0001,1.0,7,127,1,13,1.9686503494251026e-07,0.000283270655807355,1.809807611164192e-07,0.0002565566365756444,27.03201739769429,6
normalized_vmin0.0001,normalized,0.0001,1.0,7,127,1,14,1.9683284193429214e-07,0.0002833260698752449,1.8096012843321144e-07,0.0002554270404425685,27.104909472633153,6
normalized_vmin0.0001,normalized,0.0001,1.0,7,127,1,15,1.9689128432965835e-07,0.0002833506625983251,1.8101546395102606e-07,0.00025759685147586087,27.171539721544832,6
normalized_vmin0.0001,normalized,0.0001,1.0,7,255,0,1,9.04588892763035e-08,0.000155152057345731,1.4749271546703598e-08,3.818787230858156e-05,7.508384927175939,2
normalized_vmin0.0001,normalized,0.0001,1.0,7,255,0,2,8.733004630793537e-08,0.00016411706963692652,1.1581280612318304e-09,1.0164144428337352e-06,12.136386679951102,3
normalized_vmin0.0001,normalized,0.0001,1.0,7,255,0,3,8.732804169417184e-08,0.00016411104058766668,1.1634327956091541e-09,9.945461720839432e-07,16.673067688010633,4
normalized_vmin0.0001,normalized,0.0001,1.0,7,255,0,4,8.731927288656527e-08,0.00016411432334928477,1.1595803934607836e-09,9.82633541646294e-07,21.026466357987374,5
normalized_vmin0.0001,normalized,0.0001,1.0,7,255,0,5,8.732634507774593e-08,0.0001641190152581462,1.1635508052862983e-09,9.703520955639533e-07,25.622641584370285,6
normalized_vmin0.0001,normalized,0.0001,1.0,7,255,0,6,8.732771296549616e-08,0.00016410987190274007,1.1610042706444777e-09,9.820991255793388e-07,30.11324331536889,7
normalized_vmin0.0001,normalized,0.0001,1.0,7,255,0,7,8.732888378631493e-08,0.00016411373157199094,1.159607980588651e-09,9.708352621817795e-07,34.68199657229707,8
normalized_vmin0.0001,normalized,0.0001,1.0,7,255,0,8,8.732815433908111e-08,0.0001641186094805125,1.1623961553259914e-09,9.887676635234044e-07,39.12047547660768,9
normalized_vmin0.0001,normalized,0.0001,1.0,7,255,0,9,8.732449328386087e-08,0.0001641112872645678,1.1676903315528241e-09,9.961315159401352e-07,43.68790610646829,10
normalized_vmin0.0001,normalized,0.0001,1.0,7,255,0,10,8.733382936316431e-08,0.0001641121945505919,1.1592152209553765e-09,9.8608116627652e-07,48.06118973623961,11
normalized_vmin0.0001,normalized,0.0001,1.0,7,255,0,11,8.732849732972825e-08,0.00016412158116008158,1.1665645706506822e-09,9.922306676291015e-07,52.73709489731118,12
normalized_vmin0.0001,normalized,0.0001,1.0,7,255,0,12,8.732857040363669e-08,0.00016411254988701884,1.1616771511410522e-09,1.0011962279232733e-06,57.05528734344989,13
normalized_vmin0.0001,normalized,0.0001,1.0,7,255,0,13,8.732414491280285e-08,0.00016411876849087292,1.1615402957194443e-09,9.718100086875125e-07,61.42763540241867,14
normalized_vmin0.0001,normalized,0.0001,1.0,7,255,0,14,8.732614594874325e-08,0.00016411932992088651,1.1548614258768746e-09,9.881249858345598e-07,65.94622487574816,15
normalized_vmin0.0001,normalized,0.0001,1.0,7,255,0,15,8.732756906930291e-08,0.00016411237408431312,1.1620181655756247e-09,9.862802405891102e-07,70.2691942108795,16
normalized_vmin0.0001,normalized,0.0001,1.0,7,255,1,1,2.0443795590901272e-07,0.0005198381652685713,1.9633103227983432e-07,0.00030981217972547714,8.141609952319413,2
normalized_vmin0.0001,normalized,0.0001,1.0,7,255,1,2,1.9479464738065828e-07,0.000488176442231647,1.8369967147685817e-07,0.00027814380344526324,8.215130823198706,2
normalized_vmin0.0001,normalized,0.0001,1.0,7,255,1,3,1.9468676188497892e-07,0.000483713530850971,1.8351831155786273e-07,0.00027367995424987246,8.283447688445449,2
normalized_vmin0.0001,normalized,0.0001,1.0,7,255,1,4,1.9473461221115494e-07,0.00048553617800606297,1.8356790397119565e-07,0.00027550298440726095,13.252613755408674,3
normalized_vmin0.0001,normalized,0.0001,1.0,7,255,1,5,1.947960102598756e-07,0.00048817533066580765,1.8370106652863653e-07,0.00027814269164594396,13.328633535653353,3
normalized_vmin0.0001,normalized,0.0001,1.0,7,255,1,6,1.9468277248461613e-07,0.00048371272602720783,1.8351588503487398e-07,0.0002736791492569113,13.396714066620916,3
normalized_vmin0.0001,normalized,0.0001,1.0,7,255,1,7,1.9473686481805247e-07,0.00048559225877875534,1.835691075456638e-07,0.00027555907696452664,18.29651844361797,4
normalized_vmin0.0001,normalized,0.0001,1.0,7,255,1,8,1.9479511403514772e-07,0.0004882089794985278,1.8369816096409092e-07,0.00027817634754945253,18.367544564418495,4
normalized_vmin0.0001,normalized,0.0001,1.0,7,255,1,9,1.946853136363263e-07,0.0004837200562402,1.8351798704035365e-07,0.00027368648101022686,18.437398970592767,4
normalized_vmin0.0001,normalized,0.0001,1.0,7,255,1,10,1.947343840106703e-07,0.0004855626543044389,1.8356530407173327e-07,0.00027552946626929753,23.12732363026589,5
normalized_vmin0.0001,normalized,0.0001,1.0,7,255,1,11,1.9479460369142392e-07,0.00048819653807230523,1.8369781941886485e-07,0.00027816390350876574,23.201953894924372,5
normalized_vmin0.0001,normalized,0.0001,1.0,7,255,1,12,1.9468419803668211e-07,0.00048368693275202546,1.8351058873291294e-07,0.0002736533505617311,23.26976851793006,5
normalized_vmin0.0001,normalized,0.0001,1.0,7,255,1,13,1.947295746689874e-07,0.0004856059231144183,1.835624948493385e-07,0.0002755727441715594,28.241669374052435,6
normalized_vmin0.0001,normalized,0.0001,1.0,7,255,1,14,1.9479874769324314e-07,0.0004881673035267431,1.8370028788318465e-07,0.00027813466282000654,28.31381782889366,6
normalized_vmin0.0001,normalized,0.0001,1.0,7,255,1,15,1.946864065664313e-07,0.0004837192563900139,1.8352134142891825e-07,0.000273685680991953,28.38282327260822,6
normalized_vmin0.0001,normalized,0.0001,1.0,7,511,0,1,8.630974134083758e-08,0.0001448125183219906,1.194216370449297e-09,1.86955121450616e-06,11.549799180123955,2
normalized_vmin0.0001,normalized,0.0001,1.0,7,511,0,2,8.62271961851903e-08,0.00014384971264436164,1.0590817455405984e-09,5.095237586294488e-07,16.494168234057724,3
normalized_vmin0.0001,normalized,0.0001,1.0,7,511,0,3,8.622432443410169e-08,0.00014384664129774016,1.0534312739711438e-09,5.23140522790122e-07,21.27845649700612,4
normalized_vmin0.0001,normalized,0.0001,1.0,7,511,0,4,8.622423008862435e-08,0.00014385501368263665,1.0533252198997758e-09,5.135904780351197e-07,25.546551130712032,5
normalized_vmin0.0001,normalized,0.0001,1.0,7,511,0,5,8.622063371891488e-08,0.00014384696991276424,1.052233875904621e-09,5.063574867181231e-07,29.599295621737838,6
normalized_vmin0.0001,normalized,0.0001,1.0,7,511,0,6,8.622497852458857e-08,0.00014384895962926691,1.062778930531076e-09,5.502796043277414e-07,33.73204281646758,7
normalized_vmin0.0001,normalized,0.0001,1.0,7,511,0,7,8.622016457092646e-08,0.00014384066684025587,1.052823918276408e-09,5.128611612059686e-07,38.5460023782216,8
normalized_vmin0.0001,normalized,0.0001,1.0,7,511,0,8,8.622521166605016e-08,0.00014384489091123775,1.060013219036346e-09,5.112658435502127e-07,43.54345445893705,9
normalized_vmin0.0001,normalized,0.0001,1.0,7,511,0,9,8.622836520506117e-08,0.00014384810620848842,1.059457375328425e-09,5.193116430213252e-07,48.18992659077048,10
normalized_vmin0.0001,normalized,0.0001,1.0,7,511,0,10,8.622484913674495e-08,0.00014384774278497492,1.058357983896855e-09,5.310079487230723e-07,52.47811579797417,11
normalized_vmin0.0001,normalized,0.0001,1.0,7,511,0,11,8.622393348482854e-08,0.00014384040023673883,1.0534292205091698e-09,5.15247889021353e-07,56.83068531611934,12
normalized_vmin0.0001,normalized,0.0001,1.0,7,511,0,12,8.622545183240322e-08,0.00014384599544903232,1.05671217055217e-09,5.287352009553103e-07,61.66330140689388,13
normalized_vmin0.0001,normalized,0.0001,1.0,7,511,0,13,8.622749215057398e-08,0.00014384805302980475,1.0549833284494625e-09,5.188887617357807e-07,66.5905244788155,14
normalized_vmin0.0001,normalized,0.0001,1.0,7,511,0,14,8.622725424164504e-08,0.00014384039724768538,1.0533668529447149e-09,5.185556455344908e-07,71.1007384378463,15
normalized_vmin0.0001,normalized,0.0001,1.0,7,511,0,15,8.622698450160758e-08,0.00014384035874981382,1.0600676565868691e-09,5.145549839546959e-07,75.58375332690775,16
normalized_vmin0.0001,normalized,0.0001,1.0,7,511,1,1,1.9428356359626098e-07,0.00027398882478857356,1.8077904932038656e-07,0.0002585654370332868,11.746946844737977,2
normalized_vmin0.0001,normalized,0.0001,1.0,7,511,1,2,1.9396470851156433e-07,0.0002718224622063614,1.8043193876476955e-07,0.000257641518020435,11.820978655479848,2
normalized_vmin0.0001,normalized,0.0001,1.0,7,511,1,3,1.941499556593724e-07,0.00027273375526937205,1.8063587161275783e-07,0.00026093026941986786,11.891909148544073,2
normalized_vmin0.0001,normalized,0.0001,1.0,7,511,1,4,1.9411151485137105e-07,0.00027301889433173354,1.8058598314711193e-07,0.0002569051257711452,16.977083436213434,3
normalized_vmin0.0001,normalized,0.0001,1.0,7,511,1,5,1.9396569159134538e-07,0.0002718299156243553,1.8043308683676686e-07,0.0002576974122781017,17.05244305403903,3
normalized_vmin0.0001,normalized,0.0001,1.0,7,511,1,6,1.9415235880092127e-07,0.00027273331665567113,1.8063444217734394e-07,0.0002609134156650317,17.122719903010875,3
normalized_vmin0.0001,normalized,0.0001,1.0,7,511,1,7,1.9410472024238414e-07,0.000273018105410916,1.8057832604872044e-07,0.0002568940577809542,22.185706426855177,4
normalized_vmin0.0001,normalized,0.0001,1.0,7,511,1,8,1.9396361610750406e-07,0.0002718249300253106,1.8043336947123093e-07,0.0002576730896179935,22.263244620058686,4
normalized_vmin0.0001,normalized,0.0001,1.0,7,511,1,9,1.941514934443305e-07,0.0002727285684940295,1.806348566901555e-07,0.0002609131853995583,22.334433996118605,4
normalized_vmin0.0001,normalized,0.0001,1.0,7,511,1,10,1.9411235113240733e-07,0.00027302364095338483,1.8058834455889148e-07,0.0002568937696391105,27.201119335833937,5
normalized_vmin0.0001,normalized,0.0001,1.0,7,511,1,11,1.9396287105484354e-07,0.00027182068979692,1.8043099602429904e-07,0.0002576629600070657,27.27668608073145,5
normalized_vmin0.0001,normalized,0.0001,1.0,7,511,1,12,1.941506217265494e-07,0.0002727251996867963,1.8063146941416452e-07,0.00026094604710025227,27.346327456645668,5
normalized_vmin0.0001,normalized,0.0001,1.0,7,511,1,13,1.9411265290417138e-07,0.00027300629083970573,1.805854945546318e-07,0.0002568928892588973,31.934737652074546,6
normalized_vmin0.0001,normalized,0.0001,1.0,7,511,1,14,1.9396781943586326e-07,0.0002718177564650093,1.804328496178479e-07,0.00025767135290888366,32.010723198764026,6
normalized_vmin0.0001,normalized,0.0001,1.0,7,511,1,15,1.94153610706283e-07,0.00027272261021393795,1.806372282498912e-07,0.0002609315252842803,32.07891217852011,6
normalized_vmin0.0001,normalized,0.0001,1.0,6,15,0,1,0.0038731710000453586,0.6577049437014408,0.003873165514394709,0.6576807774392073,4.544372474774718,2
normalized_vmin0.0001,normalized,0.0001,1.0,6,15,0,2,0.00032228010423381384,0.5066140040194652,0.00032226839634256485,0.5065791706348112,4.611124528571963,2
normalized_vmin0.0001,normalized,0.0001,1.0,6,15,0,3,5.5008934701167044e-05,0.3199851910465681,5.4974916740690575e-05,0.3199371815416294,9.408760420512408,3
normalized_vmin0.0001,normalized,0.0001,1.0,6,15,0,4,1.2479084266394562e-05,0.13723379581823836,1.2428122794436623e-05,0.13717288394132743,9.489356212783605,3
normalized_vmin0.0001,normalized,0.0001,1.0,6,15,0,5,1.5610352808806687e-06,0.027018987983962406,1.5029790644472149e-06,0.026950294867155833,9.56273214193061,3
normalized_vmin0.0001,normalized,0.0001,1.0,6,15,0,6,1.4484176845203838e-07,0.0011755008168786718,8.604623110410818e-08,0.0011049831324179138,9.630806915927678,3
normalized_vmin0.0001,normalized,0.0001,1.0,6,15,0,7,1.0455824425185462e-07,0.0001607426681843327,4.566239142168846e-08,8.925041053675642e-05,14.572643552906811,4
normalized_vmin0.0001,normalized,0.0001,1.0,6,15,0,8,1.045955365883776e-07,0.00016036272374364557,4.562180421585442e-08,8.908228436421695e-05,14.653142520226538,4
normalized_vmin0.0001,normalized,0.0001,1.0,6,15,0,9,1.0445839316566415e-07,0.0001608444410601262,4.562141335029185e-08,8.952535098605274e-05,14.72693854616955,4
normalized_vmin0.0001,normalized,0.0001,1.0,6,15,0,10,1.0435758273163136e-07,0.00016057746224229508,4.555741315415452e-08,8.91091805579336e-05,14.795673582237214,4
normalized_vmin0.0001,normalized,0.0001,1.0,6,15,0,11,1.044994774712486e-07,0.0001607382619079889,4.5610250888593204e-08,8.92307476207943e-05,19.579179861582816,5
normalized_vmin0.0001,normalized,0.0001,1.0,6,15,0,12,1.0459362925160806e-07,0.00016037046381034425,4.561146322774832e-08,8.906998422619772e-05,19.666512752417475,5
normalized_vmin0.0001,normalized,0.0001,1.0,6,15,0,13,1.044501125006006e-07,0.00016084249586445498,4.5617678740353385e-08,8.95260976851997e-05,19.73999837320298,5
normalized_vmin0.0001,normalized,0.0001,1.0,6,15,0,14,1.043534049440023e-07,0.00016057191362361944,4.5560592050001436e-08,8.910613161616787e-05,19.80946136219427,5
normalized_vmin0.0001,normalized,0.0001,1.0,6,15,0,15,1.0450335306908253e-07,0.00016073826519313883,4.5613481464468105e-08,8.92402225092237e-05,24.28897256916389,6
normalized_vmin0.0001,normalized,0.0001,1.0,6,15,1,1,0.003873315990720852,0.6577058495810173,0.003873313380762139,0.6576756732301755,2.297419144306332,1
normalized_vmin0.0001,normalized,0.0001,1.0,6,15,1,2,0.00032241745692491986,0.5066197322290484,0.0003224126091772042,0.5065762362591627,2.369547408539802,1
normalized_vmin0.0001,normalized,0.0001,1.0,6,15,1,3,5.512617159446311e-05,0.32000516867059203,5.5108243535475005e-05,0.3199452209251349,6.630159285385162,2
normalized_vmin0.0001,normalized,0.0001,1.0,6,15,1,4,1.2576486599445636e-05,0.1372864302272503,1.2555789671486507e-05,0.1372103741587326,6.707554103340954,2
normalized_vmin0.0001,normalized,0.0001,1.0,6,15,1,5,1.6569422660674136e-06,0.02711300742041134,1.6350024332633216e-06,0.027027238559969025,6.778044608421624,2
normalized_vmin0.0001,normalized,0.0001,1.0,6,15,1,6,2.411675377732799e-07,0.0012863422861105756,2.1832324148859911e-07,0.0011982965696156755,10.9817872075364,3
normalized_vmin0.0001,normalized,0.0001,1.0,6,15,1,7,2.0080504068770554e-07,0.00044726306324793796,1.7793249377319925e-07,0.00019121109601483166,11.055166530422866,3
normalized_vmin0.0001,normalized,0.0001,1.0,6,15,1,8,2.0072793975359194e-07,0.000447436224873643,1.7787841404692676e-07,0.00019132704864543992,11.121857953257859,3
normalized_vmin0.0001,normalized,0.0001,1.0,6,15,1,9,2.007490580221062e-07,0.00044750277308847064,1.7787958456278317e-07,0.00019096452105715755,15.176931149326265,4
normalized_vmin0.0001,normalized,0.0001,1.0,6,15,1,10,2.007542677530581e-07,0.0004472652647011799,1.7788036992439317e-07,0.0001911411390971285,15.250895854551345,4
normalized_vmin0.0001,normalized,0.0001,1.0,6,15,1,11,2.0072088261575545e-07,0.00044743951000902893,1.778743330594562e-07,0.00019131520891146891,15.322624962311238,4
normalized_vmin0.0001,normalized,0.0001,1.0,6,15,1,12,2.0075420355450657e-07,0.0004475046864843568,1.778897596218478e-07,0.00019098748657153664,19.45608387934044,5
normalized_vmin0.0001,normalized,0.0001,1.0,6,15,1,13,2.0074495774283685e-07,0.000447257593180983,1.7786944745569382e-07,0.000191140940436485,19.533477856311947,5
normalized_vmin0.0001,normalized,0.0001,1.0,6,15,1,14,2.007221033175144e-07,0.0004474354791516033,1.7787860520117522e-07,0.00019130317102389327,19.60169257130474,5
normalized_vmin0.0001,normalized,0.0001,1.0,6,15,1,15,2.0074901086520366e-07,0.0004475125312524142,1.778832127792069e-07,0.0001909718965960039,23.78942176233977,6
normalized_vmin0.0001,normalized,0.0001,1.0,6,31,0,1,0.0009512863535837307,0.38588502624026255,0.0009512873876632088,0.38591364709707554,4.382461577188224,2
normalized_vmin0.0001,normalized,0.0001,1.0,6,31,0,2,4.506451926017032e-05,0.1946213813537352,4.505920698201105e-05,0.19465891606158214,8.538132997229695,3
normalized_vmin0.0001,normalized,0.0001,1.0,6,31,0,3,3.5031039260168877e-06,0.05311106785134845,3.4668732069863023e-06,0.0531551976539143,8.619183054193854,3
normalized_vmin0.0001,normalized,0.0001,1.0,6,31,0,4,2.577186663716601e-07,0.004123013880006021,2.1157432769788268e-07,0.0041694267730976176,8.69231189833954,3
normalized_vmin0.0001,normalized,0.0001,1.0,6,31,0,5,9.610355850517575e-08,0.00010012912245682681,4.554897156329693e-08,5.469500664556648e-05,8.758439514320344,3
normalized_vmin0.0001,normalized,0.0001,1.0,6,31,0,6,9.69380599965427e-08,0.00010013523995577867,4.486790120313344e-08,5.470112442251818e-05,12.966770919039845,4
normalized_vmin0.0001,normalized,0.0001,1.0,6,31,0,7,9.690158315980738e-08,9.997107799264437e-05,4.5010789505025244e-08,5.453695500001743e-05,13.047726362012327,4
normalized_vmin0.0001,normalized,0.0001,1.0,6,31,0,8,9.695667546636845e-08,0.00010035986682677134,4.498622949163604e-08,5.492576150012418e-05,13.123365288134664,4
normalized_vmin0.0001,normalized,0.0001,1.0,6,31,0,9,9.694488105997792e-08,0.00010011606899840153,4.480465850236734e-08,5.4681952593949035e-05,13.191647737752646,4
normalized_vmin0.0001,normalized,0.0001,1.0,6,31,0,10,9.6933866395415e-08,0.00010013561492272505,4.486404920715431e-08,5.470149940645097e-05,17.29835770931095,5
normalized_vmin0.0001,normalized,0.0001,1.0,6,31,0,11,9.689849623942945e-08,9.999192851029015e-05,4.501161303053139e-08,5.4557806465127534e-05,17.378832439426333,5
normalized_vmin0.0001,normalized,0.0001,1.0,6,31,0,12,9.695046384682168e-08,0.00010035771967353835,4.4983409736667785e-08,5.492361424941361e-05,17.453233037609607,5
normalized_vmin0.0001,normalized,0.0001,1.0,6,31,0,13,9.69427206926102e-08,0.00010010936007043281,4.4804894140766866e-08,5.467524336111307e-05,17.52052042260766,5
normalized_vmin0.0001,normalized,0.0001,1.0,6,31,0,14,9.693604756494967e-08,0.00010014724496565375,4.485946791018668e-08,5.471312997784583e-05,21.70303265750408,6
normalized_vmin0.0001,normalized,0.0001,1.0,6,31,0,15,9.68971377982921e-08,9.997747183698724e-05,4.500223688737591e-08,5.454334913490566e-05,21.785138180479407,6
normalized_vmin0.0001,normalized,0.0001,1.0,6,31,1,1,0.0009514625263817252,0.38591832806878623,0.0009514598126392908,0.3858886589591972,2.9976839311420918,1
normalized_vmin0.0001,normalized,0.0001,1.0,6,31,1,2,4.5231184499369566e-05,0.19473768431172278,4.522498806677418e-05,0.19469877838603888,7.636932737194002,2
normalized_vmin0.0001,normalized,0.0001,1.0,6,31,1,3,3.6297408850515667e-06,0.05336337092697907,3.610791954950523e-06,0.05331763455806815,7.710934741422534,2
normalized_vmin0.0001,normalized,0.0001,1.0,6,31,1,4,3.685589132018095e-07,0.004472661878832773,3.4910320468899264e-07,0.004424563374930801,7.779968043323606,2
normalized_vmin0.0001,normalized,0.0001,1.0,6,31,1,5,2.0689619593788945e-07,0.00035472398640590264,1.828334956346795e-07,0.00030642652598689146,12.885534841567278,3
normalized_vmin0.0001,normalized,0.0001,1.0,6,31,1,6,2.0601945853669816e-07,0.00032869805890556325,1.818721902126214e-07,0.00028039934105428266,12.960134125780314,3
normalized_vmin0.0001,normalized,0.0001,1.0,6,31,1,7,2.0603992317445776e-07,0.0003265708292384817,1.8200871912231673e-07,0.0002782720086109691,13.030514590907842,3
normalized_vmin0.0001,normalized,0.0001,1.0,6,31,1,8,2.0606784659956217e-07,0.00032903065155731603,1.8199771188898053e-07,0.00028073194977518146,18.06113357609138,4
normalized_vmin0.0001,normalized,0.0001,1.0,6,31,1,9,2.060136582199554e-07,0.00032866898137173806,1.8186932660602223e-07,0.00028037026211558125,18.136477938387543,4
normalized_vmin0.0001,normalized,0.0001,1.0,6,31,1,10,2.0603846316997717e-07,0.0003265262899021515,1.8200525534796137e-07,0.00027822746712280466,18.20437529636547,4
normalized_vmin0.0001,normalized,0.0001,1.0,6,31,1,11,2.0606191578291302e-07,0.00032898620555499303,1.8199433867243883e-07,0.0002806875016254651,22.802414401434362,5
normalized_vmin0.0001,normalized,0.0001,1.0,6,31,1,12,2.0601729693115462e-07,0.00032866931657016263,1.8186997355407658e-07,0.0002803705973302151,22.878032081294805,5
normalized_vmin0.0001,normalized,0.0001,1.0,6,31,1,13,2.0603945167060306e-07,0.00032654908951668116,1.8200826149585003e-07,0.0002782502678388976,22.948906827252358,5
normalized_vmin0.0001,normalized,0.0001,1.0,6,31,1,14,2.0607382861913276e-07,0.00032900768041121964,1.8200203168792413e-07,0.0002807089775191951,27.340792746283114,6
normalized_vmin0.0001,normalized,0.0001,1.0,6,31,1,15,2.0601863449862866e-07,0.0003286802443936976,1.8186934327620662e-07,0.0002803815256817721,27.415379233192652,6
normalized_vmin0.0001,normalized,0.0001,1.0,6,63,0,1,0.0001322102839332491,0.1060371538735485,0.00013221713689290368,0.10621365708278208,5.208370389882475,2
normalized_vmin0.0001,normalized,0.0001,1.0,6,63,0,2,1.9233031855917193e-06,0.016127913160000173,1.9041442712373118e-06,0.016322167967741885,10.192912877071649,3
normalized_vmin0.0001,normalized,0.0001,1.0,6,63,0,3,1.1953548198359048e-07,0.00046379458701073517,6.996548134314385e-08,0.00039573036736462175,10.273052859120071,3
normalized_vmin0.0001,normalized,0.0001,1.0,6,63,0,4,1.1870238446425155e-07,0.000464172487172565,5.598696549155102e-08,0.0003618427154095105,10.3475579819642,3
normalized_vmin0.0001,normalized,0.0001,1.0,6,63,0,5,1.187553189063019e-07,0.00046468185876236134,5.619532896703166e-08,0.00036235203489964896,10.414581240154803,3
normalized_vmin0.0001,normalized,0.0001,1.0,6,63,0,6,1.1880923615238003e-07,0.0004640769681789614,5.605001533564086e-08,0.00036174720618586953,15.180392243899405,4
normalized_vmin0.0001,normalized,0.0001,1.0,6,63,0,7,1.1879065594311964e-07,0.0004637975421279972,5.6049752161362347e-08,0.0003614678087151546,15.261552239768207,4
normalized_vmin0.0001,normalized,0.0001,1.0,6,63,0,8,1.1870718173067341e-07,0.00046418253538083043,5.598291371393033e-08,0.00036185276259015353,15.333764503709972,4
normalized_vmin0.0001,normalized,0.0001,1.0,6,63,0,9,1.1875056914606848e-07,0.0004646752328658632,5.619044820055248e-08,0.00036234540968083095,15.4023401979357,4
normalized_vmin0.0001,normalized,0.0001,1.0,6,63,0,10,1.188037038235295e-07,0.00046406709398816304,5.6051406421421226e-08,0.0003617373330051521,20.008003341965377,5
normalized_vmin0.0001,normalized,0.0001,1.0,6,63,0,11,1.1878686103635478e-07,0.0004638025935859158,5.6052888983730906e-08,0.00036147285965637543,20.08631410356611,5
normalized_vmin0.0001,normalized,0.0001,1.0,6,63,0,12,1.1870727542403364e-07,0.0004641737317376826,5.598439351035895e-08,0.0003618439598473966,20.159571528900415,5
normalized_vmin0.0001,normalized,0.0001,1.0,6,63,0,13,1.1874845865361005e-07,0.00046467487146362174,5.619167971233563e-08,0.00036234504831567094,20.226169774774462,5
normalized_vmin0.0001,normalized,0.0001,1.0,6,63,0,14,1.1880563809639737e-07,0.0004640551799242054,5.605342847679254e-08,0.0003617254201595532,24.96830467507243,6
normalized_vmin0.0001,normalized,0.0001,1.0,6,63,0,15,1.1879187462910957e-07,0.0004638027234262765,5.605736162017465e-08,0.00036147298948341344,25.04819217417389,6
normalized_vmin0.0001,normalized,0.0001,1.0,6,63,1,1,0.00013241585831857242,0.10630498891767437,0.00013240393678166923,0.1061548873814514,3.202367475721985,1
normalized_vmin0.0001,normalized,0.0001,1.0,6,63,1,2,2.0762891184959544e-06,0.016656436563246335,2.0528876948001877e-06,0.01649127800503969,8.040012299548835,2
normalized_vmin0.0001,normalized,0.0001,1.0,6,63,1,3,2.2287161457557812e-07,0.0008230658115353506,1.9532678500568245e-07,0.0006552479419932311,8.123224739450961,2
normalized_vmin0.0001,normalized,0.0001,1.0,6,63,1,4,2.0791303350930853e-07,0.000428235481425121,1.8037600726027872e-07,0.00026035129771728727,8.194783916231245,2
normalized_vmin0.0001,normalized,0.0001,1.0,6,63,1,5,2.078711347874508e-07,0.0004283647078782149,1.8030566646702666e-07,0.00026048054587468616,13.023349514231086,3
normalized_vmin0.0001,normalized,0.0001,1.0,6,63,1,6,2.078695636560253e-07,0.00043007983843512676,1.8032583842108942e-07,0.00026219596449827964,13.099006704054773,3
normalized_vmin0.0001,normalized,0.0001,1.0,6,63,1,7,2.0790863713297236e-07,0.0004280037729706976,1.803668189127099e-07,0.0002601195503459941,13.167856456246227,3
normalized_vmin0.0001,normalized,0.0001,1.0,6,63,1,8,2.0787492754495765e-07,0.00042834768896293784,1.8030767385988496e-07,0.00026046352410113993,18.190248718485236,4
normalized_vmin0.0001,normalized,0.0001,1.0,6,63,1,9,2.0786464320193595e-07,0.00043008590397008994,1.8031693916236894e-07,0.0002622020310519835,18.265933370683342,4
normalized_vmin0.0001,normalized,0.0001,1.0,6,63,1,10,2.0791264639976787e-07,0.0004280447697676548,1.80373588851293e-07,0.00026016055402866556,18.33545078476891,4
normalized_vmin0.0001,normalized,0.0001,1.0,6,63,1,11,2.0787467935676551e-07,0.0004283341268456198,1.80307767957307e-07,0.00026044995970586626,22.817891464103013,5
normalized_vmin0.0001,normalized,0.0001,1.0,6,63,1,12,2.0787055408536215e-07,0.0004300903150524782,1.8032578354377972e-07,0.00026220644287533457,22.893625864293426,5
normalized_vmin0.0001,normalized,0.0001,1.0,6,63,1,13,2.079073698933361e-07,0.00042804663983464497,1.8036998938704014e-07,0.0002601624244096268,22.9621380250901,5
normalized_vmin0.0001,normalized,0.0001,1.0,6,63,1,14,2.0787204874708347e-07,0.0004283671527250954,1.8030537291068938e-07,0.0002604829911323492,27.903078675735742,6
normalized_vmin0.0001,normalized,0.0001,1.0,6,63,1,15,2.0786667762184022e-07,0.0004300857280373771,1.803190837821575e-07,0.0002622018550898497,27.974466469604522,6
normalized_vmin0.0001,normalized,0.0001,1.0,6,127,0,1,4.9246819908519675e-06,0.006264707965183303,4.931092187931938e-06,0.006283167633472475,7.555270694196224,3
normalized_vmin0.0001,normalized,0.0001,1.0,6,127,0,2,1.058562576619149e-07,0.00017344063073609917,4.306432988003181e-08,6.199821558516838e-05,7.636593892239034,3
normalized_vmin0.0001,normalized,0.0001,1.0,6,127,0,3,1.0572507591276282e-07,0.0001744117794117983,3.9903029447917914e-08,2.1557538059213677e-05,7.708698382135481,3
normalized_vmin0.0001,normalized,0.0001,1.0,6,127,0,4,1.0550335353140547e-07,0.0001741300407362978,4.019632312750001e-08,2.176722616054061e-05,7.776037268340588,3
normalized_vmin0.0001,normalized,0.0001,1.0,6,127,0,5,1.0556551562901497e-07,0.00017402815861000676,4.002647355435282e-08,2.072298974487019e-05,11.884016236290336,4
normalized_vmin0.0001,normalized,0.0001,1.0,6,127,0,6,1.0566668460519271e-07,0.00017424656097553282,4.001040467139694e-08,2.1526523777182227e-05,11.96466163545847,4
normalized_vmin0.0001,normalized,0.0001,1.0,6,127,0,7,1.0572052003303132e-07,0.00017440829339832042,3.989141178089461e-08,2.150362619335322e-05,12.051723258569837,4
normalized_vmin0.0001,normalized,0.0001,1.0,6,127,0,8,1.0550285121996297e-07,0.00017412602853505987,4.0198130098590237e-08,2.1746439335834644e-05,12.120430141221732,4
normalized_vmin0.0001,normalized,0.0001,1.0,6,127,0,9,1.0556333235757143e-07,0.00017403118296743791,4.002123671804168e-08,2.0691315524179466e-05,16.334679214283824,5
normalized_vmin0.0001,normalized,0.0001,1.0,6,127,0,10,1.0566261042631867e-07,0.00017424012224465102,4.001068268605861e-08,2.1524723594290585e-05,16.417683811392635,5
normalized_vmin0.0001,normalized,0.0001,1.0,6,127,0,11,1.0572193974056997e-07,0.00017441147624741582,3.989530710863309e-08,2.151839887920559e-05,16.491982573643327,5
normalized_vmin0.0001,normalized,0.0001,1.0,6,127,0,12,1.05500716021688e-07,0.00017412626091117822,4.019389536647774e-08,2.175795850434259e-05,16.560885038692504,5
normalized_vmin0.0001,normalized,0.0001,1.0,6,127,0,13,1.0556032638157624e-07,0.00017402742448502373,4.0023403990296626e-08,2.0711992711253124e-05,20.849555389024317,6
normalized_vmin0.0001,normalized,0.0001,1.0,6,127,0,14,1.0566348198056482e-07,0.00017424623224004954,4.0007521684524706e-08,2.1546144648221244e-05,20.930535351857543,6
normalized_vmin0.0001,normalized,0.0001,1.0,6,127,0,15,1.0572100540065036e-07,0.00017441127464135064,3.98949468147698e-08,2.153541409144477e-05,21.00439540343359,6
normalized_vmin0.0001,normalized,0.0001,1.0,6,127,1,1,5.095794408758368e-06,0.006282432560541618,5.10792189510884e-06,0.006508047440914266,5.71185114979744,2
normalized_vmin0.0001,normalized,0.0001,1.0,6,127,1,2,1.882627530439003e-07,0.00019133851035235683,1.856692947655979e-07,0.0003171261935851488,5.786621185950935,2
normalized_vmin0.0001,normalized,0.0001,1.0,6,127,1,3,1.833599692279668e-07,0.0001757965516365756,1.8067015258602733e-07,0.00025547322780605786,5.85554156685248,2
normalized_vmin0.0001,normalized,0.0001,1.0,6,127,1,4,1.8344036115055417e-07,0.00017521540329867857,1.807647401306485e-07,0.00025739489214571254,10.781368205789477,3
normalized_vmin0.0001,normalized,0.0001,1.0,6,127,1,5,1.83541334085083e-07,0.000175784958765135,1.8082926191692521e-07,0.000258630423971673,10.852470181882381,3
normalized_vmin0.0001,normalized,0.0001,1.0,6,127,1,6,1.8336121004607723e-07,0.00017581654536968916,1.8067450536412758e-07,0.0002554556161553645,10.922758619766682,3
normalized_vmin0.0001,normalized,0.0001,1.0,6,127,1,7,1.834452854388093e-07,0.00017522414030768374,1.807718970590052e-07,0.0002573968662480386,15.085253125987947,4
normalized_vmin0.0001,normalized,0.0001,1.0,6,127,1,8,1.8354237930696528e-07,0.00017576161306387394,1.808266601950003e-07,0.00025864982938783587,15.160801987163723,4
normalized_vmin0.0001,normalized,0.0001,1.0,6,127,1,9,1.8336155754129302e-07,0.00017580833409347463,1.8067181518989945e-07,0.0002554193739945365,15.228689254261553,4
normalized_vmin0.0001,normalized,0.0001,1.0,6,127,1,10,1.834429522253766e-07,0.00017518300694574496,1.8076586667322992e-07,0.0002573698981006567,19.69104067515582,5
normalized_vmin0.0001,normalized,0.0001,1.0,6,127,1,11,1.8353920811464586e-07,0.0001757495184028235,1.80826636179458e-07,0.0002586642667394834,19.766753792762756,5
normalized_vmin0.0001,normalized,0.0001,1.0,6,127,1,12,1.8336521601932743e-07,0.00017579811247703248,1.8067717008662162e-07,0.00025543962619478666,19.835653003770858,5
normalized_vmin0.0001,normalized,0.0001,1.0,6,127,1,13,1.8343983454992353e-07,0.00017522326710317504,1.8076892345911987e-07,0.00025738243872042155,24.802306015975773,6
normalized_vmin0.0001,normalized,0.0001,1.0,6,127,1,14,1.8353944039464445e-07,0.00017575233606037521,1.8082605098483195e-07,0.00025867961332481926,24.875095409341156,6
normalized_vmin0.0001,normalized,0.0001,1.0,6,127,1,15,1.833600001838633e-07,0.00017579968506997723,1.8066847461957624e-07,0.00025545605947652206,24.94455855851993,6
normalized_vmin0.0001,normalized,0.0001,1.0,6,255,0,1,1.0936451531401575e-07,0.0002713147526840487,4.9060213683288425e-08,8.028477696364611e-05,9.605097300838679,3
normalized_vmin0.0001,normalized,0.0001,1.0,6,255,0,2,1.0747693122544342e-07,0.00027402000497911416,4.544961673570572e-08,4.785592326150834e-05,9.686654324177653,3
normalized_vmin0.0001,normalized,0.0001,1.0,6,255,0,3,1.0738850336143354e-07,0.0002736174130915092,4.553578913899466e-08,4.767231974733832e-05,9.757852437905967,3
normalized_vmin0.0001,normalized,0.0001,1.0,6,255,0,4,1.073847342371522e-07,0.0002739570847054562,4.5428145158873256e-08,4.7798605926852034e-05,9.823840450961143,3
normalized_vmin0.0001,normalized,0.0001,1.0,6,255,0,5,1.0748188607940761e-07,0.00027374830108484183,4.5511011980574524e-08,4.7965416246409376e-05,14.02492774836719,4
normalized_vmin0.0001,normalized,0.0001,1.0,6,255,0,6,1.074813277353804e-07,0.0002740245494023963,4.545514510346428e-08,4.787762915170468e-05,14.106035008095205,4
normalized_vmin0.0001,normalized,0.0001,1.0,6,255,0,7,1.0739187668990557e-07,0.00027361294145422654,4.5534468929892165e-08,4.768598424331749e-05,14.18081034719944,4
normalized_vmin0.0001,normalized,0.0001,1.0,6,255,0,8,1.0738268049291291e-07,0.00027395779172767476,4.541973545540783e-08,4.779900122708902e-05,14.247986840549856,4
normalized_vmin0.0001,normalized,0.0001,1.0,6,255,0,9,1.0747613589032201e-07,0.00027375037205357167,4.5504329960724843e-08,4.797526634425786e-05,18.553734570741653,5
normalized_vmin0.0001,normalized,0.0001,1.0,6,255,0,10,1.0747679696130566e-07,0.00027402116216013184,4.545692617634935e-08,4.787120256066757e-05,18.63018926838413,5
normalized_vmin0.0001,normalized,0.0001,1.0,6,255,0,11,1.0739114701746602e-07,0.00027361233293943243,4.553930856555257e-08,4.7681629304019424e-05,18.700015659444034,5
normalized_vmin0.0001,normalized,0.0001,1.0,6,255,0,12,1.0738031322917924e-07,0.0002739524930173154,4.541911566736668e-08,4.7809020165878735e-05,18.768003089819103,5
normalized_vmin0.0001,normalized,0.0001,1.0,6,255,0,13,1.0748025199794358e-07,0.0002737537310166793,4.551242990733482e-08,4.7971994083795266e-05,23.06000441405922,6
normalized_vmin0.0001,normalized,0.0001,1.0,6,255,0,14,1.0748232136560055e-07,0.00027402751519778334,4.5452529315425635e-08,4.786487736030409e-05,23.137261020950973,6
normalized_vmin0.0001,normalized,0.0001,1.0,6,255,0,15,1.0738373709581446e-07,0.00027361514084423,4.5533954949805104e-08,4.767526539284361e-05,23.210391585249454,6
normalized_vmin0.0001,normalized,0.0001,1.0,6,255,1,1,2.0870017604462086e-07,0.00036644213870229425,1.9376846149350807e-07,0.0002851553260131423,7.839375937357545,2
normalized_vmin0.0001,normalized,0.0001,1.0,6,255,1,2,1.9800297999007178e-07,0.0003297092101227639,1.8090401200796717e-07,0.0002484194104364068,7.915035377256572,2
normalized_vmin0.0001,normalized,0.0001,1.0,6,255,1,3,1.9815747454243626e-07,0.0003316469595395777,1.810165648982132e-07,0.00025035731742439893,7.985991805326194,2
normalized_vmin0.0001,normalized,0.0001,1.0,6,255,1,4,1.9812029586510385e-07,0.0003319816084912386,1.8099582459150062e-07,0.00025069199358851435,12.106231278274208,3
normalized_vmin0.0001,normalized,0.0001,1.0,6,255,1,5,1.9800706100663284e-07,0.000329688182536203,1.8090412325185684e-07,0.00024839838113988044,12.18246739730239,3
normalized_vmin0.0001,normalized,0.0001,1.0,6,255,1,6,1.9815798028246484e-07,0.00033167476585982403,1.8101652561117849e-07,0.0002503851260057255,12.25215071812272,3
normalized_vmin0.0001,normalized,0.0001,1.0,6,255,1,7,1.9811876994138528e-07,0.000331995797817064,1.8099418371303764e-07,0.00025070618406819456,16.773553336504847,4
normalized_vmin0.0001,normalized,0.0001,1.0,6,255,1,8,1.9800330782609332e-07,0.0003296793463420933,1.8090282928466853e-07,0.0002483895442273454,16.84823085553944,4
normalized_vmin0.0001,normalized,0.0001,1.0,6,255,1,9,1.9815671713868012e-07,0.000331670364475678,1.8101718365955217e-07,0.00025038072426364355,16.918799749109894,4
normalized_vmin0.0001,normalized,0.0001,1.0,6,255,1,10,1.981236156323182e-07,0.0003319638702162786,1.8099737784895207e-07,0.00025067425387126363,21.485759706236422,5
normalized_vmin0.0001,normalized,0.0001,1.0,6,255,1,11,1.9799916980856527e-07,0.00032964923289269255,1.8090053584921424e-07,0.0002483594283291257,21.561291488353163,5
normalized_vmin0.0001,normalized,0.0001,1.0,6,255,1,12,1.9815556833319972e-07,0.0003316574319360832,1.810173976959112e-07,0.0002503677906724455,21.630062928423285,5
normalized_vmin0.0001,normalized,0.0001,1.0,6,255,1,13,1.9811871973461525e-07,0.00033196481181818616,1.8099490913530303e-07,0.00025067519554966555,25.809137028642,6
normalized_vmin0.0001,normalized,0.0001,1.0,6,255,1,14,1.9800455703980458e-07,0.00032969116506365026,1.809072552011771e-07,0.0002484013639099114,25.884555647615343,6
normalized_vmin0.0001,normalized,0.0001,1.0,6,255,1,15,1.9815590266055312e-07,0.00033168061445498775,1.8101316353765336e-07,0.00025039097507639774,25.981866277754307,6
normalized_vmin0.0001,normalized,0.0001,1.0,6,511,0,1,1.1459996393456756e-07,0.00022602329421350653,4.8707408231592187e-08,7.800534040680596e-05,13.104891105554998,3
normalized_vmin0.0001,normalized,0.0001,1.0,6,511,0,2,1.1467063179497242e-07,0.0002256955114414705,4.889826182057419e-08,7.818578407658983e-05,13.18574555637315,3
normalized_vmin0.0001,normalized,0.0001,1.0,6,511,0,3,1.1446422790113153e-07,0.00022552483272364476,4.8586094808336676e-08,7.745023498906267e-05,13.257736584171653,3
normalized_vmin0.0001,normalized,0.0001,1.0,6,511,0,4,1.145974292776282e-07,0.00022579293437718917,4.871447139895139e-08,7.80338250228052e-05,13.325988974422216,3
normalized_vmin0.0001,normalized,0.0001,1.0,6,511,0,5,1.1454990050743932e-07,0.00022572907839757406,4.8655679713181316e-08,7.80244148108622e-05,17.529017019551247,4
normalized_vmin0.0001,normalized,0.0001,1.0,6,511,0,6,1.1466118081076399e-07,0.00022569361647284403,4.8893003007684916e-08,7.821465855517573e-05,17.608863489702344,4
normalized_vmin0.0001,normalized,0.0001,1.0,6,511,0,7,1.1446597456303206e-07,0.00022552273059495143,4.858410231866394e-08,7.745164610650779e-05,17.68159509683028,4
normalized_vmin0.0001,normalized,0.0001,1.0,6,511,0,8,1.1460024696615455e-07,0.00022579365043584598,4.8717145066780814e-08,7.80258634267561e-05,17.748098182026297,4
normalized_vmin0.0001,normalized,0.0001,1.0,6,511,0,9,1.1454718551520682e-07,0.00022572980088286787,4.865626056460188e-08,7.803743616097147e-05,21.922367478720844,5
normalized_vmin0.0001,normalized,0.0001,1.0,6,511,0,10,1.1465607415681337e-07,0.00022569719146725564,4.889242601922587e-08,7.821445357625301e-05,22.003762386739254,5
normalized_vmin0.0001,normalized,0.0001,1.0,6,511,0,11,1.1446255944213738e-07,0.0002255252359462112,4.8583071443307344e-08,7.744493603756286e-05,22.075913529843092,5
normalized_vmin0.0001,normalized,0.0001,1.0,6,511,0,12,1.1459548635655054e-07,0.00022579701695002452,4.871003988634687e-08,7.802219800656651e-05,22.142339752521366,5
normalized_vmin0.0001,normalized,0.0001,1.0,6,511,0,13,1.1454403147167927e-07,0.00022572659822917007,4.865492310333899e-08,7.800882882524895e-05,26.353486883454025,6
normalized_vmin0.0001,normalized,0.0001,1.0,6,511,0,14,1.1465986661778415e-07,0.00022569386564674776,4.889731462497126e-08,7.819470798053896e-05,26.4327330654487,6
normalized_vmin0.0001,normalized,0.0001,1.0,6,511,0,15,1.1446324956289523e-07,0.00022552140539711107,4.858486598378927e-08,7.744182181967929e-05,26.505599916446954,6
normalized_vmin0.0001,normalized,0.0001,1.0,6,511,1,1,2.0694911945658937e-07,0.0003962534812500529,1.8072430977226684e-07,0.00026613129836594585,11.669259297195822,2
normalized_vmin0.0001,normalized,0.0001,1.0,6,511,1,2,2.0681068113392816e-07,0.0003953403319421067,1.8055037767621552e-07,0.00026521803018997314,11.763127725105733,2
normalized_vmin0.0001,normalized,0.0001,1.0,6,511,1,3,2.068815130993026e-07,0.0003938120339371798,1.8065526844398563e-07,0.00026368953324074074,11.855147208087146,2
normalized_vmin0.0001,normalized,0.0001,1.0,6,511,1,4,2.0677944367344407e-07,0.00039458750735787973,1.8053869827482216e-07,0.00026446510760780306,16.76710363710299,3
normalized_vmin0.0001,normalized,0.0001,1.0,6,511,1,5,2.068171468605876e-07,0.0003953321511569463,1.8055382698068672e-07,0.0002652098483398868,16.842980186920613,3
normalized_vmin0.0001,normalized,0.0001,1.0,6,511,1,6,2.0687766309991564e-07,0.0003938297104120192,1.8065254672812418e-07,0.0002637072120166284,16.91309006186202,3
normalized_vmin0.0001,normalized,0.0001,1.0,6,511,1,7,2.0677913751825742e-07,0.00039458850297213743,1.8053664424691154e-07,0.00026446610335151277,21.969021381810308,4
normalized_vmin0.0001,normalized,0.0001,1.0,6,511,1,8,2.0681179543192665e-07,0.0003953255133452016,1.805511644987134e-07,0.00026520320966405553,22.044874120503664,4
normalized_vmin0.0001,normalized,0.0001,1.0,6,511,1,9,2.0687898257261785e-07,0.0003938102311410452,1.806513090443914e-07,0.000263687730209905,22.11281390953809,4
normalized_vmin0.0001,normalized,0.0001,1.0,6,511,1,10,2.0678239558500337e-07,0.00039461766975723567,1.8054158925729917e-07,0.0002644952739334627,26.98487220844254,5
normalized_vmin0.0001,normalized,0.0001,1.0,6,511,1,11,2.0681817283464227e-07,0.0003953359338221274,1.8056055167720386e-07,0.00026521363149756283,27.057380178477615,5
normalized_vmin0.0001,normalized,0.0001,1.0,6,511,1,12,2.0688342156365255e-07,0.0003938236344938062,1.8065873208849084e-07,0.0002637011353073815,27.127265138551593,5
normalized_vmin0.0001,normalized,0.0001,1.0,6,511,1,13,2.0677480093619284e-07,0.00039459648614359466,1.8053436451892366e-07,0.00026447408756224977,31.250259484630078,6
normalized_vmin0.0001,normalized,0.0001,1.0,6,511,1,14,2.0681115257645768e-07,0.00039534504600236,1.8055268022130927e-07,0.0002652227448639577,31.33041065139696,6
normalized_vmin0.0001,normalized,0.0001,1.0,6,511,1,15,2.0688151267236071e-07,0.0003938266688736647,1.8065300774534508e-07,0.00026370417008225733,31.397482107393444,6
normalized_vmin0.0001,normalized,0.0001,1.0,5,15,1,1,0.0038733148922786807,0.6577036456258123,0.003873315058248522,0.6577671514150946,2.490225894842297,1
normalized_vmin0.0001,normalized,0.0001,1.0,5,15,1,2,0.00032241773968733295,0.506611469581259,0.0003224161135488723,0.5067030073018532,2.5551686407998204,1
normalized_vmin0.0001,normalized,0.0001,1.0,5,15,1,3,5.512625404232185e-05,0.31997990720409497,5.511402914513118e-05,0.32010607043127803,7.1795491790398955,2
normalized_vmin0.0001,normalized,0.0001,1.0,5,15,1,4,1.2574666062619439e-05,0.13722410415797537,1.2562025170710804e-05,0.13738417382725188,7.254179434385151,2
normalized_vmin0.0001,normalized,0.0001,1.0,5,15,1,5,1.6516247530582995e-06,0.027004580441318815,1.6390595148209473e-06,0.027185098992853263,7.320714135188609,2
normalized_vmin0.0001,normalized,0.0001,1.0,5,15,1,6,2.336502771140292e-07,0.0011559090221108237,2.2126190953111814e-07,0.0013412232434192317,11.475314497947693,3
normalized_vmin0.0001,normalized,0.0001,1.0,5,15,1,7,1.932476927152286e-07,0.0003096838526884804,1.8093723317103808e-07,0.00026456331888957685,11.551694813650101,3
normalized_vmin0.0001,normalized,0.0001,1.0,5,15,1,8,1.9318932882375685e-07,0.0003088372772733772,1.8080608808818385e-07,0.0002647569259759397,11.622349444776773,3
normalized_vmin0.0001,normalized,0.0001,1.0,5,15,1,9,1.9313155576358e-07,0.0003091016598629759,1.8074985908671451e-07,0.0002635307589338165,16.078725419938564,4
normalized_vmin0.0001,normalized,0.0001,1.0,5,15,1,10,1.9318829637585987e-07,0.00030967959043004534,1.8087424149597028e-07,0.00026285317736385316,16.15008649788797,4
normalized_vmin0.0001,normalized,0.0001,1.0,5,15,1,11,1.9318609387941794e-07,0.00030883929972402857,1.8080575326315454e-07,0.00026474897781725293,16.21941809169948,4
normalized_vmin0.0001,normalized,0.0001,1.0,5,15,1,12,1.9312838860722687e-07,0.00030909587899585755,1.8074570994003412e-07,0.00026351552108216936,20.36135597107932,5
normalized_vmin0.0001,normalized,0.0001,1.0,5,15,1,13,1.9319511211775977e-07,0.0003096827168704852,1.8088050271222007e-07,0.0002628542999871808,20.436979146208614,5
normalized_vmin0.0001,normalized,0.0001,1.0,5,15,1,14,1.9319228004662753e-07,0.0003088288553407814,1.8080483780151562e-07,0.0002647569749587575,20.50481112115085,5
normalized_vmin0.0001,normalized,0.0001,1.0,5,15,1,15,1.931380956172233e-07,0.0003091018041656568,1.8075336930933788e-07,0.0002635595166483595,24.83192183636129,6
normalized_vmin0.0001,normalized,0.0001,1.0,5,31,1,1,0.0009514597104997016,0.3859173782528683,0.0009514659607819117,0.38588854950291085,2.822024791035801,1
normalized_vmin0.0001,normalized,0.0001,1.0,5,31,1,2,4.5224201984730874e-05,0.19473430052010365,4.522733175167463e-05,0.1946964964809117,7.8298202669247985,2
normalized_vmin0.0001,normalized,0.0001,1.0,5,31,1,3,3.6198623013318304e-06,0.05335548795639722,3.6117814146867443e-06,0.053311046741209234,7.902273398824036,2
normalized_vmin0.0001,normalized,0.0001,1.0,5,31,1,4,3.58067333879797e-07,0.0044645236354127205,3.4976130940397263e-07,0.004417787182848354,7.970918011851609,2
normalized_vmin0.0001,normalized,0.0001,1.0,5,31,1,5,1.9180051668821446e-07,0.0003440443712169339,1.8346836033164942e-07,0.0002971144784505997,12.951285440474749,3
normalized_vmin0.0001,normalized,0.0001,1.0,5,31,1,6,1.9092705653867234e-07,0.0003169865674733652,1.8260154460150716e-07,0.0002700554044501313,13.02388542983681,3
normalized_vmin0.0001,normalized,0.0001,1.0,5,31,1,7,1.9097005244615232e-07,0.0003183998620071016,1.8265391555038652e-07,0.000271468765332461,13.094280693214387,3
normalized_vmin0.0001,normalized,0.0001,1.0,5,31,1,8,1.9096785008187802e-07,0.0003182972465411993,1.8263626880352638e-07,0.00027136614504919,17.606576897203922,4
normalized_vmin0.0001,normalized,0.0001,1.0,5,31,1,9,1.9092986406022834e-07,0.0003169943013392462,1.8260154727482445e-07,0.0002700631386791663,17.68181436136365,4
normalized_vmin0.0001,normalized,0.0001,1.0,5,31,1,10,1.9096150708672492e-07,0.00031845741806346695,1.8264876445327785e-07,0.00027152632409088717,17.749408595263958,4
normalized_vmin0.0001,normalized,0.0001,1.0,5,31,1,11,1.9096986916886303e-07,0.0003182712469380622,1.8263676198945942e-07,0.0002713401442254737,22.550687053240836,5
normalized_vmin0.0001,normalized,0.0001,1.0,5,31,1,12,1.9092803649771974e-07,0.0003169808430321108,1.8259870958855834e-07,0.000270049679740203,22.62722548097372,5
normalized_vmin0.0001,normalized,0.0001,1.0,5,31,1,13,1.909601166802311e-07,0.00031842114305347113,1.8264644688121653e-07,0.00027149004737792026,22.696640444919467,5
normalized_vmin0.0001,normalized,0.0001,1.0,5,31,1,14,1.909645504192956e-07,0.00031826424391012686,1.8263440382861943e-07,0.00027133314086880134,27.509803539607674,6
normalized_vmin0.0001,normalized,0.0001,1.0,5,31,1,15,1.909352504491442e-07,0.00031700298719028464,1.826068781781356e-07,0.0002700718249378786,27.586700009647757,6
normalized_vmin0.0001,normalized,0.0001,1.0,5,63,1,1,0.00013241721939213878,0.10612063672005989,0.00013241089408514922,0.1063140958163673,3.2660448234528303,1
normalized_vmin0.0001,normalized,0.0001,1.0,5,63,1,2,2.0719916201440578e-06,0.01631963431707062,2.0551747752463586e-06,0.016532528721414086,7.547534240409732,2
normalized_vmin0.0001,normalized,0.0001,1.0,5,63,1,3,2.154446323740885e-07,0.00042822198493308594,1.9586299268452005e-07,0.0006445557105039246,7.624134243000299,2
normalized_vmin0.0001,normalized,0.0001,1.0,5,63,1,4,2.0049521204934054e-07,0.0002034155203539667,1.8092485550277111e-07,0.0002523429165780522,7.6923937210813165,2
normalized_vmin0.0001,normalized,0.0001,1.0,5,63,1,5,2.0049376725848986e-07,0.0002029654712371043,1.8090500621672438e-07,0.00025112376039504447,11.88759259879589,3
normalized_vmin0.0001,normalized,0.0001,1.0,5,63,1,6,2.0035634269364888e-07,0.00020291506822323058,1.807794616548801e-07,0.0002488713780670615,11.963059104979038,3
normalized_vmin0.0001,normalized,0.0001,1.0,5,63,1,7,2.004865882270117e-07,0.00020342411207197042,1.8091519672598844e-07,0.00025209777165402514,12.030763593968004,3
normalized_vmin0.0001,normalized,0.0001,1.0,5,63,1,8,2.0049314137296007e-07,0.00020295983607820922,1.8091096035889568e-07,0.00025111756227758075,16.07596972025931,4
normalized_vmin0.0001,normalized,0.0001,1.0,5,63,1,9,2.0035744243516594e-07,0.00020292230074792084,1.8077714151877212e-07,0.0002489096903511845,16.15061382902786,4
normalized_vmin0.0001,normalized,0.0001,1.0,5,63,1,10,2.004911425724887e-07,0.00020341166215631645,1.809178228399957e-07,0.0002520982820072293,16.217970090918243,4
normalized_vmin0.0001,normalized,0.0001,1.0,5,63,1,11,2.0049591441045631e-07,0.00020295969929440272,1.809108875528089e-07,0.0002510936968899147,20.53074758592993,5
normalized_vmin0.0001,normalized,0.0001,1.0,5,63,1,12,2.0035897912973176e-07,0.00020290910296583142,1.8077724897349378e-07,0.00024889183229515055,20.606234029866755,5
normalized_vmin0.0001,normalized,0.0001,1.0,5,63,1,13,2.004913665485083e-07,0.00020341716563709866,1.8091973283297584e-07,0.0002521146234844007,20.67603316763416,5
normalized_vmin0.0001,normalized,0.0001,1.0,5,63,1,14,2.0049153120290072e-07,0.00020295985479390488,1.809036741554185e-07,0.00025113338823978815,25.138946265913546,6
normalized_vmin0.0001,normalized,0.0001,1.0,5,63,1,15,2.0035966573153866e-07,0.00020290855805993324,1.8077777681740277e-07,0.00024888769725173177,25.213946933858097,6
normalized_vmin0.0001,normalized,0.0001,1.0,5,127,1,1,5.1144273063036785e-06,0.00652202196464613,5.108460348681124e-06,0.006485089738231364,6.305401534307748,2
normalized_vmin0.0001,normalized,0.0001,1.0,5,127,1,2,2.0632013894112818e-07,0.0003527930890733222,1.8686916872509899e-07,0.0003156315235461893,6.380294015165418,2
normalized_vmin0.0001,normalized,0.0001,1.0,5,127,1,3,2.0133056728562513e-07,0.00034196981161904727,1.8184146168169894e-07,0.00025404560451192104,6.448627328500152,2
normalized_vmin0.0001,normalized,0.0001,1.0,5,127,1,4,2.0147193683131662e-07,0.0003415827447409425,1.8198749741601259e-07,0.00025729258138407207,11.450280021876097,3
normalized_vmin0.0001,normalized,0.0001,1.0,5,127,1,5,2.0151505931591385e-07,0.0003411685072133297,1.8203792886186329e-07,0.00025753010607354465,11.525662714149803,3
normalized_vmin0.0001,normalized,0.0001,1.0,5,127,1,6,2.013323763799322e-07,0.00034197605290831046,1.8183934563766122e-07,0.0002540509267787705,11.607927263248712,3
normalized_vmin0.0001,normalized,0.0001,1.0,5,127,1,7,2.0147074157967563e-07,0.00034157761607711556,1.819846724699216e-07,0.00025728503933875047,16.10047462536022,4
normalized_vmin0.0001,normalized,0.0001,1.0,5,127,1,8,2.015207244330116e-07,0.00034117651243614766,1.8204327100743617e-07,0.0002575932746418097,16.176969767548144,4
normalized_vmin0.0001,normalized,0.0001,1.0,5,127,1,9,2.0133174988803861e-07,0.00034196385538987073,1.8184002115400913e-07,0.0002540379958912986,16.250458458438516,4
normalized_vmin0.0001,normalized,0.0001,1.0,5,127,1,10,2.0147143110241806e-07,0.00034157679104651617,1.8198248820443745e-07,0.0002572638433570029,20.785041716415435,5
normalized_vmin0.0001,normalized,0.0001,1.0,5,127,1,11,2.0151951332743462e-07,0.00034117735987337916,1.8204082353803753e-07,0.0002575564303329836,20.863643187098205,5
normalized_vmin0.0001,normalized,0.0001,1.0,5,127,1,12,2.0132955821567148e-07,0.0003419676706132302,1.818377941932228e-07,0.00025403740190210744,20.9349884102121,5
normalized_vmin0.0001,normalized,0.0001,1.0,5,127,1,13,2.0147350653387547e-07,0.00034158303151832214,1.8198864829736068e-07,0.00025725566498435715,25.650382173247635,6
normalized_vmin0.0001,normalized,0.0001,1.0,5,127,1,14,2.0151497750126236e-07,0.00034118180940323484,1.8204009257855513e-07,0.00025756648377828206,25.72565192123875,6
normalized_vmin0.0001,normalized,0.0001,1.0,5,127,1,15,2.0132692445477615e-07,0.0003419750385296183,1.8183719465787835e-07,0.00025405423402302674,25.795226749498397,6
normalized_vmin0.0001,normalized,0.0001,1.0,5,255,1,1,2.0494933931415423e-07,0.0002862827167875448,1.942231766284383e-07,0.000292179139208093,8.548428267240524,2
normalized_vmin0.0001,normalized,0.0001,1.0,5,255,1,2,1.9378685153158983e-07,0.00027274331576887523,1.8142480083257562e-07,0.0002564358217574947,8.621202138252556,2
normalized_vmin0.0001,normalized,0.0001,1.0,5,255,1,3,1.9388456589052277e-07,0.0002724821729793714,1.815275025943536e-07,0.0002591479737273916,8.690036595333368,2
normalized_vmin0.0001,normalized,0.0001,1.0,5,255,1,4,1.938234349320698e-07,0.00027265242262475287,1.814500348250428e-07,0.0002572814415383595,13.687244723085314,3
normalized_vmin0.0001,normalized,0.0001,1.0,5,255,1,5,1.937756411077483e-07,0.0002727502620952782,1.8141259170873037e-07,0.0002564291644010508,13.762478271033615,3
normalized_vmin0.0001,normalized,0.0001,1.0,5,255,1,6,1.938883995207744e-07,0.0002724799526536703,1.8152816713080654e-07,0.00025915397606246504,13.830738231074065,3
normalized_vmin0.0001,normalized,0.0001,1.0,5,255,1,7,1.9382121210932064e-07,0.0002726494735421081,1.814490200397479e-07,0.00025729974874388883,18.644037100020796,4
normalized_vmin0.0001,normalized,0.0001,1.0,5,255,1,8,1.9378857851213096e-07,0.00027275228923206996,1.8142194747130413e-07,0.00025641581151392145,18.72744839405641,4
normalized_vmin0.0001,normalized,0.0001,1.0,5,255,1,9,1.938861011423543e-07,0.00027248166188553746,1.815285647961497e-07,0.0002591449255909817,18.79717930732295,4
normalized_vmin0.0001,normalized,0.0001,1.0,5,255,1,10,1.9382101537435833e-07,0.0002726506131588424,1.814501223548458e-07,0.0002572628511047226,23.2828986113891,5
normalized_vmin0.0001,normalized,0.0001,1.0,5,255,1,11,1.9377953581728487e-07,0.0002727497565152559,1.8141577934459527e-07,0.000256453677789259,23.37116572353989,5
normalized_vmin0.0001,normalized,0.0001,1.0,5,255,1,12,1.9388873633777108e-07,0.0002724806850755712,1.8153193502319366e-07,0.0002591565667523499,23.44078945182264,5
normalized_vmin0.0001,normalized,0.0001,1.0,5,255,1,13,1.9382133920253845e-07,0.0002726462048536771,1.8144963172199544e-07,0.0002572839567556162,28.638612614944577,6
normalized_vmin0.0001,normalized,0.0001,1.0,5,255,1,14,1.9378414989716856e-07,0.0002727517832444848,1.8142033878254277e-07,0.0002564493508925292,28.713770562782884,6
normalized_vmin0.0001,normalized,0.0001,1.0,5,255,1,15,1.9388860924448212e-07,0.00027247313902512005,1.815314906627537e-07,0.00025914099987700556,28.782909750938416,6
normalized_vmin0.0001,normalized,0.0001,1.0,5,511,1,1,2.0437389357527022e-07,0.00026938295997380735,1.812452907962235e-07,0.00025857829640907326,11.78101228037849,2
normalized_vmin0.0001,normalized,0.0001,1.0,5,511,1,2,2.0425669388167937e-07,0.0002680268389426699,1.8113429517122628e-07,0.0002607431179862951,11.855731492396444,2
normalized_vmin0.0001,normalized,0.0001,1.0,5,511,1,3,2.041544887415864e-07,0.00026835432485317057,1.8103844585614878e-07,0.00025765328593363446,11.926649348344654,2
normalized_vmin0.0001,normalized,0.0001,1.0,5,511,1,4,2.041876298145073e-07,0.00026877944645542495,1.8105503017664404e-07,0.0002569412285465811,17.01044677523896,3
normalized_vmin0.0001,normalized,0.0001,1.0,5,511,1,5,2.0425556846365278e-07,0.0002680204062079916,1.8113293028637387e-07,0.00026076619828874215,17.086546677164733,3
normalized_vmin0.0001,normalized,0.0001,1.0,5,511,1,6,2.041514029031135e-07,0.00026836055205314846,1.8103394809697887e-07,0.0002576476984875731,17.15595582826063,3
normalized_vmin0.0001,normalized,0.0001,1.0,5,511,1,7,2.0418681770990554e-07,0.0002687687228559721,1.8105894026170563e-07,0.00025696555300414037,21.641271020285785,4
normalized_vmin0.0001,normalized,0.0001,1.0,5,511,1,8,2.0425874411705418e-07,0.0002680231516730691,1.811340629675928e-07,0.00026074342093784786,21.73670795513317,4
normalized_vmin0.0001,normalized,0.0001,1.0,5,511,1,9,2.0415206417151682e-07,0.0002683526052280616,1.8103571077497817e-07,0.00025765350534379117,21.806321216281503,4
normalized_vmin0.0001,normalized,0.0001,1.0,5,511,1,10,2.0419105120506194e-07,0.00026876834267275385,1.8105907109766727e-07,0.0002569937063451322,26.764389493502676,5
normalized_vmin0.0001,normalized,0.0001,1.0,5,511,1,11,2.0426303942926461e-07,0.00026803072216008417,1.811366636419209e-07,0.0002607527582157987,26.84023401932791,5
normalized_vmin0.0001,normalized,0.0001,1.0,5,511,1,12,2.0415190122096506e-07,0.00026835253493717737,1.81032125010582e-07,0.0002576806967383716,26.911753537133336,5
normalized_vmin0.0001,normalized,0.0001,1.0,5,511,1,13,2.041921504247796e-07,0.00026877519936086003,1.8105760385262368e-07,0.00025696710182154803,31.444826380815357,6
normalized_vmin0.0001,normalized,0.0001,1.0,5,511,1,14,2.0426081674965724e-07,0.0002680283436719,1.8113475142361919e-07,0.00026076791718665504,31.520210910588503,6
normalized_vmin0.0001,normalized,0.0001,1.0,5,511,1,15,2.0415355973035445e-07,0.0002683539616957775,1.8103499008322916e-07,0.00025765508595854136,31.59206842444837,6
normalized_vmin0.0001,normalized,0.0001,1.0,4,15,1,1,0.0038733168383590093,0.6577066800837627,0.003873320247556098,0.6577076729014784,2.508640609215945,1
normalized_vmin0.0001,normalized,0.0001,1.0,4,15,1,2,0.0003224162001869118,0.5066227123345444,0.0003224203320359042,0.5066241433695171,2.573673623148352,1
normalized_vmin0.0001,normalized,0.0001,1.0,4,15,1,3,5.512052610731821e-05,0.3200141820090985,5.5115530824554705e-05,0.3200161542999006,7.270456639118493,2
normalized_vmin0.0001,normalized,0.0001,1.0,4,15,1,4,1.2566974721006963e-05,0.13730855752291538,1.256141181506105e-05,0.13731105974921487,7.3472841694019735,2
normalized_vmin0.0001,normalized,0.0001,1.0,4,15,1,5,1.647793233990445e-06,0.0271507216474971,1.6393392024871865e-06,0.02715354338529341,7.416100192349404,2
normalized_vmin0.0001,normalized,0.0001,1.0,4,15,1,6,2.3583461162198456e-07,0.0013325578514842285,2.2250951115310573e-07,0.0013354544745584063,12.262939130421728,3
normalized_vmin0.0001,normalized,0.0001,1.0,4,15,1,7,1.954953706903505e-07,0.00025966853513537114,1.8212808284171901e-07,0.00026256827011228445,12.334917459636927,3
normalized_vmin0.0001,normalized,0.0001,1.0,4,15,1,8,1.9540717087863853e-07,0.00025636334488710055,1.8209013591506136e-07,0.00025926308945067866,12.402976272627711,3
normalized_vmin0.0001,normalized,0.0001,1.0,4,15,1,9,1.9543238652843444e-07,0.0002570599656881445,1.820844994475554e-07,0.0002599597082312277,16.967789732851088,4
normalized_vmin0.0001,normalized,0.0001,1.0,4,15,1,10,1.9544692285369954e-07,0.0002579167667030591,1.8207529125604087e-07,0.0002608165067610191,17.038850485812873,4
normalized_vmin0.0001,normalized,0.0001,1.0,4,15,1,11,1.9540549504409144e-07,0.00025636315272226096,1.8208983724397323e-07,0.0002592628972863942,17.10785862011835,4
normalized_vmin0.0001,normalized,0.0001,1.0,4,15,1,12,1.9542865625526062e-07,0.00025708495395337927,1.8207902452996105e-07,0.00025998469642396493,22.14086915552616,5
normalized_vmin0.0001,normalized,0.0001,1.0,4,15,1,13,1.9544422792962574e-07,0.0002579063382579516,1.820750764701966e-07,0.0002608060783461097,22.215080123394728,5
normalized_vmin0.0001,normalized,0.0001,1.0,4,15,1,14,1.9540573841022327e-07,0.0002563274189855136,1.820891606722392e-07,0.00025922716365334164,22.28226632811129,5
normalized_vmin0.0001,normalized,0.0001,1.0,4,15,1,15,1.9542968478791043e-07,0.00025708190903983574,1.8208090562248536e-07,0.0002599816515193032,26.73039856692776,6
normalized_vmin0.0001,normalized,0.0001,1.0,4,31,1,1,0.0009514614840965933,0.3859004860512629,0.000951462208959779,0.3859495524790868,2.8000564323738217,1
normalized_vmin0.0001,normalized,0.0001,1.0,4,31,1,2,4.522827340997818e-05,0.19468284768930944,4.522605844851937e-05,0.19474719236803284,7.208438919391483,2
normalized_vmin0.0001,normalized,0.0001,1.0,4,31,1,3,3.6247225566016935e-06,0.053248218085559684,3.61145482423873e-06,0.05332386336278161,7.287753889337182,2
normalized_vmin0.0001,normalized,0.0001,1.0,4,31,1,4,3.66942014592829e-07,0.004316754509972709,3.488718073576902e-07,0.004396309401306531,7.355922723188996,2
normalized_vmin0.0001,normalized,0.0001,1.0,4,31,1,5,2.0052382376551e-07,0.0003854604105658632,1.822906911855656e-07,0.0002700085815227071,11.659045161213726,3
normalized_vmin0.0001,normalized,0.0001,1.0,4,31,1,6,1.9970720703212834e-07,0.000385321024641172,1.8149229431165993e-07,0.00024352517202863577,11.734400615096092,3
normalized_vmin0.0001,normalized,0.0001,1.0,4,31,1,7,1.997914388366363e-07,0.0003857957265807066,1.8156519784036674e-07,0.00024382673345935135,11.80165423406288,3
normalized_vmin0.0001,normalized,0.0001,1.0,4,31,1,8,1.9968883419929152e-07,0.0003853799447844919,1.8145066958786412e-07,0.00024411367623100588,16.08967014029622,4
normalized_vmin0.0001,normalized,0.0001,1.0,4,31,1,9,1.9971276598393592e-07,0.00038532682122005557,1.8149851828170262e-07,0.00024355087501626294,16.163836157415062,4
normalized_vmin0.0001,normalized,0.0001,1.0,4,31,1,10,1.9979719933968973e-07,0.00038580314238301217,1.8156880089236318e-07,0.00024384602895555219,16.231686893384904,4
normalized_vmin0.0001,normalized,0.0001,1.0,4,31,1,11,1.9968396226329344e-07,0.0003853756706037048,1.8145023392107895e-07,0.00024414941304207183,20.819092112593353,5
normalized_vmin0.0001,normalized,0.0001,1.0,4,31,1,12,1.9971205179702048e-07,0.0003853260922923596,1.8149749971515438e-07,0.0002435309474189129,20.893638664856553,5
normalized_vmin0.0001,normalized,0.0001,1.0,4,31,1,13,1.9979165893143237e-07,0.0003857932224197169,1.8156192006370622e-07,0.00024384776439967393,20.962069327943027,5
normalized_vmin0.0001,normalized,0.0001,1.0,4,31,1,14,1.9968293366269803e-07,0.00038537442590014237,1.8145202972112259e-07,0.00024415213233386357,25.145037871785462,6
normalized_vmin0.0001,normalized,0.0001,1.0,4,31,1,15,1.9970901385562816e-07,0.00038532199795937583,1.8149461369171646e-07,0.0002435645747626003,25.21982803568244,6
normalized_vmin0.0001,normalized,0.0001,1.0,4,63,1,1,0.00013240110193024342,0.106229295431999,0.00013241040158858095,0.1063070113647665,3.2982657779939473,1
normalized_vmin0.0001,normalized,0.0001,1.0,4,63,1,2,2.060343326526809e-06,0.016518663631614916,2.0568981736942483e-06,0.016604180161777116,8.247886933851987,2
normalized_vmin0.0001,normalized,0.0001,1.0,4,63,1,3,2.0789919409205595e-07,0.0006599866114008757,1.986278975113563e-07,0.0007468820991309855,8.322124493774027,2
normalized_vmin0.0001,normalized,0.0001,1.0,4,63,1,4,1.934777691011536e-07,0.00026478415319419746,1.8365160376736052e-07,0.0003517140049144052,8.397276501636952,2
normalized_vmin0.0001,normalized,0.0001,1.0,4,63,1,5,1.9346832853304145e-07,0.0002675450386335765,1.836841889288854e-07,0.00035447465028692893,12.970769313629717,3
normalized_vmin0.0001,normalized,0.0001,1.0,4,63,1,6,1.9334533662905372e-07,0.0002657781071475629,1.8359095659582758e-07,0.0003527078724406829,13.044215206988156,3
normalized_vmin0.0001,normalized,0.0001,1.0,4,63,1,7,1.9346272235529137e-07,0.00026455758595700374,1.836396294750922e-07,0.000351487457378008,13.113032578025013,3
normalized_vmin0.0001,normalized,0.0001,1.0,4,63,1,8,1.9347197848677684e-07,0.000267518537541922,1.8368356286135873e-07,0.00035444815149965336,18.07138694776222,4
normalized_vmin0.0001,normalized,0.0001,1.0,4,63,1,9,1.9335450836887805e-07,0.0002658238719043249,1.836001636397751e-07,0.0003527536332180725,18.145297094713897,4
normalized_vmin0.0001,normalized,0.0001,1.0,4,63,1,10,1.9346493294788766e-07,0.0002645615407677049,1.8363648096906627e-07,0.00035149141184476207,18.21501890476793,4
normalized_vmin0.0001,normalized,0.0001,1.0,4,63,1,11,1.9346785107916315e-07,0.00026754528237271646,1.8368478170410058e-07,0.00035447489400497467,23.32274693576619,5
normalized_vmin0.0001,normalized,0.0001,1.0,4,63,1,12,1.9335384259315492e-07,0.0002658018546450869,1.8359427627043752e-07,0.0003527316178733031,23.399720740970224,5
normalized_vmin0.0001,normalized,0.0001,1.0,4,63,1,13,1.9347132695609468e-07,0.0002645587300302843,1.836392463043835e-07,0.0003514886013518126,23.46933034202084,5
normalized_vmin0.0001,normalized,0.0001,1.0,4,63,1,14,1.9346657090029226e-07,0.0002675259138481545,1.8367998780269328e-07,0.00035445552716451,28.342667170334607,6
normalized_vmin0.0001,normalized,0.0001,1.0,4,63,1,15,1.933493154886878e-07,0.0002657974640153382,1.8359102946055616e-07,0.00035272722762536013,28.414463378023356,6
normalized_vmin0.0001,normalized,0.0001,1.0,4,127,1,1,5.110122146246653e-06,0.006430109602172163,5.107878038603051e-06,0.006490539724757993,5.857537892181426,2
normalized_vmin0.0001,normalized,0.0001,1.0,4,127,1,2,2.013077402103833e-07,0.00025215756908991693,1.8589141337286758e-07,0.00031296344219144956,5.953071560245007,2
normalized_vmin0.0001,normalized,0.0001,1.0,4,127,1,3,1.9651348729797608e-07,0.00025046026409769606,1.8108083396016868e-07,0.00025513949187427887,6.021887763869017,2
normalized_vmin0.0001,normalized,0.0001,1.0,4,127,1,4,1.9649013085596504e-07,0.00025075249900463614,1.8104537830732696e-07,0.0002545049768298835,10.909872426185757,3
normalized_vmin0.0001,normalized,0.0001,1.0,4,127,1,5,1.9649696709483577e-07,0.0002506755668794103,1.8105364422348692e-07,0.00025477217933322915,10.989739953074604,3
normalized_vmin0.0001,normalized,0.0001,1.0,4,127,1,6,1.9651267844929442e-07,0.0002504658461319753,1.8107388755442762e-07,0.0002551340654576295,11.063257516827434,3
normalized_vmin0.0001,normalized,0.0001,1.0,4,127,1,7,1.9649380894424875e-07,0.00025075501634996833,1.8105006018116293e-07,0.00025451881279259236,16.17129425657913,4
normalized_vmin0.0001,normalized,0.0001,1.0,4,127,1,8,1.9650292927312374e-07,0.00025068385257343007,1.8105739499190362e-07,0.0002547740255759434,16.24743398744613,4
normalized_vmin0.0001,normalized,0.0001,1.0,4,127,1,9,1.9651085698696124e-07,0.0002504692790532559,1.810739021836658e-07,0.0002551327034988615,16.317568152211607,4
normalized_vmin0.0001,normalized,0.0001,1.0,4,127,1,10,1.9649216122995207e-07,0.0002507529577607803,1.810513211469244e-07,0.0002545097881814229,21.299574240110815,5
normalized_vmin0.0001,normalized,0.0001,1.0,4,127,1,11,1.9649826255483156e-07,0.00025067886090113234,1.8105765179222532e-07,0.00025474567810557236,21.375299819279462,5
normalized_vmin0.0001,normalized,0.0001,1.0,4,127,1,12,1.9650118239853323e-07,0.0002504697658541888,1.810683037630841e-07,0.0002551471565788166,21.444794058334082,5
normalized_vmin0.0001,normalized,0.0001,1.0,4,127,1,13,1.9648882122562644e-07,0.0002507518343181081,1.8104608514846437e-07,0.0002545148427446353,26.29536761669442,6
normalized_vmin0.0001,normalized,0.0001,1.0,4,127,1,14,1.964982639687159e-07,0.00025067729898531343,1.8105688486724965e-07,0.00025480005357503277,26.369051173329353,6
normalized_vmin0.0001,normalized,0.0001,1.0,4,127,1,15,1.9651246462332482e-07,0.0002504692995178859,1.8107792670863838e-07,0.0002551521051135097,26.43847111519426,6
normalized_vmin0.0001,normalized,0.0001,1.0,4,255,1,1,2.023476254512814e-07,0.00044454270670357676,1.930949643612001e-07,0.0002949326982960576,8.09896178310737,2
normalized_vmin0.0001,normalized,0.0001,1.0,4,255,1,2,1.9182515512830293e-07,0.000408990877360349,1.8029578049525861e-07,0.00025937554767785365,8.174317811150104,2
normalized_vmin0.0001,normalized,0.0001,1.0,4,255,1,3,1.9186287373206275e-07,0.00041139101807163847,1.8032521978714422e-07,0.0002617760476338882,8.242937563918531,2
normalized_vmin0.0001,normalized,0.0001,1.0,4,255,1,4,1.91837013555507e-07,0.0004102037643017864,1.802892697281033e-07,0.00026058861616007345,13.155809634830803,3
normalized_vmin0.0001,normalized,0.0001,1.0,4,255,1,5,1.9182817537877856e-07,0.00040901418738403805,1.8029499742503537e-07,0.00025939886119052957,13.22977120988071,3
normalized_vmin0.0001,normalized,0.0001,1.0,4,255,1,6,1.9186601571240456e-07,0.00041142101548430343,1.80329860390506e-07,0.0002618060495365171,13.29948028177023,3
normalized_vmin0.0001,normalized,0.0001,1.0,4,255,1,7,1.9184503252870133e-07,0.0004102196606852182,1.8029322572693477e-07,0.0002606045149228242,17.87454639840871,4
normalized_vmin0.0001,normalized,0.0001,1.0,4,255,1,8,1.918208138733236e-07,0.0004089752652969292,1.8029231021355908e-07,0.0002593599332776364,17.95007792348042,4
normalized_vmin0.0001,normalized,0.0001,1.0,4,255,1,9,1.918587620422906e-07,0.00041139284640689944,1.8032337804672031e-07,0.0002617778762428191,18.020291012711823,4
normalized_vmin0.0001,normalized,0.0001,1.0,4,255,1,10,1.918462332564205e-07,0.00041020062626817566,1.8029899277112221e-07,0.00026058547765672735,22.4667971865274,5
normalized_vmin0.0001,normalized,0.0001,1.0,4,255,1,11,1.918234748268429e-07,0.0004089947559222651,1.8029389650742322e-07,0.00025937942682030535,22.540946658700705,5
normalized_vmin0.0001,normalized,0.0001,1.0,4,255,1,12,1.918673950641833e-07,0.000411404913281177,1.803299650187431e-07,0.00026178994492331853,22.609090557787567,5
normalized_vmin0.0001,normalized,0.0001,1.0,4,255,1,13,1.9183660934455748e-07,0.00041018883376731097,1.802856841584705e-07,0.0002605736833908301,27.657466428820044,6
normalized_vmin0.0001,normalized,0.0001,1.0,4,255,1,14,1.918268484159334e-07,0.00040898125901223104,1.8029496794433485e-07,0.0002593659278901095,27.732996702659875,6
normalized_vmin0.0001,normalized,0.0001,1.0,4,255,1,15,1.9186626409041678e-07,0.00041141313987325123,1.803310238217653e-07,0.0002617981727466301,27.802915818523616,6
normalized_vmin0.0001,normalized,0.0001,1.0,4,511,1,1,1.836081083533504e-07,0.0001347138191341024,1.8209017033513964e-07,0.0002598980104452364,11.692483836784959,2
normalized_vmin0.0001,normalized,0.0001,1.0,4,511,1,2,1.8338912599800985e-07,0.00013377761338695393,1.8185252187796907e-07,0.00025587129118953555,11.767703547608107,2
normalized_vmin0.0001,normalized,0.0001,1.0,4,511,1,3,1.8346505179785716e-07,0.0001345714287848132,1.8196437785210156e-07,0.00025916848516427393,11.83837828040123,2
normalized_vmin0.0001,normalized,0.0001,1.0,4,511,1,4,1.8342175514254723e-07,0.00013428663015413456,1.819070336659156e-07,0.00025824695010223664,17.015981414355338,3
normalized_vmin0.0001,normalized,0.0001,1.0,4,511,1,5,1.8338802520525036e-07,0.00013377250260171447,1.8185851001257882e-07,0.0002558644843208002,17.090423163492233,3
normalized_vmin0.0001,normalized,0.0001,1.0,4,511,1,6,1.8346048574929185e-07,0.00013458186266945837,1.8195980228903199e-07,0.0002591853046011172,17.15969474473968,3
normalized_vmin0.0001,normalized,0.0001,1.0,4,511,1,7,1.8341752961092015e-07,0.00013430116630452904,1.819023483682471e-07,0.00025824760781889555,22.134332604706287,4
normalized_vmin0.0001,normalized,0.0001,1.0,4,511,1,8,1.8339269106136804e-07,0.00013376793127084508,1.818589376741403e-07,0.00025586176688274787,22.20874796062708,4
normalized_vmin0.0001,normalized,0.0001,1.0,4,511,1,9,1.8346725071308445e-07,0.0001345729439942156,1.8196399873291746e-07,0.00025917134049902035,22.278075566980988,4
normalized_vmin0.0001,normalized,0.0001,1.0,4,511,1,10,1.8342313504826518e-07,0.00013429813245324773,1.819068064616569e-07,0.0002582442999653489,27.256871425081044,5
normalized_vmin0.0001,normalized,0.0001,1.0,4,511,1,11,1.8338679792779508e-07,0.00013378642504369154,1.8185159234766516e-07,0.0002558760743642807,27.32741741091013,5
normalized_vmin0.0001,normalized,0.0001,1.0,4,511,1,12,1.8345911789104208e-07,0.00013457208270251098,1.8195433817255445e-07,0.00025921207961310255,27.39456999488175,5
normalized_vmin0.0001,normalized,0.0001,1.0,4,511,1,13,1.8341304946484154e-07,0.0001342993341074683,1.8189838189113357e-07,0.00025825048774008597,31.90592870861292,6
normalized_vmin0.0001,normalized,0.0001,1.0,4,511,1,14,1.833906274040108e-07,0.00013378128555985302,1.8185231278203812e-07,0.00025585354447321684,31.978897891473025,6
normalized_vmin0.0001,normalized,0.0001,1.0,4,511,1,15,1.8346148352962107e-07,0.0001345643241270622,1.81961102758384e-07,0.00025917666974784037,32.04625781625509,6
normalized_vmin1e-05,normalized,1e-05,1.0,12,15,0,1,0.004198449780424906,0.8877909628010042,0.004198438796249497,0.8875672385115665,0.5189745761454105,0
normalized_vmin1e-05,normalized,1e-05,1.0,12,15,0,2,0.0004083574086156746,0.8323956515085207,0.00040833750941591173,0.8320614791039714,5.539529726840556,1
normalized_vmin1e-05,normalized,1e-05,1.0,12,15,0,3,0.00010421159996177045,0.7509570307002729,0.00010415604246775705,0.7504604845865473,5.614753461908549,1
normalized_vmin1e-05,normalized,1e-05,1.0,12,15,0,4,4.733832298026681e-05,0.6341891646306745,4.724966246074913e-05,0.633459804756866,5.684376250952482,1
normalized_vmin1e-05,normalized,1e-05,1.0,12,15,0,5,2.2276601789093853e-05,0.475856821926287,2.2164002021955814e-05,0.47481177633098237,10.585129767190665,2
normalized_vmin1e-05,normalized,1e-05,1.0,12,15,0,6,1.0015398704087942e-05,0.286072155642596,9.871545789940492e-06,0.2846487141473676,10.661696777213365,2
normalized_vmin1e-05,normalized,1e-05,1.0,12,15,0,7,3.5659297179421227e-06,0.111768865561784,3.408239193978523e-06,0.1099978951981736,10.73159627430141,2
normalized_vmin1e-05,normalized,1e-05,1.0,12,15,0,8,6.981669276715814e-07,0.01943073761114278,5.345346639139881e-07,0.01747566191538208,15.450805414002389,3
normalized_vmin1e-05,normalized,1e-05,1.0,12,15,0,9,1.799002452130039e-07,0.0024553124905374313,1.6058168575724507e-08,0.0004663909030571123,15.527355629950762,3
normalized_vmin1e-05,normalized,1e-05,1.0,12,15,0,10,1.6546704344906673e-07,0.001969657789680168,2.2661692843408668e-09,2.0232104414041885e-05,15.596334361936897,3
normalized_vmin1e-05,normalized,1e-05,1.0,12,15,0,11,1.6544750406013393e-07,0.0019784371599043116,1.5217558783656919e-09,1.1435229732015273e-05,20.291692859958857,4
normalized_vmin1e-05,normalized,1e-05,1.0,12,15,0,12,1.6604715430158982e-07,0.002001317324786256,2.17646252697828e-09,1.1490554012394405e-05,20.36882253596559,4
normalized_vmin1e-05,normalized,1e-05,1.0,12,15,0,13,1.6544759639260697e-07,0.0019692529927958224,2.2758444390578374e-09,2.0637708389337206e-05,20.43949703592807,4
normalized_vmin1e-05,normalized,1e-05,1.0,12,15,0,14,1.654494675554386e-07,0.001978513837823992,1.5176332743165098e-09,1.13583989305166e-05,25.48451666487381,5
normalized_vmin1e-05,normalized,1e-05,1.0,12,15,0,15,1.6604959733934935e-07,0.0020015071112096106,2.1831257218358038e-09,1.1680718835060944e-05,25.560903776902705,5
normalized_vmin1e-05,normalized,1e-05,1.0,12,31,0,1,0.0012752184988809201,0.7782620302568625,0.001275228535276375,0.77839428930158,0.7074618730694056,0
normalized_vmin1e-05,normalized,1e-05,1.0,12,31,0,2,0.00010258168807807619,0.6728377919207599,0.00010258834868244196,0.6730329328844764,5.329420850146562,1
normalized_vmin1e-05,normalized,1e-05,1.0,12,31,0,3,2.7952006775998138e-05,0.5267444316839547,2.7922302178371584e-05,0.5270267122940155,5.40492140641436,1
normalized_vmin1e-05,normalized,1e-05,1.0,12,31,0,4,1.2655419312568865e-05,0.34305295424931426,1.2607014543115532e-05,0.343444800484768,5.4743634052574635,1
normalized_vmin1e-05,normalized,1e-05,1.0,12,31,0,5,4.997655592293712e-06,0.15617569405592258,4.927776710855289e-06,0.15667900612621388,10.09456023434177,2
normalized_vmin1e-05,normalized,1e-05,1.0,12,31,0,6,1.1459756441441962e-06,0.03432170404406987,1.0675753253296355e-06,0.0348976978130916,10.168449570424855,2
normalized_vmin1e-05,normalized,1e-05,1.0,12,31,0,7,1.3505737642450174e-07,0.0012308770528484114,5.758054382882971e-08,0.001826608357899051,10.252816179767251,2
normalized_vmin1e-05,normalized,1e-05,1.0,12,31,0,8,1.1509600973962937e-07,0.0005767634822324563,1.8252993698011422e-09,2.0046017998986976e-05,15.149361912626773,3
normalized_vmin1e-05,normalized,1e-05,1.0,12,31,0,9,1.1583126487087664e-07,0.0005974141400648669,1.6492237584854518e-09,1.218675148351167e-06,15.224937421735376,3
normalized_vmin1e-05,normalized,1e-05,1.0,12,31,0,10,1.1497960920256602e-07,0.0005729262244209554,2.5660461901119453e-09,2.3880987018554123e-05,15.293994216714054,3
normalized_vmin1e-05,normalized,1e-05,1.0,12,31,0,11,1.152464437752937e-07,0.0005818089628175649,1.6735561115090516e-09,1.500354686878591e-05,20.134873195551336,4
normalized_vmin1e-05,normalized,1e-05,1.0,12,31,0,12,1.1582949947839424e-07,0.0005973158655390165,1.643447132112434e-09,1.2216298190814712e-06,20.218310318421572,4
normalized_vmin1e-05,normalized,1e-05,1.0,12,31,0,13,1.1497854103432743e-07,0.0005730376471833054,2.5629323506949197e-09,2.3769630716263812e-05,20.287419248372316,4
normalized_vmin1e-05,normalized,1e-05,1.0,12,31,0,14,1.1524315916575391e-07,0.0005816463763896884,1.6818115570847855e-09,1.5166036319569365e-05,25.19062015740201,5
normalized_vmin1e-05,normalized,1e-05,1.0,12,31,0,15,1.1583249589334918e-07,0.0005973696371166515,1.6473442018622635e-09,1.2212344300266409e-06,25.26637510349974,5
normalized_vmin1e-05,normalized,1e-05,1.0,12,63,0,1,0.00035159416981737365,0.5771824435494798,0.0003515758051953502,0.5771755081468746,3.4512044116854668,1
normalized_vmin1e-05,normalized,1e-05,1.0,12,63,0,2,2.500714108905242e-05,0.40356882211884537,2.496358811916376e-05,0.40355903896229994,3.527304188814014,1
normalized_vmin1e-05,normalized,1e-05,1.0,12,63,0,3,6.992223366996642e-06,0.21143934919040008,6.903613335820064e-06,0.21142641456763311,3.5976130310446024,1
normalized_vmin1e-05,normalized,1e-05,1.0,12,63,0,4,2.0128153708689814e-06,0.062340219221404314,1.907298213843248e-06,0.06232483895162322,7.835713965352625,2
normalized_vmin1e-05,normalized,1e-05,1.0,12,63,0,5,2.807025622534309e-07,0.005715031548135796,1.7568313877307289e-07,0.005698722465281247,7.910562560427934,2
normalized_vmin1e-05,normalized,1e-05,1.0,12,63,0,6,1.080010378446654e-07,0.0002428715093809597,3.0822068583383558e-09,4.103290910228985e-05,7.982969401404262,2
normalized_vmin1e-05,normalized,1e-05,1.0,12,63,0,7,1.0672490220944508e-07,0.00024252112491063293,1.3989342588730121e-09,3.7447162851700355e-06,12.284579239785671,3
normalized_vmin1e-05,normalized,1e-05,1.0,12,63,0,8,1.0654223008510716e-07,0.00024227567664691918,2.0265684871235295e-09,8.195194928672933e-06,12.360058047808707,3
normalized_vmin1e-05,normalized,1e-05,1.0,12,63,0,9,1.0651015340392846e-07,0.00024286755551972128,2.072172331256595e-09,7.693457206192633e-06,12.429389313794672,3
normalized_vmin1e-05,normalized,1e-05,1.0,12,63,0,10,1.0672873454669414e-07,0.00024251652573425986,1.3992870388188387e-09,3.73831829791893e-06,16.94180538179353,4
normalized_vmin1e-05,normalized,1e-05,1.0,12,63,0,11,1.065394703257265e-07,0.00024228010413507306,2.021589163959752e-09,8.153977418379199e-06,17.01643126970157,4
normalized_vmin1e-05,normalized,1e-05,1.0,12,63,0,12,1.0651058874580196e-07,0.00024286562846120852,2.0656150547689847e-09,7.662321723111987e-06,17.08447129279375,4
normalized_vmin1e-05,normalized,1e-05,1.0,12,63,0,13,1.067348463913603e-07,0.00024251956860665835,1.4029191131422142e-09,3.7659629161801433e-06,21.72843473404646,5
normalized_vmin1e-05,normalized,1e-05,1.0,12,63,0,14,1.065359558128135e-07,0.00024226917444813978,2.0271367309804462e-09,8.258079802869744e-06,21.83470767084509,5
normalized_vmin1e-05,normalized,1e-05,1.0,12,63,0,15,1.0651889919367557e-07,0.00024286914813576033,2.0641796139897505e-09,7.655226600178366e-06,21.90268853958696,5
normalized_vmin1e-05,normalized,1e-05,1.0,12,127,0,1,7.581124832212738e-05,0.28182268196059557,7.584450525788462e-05,0.28280926440607823,4.183980505447835,1
normalized_vmin1e-05,normalized,1e-05,1.0,12,127,0,2,4.429863477355069e-06,0.10744404450481482,4.423166014262848e-06,0.10867017629035558,4.257711840327829,1
normalized_vmin1e-05,normalized,1e-05,1.0,12,127,0,3,5.723499177457703e-07,0.01571962559329132,5.297718406485959e-07,0.017071762056572792,4.327825544402003,1
normalized_vmin1e-05,normalized,1e-05,1.0,12,127,0,4,1.1543525909510135e-07,0.0009191133206536417,1.512482138286335e-08,0.00045588029407939157,9.340840206481516,2
normalized_vmin1e-05,normalized,1e-05,1.0,12,127,0,5,1.2839825234172138e-07,0.0013450589869388185,2.6041220109658016e-09,3.0519762560410335e-05,9.417677007615566,2
normalized_vmin1e-05,normalized,1e-05,1.0,12,127,0,6,1.2934149309872024e-07,0.0013737675430787188,1.6831987081192853e-09,2.2043715397490615e-06,9.487513893749565,2
normalized_vmin1e-05,normalized,1e-05,1.0,12,127,0,7,1.2867734844417532e-07,0.0013529593451959698,1.9008689133913174e-09,2.2630257270339627e-05,14.447061054874212,3
normalized_vmin1e-05,normalized,1e-05,1.0,12,127,0,8,1.2840664836911482e-07,0.0013453381467247727,2.5933946278523215e-09,3.0240986264806757e-05,14.522040479816496,3
normalized_vmin1e-05,normalized,1e-05,1.0,12,127,0,9,1.2933803206284272e-07,0.001373670576572339,1.6839852843948612e-09,2.21565581659533e-06,14.598369581624866,3
normalized_vmin1e-05,normalized,1e-05,1.0,12,127,0,10,1.2867829599578958e-07,0.001352998713440634,1.9021225411911663e-09,2.259094310708143e-05,19.615443665534258,4
normalized_vmin1e-05,normalized,1e-05,1.0,12,127,0,11,1.284063940563493e-07,0.0013452658975261489,2.597698086869685e-09,3.0313136212489766e-05,19.691581615246832,4
normalized_vmin1e-05,normalized,1e-05,1.0,12,127,0,12,1.2933620369444664e-07,0.0013736228465821565,1.6824652177261604e-09,2.2320308381562626e-06,19.76248398050666,4
normalized_vmin1e-05,normalized,1e-05,1.0,12,127,0,13,1.2867968596513987e-07,0.0013530677638760036,1.9018022881135016e-09,2.2521987528389964e-05,24.89743463275954,5
normalized_vmin1e-05,normalized,1e-05,1.0,12,127,0,14,1.284106846473099e-07,0.001345378910490913,2.5926856413227616e-09,3.02002784970945e-05,24.98362414073199,5
normalized_vmin1e-05,normalized,1e-05,1.0,12,127,0,15,1.2933996099005518e-07,0.0013736757744726713,1.6846315938236342e-09,2.222869929680016e-06,25.057667448651046,5
normalized_vmin1e-05,normalized,1e-05,1.0,12,255,0,1,8.187284951795532e-06,0.0538551732363175,8.176620516891638e-06,0.0530032578278824,6.529262869153172,1
normalized_vmin1e-05,normalized,1e-05,1.0,12,255,0,2,2.500862928372211e-07,0.005056768801095068,1.5405791971278358e-07,0.004160914968573626,6.604954936075956,1
normalized_vmin1e-05,normalized,1e-05,1.0,12,255,0,3,1.364534287721361e-07,0.0009491259273001207,3.036457494127911e-09,4.957354445367379e-05,6.6735697612166405,1
normalized_vmin1e-05,normalized,1e-05,1.0,12,255,0,4,1.3570907936536833e-07,0.0009212671116830551,1.775750862834395e-09,2.1689644564504285e-05,11.680900748353451,2
normalized_vmin1e-05,normalized,1e-05,1.0,12,255,0,5,1.3601326671756195e-07,0.0009247404609347143,2.266933898248131e-09,2.5166121244035722e-05,11.753066700417548,2
normalized_vmin1e-05,normalized,1e-05,1.0,12,255,0,6,1.3568426127048621e-07,0.0009234897927046237,2.2694678513403798e-09,2.3914326903629046e-05,11.821772402152419,2
normalized_vmin1e-05,normalized,1e-05,1.0,12,255,0,7,1.35710239639685e-07,0.0009211963177131466,1.7706469298382093e-09,2.1618786851251848e-05,16.570162556134164,3
normalized_vmin1e-05,normalized,1e-05,1.0,12,255,0,8,1.3600950578675905e-07,0.0009247044802203064,2.2658184262111536e-09,2.5130108132431772e-05,16.64508236479014,3
normalized_vmin1e-05,normalized,1e-05,1.0,12,255,0,9,1.3569005880449195e-07,0.000923622407046687,2.2757906127330652e-09,2.4047060652621077e-05,16.71295017655939,3
normalized_vmin1e-05,normalized,1e-05,1.0,12,255,0,10,1.3570899401030886e-07,0.0009212458341740781,1.7726975484683237e-09,2.1668347897185747e-05,21.066354230977595,4
normalized_vmin1e-05,normalized,1e-05,1.0,12,255,0,11,1.360087545729164e-07,0.0009247671493041176,2.2672143269638614e-09,2.519283364388336e-05,21.140975890215486,4
normalized_vmin1e-05,normalized,1e-05,1.0,12,255,0,12,1.356945160224695e-07,0.0009235427266683915,2.2714609898301906e-09,2.396730852949336e-05,21.208571578375995,4
normalized_vmin1e-05,normalized,1e-05,1.0,12,255,0,13,1.357053597639694e-07,0.0009212591387705027,1.7780733989322998e-09,2.1681664473138795e-05,25.652430093381554,5
normalized_vmin1e-05,normalized,1e-05,1.0,12,255,0,14,1.360054285028418e-07,0.0009246985420635623,2.265424266686527e-09,2.5124164628964607e-05,25.736375984270126,5
normalized_vmin1e-05,normalized,1e-05,1.0,12,255,0,15,1.3568321869824159e-07,0.0009235067698584176,2.2707003464169718e-09,2.39313193437507e-05,25.805927594192326,5
normalized_vmin1e-05,normalized,1e-05,1.0,12,511,0,1,2.2807380015710537e-07,0.0016857059998474089,1.9501877293923137e-07,0.002544954303872138,11.725980466697365,2
normalized_vmin1e-05,normalized,1e-05,1.0,12,511,0,2,1.2570807128580805e-07,0.0008518125425127643,1.971493326748862e-09,9.619801665583516e-06,11.800956850871444,2
normalized_vmin1e-05,normalized,1e-05,1.0,12,511,0,3,1.2565052857052203e-07,0.0008519303492633412,1.8133146672607312e-09,9.502096311120312e-06,11.870379748754203,2
normalized_vmin1e-05,normalized,1e-05,1.0,12,511,0,4,1.2561377706336697e-07,0.0008492174784640039,1.6213108414142845e-09,1.2212632144792401e-05,16.706403771881014,3
normalized_vmin1e-05,normalized,1e-05,1.0,12,511,0,5,1.260084341055988e-07,0.0008615155665789853,1.6864650270972709e-09,3.091645156994005e-06,16.78227709699422,3
normalized_vmin1e-05,normalized,1e-05,1.0,12,511,0,6,1.256495533459958e-07,0.0008518896594975622,1.8218585620665155e-09,9.542751055247045e-06,16.93603213177994,3
normalized_vmin1e-05,normalized,1e-05,1.0,12,511,0,7,1.256049892852751e-07,0.0008491839574318316,1.6196458048127157e-09,1.2246124325487884e-05,21.42068379977718,4
normalized_vmin1e-05,normalized,1e-05,1.0,12,511,0,8,1.2601560249560215e-07,0.0008615690504778506,1.686142502599114e-09,3.1047568673781e-06,21.498328383546323,4
normalized_vmin1e-05,normalized,1e-05,1.0,12,511,0,9,1.2564889832657804e-07,0.0008519799861161914,1.8169676920360377e-09,9.452502180651301e-06,21.566920223645866,4
normalized_vmin1e-05,normalized,1e-05,1.0,12,511,0,10,1.2561719298206505e-07,0.0008491828004832946,1.6199452020384771e-09,1.2247280278265826e-05,26.045925461687148,5
normalized_vmin1e-05,normalized,1e-05,1.0,12,511,0,11,1.2600483765432005e-07,0.000861439917608342,1.6881551931843277e-09,3.0613010200131185e-06,26.122376774903387,5
normalized_vmin1e-05,normalized,1e-05,1.0,12,511,0,12,1.2564752752529197e-07,0.000851935241061863,1.8188907626255277e-09,9.497208723008299e-06,26.191355138551444,5
normalized_vmin1e-05,normalized,1e-05,1.0,12,511,0,13,1.2561275447428298e-07,0.0008492996003779396,1.6191204837473136e-09,1.2130580913205513e-05,31.023660615552217,6
normalized_vmin1e-05,normalized,1e-05,1.0,12,511,0,14,1.2600916844171027e-07,0.0008614832842168685,1.6829458746426098e-09,3.073807879117041e-06,31.09876289125532,6
normalized_vmin1e-05,normalized,1e-05,1.0,12,511,0,15,1.2564201486268977e-07,0.0008518047642136484,1.823588170676442e-09,9.627573269943568e-06,31.168007078114897,6
normalized_vmin1e-05,normalized,1e-05,1.0,11,15,0,1,0.0041984427806193774,0.8877908516481421,0.004198447618471295,0.8875909194754624,0.3943235487677157,0
normalized_vmin1e-05,normalized,1e-05,1.0,11,15,0,2,0.00040834973769206625,0.8323951693576304,0.0004083487659980778,0.832096534188982,5.046192381531,1
normalized_vmin1e-05,normalized,1e-05,1.0,11,15,0,3,0.0001042051210360044,0.750955134957481,0.00010416972112481246,0.7505113914508772,5.118510333355516,1
normalized_vmin1e-05,normalized,1e-05,1.0,11,15,0,4,4.732855263759461e-05,0.6341835291796161,4.726420636461857e-05,0.6335317241985838,5.184408792294562,1
normalized_vmin1e-05,normalized,1e-05,1.0,11,15,0,5,2.2259724957169076e-05,0.47583848700361187,2.217506942657717e-05,0.47490454577272545,10.098536720033735,2
normalized_vmin1e-05,normalized,1e-05,1.0,11,15,0,6,9.977579134285575e-06,0.2860157323953897,9.87691464222479e-06,0.2847435685123372,10.171753000468016,2
normalized_vmin1e-05,normalized,1e-05,1.0,11,15,0,7,3.5506764061276334e-06,0.11165774384533311,3.4108438330190537e-06,0.11007491214252707,10.239303064532578,2
normalized_vmin1e-05,normalized,1e-05,1.0,11,15,0,8,6.827993885593462e-07,0.01923905696638517,5.351817627666869e-07,0.017491555366914602,15.019427898805588,3
normalized_vmin1e-05,normalized,1e-05,1.0,11,15,0,9,1.6284987301174784e-07,0.0022071654649868933,1.4780752386953349e-08,0.0004293167581482793,15.092429861892015,3
normalized_vmin1e-05,normalized,1e-05,1.0,11,15,0,10,1.4986755668245665e-07,0.0017793075378607082,1.7515974408588333e-09,1.7766790170181679e-06,15.158570192754269,3
normalized_vmin1e-05,normalized,1e-05,1.0,11,15,0,11,1.4912757284484045e-07,0.0017557420644225274,1.9636539743211564e-09,2.2910980231660716e-05,19.573911987710744,4
normalized_vmin1e-05,normalized,1e-05,1.0,11,15,0,12,1.4890837865696476e-07,0.0017503400602495445,2.5340061392457413e-09,2.8322609595177184e-05,19.647463134489954,4
normalized_vmin1e-05,normalized,1e-05,1.0,11,15,0,13,1.49855959609342e-07,0.001779031699256195,1.7438293989999328e-09,1.77700037418127e-06,19.71149299060926,4
normalized_vmin1e-05,normalized,1e-05,1.0,11,15,0,14,1.4913568801155168e-07,0.0017557153075477006,1.9675679203418745e-09,2.2937784781351667e-05,24.22095095552504,5
normalized_vmin1e-05,normalized,1e-05,1.0,11,15,0,15,1.4890980885889942e-07,0.001750353547021244,2.539227958946828e-09,2.8309098792922427e-05,24.29291421128437,5
normalized_vmin1e-05,normalized,1e-05,1.0,11,31,0,1,0.0012750271698534835,0.7783192599957822,0.001275021577858867,0.7780915939601839,2.68498774478212,1
normalized_vmin1e-05,normalized,1e-05,1.0,11,31,0,2,0.00010255186540323353,0.6729372505490349,0.0001025344013746026,0.67260135722985,2.7575479787774384,1
normalized_vmin1e-05,normalized,1e-05,1.0,11,31,0,3,2.7974674836359282e-05,0.5269346305582014,2.7910303942326967e-05,0.5264487926038641,2.8256955286487937,1
normalized_vmin1e-05,normalized,1e-05,1.0,11,31,0,4,1.2679886408945845e-05,0.343445257078944,1.2589111941738855e-05,0.3427709756078915,7.762490219436586,2
normalized_vmin1e-05,normalized,1e-05,1.0,11,31,0,5,5.018798869945305e-06,0.1569727783156889,4.911276748280397e-06,0.15610698967993009,7.836229389999062,2
normalized_vmin1e-05,normalized,1e-05,1.0,11,31,0,6,1.18346506794793e-06,0.03563996639121669,1.0599622152887712e-06,0.034649569003798564,7.903417077846825,2
normalized_vmin1e-05,normalized,1e-05,1.0,11,31,0,7,1.826046810723435e-07,0.0028101624764730326,5.570804970563692e-08,0.0017860488929315466,12.711786993779242,3
normalized_vmin1e-05,normalized,1e-05,1.0,11,31,0,8,1.289933581280161e-07,0.0010501598847164617,2.4668133921993112e-09,2.423877918333872e-05,12.784871314652264,3
normalized_vmin1e-05,normalized,1e-05,1.0,11,31,0,9,1.2797191278327344e-07,0.0010218778693482644,1.7058509865487638e-09,4.072281803990663e-06,12.852877725381404,3
normalized_vmin1e-05,normalized,1e-05,1.0,11,31,0,10,1.283579848377092e-07,0.0010326050770482764,1.3999083066231573e-09,6.665942734351837e-06,17.88072847854346,4
normalized_vmin1e-05,normalized,1e-05,1.0,11,31,0,11,1.2884889093071688e-07,0.0010454034489584263,2.3226728147449397e-09,1.9477458567562778e-05,17.954594825860113,4
normalized_vmin1e-05,normalized,1e-05,1.0,11,31,0,12,1.2796840229134103e-07,0.0010218141955566917,1.7067668982840537e-09,4.136020988587674e-06,18.026472226716578,4
normalized_vmin1e-05,normalized,1e-05,1.0,11,31,0,13,1.283545119405481e-07,0.0010326208801699766,1.4003437980352406e-09,6.681762085847254e-06,22.949656975921243,5
normalized_vmin1e-05,normalized,1e-05,1.0,11,31,0,14,1.288525742684805e-07,0.0010455047047495114,2.3216220016490056e-09,1.957881834835362e-05,23.024678647052497,5
normalized_vmin1e-05,normalized,1e-05,1.0,11,31,0,15,1.2796923712252796e-07,0.0010218699917080576,1.7057248936938022e-09,4.080167534503687e-06,23.0909093208611,5
normalized_vmin1e-05,normalized,1e-05,1.0,11,63,0,1,0.0003515789413137519,0.5771237018337276,0.0003516049703343544,0.5778870072765971,3.2922081402502954,1
normalized_vmin1e-05,normalized,1e-05,1.0,11,63,0,2,2.4977449449371795e-05,0.4033609379105011,2.4994353085516647e-05,0.4044378907818167,3.365737687330693,1
normalized_vmin1e-05,normalized,1e-05,1.0,11,63,0,3,6.947709351594936e-06,0.21085781095059075,6.930744499408737e-06,0.21228223821386227,3.435584645252675,1
normalized_vmin1e-05,normalized,1e-05,1.0,11,63,0,4,1.9426567017338206e-06,0.06112136999895479,1.9223119281509958e-06,0.0628160763979213,7.745752696413547,2
normalized_vmin1e-05,normalized,1e-05,1.0,11,63,0,5,2.024376914784512e-07,0.004013232159423175,1.7907129691679857e-07,0.005811020600665628,7.821714020334184,2
normalized_vmin1e-05,normalized,1e-05,1.0,11,63,0,6,1.3305554719424863e-07,0.0017379697776591652,3.878242556657911e-09,7.019976973821063e-05,7.889808416366577,2
normalized_vmin1e-05,normalized,1e-05,1.0,11,63,0,7,1.3489988174938706e-07,0.001800903560285727,1.4161803260877087e-09,7.37958463170596e-06,12.325695300474763,3
normalized_vmin1e-05,normalized,1e-05,1.0,11,63,0,8,1.3454889948981096e-07,0.0017886130456667981,2.3273739174078803e-09,1.964791447284231e-05,12.397733409423381,3
normalized_vmin1e-05,normalized,1e-05,1.0,11,63,0,9,1.345910011747965e-07,0.0017882141092835369,2.34532615458124e-09,2.004613076311834e-05,12.465196348261088,3
normalized_vmin1e-05,normalized,1e-05,1.0,11,63,0,10,1.3490330918241724e-07,0.0018011401850668296,1.40952315805934e-09,7.143386966057541e-06,16.59482338326052,4
normalized_vmin1e-05,normalized,1e-05,1.0,11,63,0,11,1.3455315327509613e-07,0.0017887617445795367,2.325163142062538e-09,1.949948396651191e-05,16.668552910443395,4
normalized_vmin1e-05,normalized,1e-05,1.0,11,63,0,12,1.3460086302840928e-07,0.001788275334261069,2.348116056428924e-09,1.9985016298629255e-05,16.737068140413612,4
normalized_vmin1e-05,normalized,1e-05,1.0,11,63,0,13,1.348967808072325e-07,0.0018009355338279853,1.4150470989763837e-09,7.347668802726304e-06,21.173490573186427,5
normalized_vmin1e-05,normalized,1e-05,1.0,11,63,0,14,1.3454941113986963e-07,0.0017886592816398483,2.3274999988075684e-09,1.9601761957366293e-05,21.247606720309705,5
normalized_vmin1e-05,normalized,1e-05,1.0,11,63,0,15,1.3459490702538452e-07,0.0017882876845551898,2.3511897455254086e-09,1.9972688297231755e-05,21.31595413852483,5
normalized_vmin1e-05,normalized,1e-05,1.0,11,127,0,1,7.584527900663582e-05,0.28251433932965175,7.578736801341103e-05,0.28088428983309677,3.8117430419661105,1
normalized_vmin1e-05,normalized,1e-05,1.0,11,127,0,2,4.4969310903180516e-06,0.10927536052245279,4.3798762035807634e-06,0.10725173088113982,3.8831724640913308,1
normalized_vmin1e-05,normalized,1e-05,1.0,11,127,0,3,6.685135423402826e-07,0.01886824155057576,5.166811477159757e-07,0.01663921675387048,3.9503609160892665,1
normalized_vmin1e-05,normalized,1e-05,1.0,11,127,0,4,1.7097936116792484e-07,0.002677085958997072,1.3714215640772773e-08,0.00041127661527240456,8.17729124892503,2
normalized_vmin1e-05,normalized,1e-05,1.0,11,127,0,5,1.577774762710959e-07,0.0022408556393668233,2.5304272614544248e-09,2.5944772266139893e-05,8.250248131807894,2
normalized_vmin1e-05,normalized,1e-05,1.0,11,127,0,6,1.5859417794269177e-07,0.0022711061109736974,1.7039978193251386e-09,4.374425126796311e-06,8.318702486809343,2
normalized_vmin1e-05,normalized,1e-05,1.0,11,127,0,7,1.5840712651757848e-07,0.0022650815306198835,1.2129730339859599e-09,1.6638424191750545e-06,12.602661222685128,3
normalized_vmin1e-05,normalized,1e-05,1.0,11,127,0,8,1.5776724744555106e-07,0.00224058464302912,2.538774857255597e-09,2.6216384278132665e-05,12.676103292498738,3
normalized_vmin1e-05,normalized,1e-05,1.0,11,127,0,9,1.586005047380145e-07,0.0022711792057062974,1.7105251052356699e-09,4.44768592267053e-06,12.745258839800954,3
normalized_vmin1e-05,normalized,1e-05,1.0,11,127,0,10,1.5840674690195176e-07,0.0022650782156362625,1.207670072966979e-09,1.6671649341049033e-06,16.986875555943698,4
normalized_vmin1e-05,normalized,1e-05,1.0,11,127,0,11,1.577642696771862e-07,0.0022405888974758037,2.535436110987345e-09,2.6212120165736152e-05,17.057543407659978,4
normalized_vmin1e-05,normalized,1e-05,1.0,11,127,0,12,1.585954350689918e-07,0.002271146506223287,1.7005392479679078e-09,4.414912150085826e-06,17.12300410773605,4
normalized_vmin1e-05,normalized,1e-05,1.0,11,127,0,13,1.5840921924371057e-07,0.002265144068803515,1.2118638191948162e-09,1.601162155528968e-06,21.39427443780005,5
normalized_vmin1e-05,normalized,1e-05,1.0,11,127,0,14,1.577689275905099e-07,0.002240595994447925,2.5347123999080806e-09,2.620500707006812e-05,21.465790483169258,5
normalized_vmin1e-05,normalized,1e-05,1.0,11,127,0,15,1.5859690511026733e-07,0.002271055354576501,1.7001350313364954e-09,4.323553416729631e-06,21.533511355519295,5
normalized_vmin1e-05,normalized,1e-05,1.0,11,255,0,1,8.149161916951217e-06,0.05271849665766559,8.197562981861677e-06,0.05397259551045075,8.03913826495409,2
normalized_vmin1e-05,normalized,1e-05,1.0,11,255,0,2,1.8449795410465736e-07,0.0029913207985658996,1.5795365267075017e-07,0.004311253085211186,8.112579587846994,2
normalized_vmin1e-05,normalized,1e-05,1.0,11,255,0,3,1.2407750319416412e-07,0.0012444409605545381,4.122053400367853e-09,8.109901920405616e-05,8.180127320811152,2
normalized_vmin1e-05,normalized,1e-05,1.0,11,255,0,4,1.2484321824777315e-07,0.0012723452595153617,2.8724990254151022e-09,5.3231662534791724e-05,12.844014492817223,3
normalized_vmin1e-05,normalized,1e-05,1.0,11,255,0,5,1.260119421333565e-07,0.001300778966883076,2.666811829654355e-09,2.483559833821314e-05,12.917722079902887,3
normalized_vmin1e-05,normalized,1e-05,1.0,11,255,0,6,1.249176328619499e-07,0.0012715940877436882,3.306014858025358e-09,5.398183983573723e-05,12.98482909053564,3
normalized_vmin1e-05,normalized,1e-05,1.0,11,255,0,7,1.248452645180004e-07,0.001272373073312183,2.8752041197321865e-09,5.320388556029343e-05,17.931323875673115,4
normalized_vmin1e-05,normalized,1e-05,1.0,11,255,0,8,1.2601035485796752e-07,0.0013008057916212845,2.663517457964984e-09,2.480880911304162e-05,18.00518727162853,4
normalized_vmin1e-05,normalized,1e-05,1.0,11,255,0,9,1.2492415536501775e-07,0.0012716306050102322,3.3065800155822063e-09,5.394537091407692e-05,18.074559036642313,4
normalized_vmin1e-05,normalized,1e-05,1.0,11,255,0,10,1.2484856262193038e-07,0.0012724223372562182,2.872639153971918e-09,5.315468683642077e-05,23.106250510551035,5
normalized_vmin1e-05,normalized,1e-05,1.0,11,255,0,11,1.2601269932214923e-07,0.0013008243211456438,2.6626683067103014e-09,2.479030411972616e-05,23.185846316162497,5
normalized_vmin1e-05,normalized,1e-05,1.0,11,255,0,12,1.2491993490154794e-07,0.0012716579016383012,3.302190962164352e-09,5.3918110423878396e-05,23.254194837994874,5
normalized_vmin1e-05,normalized,1e-05,1.0,11,255,0,13,1.2484265186840177e-07,0.001272395907132129,2.8711391960585086e-09,5.318108196994409e-05,27.785824805032462,6
normalized_vmin1e-05,normalized,1e-05,1.0,11,255,0,14,1.260166136992555e-07,0.001300945898151662,2.6635656079391178e-09,2.466888806873513e-05,27.86788040632382,6
normalized_vmin1e-05,normalized,1e-05,1.0,11,255,0,15,1.2491997272761685e-07,0.0012717343746906362,3.3027870061880867e-09,5.384173861366914e-05,27.93695869622752,6
normalized_vmin1e-05,normalized,1e-05,1.0,11,511,0,1,3.1355023786708863e-07,0.004084694310496517,1.9176680944352656e-07,0.002437773361031126,11.573040747083724,2
normalized_vmin1e-05,normalized,1e-05,1.0,11,511,0,2,1.734283208592761e-07,0.0016745485011567807,2.3312088249479227e-09,2.3641952110908804e-05,11.647799423895776,2
normalized_vmin1e-05,normalized,1e-05,1.0,11,511,0,3,1.7308413172402112e-07,0.00166427215756626,2.047208438172134e-09,1.3348614780639423e-05,11.718424185644835,2
normalized_vmin1e-05,normalized,1e-05,1.0,11,511,0,4,1.729748102387936e-07,0.0016617201633534195,1.5570040079828686e-09,1.079240039680851e-05,15.917675531003624,3
normalized_vmin1e-05,normalized,1e-05,1.0,11,511,0,5,1.7314858867994103e-07,0.001665834343159589,2.0779818717476856e-09,1.4913383722170437e-05,15.991994990035892,3
normalized_vmin1e-05,normalized,1e-05,1.0,11,511,0,6,1.7308200721336393e-07,0.0016641870578666396,2.043298546732116e-09,1.3263374353589263e-05,16.05941516114399,3
normalized_vmin1e-05,normalized,1e-05,1.0,11,511,0,7,1.7298208171011132e-07,0.0016617971442131063,1.5636833279319702e-09,1.0869508557886931e-05,20.304878381080925,4
normalized_vmin1e-05,normalized,1e-05,1.0,11,511,0,8,1.7315508734249747e-07,0.001665865786037557,2.079879917470421e-09,1.4944878596545585e-05,20.37634419510141,4
normalized_vmin1e-05,normalized,1e-05,1.0,11,511,0,9,1.730830363244627e-07,0.0016641324001303026,2.047899711494491e-09,1.32086262311093e-05,20.442769444081932,4
normalized_vmin1e-05,normalized,1e-05,1.0,11,511,0,10,1.7297274416442105e-07,0.001661670668343329,1.5555676166327677e-09,1.0742823538079094e-05,24.617508304771036,5
normalized_vmin1e-05,normalized,1e-05,1.0,11,511,0,11,1.7315253901392796e-07,0.0016659262500582361,2.085806116936201e-09,1.5005442605020569e-05,24.69029294559732,5
normalized_vmin1e-05,normalized,1e-05,1.0,11,511,0,12,1.7308300071216861e-07,0.001664229460186517,2.045495305603252e-09,1.3305846793154608e-05,24.75773068750277,5
normalized_vmin1e-05,normalized,1e-05,1.0,11,511,0,13,1.729820545719719e-07,0.0016618045678887805,1.5606240935238814e-09,1.0876944509963238e-05,28.95204817550257,6
normalized_vmin1e-05,normalized,1e-05,1.0,11,511,0,14,1.7315301603721198e-07,0.0016658576184795937,2.074325056855694e-09,1.4936697532053067e-05,29.022944464348257,6
normalized_vmin1e-05,normalized,1e-05,1.0,11,511,0,15,1.7308644715150344e-07,0.0016642944398195247,2.049131333683302e-09,1.3370933881540203e-05,29.090951843652874,6
normalized_vmin1e-05,normalized,1e-05,1.0,10,15,0,1,0.004198250338329537,0.8877953747790619,0.004198255026196793,0.8879874208530134,2.6923795049078763,1
normalized_vmin1e-05,normalized,1e-05,1.0,10,15,0,2,0.0004083158164584445,0.8323969450934675,0.00040831865428287074,0.8326838094594747,2.763871035538614,1
normalized_vmin1e-05,normalized,1e-05,1.0,10,15,0,3,0.00010421977793904475,0.7509413875568722,0.00010419580130339424,0.7513676688140782,7.768403101246804,2
normalized_vmin1e-05,normalized,1e-05,1.0,10,15,0,4,4.734047439342095e-05,0.6341100098306502,4.7300273611255246e-05,0.6347362561727401,7.835001374129206,2
normalized_vmin1e-05,normalized,1e-05,1.0,10,15,0,5,2.2265280160189787e-05,0.47557281923858563,2.2222213015035635e-05,0.47647041308501026,12.430293072015047,3
normalized_vmin1e-05,normalized,1e-05,1.0,10,15,0,6,9.963155681525732e-06,0.28522565267590516,9.929010437442654e-06,0.28644903902824637,12.499423394910991,3
normalized_vmin1e-05,normalized,1e-05,1.0,10,15,0,7,3.4842412355553582e-06,0.10980287517828624,3.448567362297302e-06,0.11132650989947801,17.31915856525302,4
normalized_vmin1e-05,normalized,1e-05,1.0,10,15,0,8,5.805284459087947e-07,0.016209481913026624,5.479091098188176e-07,0.017893308281300757,17.481463085394353,4
normalized_vmin1e-05,normalized,1e-05,1.0,10,15,0,9,1.2339362935448247e-07,0.001236640420728241,1.5754657356501845e-08,0.00047704620770261386,24.287721583154052,5
normalized_vmin1e-05,normalized,1e-05,1.0,10,15,0,10,1.3833191388794977e-07,0.0017235528756056606,2.012842869750307e-09,9.032862408941966e-06,24.356188078876585,5
normalized_vmin1e-05,normalized,1e-05,1.0,10,15,0,11,1.3798249957218043e-07,0.0017146822155080788,1.196622712732392e-09,1.191637572950377e-06,29.2927849390544,6
normalized_vmin1e-05,normalized,1e-05,1.0,10,15,0,12,1.3833857748543255e-07,0.0017237287030131832,2.0088214839766936e-09,9.208388875636686e-06,29.36129691498354,6
normalized_vmin1e-05,normalized,1e-05,1.0,10,15,0,13,1.3797992652277817e-07,0.0017146738600950506,1.1975224427299288e-09,1.1656186966746418e-06,34.30098745878786,7
normalized_vmin1e-05,normalized,1e-05,1.0,10,15,0,14,1.3833381240487016e-07,0.0017237079298084712,2.0118091255473297e-09,9.187651225595062e-06,34.36802388494834,7
normalized_vmin1e-05,normalized,1e-05,1.0,10,15,0,15,1.3797814571305268e-07,0.0017147294856947326,1.1989141282943254e-09,1.1764110601220068e-06,39.115874806884676,8
normalized_vmin1e-05,normalized,1e-05,1.0,10,15,1,1,0.0041985588551479176,0.8877902569324351,0.004198559125431879,0.8879889080348541,2.647396727465093,1
normalized_vmin1e-05,normalized,1e-05,1.0,10,15,1,2,0.000408489508214782,0.8323928038937849,0.00040848959572211524,0.8326895281654002,2.714952726382762,1
normalized_vmin1e-05,normalized,1e-05,1.0,10,15,1,3,0.00010435510230151761,0.7509468238818535,0.00010434701052898924,0.7513877364679116,7.469618714414537,2
normalized_vmin1e-05,normalized,1e-05,1.0,10,15,1,4,4.747921763704498e-05,0.634155253666872,4.7474617311532146e-05,0.6348029288168768,7.544510606210679,2
normalized_vmin1e-05,normalized,1e-05,1.0,10,15,1,5,2.24195050988186e-05,0.47575091665568336,2.24224794979968e-05,0.476679023747826,7.6146068489179015,2
normalized_vmin1e-05,normalized,1e-05,1.0,10,15,1,6,1.014117613825735e-05,0.28577175702056823,1.0154215734891151e-05,0.28703619470635133,12.111647264100611,3
normalized_vmin1e-05,normalized,1e-05,1.0,10,15,1,7,3.678209624711887e-06,0.11108752850284209,3.700722837205861e-06,0.11266121932138895,12.183597536757588,3
normalized_vmin1e-05,normalized,1e-05,1.0,10,15,1,8,7.978962689963564e-07,0.018331263221199823,8.254207926984081e-07,0.020069165576559245,12.250325784552842,3
normalized_vmin1e-05,normalized,1e-05,1.0,10,15,1,9,2.7447935777452783e-07,0.0011827540380857648,3.02934346338731e-07,0.002951015345893926,16.656069920398295,4
normalized_vmin1e-05,normalized,1e-05,1.0,10,15,1,10,2.5997751140784583e-07,0.0007080867258343337,2.8845635987326604e-07,0.002477188363388172,16.73102436726913,4
normalized_vmin1e-05,normalized,1e-05,1.0,10,15,1,11,2.6031338795098023e-07,0.0007196428047862025,2.8878921078531064e-07,0.0024887239839755937,16.800108133349568,4
normalized_vmin1e-05,normalized,1e-05,1.0,10,15,1,12,2.603557097140414e-07,0.0007198378583251897,2.8883296091756434e-07,0.0024889186922005813,21.319115487392992,5
normalized_vmin1e-05,normalized,1e-05,1.0,10,15,1,13,2.5997338596339025e-07,0.0007078454914777321,2.884541965111964e-07,0.0024769475561020604,21.40971565246582,5
normalized_vmin1e-05,normalized,1e-05,1.0,10,15,1,14,2.60314741763628e-07,0.0007196181858156736,2.88790028196916e-07,0.002488699408589312,21.47873009229079,5
normalized_vmin1e-05,normalized,1e-05,1.0,10,15,1,15,2.603542922523598e-07,0.0007198510386486889,2.8883406673529935e-07,0.00248893184919019,26.057925299275666,6
normalized_vmin1e-05,normalized,1e-05,1.0,10,31,0,1,0.0012750343594860089,0.7783173216358237,0.0012750145394854358,0.7781832055616301,2.836181557737291,1
normalized_vmin1e-05,normalized,1e-05,1.0,10,31,0,2,0.00010256235853669018,0.6729292941499578,0.00010252918052781631,0.6727314192443676,2.903913820628077,1
normalized_vmin1e-05,normalized,1e-05,1.0,10,31,0,3,2.7985502464165646e-05,0.5269088852431463,2.790919950105943e-05,0.5266226692721232,8.00102745136246,2
normalized_vmin1e-05,normalized,1e-05,1.0,10,31,0,4,1.2692134192111782e-05,0.34336628417499304,1.2593844748615496e-05,0.3429690265416977,8.071911875158548,2
normalized_vmin1e-05,normalized,1e-05,1.0,10,31,0,5,5.01835443472767e-06,0.15677712262705346,4.915650552320611e-06,0.1562669801891422,13.087359039112926,3
normalized_vmin1e-05,normalized,1e-05,1.0,10,31,0,6,1.166046578406014e-06,0.03528563118718431,1.0617798294758548e-06,0.034701987463561124,13.15709399105981,3
normalized_vmin1e-05,normalized,1e-05,1.0,10,31,0,7,1.6267446102820508e-07,0.0023805360821358423,5.553759638793701e-08,0.0017769850648574614,18.11074590496719,4
normalized_vmin1e-05,normalized,1e-05,1.0,10,31,0,8,1.0762885370929013e-07,0.0005789814568085694,2.5836099513009325e-09,2.5659485201723342e-05,18.178050104063004,4
normalized_vmin1e-05,normalized,1e-05,1.0,10,31,0,9,1.0818474304807537e-07,0.0005952650079180666,1.6001273175325864e-09,9.366082686756982e-06,23.126960503403097,5
normalized_vmin1e-05,normalized,1e-05,1.0,10,31,0,10,1.0747027241138948e-07,0.0005739081898972209,2.7407911541619493e-09,3.073582139512254e-05,23.197593858465552,5
normalized_vmin1e-05,normalized,1e-05,1.0,10,31,0,11,1.081855521981178e-07,0.0005953604011798008,1.590868898709185e-09,9.270631712965383e-06,28.291992974467576,6
normalized_vmin1e-05,normalized,1e-05,1.0,10,31,0,12,1.0747522548304388e-07,0.0005739575743576308,2.741024965836669e-09,3.0686407057389786e-05,28.360296371392906,6
normalized_vmin1e-05,normalized,1e-05,1.0,10,31,0,13,1.0819276450116873e-07,0.0005953421321116537,1.5957580242278741e-09,9.28891183371583e-06,33.35947050899267,7
normalized_vmin1e-05,normalized,1e-05,1.0,10,31,0,14,1.074788695926585e-07,0.0005740718980328241,2.741869757663494e-09,3.057201421730049e-05,33.42889541666955,7
normalized_vmin1e-05,normalized,1e-05,1.0,10,31,0,15,1.0820060988631417e-07,0.000595498005278916,1.5905901432121741e-09,9.132944364553808e-06,38.23286747466773,8
normalized_vmin1e-05,normalized,1e-05,1.0,10,31,1,1,0.0012753629514093618,0.7782883958571033,0.0012753232217813236,0.7776615190326246,2.742329684086144,1
normalized_vmin1e-05,normalized,1e-05,1.0,10,31,1,2,0.00010276001617026993,0.6729405436164537,0.00010270143069619105,0.6720158017914777,7.7500502108596265,2
normalized_vmin1e-05,normalized,1e-05,1.0,10,31,1,3,2.8145368078450432e-05,0.5270912951327758,2.8057474758175148e-05,0.5257541729360302,7.845462890807539,2
normalized_vmin1e-05,normalized,1e-05,1.0,10,31,1,4,1.2874813808033277e-05,0.34408853078394575,1.2767300956741934e-05,0.34223397878360784,7.914614551700652,2
normalized_vmin1e-05,normalized,1e-05,1.0,10,31,1,5,5.25217670164759e-06,0.15874617571949023,5.127563443551808e-06,0.1563675788572093,12.46955289086327,3
normalized_vmin1e-05,normalized,1e-05,1.0,10,31,1,6,1.4550974736651414e-06,0.03900033421171245,1.3200739323423353e-06,0.036283162861374785,12.541862234473228,3
normalized_vmin1e-05,normalized,1e-05,1.0,10,31,1,7,4.787579697102353e-07,0.007037622864115023,3.4097778890990153e-07,0.0042300787835417575,12.610395681578666,3
normalized_vmin1e-05,normalized,1e-05,1.0,10,31,1,8,4.273614045631343e-07,0.0053488667500011244,2.894260396883272e-07,0.0025365478085257465,17.562153831589967,4
normalized_vmin1e-05,normalized,1e-05,1.0,10,31,1,9,4.266929242240307e-07,0.005331972512687799,2.8875874486100893e-07,0.0025196058037270097,17.637619108892977,4
normalized_vmin1e-05,normalized,1e-05,1.0,10,31,1,10,4.2722997999184204e-07,0.005349122790805572,2.8930627843643715e-07,0.002536804573270879,17.707580741029233,4
normalized_vmin1e-05,normalized,1e-05,1.0,10,31,1,11,4.272297079017523e-07,0.005344493544695683,2.892926629731339e-07,0.002532162238233604,22.20947960205376,5
normalized_vmin1e-05,normalized,1e-05,1.0,10,31,1,12,4.266903971802438e-07,0.005331992238741923,2.8875766001455947e-07,0.0025196255855554073,22.304532542824745,5
normalized_vmin1e-05,normalized,1e-05,1.0,10,31,1,13,4.272225389570271e-07,0.005349064676119064,2.89299429348246e-07,0.002536746294268477,22.37496621068567,5
normalized_vmin1e-05,normalized,1e-05,1.0,10,31,1,14,4.2723197762923554e-07,0.00534452248760886,2.892956854413078e-07,0.0025321912629812093,27.126453302334994,6
normalized_vmin1e-05,normalized,1e-05,1.0,10,31,1,15,4.266857077362237e-07,0.005332089590924238,2.887557362889289e-07,0.0025197232129954283,27.203250396996737,6
normalized_vmin1e-05,normalized,1e-05,1.0,10,63,0,1,0.0003515858712929305,0.5771866534156052,0.00035157862075483237,0.5771277096492293,3.0888558230362833,1
normalized_vmin1e-05,normalized,1e-05,1.0,10,63,0,2,2.4992155386002904e-05,0.4035855547445554,2.4964583258393284e-05,0.4035024095127212,3.1556869992055,1
normalized_vmin1e-05,normalized,1e-05,1.0,10,63,0,3,6.977335157852888e-06,0.2114855904417795,6.902388554004539e-06,0.2113756648457299,8.375795869156718,2
normalized_vmin1e-05,normalized,1e-05,1.0,10,63,0,4,1.9935878420807743e-06,0.06244007380419825,1.9071232265154247e-06,0.062309369999080655,8.444033240899444,2
normalized_vmin1e-05,normalized,1e-05,1.0,10,63,0,5,2.673124555036017e-07,0.005852971053900258,1.7562268382530642e-07,0.005714378526746389,13.58911493467167,3
normalized_vmin1e-05,normalized,1e-05,1.0,10,63,0,6,9.522087520540207e-08,0.00022517508348374182,3.9541670323691065e-09,7.465597713574024e-05,13.65856737503782,3
normalized_vmin1e-05,normalized,1e-05,1.0,10,63,0,7,9.339338314286403e-08,0.00022603458706071944,1.674407891449171e-09,1.4554947041278687e-05,18.275718696881086,4
normalized_vmin1e-05,normalized,1e-05,1.0,10,63,0,8,9.37515783089241e-08,0.00022517292663726263,2.4894185730592116e-09,2.6253598404024636e-05,18.344839551020414,4
normalized_vmin1e-05,normalized,1e-05,1.0,10,63,0,9,9.340069403562706e-08,0.00022602827875561893,1.6771001638321212e-09,1.4529640049776305e-05,23.14033243013546,5
normalized_vmin1e-05,normalized,1e-05,1.0,10,63,0,10,9.374450850194806e-08,0.00022517507535924075,2.4815093150362504e-09,2.6191663842323187e-05,23.209927750285715,5
normalized_vmin1e-05,normalized,1e-05,1.0,10,63,0,11,9.339455978104748e-08,0.00022603013110233938,1.6678992453422888e-09,1.4448696415314544e-05,27.718509699217975,6
normalized_vmin1e-05,normalized,1e-05,1.0,10,63,0,12,9.373989093712349e-08,0.00022516591860155533,2.476537334818033e-09,2.60983083678612e-05,27.788074337877333,6
normalized_vmin1e-05,normalized,1e-05,1.0,10,63,0,13,9.340389055306948e-08,0.00022602629647261452,1.6788551081122957e-09,1.4556406986776516e-05,32.70998972794041,7
normalized_vmin1e-05,normalized,1e-05,1.0,10,63,0,14,9.374481039922206e-08,0.00022516429230412527,2.484835624445099e-09,2.6173304081611448e-05,32.7783514726907,7
normalized_vmin1e-05,normalized,1e-05,1.0,10,63,0,15,9.339909728500905e-08,0.00022602850152186882,1.6737415419459261e-09,1.4520197497258636e-05,37.94857550878078,8
normalized_vmin1e-05,normalized,1e-05,1.0,10,63,1,1,0.0003519062302097277,0.576924524928004,0.0003519285592097127,0.5770000158677393,3.502160250674933,1
normalized_vmin1e-05,normalized,1e-05,1.0,10,63,1,2,2.518286668880556e-05,0.40345969544504834,2.5199464730872072e-05,0.4035661383632373,8.279327617026865,2
normalized_vmin1e-05,normalized,1e-05,1.0,10,63,1,3,7.117491551718589e-06,0.2119205878729029,7.129440982853104e-06,0.21206120783060045,8.353149655275047,2
normalized_vmin1e-05,normalized,1e-05,1.0,10,63,1,4,2.1630503077554483e-06,0.0639634980306929,2.1701334571887015e-06,0.06413051852543605,8.424745007418096,2
normalized_vmin1e-05,normalized,1e-05,1.0,10,63,1,5,4.5943516184800297e-07,0.008271481629859467,4.668436487516124e-07,0.008448439459431856,13.49497534148395,3
normalized_vmin1e-05,normalized,1e-05,1.0,10,63,1,6,2.924190132513013e-07,0.002806341102970067,2.9982542272492655e-07,0.002984274098011719,13.56841655028984,3
normalized_vmin1e-05,normalized,1e-05,1.0,10,63,1,7,2.912530536320525e-07,0.0027605395868027793,2.986414332790362e-07,0.0029384807543803015,13.637531383428723,3
normalized_vmin1e-05,normalized,1e-05,1.0,10,63,1,8,2.9096402867168845e-07,0.0027508428268105956,2.984018360938113e-07,0.002928785724617189,18.526392547413707,4
normalized_vmin1e-05,normalized,1e-05,1.0,10,63,1,9,2.9101889135603026e-07,0.0027606376540718625,2.984333328213871e-07,0.0029385788041509375,18.601099086459726,4
normalized_vmin1e-05,normalized,1e-05,1.0,10,63,1,10,2.9125446765415695e-07,0.002760527106972277,2.986407212400574e-07,0.0029384682767765735,18.66994354641065,4
normalized_vmin1e-05,normalized,1e-05,1.0,10,63,1,11,2.909610833508722e-07,0.0027508022483409,2.983972072343716e-07,0.002928745153388146,23.53509834362194,5
normalized_vmin1e-05,normalized,1e-05,1.0,10,63,1,12,2.910225351293118e-07,0.002760639323251546,2.984293614278809e-07,0.002938580473032637,23.610886064823717,5
normalized_vmin1e-05,normalized,1e-05,1.0,10,63,1,13,2.9124840776284275e-07,0.0027605288154827212,2.98634246476356e-07,0.0029384699849821505,23.680636248085648,5
normalized_vmin1e-05,normalized,1e-05,1.0,10,63,1,14,2.909630047208567e-07,0.002750890155401864,2.984000617843793e-07,0.0029288330447634348,28.54017920885235,6
normalized_vmin1e-05,normalized,1e-05,1.0,10,63,1,15,2.9102194816325866e-07,0.002760605107506975,2.9842989375930944e-07,0.0029385462633934045,28.616239176597446,6
normalized_vmin1e-05,normalized,1e-05,1.0,10,127,0,1,7.57901724224675e-05,0.28175614157823803,7.584213982175741e-05,0.28342060704744776,5.68041822547093,2
normalized_vmin1e-05,normalized,1e-05,1.0,10,127,0,2,4.429855011868632e-06,0.1070278215224102,4.432669112119499e-06,0.10909720414032342,5.748849286697805,2
normalized_vmin1e-05,normalized,1e-05,1.0,10,127,0,3,5.4950406755167e-07,0.01491433351934468,5.332213332499014e-07,0.01719718085154931,9.94118475774303,3
normalized_vmin1e-05,normalized,1e-05,1.0,10,127,0,4,1.518898581490664e-07,0.0019077342871001157,1.4250039011597305e-08,0.0004140966725399986,10.010523278731853,3
normalized_vmin1e-05,normalized,1e-05,1.0,10,127,0,5,1.6481913281414355e-07,0.0023321829849045628,1.4812573450024397e-09,9.368403625975574e-06,14.206999857909977,4
normalized_vmin1e-05,normalized,1e-05,1.0,10,127,0,6,1.654243083903092e-07,0.0023512068091153804,2.4798359923687563e-09,2.8348141837053475e-05,14.277007828932256,4
normalized_vmin1e-05,normalized,1e-05,1.0,10,127,0,7,1.648347706941217e-07,0.0023326491590731635,1.4938035018005028e-09,9.833497477851338e-06,18.39137753797695,5
normalized_vmin1e-05,normalized,1e-05,1.0,10,127,0,8,1.654175622887511e-07,0.0023511881033353443,2.4778451483895556e-09,2.8329479405897473e-05,18.4608182082884,5
normalized_vmin1e-05,normalized,1e-05,1.0,10,127,0,9,1.6482881746416423e-07,0.002332528034374448,1.4935498405829024e-09,9.712653474602817e-06,22.766224875114858,6
normalized_vmin1e-05,normalized,1e-05,1.0,10,127,0,10,1.6542937388254467e-07,0.002351365486088941,2.4797498716423207e-09,2.8506451090759555e-05,22.834605613257736,6
normalized_vmin1e-05,normalized,1e-05,1.0,10,127,0,11,1.6482856836609608e-07,0.0023325971650900446,1.4973646467198994e-09,9.781623985904986e-06,26.9774687346071,7
normalized_vmin1e-05,normalized,1e-05,1.0,10,127,0,12,1.654270665183891e-07,0.0023512840785373523,2.4788519217014632e-09,2.8425232194040362e-05,27.04425424244255,7
normalized_vmin1e-05,normalized,1e-05,1.0,10,127,0,13,1.648268966707415e-07,0.002332421251636685,1.487911489797425e-09,9.606118196225921e-06,31.26021316368133,8
normalized_vmin1e-05,normalized,1e-05,1.0,10,127,0,14,1.654297109461838e-07,0.0023512686228426283,2.4797005992851574e-09,2.840981231644335e-05,31.33001439552754,8
normalized_vmin1e-05,normalized,1e-05,1.0,10,127,0,15,1.6482911070786165e-07,0.002332497145340673,1.4922589982448262e-09,9.68183602334527e-06,35.472954562399536,9
normalized_vmin1e-05,normalized,1e-05,1.0,10,127,1,1,7.600012808095806e-05,0.2822841518436321,7.60569994429147e-05,0.28338581635886684,6.698913485743105,2
normalized_vmin1e-05,normalized,1e-05,1.0,10,127,1,2,4.617695783232306e-06,0.10867666420819799,4.670398392466014e-06,0.11004480912678227,6.774061882402748,2
normalized_vmin1e-05,normalized,1e-05,1.0,10,127,1,3,7.520102816409719e-07,0.017820447081716262,8.031924946396491e-07,0.0193280525830003,6.842869721353054,2
normalized_vmin1e-05,normalized,1e-05,1.0,10,127,1,4,2.473070086374924e-07,0.0014745635812317692,2.974243327146168e-07,0.0030072593461192287,11.378112962469459,3
normalized_vmin1e-05,normalized,1e-05,1.0,10,127,1,5,2.3506506442609652e-07,0.001072314519645845,2.8516083690594923e-07,0.002605627720414949,11.458606083411723,3
normalized_vmin1e-05,normalized,1e-05,1.0,10,127,1,6,2.345574652150333e-07,0.0010521419257624176,2.847642184051814e-07,0.002585486090639244,11.526275660376996,3
normalized_vmin1e-05,normalized,1e-05,1.0,10,127,1,7,2.344971455900806e-07,0.001054898974755747,2.8463410898726206e-07,0.002588238907675011,15.988557164091617,4
normalized_vmin1e-05,normalized,1e-05,1.0,10,127,1,8,2.3504897517819516e-07,0.001071838918099699,2.85151662111409e-07,0.0026051528488977294,16.06276969378814,4
normalized_vmin1e-05,normalized,1e-05,1.0,10,127,1,9,2.3455467362950097e-07,0.001052142553309543,2.8475766855705755e-07,0.00258548671722314,16.131857946980745,4
normalized_vmin1e-05,normalized,1e-05,1.0,10,127,1,10,2.3449671345537537e-07,0.0010549008774740631,2.8463444384440407e-07,0.0025882408074726637,21.272176675032824,5
normalized_vmin1e-05,normalized,1e-05,1.0,10,127,1,11,2.3505967095706603e-07,0.0010719559172981397,2.8515444594550906e-07,0.0026052696685071597,21.348477537278086,5
normalized_vmin1e-05,normalized,1e-05,1.0,10,127,1,12,2.3455597695234097e-07,0.0010520924860206726,2.8476091470721205e-07,0.0025854367267854617,21.41933207772672,5
normalized_vmin1e-05,normalized,1e-05,1.0,10,127,1,13,2.3450377674626247e-07,0.001054877648999919,2.846391475429587e-07,0.002588217614653332,26.46880668681115,6
normalized_vmin1e-05,normalized,1e-05,1.0,10,127,1,14,2.3505591714396908e-07,0.001071994609602056,2.8515494277219977e-07,0.0026053083014199174,26.54120028577745,6
normalized_vmin1e-05,normalized,1e-05,1.0,10,127,1,15,2.345527194945575e-07,0.001052136451341057,2.847567497976449e-07,0.0025854806246208284,26.610333485994488,6
normalized_vmin1e-05,normalized,1e-05,1.0,10,255,0,1,8.19849788901201e-06,0.05363005107960639,8.183464360370562e-06,0.053504522263708165,8.394029773771763,2
normalized_vmin1e-05,normalized,1e-05,1.0,10,255,0,2,2.366637438186244e-07,0.004345184774943278,1.551377309438419e-07,0.004213118694293638,8.462272629607469,2
normalized_vmin1e-05,normalized,1e-05,1.0,10,255,0,3,9.320546430197205e-08,0.00019848108634368256,2.0358764999055636e-09,2.778220379184848e-05,13.190569409634918,3
normalized_vmin1e-05,normalized,1e-05,1.0,10,255,0,4,9.214703339951259e-08,0.00019624121674066686,1.7600536202529691e-09,4.649728803762798e-06,13.259345630649477,3
normalized_vmin1e-05,normalized,1e-05,1.0,10,255,0,5,9.238365111702464e-08,0.00019802462351869998,1.2095713490565348e-09,1.3103324943974926e-06,17.87607741355896,4
normalized_vmin1e-05,normalized,1e-05,1.0,10,255,0,6,9.215013999698765e-08,0.00019621448186657453,1.7640069001866043e-09,4.763626963333323e-06,17.94462448824197,4
normalized_vmin1e-05,normalized,1e-05,1.0,10,255,0,7,9.238101959042943e-08,0.00019802881351294044,1.2160294804122078e-09,1.3416513131581098e-06,22.259927856270224,5
normalized_vmin1e-05,normalized,1e-05,1.0,10,255,0,8,9.215268535881071e-08,0.00019624023706399374,1.7586931807073928e-09,4.704153126366961e-06,22.332647898234427,5
normalized_vmin1e-05,normalized,1e-05,1.0,10,255,0,9,9.238602781237531e-08,0.00019803358425363182,1.2143698680063453e-09,1.3009454279400146e-06,26.9540509772487,6
normalized_vmin1e-05,normalized,1e-05,1.0,10,255,0,10,9.214122215427283e-08,0.0001962238742988509,1.7573767506220636e-09,4.633728867720066e-06,27.035007001832128,6
normalized_vmin1e-05,normalized,1e-05,1.0,10,255,0,11,9.237690078269382e-08,0.00019803876519164376,1.2105606438537401e-09,1.2986757154109796e-06,31.679177383892238,7
normalized_vmin1e-05,normalized,1e-05,1.0,10,255,0,12,9.214608179157274e-08,0.0001962277386281519,1.770511758507836e-09,4.755475425888278e-06,31.74672868801281,7
normalized_vmin1e-05,normalized,1e-05,1.0,10,255,0,13,9.23837623957443e-08,0.00019804767605136053,1.2161248414075125e-09,1.4223673698854356e-06,36.119131406303495,8
normalized_vmin1e-05,normalized,1e-05,1.0,10,255,0,14,9.214855252537163e-08,0.00019622938078445173,1.7625700940410811e-09,4.743171348797759e-06,36.190209242515266,8
normalized_vmin1e-05,normalized,1e-05,1.0,10,255,0,15,9.238374076219418e-08,0.00019801998329960213,1.2091321713977225e-09,1.3628157087275383e-06,40.778589808847755,9
normalized_vmin1e-05,normalized,1e-05,1.0,10,255,1,1,8.435977411351436e-06,0.054730486862051175,8.442345211911447e-06,0.05510351022739879,8.434079834725708,2
normalized_vmin1e-05,normalized,1e-05,1.0,10,255,1,2,4.507874629125997e-07,0.006357362261865895,4.434817186042818e-07,0.006749474686450041,8.506687582936138,2
normalized_vmin1e-05,normalized,1e-05,1.0,10,255,1,3,3.0317518418563965e-07,0.00237487073572884,2.958593698879509e-07,0.0027685547357958473,8.577127085998654,2
normalized_vmin1e-05,normalized,1e-05,1.0,10,255,1,4,3.009834834910035e-07,0.002299901273029259,2.936622126859476e-07,0.0026936148576337526,13.60589700518176,3
normalized_vmin1e-05,normalized,1e-05,1.0,10,255,1,5,3.008476252406031e-07,0.00229627115672959,2.9354356351813553e-07,0.0026899861738547415,13.678422153461725,3
normalized_vmin1e-05,normalized,1e-05,1.0,10,255,1,6,3.024264090051968e-07,0.002350681347898731,2.9510908424798865e-07,0.0027443748936104573,13.746487462427467,3
normalized_vmin1e-05,normalized,1e-05,1.0,10,255,1,7,3.009819256736755e-07,0.0022999009885587007,2.936590735093797e-07,0.002693614573275438,18.601294571068138,4
normalized_vmin1e-05,normalized,1e-05,1.0,10,255,1,8,3.00851896612708e-07,0.002296295112836577,2.935478596235754e-07,0.0026900101205081794,18.677508764900267,4
normalized_vmin1e-05,normalized,1e-05,1.0,10,255,1,9,3.0242719712495275e-07,0.002350818694056178,2.951123182711589e-07,0.0027445121855681487,18.745879219844937,4
normalized_vmin1e-05,normalized,1e-05,1.0,10,255,1,10,3.009811140911984e-07,0.0022998380936951612,2.9366048637148945e-07,0.0026935517032314893,23.629267300944775,5
normalized_vmin1e-05,normalized,1e-05,1.0,10,255,1,11,3.008552715884287e-07,0.0022963807630769217,2.935525139515814e-07,0.0026900957369491163,23.70420966576785,5
normalized_vmin1e-05,normalized,1e-05,1.0,10,255,1,12,3.0242941073535464e-07,0.002350825799623424,2.95112331859851e-07,0.002744519288331304,23.772958130110055,5
normalized_vmin1e-05,normalized,1e-05,1.0,10,255,1,13,3.009822171918618e-07,0.002299800099221927,2.936578893023775e-07,0.002693513723751706,28.23098151711747,6
normalized_vmin1e-05,normalized,1e-05,1.0,10,255,1,14,3.008581720013335e-07,0.0022964547826828108,2.935533829506104e-07,0.0026901697273453706,28.334374885074794,6
normalized_vmin1e-05,normalized,1e-05,1.0,10,255,1,15,3.0242376841034817e-07,0.00235077290907848,2.9510830904887667e-07,0.002744466418658109,28.403068908955902,6
normalized_vmin1e-05,normalized,1e-05,1.0,10,511,0,1,1.9477156610615674e-07,0.0010997028982510093,1.9518873715438823e-07,0.002546078282161579,11.6861283313483,2
normalized_vmin1e-05,normalized,1e-05,1.0,10,511,0,2,1.3755739845409268e-07,0.0014451124687386852,1.8278496117198257e-09,4.94772567205537e-06,11.752759994007647,2
normalized_vmin1e-05,normalized,1e-05,1.0,10,511,0,3,1.3724732612638163e-07,0.0014430477094760086,1.4361079219702745e-09,7.009495229914897e-06,16.75531251495704,3
normalized_vmin1e-05,normalized,1e-05,1.0,10,511,0,4,1.3784811959926854e-07,0.0014548686684203727,1.8144330456676503e-09,4.794347347347738e-06,16.82507836772129,3
normalized_vmin1e-05,normalized,1e-05,1.0,10,511,0,5,1.3724672893853477e-07,0.001443129359177009,1.4363190114068136e-09,6.927963755121169e-06,21.68053607456386,4
normalized_vmin1e-05,normalized,1e-05,1.0,10,511,0,6,1.3784250175071565e-07,0.0014549163633914564,1.8281776773855507e-09,4.841973257674326e-06,21.76573609141633,4
normalized_vmin1e-05,normalized,1e-05,1.0,10,511,0,7,1.3724445798861021e-07,0.0014430641405089872,1.440638065307011e-09,6.993087988682589e-06,26.50520001258701,5
normalized_vmin1e-05,normalized,1e-05,1.0,10,511,0,8,1.3784340279262493e-07,0.0014548983224942358,1.8217867100505335e-09,4.823958483113344e-06,26.57432793872431,5
normalized_vmin1e-05,normalized,1e-05,1.0,10,511,0,9,1.3724418374354332e-07,0.0014430787300672154,1.440553252091126e-09,6.978519555556062e-06,31.150404025334865,6
normalized_vmin1e-05,normalized,1e-05,1.0,10,511,0,10,1.3784241693304776e-07,0.0014548529897904228,1.819741522673604e-09,4.778691419460301e-06,31.217848340049386,6
normalized_vmin1e-05,normalized,1e-05,1.0,10,511,0,11,1.3724818117529972e-07,0.0014430590205511962,1.4411328316036285e-09,6.998200532959409e-06,36.16802570410073,7
normalized_vmin1e-05,normalized,1e-05,1.0,10,511,0,12,1.3784777911494785e-07,0.0014549503593774826,1.821089928869332e-09,4.8759200186321294e-06,36.23743245797232,7
normalized_vmin1e-05,normalized,1e-05,1.0,10,511,0,13,1.3724805810464476e-07,0.0014430126738047555,1.4357836633551173e-09,7.044480170748102e-06,41.240877164993435,8
normalized_vmin1e-05,normalized,1e-05,1.0,10,511,0,14,1.3784274157370527e-07,0.001454804821109379,1.8175196051112839e-09,4.730592485291396e-06,41.31027259584516,8
normalized_vmin1e-05,normalized,1e-05,1.0,10,511,0,15,1.3724647789617025e-07,0.0014430578266206862,1.437677386902504e-09,6.99939273474115e-06,46.34216858865693,9
normalized_vmin1e-05,normalized,1e-05,1.0,10,511,1,1,4.861500023319888e-07,0.004065257911526121,4.744960753798025e-07,0.004976772733410462,12.194040038622916,2
normalized_vmin1e-05,normalized,1e-05,1.0,10,511,1,2,3.1527876713309506e-07,0.0018573160675225964,2.965540255254741e-07,0.0027708516761427715,12.270542921498418,2
normalized_vmin1e-05,normalized,1e-05,1.0,10,511,1,3,3.151531452326026e-07,0.0018552379920001583,2.964369944846066e-07,0.002768775502548837,12.341234450228512,2
normalized_vmin1e-05,normalized,1e-05,1.0,10,511,1,4,3.1478014438800537e-07,0.0018398655773275152,2.9605940970591646e-07,0.002753417157255744,16.822542489971966,3
normalized_vmin1e-05,normalized,1e-05,1.0,10,511,1,5,3.1503832043337047e-07,0.0018498287818463632,2.9631432252116507e-07,0.0027633712430962243,16.899097421206534,3
normalized_vmin1e-05,normalized,1e-05,1.0,10,511,1,6,3.151564400735008e-07,0.0018552791527647328,2.9644119401792615e-07,0.002768816625641657,16.968744392041117,3
normalized_vmin1e-05,normalized,1e-05,1.0,10,511,1,7,3.147761188537422e-07,0.0018398478240638783,2.960562909413044e-07,0.0027533994202405543,21.330699326004833,4
normalized_vmin1e-05,normalized,1e-05,1.0,10,511,1,8,3.150448146103657e-07,0.001849848211992855,2.963194305659065e-07,0.0027633906554594967,21.404565706849098,4
normalized_vmin1e-05,normalized,1e-05,1.0,10,511,1,9,3.1515791193112666e-07,0.001855206654376551,2.9644178553016776e-07,0.0027687441936066204,21.47397429170087,4
normalized_vmin1e-05,normalized,1e-05,1.0,10,511,1,10,3.147796278556691e-07,0.0018398295577822799,2.960588492301445e-07,0.002753381170676805,26.223812692333013,5
normalized_vmin1e-05,normalized,1e-05,1.0,10,511,1,11,3.150432082968338e-07,0.0018499905849894693,2.963166556398927e-07,0.002763532898151344,26.31421377742663,5
normalized_vmin1e-05,normalized,1e-05,1.0,10,511,1,12,3.151504703764605e-07,0.0018552419692580147,2.9643970583127704e-07,0.002768779476166605,26.381082684732974,5
normalized_vmin1e-05,normalized,1e-05,1.0,10,511,1,13,3.147780861899991e-07,0.0018397843067459174,2.9605663053268634e-07,0.0027533359610557584,30.970253470819443,6
normalized_vmin1e-05,normalized,1e-05,1.0,10,511,1,14,3.1504587504697224e-07,0.001849861504236383,2.9631822773346973e-07,0.002763403935537534,31.04330760985613,6
normalized_vmin1e-05,normalized,1e-05,1.0,10,511,1,15,3.151525356977699e-07,0.0018551686328013295,2.964369368929256e-07,0.0027687062068301183,31.11360869789496,6
normalized_vmin1e-05,normalized,1e-05,1.0,9,15,0,1,0.004198250214174029,0.8877955609427232,0.0041982561111312,0.88795170332138,2.4313825010322034,1
normalized_vmin1e-05,normalized,1e-05,1.0,9,15,0,2,0.0004083145092325042,0.8323977090666901,0.0004083190020336378,0.8326309424449283,2.499197357799858,1
normalized_vmin1e-05,normalized,1e-05,1.0,9,15,0,3,0.00010421921600320999,0.7509440850835989,0.00010419579057578747,0.75129066836765,7.258679802529514,2
normalized_vmin1e-05,normalized,1e-05,1.0,9,15,0,4,4.7340409233966996e-05,0.6341191243689237,4.729917270991222e-05,0.6346282798952653,7.327906159684062,2
normalized_vmin1e-05,normalized,1e-05,1.0,9,15,0,5,2.2263253668561613e-05,0.4756011043118642,2.2219966722715535e-05,0.47633085165185973,11.980403963010758,3
normalized_vmin1e-05,normalized,1e-05,1.0,9,15,0,6,9.96932565126459e-06,0.28530583825020117,9.92569836399552e-06,0.2863003982459136,12.048972298856825,3
normalized_vmin1e-05,normalized,1e-05,1.0,9,15,0,7,3.4857362210347905e-06,0.10998359439549643,3.445394899088532e-06,0.11122213076520016,16.722104168031365,4
normalized_vmin1e-05,normalized,1e-05,1.0,9,15,0,8,5.869049365158053e-07,0.016505938087173155,5.4717497283367e-07,0.017874556864755586,16.794884759932756,4
normalized_vmin1e-05,normalized,1e-05,1.0,9,15,0,9,1.108456419491933e-07,0.0009059905860746564,1.6011106345147064e-08,0.0004868584268076237,21.49478435702622,5
normalized_vmin1e-05,normalized,1e-05,1.0,9,15,0,10,1.255171681329879e-07,0.001383170959947444,1.881100670501521e-09,1.0342091534831788e-05,21.562879997771233,5
normalized_vmin1e-05,normalized,1e-05,1.0,9,15,0,11,1.2538070746271303e-07,0.001382423300321678,1.4874902377511859e-09,1.1088710726192552e-05,26.006581873632967,6
normalized_vmin1e-05,normalized,1e-05,1.0,9,15,0,12,1.2552758448338054e-07,0.0013835693984529662,1.8658536700958588e-09,9.94420749156344e-06,26.074355585500598,6
normalized_vmin1e-05,normalized,1e-05,1.0,9,15,0,13,1.2538496330683036e-07,0.00138242903806729,1.4907019241611706e-09,1.1082980965193556e-05,30.746386741753668,7
normalized_vmin1e-05,normalized,1e-05,1.0,9,15,0,14,1.255272686418673e-07,0.0013835358805458497,1.8737442346505515e-09,9.977678755546115e-06,30.815445528831333,7
normalized_vmin1e-05,normalized,1e-05,1.0,9,15,0,15,1.2538709636696378e-07,0.0013824352205091817,1.4894775848022976e-09,1.107680712653103e-05,35.5540242777206,8
normalized_vmin1e-05,normalized,1e-05,1.0,9,15,1,1,0.004198554972244033,0.8877895623054157,0.004198562857835191,0.8881541746789987,2.6397445891052485,1
normalized_vmin1e-05,normalized,1e-05,1.0,9,15,1,2,0.00040848424263153485,0.8323899875745191,0.00040849437572495594,0.8329346132414561,2.7068028850480914,1
normalized_vmin1e-05,normalized,1e-05,1.0,9,15,1,3,0.00010435042434434116,0.7509368508887294,0.00010435533829462861,0.7517461473127989,7.715780449099839,2
normalized_vmin1e-05,normalized,1e-05,1.0,9,15,1,4,4.7475601856266886e-05,0.6341223028091563,4.748921051382254e-05,0.6353111720298334,7.792052304837853,2
normalized_vmin1e-05,normalized,1e-05,1.0,9,15,1,5,2.2414062216711857e-05,0.47564853353791314,2.2442740263674394e-05,0.4773523414608337,7.861638047732413,2
normalized_vmin1e-05,normalized,1e-05,1.0,9,15,1,6,1.0128776733698666e-05,0.2854808705523667,1.0176503965904434e-05,0.28780260212307296,12.516128979623318,3
normalized_vmin1e-05,normalized,1e-05,1.0,9,15,1,7,3.654112699438387e-06,0.1104274826732764,3.7193110418583593e-06,0.1133180261350123,12.591952415648848,3
normalized_vmin1e-05,normalized,1e-05,1.0,9,15,1,8,7.614405489040401e-07,0.017268853428664133,8.358715907851491e-07,0.0204621030345562,12.660847277846187,3
normalized_vmin1e-05,normalized,1e-05,1.0,9,15,1,9,2.359939253728866e-07,0.000524351576888793,3.088766340068824e-07,0.0031959183623114784,17.549600812140852,4
normalized_vmin1e-05,normalized,1e-05,1.0,9,15,1,10,2.501369250279355e-07,0.0005257379907428472,2.948440984024158e-07,0.002734971791467089,17.627251023426652,4
normalized_vmin1e-05,normalized,1e-05,1.0,9,15,1,11,2.494737544283778e-07,0.0005259769996360797,2.953568660121369e-07,0.002754441659242768,17.69724250631407,4
normalized_vmin1e-05,normalized,1e-05,1.0,9,15,1,12,2.503988314133799e-07,0.0005255031535946753,2.9452751070908214e-07,0.0027255667649451754,22.170604689512402,5
normalized_vmin1e-05,normalized,1e-05,1.0,9,15,1,13,2.501521893856048e-07,0.0005257356019687798,2.948341517900954e-07,0.0027345400192769764,22.246688884217292,5
normalized_vmin1e-05,normalized,1e-05,1.0,9,15,1,14,2.494644750608541e-07,0.0005259534210322325,2.953554380968253e-07,0.0027545595699521863,22.31742528732866,5
normalized_vmin1e-05,normalized,1e-05,1.0,9,15,1,15,2.5039305924936617e-07,0.0005255246661786117,2.9451993449396165e-07,0.002725545322263323,27.16207709349692,6
normalized_vmin1e-05,normalized,1e-05,1.0,9,31,0,1,0.001275021183860262,0.7783182175435945,0.0012750383800318702,0.7781461375806918,2.6730157691054046,1
normalized_vmin1e-05,normalized,1e-05,1.0,9,31,0,2,0.00010253791969289412,0.6729329163985001,0.00010255078348022533,0.6726790313431329,2.7395515022799373,1
normalized_vmin1e-05,normalized,1e-05,1.0,9,31,0,3,2.7954888400250636e-05,0.5269211170057564,2.7922035685574306e-05,0.5265538906340914,7.396361648570746,2
normalized_vmin1e-05,normalized,1e-05,1.0,9,31,0,4,1.2658476238667716e-05,0.34340323133408157,1.2596767950622536e-05,0.34289354963474616,7.4622809905558825,2
normalized_vmin1e-05,normalized,1e-05,1.0,9,31,0,5,5.019016563796633e-06,0.15686801652429572,4.914574544792555e-06,0.1562135373026342,12.67660946957767,3
normalized_vmin1e-05,normalized,1e-05,1.0,9,31,0,6,1.2033981071332597e-06,0.035452624378855546,1.0615488958494833e-06,0.03470389674424501,12.744499424472451,3
normalized_vmin1e-05,normalized,1e-05,1.0,9,31,0,7,2.0121992117823651e-07,0.0025848022871149956,5.644990810362198e-08,0.0018105610828121899,17.719245032407343,4
normalized_vmin1e-05,normalized,1e-05,1.0,9,31,0,8,1.4656730273118063e-07,0.0007906557982786389,2.0808554531017006e-09,1.5021891978217461e-05,17.784805525559932,4
normalized_vmin1e-05,normalized,1e-05,1.0,9,31,0,9,1.4684964757495094e-07,0.0008034078732213068,2.0432790033848695e-09,2.7783865689134934e-05,22.811841963790357,5
normalized_vmin1e-05,normalized,1e-05,1.0,9,31,0,10,1.4642367312393934e-07,0.0007858664399913451,1.927587238995587e-09,1.0228815962909366e-05,22.877830400131643,5
normalized_vmin1e-05,normalized,1e-05,1.0,9,31,0,11,1.4684970262553648e-07,0.0008033937693424642,2.0458497025451394e-09,2.7769750862161047e-05,27.79639049898833,6
normalized_vmin1e-05,normalized,1e-05,1.0,9,31,0,12,1.4642422250210247e-07,0.0007858958349654666,1.930011092983523e-09,1.02582337546675e-05,27.861711842939258,6
normalized_vmin1e-05,normalized,1e-05,1.0,9,31,0,13,1.4685075205336762e-07,0.0008034378387048458,2.042996306674048e-09,2.7813854433289542e-05,32.82781028933823,7
normalized_vmin1e-05,normalized,1e-05,1.0,9,31,0,14,1.4642396481660762e-07,0.0007858974730712287,1.926060001762695e-09,1.02598731320791e-05,32.89316394738853,7
normalized_vmin1e-05,normalized,1e-05,1.0,9,31,0,15,1.4685327187596148e-07,0.0008035204304996935,2.058317687001149e-09,2.7896510339853187e-05,37.72253818437457,8
normalized_vmin1e-05,normalized,1e-05,1.0,9,31,1,1,0.0012753555675361755,0.778281292398259,0.00127535512726578,0.7780174487172719,3.21324021788314,1
normalized_vmin1e-05,normalized,1e-05,1.0,9,31,1,2,0.00010274381300587912,0.6729130040242575,0.00010273640389389253,0.6725237728314784,7.77431171759963,2
normalized_vmin1e-05,normalized,1e-05,1.0,9,31,1,3,2.8117566636186755e-05,0.5269992999781874,2.8092858912497313e-05,0.5264364325180927,7.847922768909484,2
normalized_vmin1e-05,normalized,1e-05,1.0,9,31,1,4,1.2834136667442442e-05,0.3438118825296651,1.2798322511957748e-05,0.34303102334910174,7.917363882996142,2
normalized_vmin1e-05,normalized,1e-05,1.0,9,31,1,5,5.193362433955334e-06,0.15806043984057394,5.149873657067363e-06,0.15705853776778966,12.63123615225777,3
normalized_vmin1e-05,normalized,1e-05,1.0,9,31,1,6,1.3787143195531091e-06,0.03776767769308076,1.3308557207423013e-06,0.036622628091139364,12.703521027229726,3
normalized_vmin1e-05,normalized,1e-05,1.0,9,31,1,7,3.928095280224215e-07,0.005486713848610214,3.437325584472185e-07,0.00430325012988686,12.779229422099888,3
normalized_vmin1e-05,normalized,1e-05,1.0,9,31,1,8,3.404460506032731e-07,0.0037732221214267225,2.913627905543943e-07,0.0025877193597668713,17.32787169981748,4
normalized_vmin1e-05,normalized,1e-05,1.0,9,31,1,9,3.4047853114847694e-07,0.0037776938965566886,2.913826123948456e-07,0.002592196456277285,17.40976713364944,4
normalized_vmin1e-05,normalized,1e-05,1.0,9,31,1,10,3.4028507796752584e-07,0.0037656858429059303,2.911448091930463e-07,0.002580174113128275,17.476987179368734,4
normalized_vmin1e-05,normalized,1e-05,1.0,9,31,1,11,3.4030699940833725e-07,0.003768790008889522,2.9122072983098335e-07,0.0025832819730472467,22.553427170496434,5
normalized_vmin1e-05,normalized,1e-05,1.0,9,31,1,12,3.4047764080600326e-07,0.003777678075237323,2.913834867761489e-07,0.002592180616130646,22.628184892702848,5
normalized_vmin1e-05,normalized,1e-05,1.0,9,31,1,13,3.4028155628787045e-07,0.003765675341244612,2.9114339004479334e-07,0.0025801635989700644,22.697873767465353,5
normalized_vmin1e-05,normalized,1e-05,1.0,9,31,1,14,3.4030432735238103e-07,0.0037687285594505404,2.912185834930054e-07,0.0025832204504839806,27.162165556568652,6
normalized_vmin1e-05,normalized,1e-05,1.0,9,31,1,15,3.4047752732665134e-07,0.0037776518247045754,2.9137970455826284e-07,0.0025921543343599973,27.23788978671655,6
normalized_vmin1e-05,normalized,1e-05,1.0,9,63,0,1,0.00035170482707925344,0.5768308246794569,0.0003517323831121146,0.5771543505184762,3.4939238987863064,1
normalized_vmin1e-05,normalized,1e-05,1.0,9,63,0,2,2.4988810808610196e-05,0.4030784335151334,2.499927208114625e-05,0.40353479839681305,8.614367538131773,2
normalized_vmin1e-05,normalized,1e-05,1.0,9,63,0,3,6.93263442272904e-06,0.21080404331646918,6.904355736247507e-06,0.21140740787827395,8.682222553063184,2
normalized_vmin1e-05,normalized,1e-05,1.0,9,63,0,4,1.977420102420531e-06,0.061606520149586785,1.9071690316963925e-06,0.06232395080286812,13.407499886117876,3
normalized_vmin1e-05,normalized,1e-05,1.0,9,63,0,5,2.5266973906707204e-07,0.004956927160609914,1.761654679689467e-07,0.005717668168639833,13.476972456555814,3
normalized_vmin1e-05,normalized,1e-05,1.0,9,63,0,6,1.2272029265911533e-07,0.0006979207218624772,3.274290781988599e-09,6.71435911536733e-05,18.526586924679577,4
normalized_vmin1e-05,normalized,1e-05,1.0,9,63,0,7,1.2428568628044306e-07,0.0007499757656177497,2.138953078529806e-09,1.5128345079218342e-05,18.594102890696377,4
normalized_vmin1e-05,normalized,1e-05,1.0,9,63,0,8,1.2420586636987082e-07,0.0007465310541432402,1.7907630518767246e-09,1.8570422965935585e-05,23.739332131575793,5
normalized_vmin1e-05,normalized,1e-05,1.0,9,63,0,9,1.242926544878364e-07,0.0007500645850979648,2.135142880065695e-09,1.5039593504351245e-05,23.80411067744717,5
normalized_vmin1e-05,normalized,1e-05,1.0,9,63,0,10,1.242009137189885e-07,0.0007465459195217239,1.7866853784530604e-09,1.85555689524719e-05,28.699396757408977,6
normalized_vmin1e-05,normalized,1e-05,1.0,9,63,0,11,1.2428610583277539e-07,0.0007500117085199598,2.138643907929579e-09,1.5092429656360373e-05,28.78649811539799,6
normalized_vmin1e-05,normalized,1e-05,1.0,9,63,0,12,1.2420460196062226e-07,0.0007464928563152284,1.7913238644865902e-09,1.8608591590529855e-05,34.090117326471955,7
normalized_vmin1e-05,normalized,1e-05,1.0,9,63,0,13,1.2428928864328332e-07,0.000749966824063808,2.1367005388460295e-09,1.5137279797183822e-05,34.15797606948763,7
normalized_vmin1e-05,normalized,1e-05,1.0,9,63,0,14,1.2420257458841498e-07,0.0007464979305475961,1.7928336477382424e-09,1.860352123761455e-05,39.41946574347094,8
normalized_vmin1e-05,normalized,1e-05,1.0,9,63,0,15,1.2428669829127139e-07,0.0007499998095104043,2.1349941017812164e-09,1.5104319568859381e-05,39.487567853182554,8
normalized_vmin1e-05,normalized,1e-05,1.0,9,63,1,1,0.00035194350579552787,0.5768737680244076,0.0003519258632313393,0.5774046749669093,3.6874591181986034,1
normalized_vmin1e-05,normalized,1e-05,1.0,9,63,1,2,2.5227361935231098e-05,0.4032772296940844,2.520681290708077e-05,0.4040259525043557,8.605924576055259,2
normalized_vmin1e-05,normalized,1e-05,1.0,9,63,1,3,7.159771913279773e-06,0.21140263156945405,7.138174102120174e-06,0.21239210418093346,8.682255900930613,2
normalized_vmin1e-05,normalized,1e-05,1.0,9,63,1,4,2.1838686070904382e-06,0.06288772186505809,2.1674874051134024e-06,0.06406353980487833,8.750817317981273,2
normalized_vmin1e-05,normalized,1e-05,1.0,9,63,1,5,4.6739337621285395e-07,0.006777008203367352,4.5314202417921854e-07,0.00802322964261748,13.565146631095558,3
normalized_vmin1e-05,normalized,1e-05,1.0,9,63,1,6,2.9743329461926724e-07,0.0012069685909928962,2.833900952960489e-07,0.002460178896630416,13.642877438105643,3
normalized_vmin1e-05,normalized,1e-05,1.0,9,63,1,7,2.963712655614309e-07,0.001170435135415926,2.823421894821213e-07,0.0024236912804831423,13.713799874763936,3
normalized_vmin1e-05,normalized,1e-05,1.0,9,63,1,8,2.9644972407518496e-07,0.0011754700787538486,2.8241275447133353e-07,0.002428719906353183,18.394939441699535,4
normalized_vmin1e-05,normalized,1e-05,1.0,9,63,1,9,2.959912214356532e-07,0.0011597389140763914,2.8195003804281607e-07,0.0024130084799568463,18.470508716534823,4
normalized_vmin1e-05,normalized,1e-05,1.0,9,63,1,10,2.963789643645263e-07,0.001170482598661815,2.8235155620408165e-07,0.002423738684175669,18.540466806385666,4
normalized_vmin1e-05,normalized,1e-05,1.0,9,63,1,11,2.9644734014487527e-07,0.0011754615204223606,2.8240790880320273e-07,0.002428711358760105,23.435436385218054,5
normalized_vmin1e-05,normalized,1e-05,1.0,9,63,1,12,2.959902558801978e-07,0.0011596920648548892,2.819523766617928e-07,0.0024129616895182115,23.51119852019474,5
normalized_vmin1e-05,normalized,1e-05,1.0,9,63,1,13,2.9638094251110554e-07,0.0011704703151771412,2.8234854521828976e-07,0.0024237264161035554,23.585859349463135,5
normalized_vmin1e-05,normalized,1e-05,1.0,9,63,1,14,2.9644633492369364e-07,0.001175399512702291,2.8240898867002004e-07,0.0024286494288425775,28.629654901567847,6
normalized_vmin1e-05,normalized,1e-05,1.0,9,63,1,15,2.959895805347845e-07,0.001159678944974596,2.8195017728300134e-07,0.002412948586099861,28.705061215441674,6
normalized_vmin1e-05,normalized,1e-05,1.0,9,127,0,1,7.579969793482451e-05,0.28192700061109377,7.582583105771471e-05,0.28295508056334495,6.813612045254558,2
normalized_vmin1e-05,normalized,1e-05,1.0,9,127,0,2,4.434070406675277e-06,0.10748909031460163,4.422462393492235e-06,0.10876691662779525,6.880522076040506,2
normalized_vmin1e-05,normalized,1e-05,1.0,9,127,0,3,5.703405167717888e-07,0.015702598231509768,5.306759269609851e-07,0.017111837162192778,11.791634424123913,3
normalized_vmin1e-05,normalized,1e-05,1.0,9,127,0,4,1.222429171523321e-07,0.0009996349560326134,1.4919158338952827e-08,0.0004335169070577294,11.858484237920493,3
normalized_vmin1e-05,normalized,1e-05,1.0,9,127,0,5,1.3499433333189468e-07,0.0014194972594503419,1.620922207448103e-09,1.4255729176237963e-05,17.127086353953928,4
normalized_vmin1e-05,normalized,1e-05,1.0,9,127,0,6,1.3559462931760847e-07,0.0014371620394193485,1.7955305804287058e-09,3.3837597623875837e-06,17.194592368789017,4
normalized_vmin1e-05,normalized,1e-05,1.0,9,127,0,7,1.3499957792919263e-07,0.0014196699400783608,1.6179569947745854e-09,1.4083295778677396e-05,22.106206490658224,5
normalized_vmin1e-05,normalized,1e-05,1.0,9,127,0,8,1.3559194847253685e-07,0.0014370544409609831,1.791173167076175e-09,3.2763153547943347e-06,22.17443860275671,5
normalized_vmin1e-05,normalized,1e-05,1.0,9,127,0,9,1.3500738530740052e-07,0.0014197886267957038,1.619569716798517e-09,1.3964778987518578e-05,27.162247720640153,6
normalized_vmin1e-05,normalized,1e-05,1.0,9,127,0,10,1.3559983463645722e-07,0.00143713444385285,1.7938794423909689e-09,3.3562037047296656e-06,27.230236225761473,6
normalized_vmin1e-05,normalized,1e-05,1.0,9,127,0,11,1.3499773555802056e-07,0.0014196965350468105,1.616808295579875e-09,1.4056738886769615e-05,32.39269735570997,7
normalized_vmin1e-05,normalized,1e-05,1.0,9,127,0,12,1.355992396128473e-07,0.001437096884754574,1.7914965494188076e-09,3.318698380772034e-06,32.45983952935785,7
normalized_vmin1e-05,normalized,1e-05,1.0,9,127,0,13,1.350003409611676e-07,0.0014197266817095322,1.6173005567934916e-09,1.402663538552229e-05,37.37894384004176,8
normalized_vmin1e-05,normalized,1e-05,1.0,9,127,0,14,1.3559498999907065e-07,0.001437121526689733,1.7900209976654067e-09,3.343305035485855e-06,37.44597151130438,8
normalized_vmin1e-05,normalized,1e-05,1.0,9,127,0,15,1.3500228454627167e-07,0.0014198022659797083,1.609115567126931e-09,1.3951159331004881e-05,41.96660387329757,9
normalized_vmin1e-05,normalized,1e-05,1.0,9,127,1,1,7.605783376670246e-05,0.282857907685223,7.601266154779748e-05,0.28176502879596066,6.486630250699818,2
normalized_vmin1e-05,normalized,1e-05,1.0,9,127,1,2,4.705541018825212e-06,0.11020516046956386,4.6387726908292e-06,0.10884916978610182,6.561232374515384,2
normalized_vmin1e-05,normalized,1e-05,1.0,9,127,1,3,8.674122940368259e-07,0.020405481442201223,7.952355160317749e-07,0.01891264176532037,6.628731364384294,2
normalized_vmin1e-05,normalized,1e-05,1.0,9,127,1,4,3.7281671348544815e-07,0.004444839810025636,2.9990290026012066e-07,0.0029276771314887817,11.193204926326871,3
normalized_vmin1e-05,normalized,1e-05,1.0,9,127,1,5,3.611394164744372e-07,0.004063476836628999,2.8820357863460313e-07,0.0025457329852015542,11.270022994372994,3
normalized_vmin1e-05,normalized,1e-05,1.0,9,127,1,6,3.6021422366475737e-07,0.0040309128034561326,2.872719522289408e-07,0.002513119326515434,11.369207152165473,3
normalized_vmin1e-05,normalized,1e-05,1.0,9,127,1,7,3.6057075061835393e-07,0.004043807447282388,2.876401026359375e-07,0.002526033620957935,15.959867775905877,4
normalized_vmin1e-05,normalized,1e-05,1.0,9,127,1,8,3.6112420324012584e-07,0.0040633343350509055,2.881913852353045e-07,0.0025455902664601737,16.037485660985112,4
normalized_vmin1e-05,normalized,1e-05,1.0,9,127,1,9,3.6021933298333473e-07,0.004030836122009385,2.872753085697639e-07,0.0025130425282110513,16.10762076312676,4
normalized_vmin1e-05,normalized,1e-05,1.0,9,127,1,10,3.6058062133430304e-07,0.004043982830021053,2.8765156005513534e-07,0.0025262092709686934,20.94400553451851,5
normalized_vmin1e-05,normalized,1e-05,1.0,9,127,1,11,3.611261976723094e-07,0.004063195988373125,2.8819135229466415e-07,0.002545451708950819,21.016423599328846,5
normalized_vmin1e-05,normalized,1e-05,1.0,9,127,1,12,3.602155763358826e-07,0.004030953895454381,2.8727385143034853e-07,0.002513160481135257,21.086214983370155,5
normalized_vmin1e-05,normalized,1e-05,1.0,9,127,1,13,3.605779615972552e-07,0.004043941654806593,2.876450983716047e-07,0.00252616803300576,25.74416853254661,6
normalized_vmin1e-05,normalized,1e-05,1.0,9,127,1,14,3.6112075265716344e-07,0.004063262667641676,2.881875369525518e-07,0.0025455184898343086,25.820823463611305,6
normalized_vmin1e-05,normalized,1e-05,1.0,9,127,1,15,3.60214072634358e-07,0.004030817831837452,2.8727152074728784e-07,0.0025130242101659706,25.89031421020627,6
normalized_vmin1e-05,normalized,1e-05,1.0,9,255,0,1,8.154431150550297e-06,0.052028473051853985,8.210076145410077e-06,0.05435520569055685,8.760988203808665,2
normalized_vmin1e-05,normalized,1e-05,1.0,9,255,0,2,1.7410058867682143e-07,0.0019403281945162831,1.6058926288378317e-07,0.004389998830974129,8.827406679745764,2
normalized_vmin1e-05,normalized,1e-05,1.0,9,255,0,3,1.7090697306059601e-07,0.0023952631881256625,3.224724085385721e-09,6.504886707858759e-05,13.790618307888508,3
normalized_vmin1e-05,normalized,1e-05,1.0,9,255,0,4,1.714562998653466e-07,0.00241456430262299,2.9641748413608657e-09,4.579512587454815e-05,13.859538102988154,3
normalized_vmin1e-05,normalized,1e-05,1.0,9,255,0,5,1.7175875877615862e-07,0.0024235955272473575,2.3449276610939542e-09,3.678606778634297e-05,18.549741187598556,4
normalized_vmin1e-05,normalized,1e-05,1.0,9,255,0,6,1.714540028915172e-07,0.0024146134536096042,2.9664864374658268e-09,4.574609552576714e-05,18.61557738855481,4
normalized_vmin1e-05,normalized,1e-05,1.0,9,255,0,7,1.7176143182257757e-07,0.0024235525851137307,2.3487018217485016e-09,3.682890452139098e-05,23.25005679158494,5
normalized_vmin1e-05,normalized,1e-05,1.0,9,255,0,8,1.7145479316740906e-07,0.0024145799403347823,2.965346340846149e-09,4.577952654438722e-05,23.316100558731705,5
normalized_vmin1e-05,normalized,1e-05,1.0,9,255,0,9,1.7175584270104206e-07,0.0024236320252530863,2.350249051408568e-09,3.67496593624006e-05,28.260068476665765,6
normalized_vmin1e-05,normalized,1e-05,1.0,9,255,0,10,1.7145509910672428e-07,0.0024145911536093134,2.9690158334225636e-09,4.5768340792173845e-05,28.325580114498734,6
normalized_vmin1e-05,normalized,1e-05,1.0,9,255,0,11,1.7176287060628753e-07,0.002423601423146682,2.347504107491356e-09,3.6780186358109646e-05,33.290752386208624,7
normalized_vmin1e-05,normalized,1e-05,1.0,9,255,0,12,1.7144948088126545e-07,0.0024145212227966173,2.967911955281189e-09,4.5838099964390366e-05,33.359824339393526,7
normalized_vmin1e-05,normalized,1e-05,1.0,9,255,0,13,1.7176233989845172e-07,0.0024236156777321938,2.3454496431114325e-09,3.6765966759499946e-05,38.023068039212376,8
normalized_vmin1e-05,normalized,1e-05,1.0,9,255,0,14,1.714554204665928e-07,0.0024145851638672777,2.9638051535667623e-09,4.577431583285829e-05,38.09158840123564,8
normalized_vmin1e-05,normalized,1e-05,1.0,9,255,0,15,1.7176008137083454e-07,0.0024236167535880426,2.3460700191425235e-09,3.676489354431656e-05,42.768721303436905,9
normalized_vmin1e-05,normalized,1e-05,1.0,9,255,1,1,8.431322788347681e-06,0.05451026368453271,8.441523035944971e-06,0.05505101740579754,8.14357340382412,2
normalized_vmin1e-05,normalized,1e-05,1.0,9,255,1,2,4.418767857120692e-07,0.006035234114336263,4.3867226006833045e-07,0.006603712147797869,8.21866410272196,2
normalized_vmin1e-05,normalized,1e-05,1.0,9,255,1,3,2.926473734596553e-07,0.001997055383491486,2.894851148990064e-07,0.002567842971559542,8.286664365325123,2
normalized_vmin1e-05,normalized,1e-05,1.0,9,255,1,4,2.912195592966921e-07,0.0019552526273625137,2.8804637914254573e-07,0.002526064123671068,13.106709361542016,3
normalized_vmin1e-05,normalized,1e-05,1.0,9,255,1,5,2.9137511439833886e-07,0.001957259815082213,2.8821542208775885e-07,0.0025280701634203817,13.188593675382435,3
normalized_vmin1e-05,normalized,1e-05,1.0,9,255,1,6,2.918725272553225e-07,0.00197223863985474,2.887099275025891e-07,0.0025430404213571123,13.254885020200163,3
normalized_vmin1e-05,normalized,1e-05,1.0,9,255,1,7,2.9121691478803966e-07,0.001955234307033482,2.880472242648543e-07,0.002526045813819988,18.15530999796465,4
normalized_vmin1e-05,normalized,1e-05,1.0,9,255,1,8,2.913687226166325e-07,0.001957293841324703,2.882158492481072e-07,0.0025281041702022167,18.230933795217425,4
normalized_vmin1e-05,normalized,1e-05,1.0,9,255,1,9,2.918726470632201e-07,0.00197227377468967,2.887071458586791e-07,0.00254307553609745,18.300143053289503,4
normalized_vmin1e-05,normalized,1e-05,1.0,9,255,1,10,2.9121976637827706e-07,0.0019552485658683727,2.8804256202756294e-07,0.0025260600644998465,22.821501933503896,5
normalized_vmin1e-05,normalized,1e-05,1.0,9,255,1,11,2.913689276458566e-07,0.0019572238448926083,2.882110553909523e-07,0.0025280342138030987,22.896922283805907,5
normalized_vmin1e-05,normalized,1e-05,1.0,9,255,1,12,2.9187940626202854e-07,0.001972243781840355,2.8871288616746755e-07,0.0025430455604018576,22.967857325915247,5
normalized_vmin1e-05,normalized,1e-05,1.0,9,255,1,13,2.9120915211987636e-07,0.0019551170529192863,2.880400943122574e-07,0.0025259286267669268,27.538384917657822,6
normalized_vmin1e-05,normalized,1e-05,1.0,9,255,1,14,2.913788265511435e-07,0.001957293394237114,2.882169402023961e-07,0.002528103723370312,27.615709736477584,6
normalized_vmin1e-05,normalized,1e-05,1.0,9,255,1,15,2.9187582626064463e-07,0.001972359449154637,2.8870918896829436e-07,0.0025431611615626126,27.685630440711975,6
normalized_vmin1e-05,normalized,1e-05,1.0,9,511,0,1,2.229362697581328e-07,0.001977428435462558,1.944697371965771e-07,0.0025257387678057075,11.208012183196843,2
normalized_vmin1e-05,normalized,1e-05,1.0,9,511,0,2,1.1065240579065326e-07,0.0005331160974098026,2.022592390117905e-09,1.6573519877605136e-05,11.303766291122884,2
normalized_vmin1e-05,normalized,1e-05,1.0,9,511,0,3,1.1061366640399879e-07,0.0005335195433200379,1.694272206621719e-09,1.6170295619288844e-05,16.49332534801215,3
normalized_vmin1e-05,normalized,1e-05,1.0,9,511,0,4,1.1095908074388729e-07,0.0005426122925906718,1.7495760445638555e-09,7.082541875425008e-06,16.56160914991051,3
normalized_vmin1e-05,normalized,1e-05,1.0,9,511,0,5,1.1061994794972371e-07,0.0005335780516189104,1.6949246031104659e-09,1.611181946481466e-05,21.570490387268364,4
normalized_vmin1e-05,normalized,1e-05,1.0,9,511,0,6,1.1095685494049695e-07,0.0005426628639237929,1.7462157784850659e-09,7.031998325968125e-06,21.63805583305657,4
normalized_vmin1e-05,normalized,1e-05,1.0,9,511,0,7,1.1061773371914463e-07,0.0005335183731940418,1.6961462663263403e-09,1.6171465102354787e-05,26.619950941298157,5
normalized_vmin1e-05,normalized,1e-05,1.0,9,511,0,8,1.1095242519595851e-07,0.0005426264343590947,1.7401766351141622e-09,7.068407876453797e-06,26.688302924390882,5
normalized_vmin1e-05,normalized,1e-05,1.0,9,511,0,9,1.1062192847337217e-07,0.0005336958175559126,1.6924541779195538e-09,1.599411822805763e-05,31.635495115071535,6
normalized_vmin1e-05,normalized,1e-05,1.0,9,511,0,10,1.1095684688758193e-07,0.0005426365345158057,1.7461608237125082e-09,7.058313268637484e-06,31.702023586258292,6
normalized_vmin1e-05,normalized,1e-05,1.0,9,511,0,11,1.1062004659783027e-07,0.0005335322175241686,1.693273388978677e-09,1.6157628378365985e-05,36.80358342221007,7
normalized_vmin1e-05,normalized,1e-05,1.0,9,511,0,12,1.1095615347628742e-07,0.0005426506132710784,1.7457978452291105e-09,7.04424224828859e-06,36.872260488104075,7
normalized_vmin1e-05,normalized,1e-05,1.0,9,511,0,13,1.1061462193754672e-07,0.0005335162879704924,1.6911286556131621e-09,1.6173549180376057e-05,41.47789128497243,8
normalized_vmin1e-05,normalized,1e-05,1.0,9,511,0,14,1.1095131456286152e-07,0.0005426435030422283,1.7422809053769736e-09,7.051348570707994e-06,41.54529444826767,8
normalized_vmin1e-05,normalized,1e-05,1.0,9,511,0,15,1.1062704910932953e-07,0.00053357333203774,1.6911885124228836e-09,1.6116536453059105e-05,46.50047626812011,9
normalized_vmin1e-05,normalized,1e-05,1.0,9,511,1,1,4.7066327589232325e-07,0.004608804659769761,4.6665142529168807e-07,0.00480551077822744,11.610424710437655,2
normalized_vmin1e-05,normalized,1e-05,1.0,9,511,1,2,3.0080772288356675e-07,0.002420616546156551,2.889354305422382e-07,0.0026177550875573496,11.686069683171809,2
normalized_vmin1e-05,normalized,1e-05,1.0,9,511,1,3,3.0056884244942253e-07,0.002406351095542325,2.8870534221562196e-07,0.002603492456037193,11.758430235087872,2
normalized_vmin1e-05,normalized,1e-05,1.0,9,511,1,4,3.0057554123998247e-07,0.00240579039639921,2.8869963284050044e-07,0.0026029318676977775,16.726185454055667,3
normalized_vmin1e-05,normalized,1e-05,1.0,9,511,1,5,3.005793492011615e-07,0.00241335782083818,2.8870945798580255e-07,0.0026104977966857623,16.801012137439102,3
normalized_vmin1e-05,normalized,1e-05,1.0,9,511,1,6,3.0056954013985294e-07,0.0024063513788342705,2.887039930212892e-07,0.0026034927392731833,16.875588462222368,3
normalized_vmin1e-05,normalized,1e-05,1.0,9,511,1,7,3.0058235870812197e-07,0.0024058554419499334,2.887056581202798e-07,0.0026029969003943387,21.511584177147597,4
normalized_vmin1e-05,normalized,1e-05,1.0,9,511,1,8,3.0057544341316244e-07,0.002413426408960029,2.8870610394358633e-07,0.0026105663712534533,21.58835276030004,4
normalized_vmin1e-05,normalized,1e-05,1.0,9,511,1,9,3.005682895551138e-07,0.0024063061098630323,2.8870163864972223e-07,0.0026034474792479,21.658619217108935,4
normalized_vmin1e-05,normalized,1e-05,1.0,9,511,1,10,3.005717859935194e-07,0.002405694930170954,2.886975088858526e-07,0.0026028364203352083,26.62419142294675,5
normalized_vmin1e-05,normalized,1e-05,1.0,9,511,1,11,3.0057854265019225e-07,0.0024133292268768702,2.887060805241994e-07,0.0026104692083750436,26.69832209730521,5
normalized_vmin1e-05,normalized,1e-05,1.0,9,511,1,12,3.005704549272909e-07,0.002406385348342921,2.887044638736807e-07,0.00260352670206887,26.76800040854141,5
normalized_vmin1e-05,normalized,1e-05,1.0,9,511,1,13,3.0057568658850857e-07,0.002405697882042812,2.887023626850118e-07,0.0026028393716237552,31.890244382433593,6
normalized_vmin1e-05,normalized,1e-05,1.0,9,511,1,14,3.005741627798448e-07,0.0024133542064469493,2.8870238118237164e-07,0.002610494183008849,31.962006905581802,6
normalized_vmin1e-05,normalized,1e-05,1.0,9,511,1,15,3.0056818890483145e-07,0.0024063784739977168,2.8870207665368137e-07,0.002603519829082135,32.03142833150923,6
normalized_vmin1e-05,normalized,1e-05,1.0,8,15,0,1,0.0041982496817668585,0.8877952009734512,0.004198264917235931,0.8880252487904718,2.5103272260166705,1
normalized_vmin1e-05,normalized,1e-05,1.0,8,15,0,2,0.00040831350089488757,0.8323962779840641,0.0004083314774127473,0.8327399074073045,6.7824954693205655,2
normalized_vmin1e-05,normalized,1e-05,1.0,8,15,0,3,0.00010421203651604343,0.7509390056607275,0.00010420923581710235,0.7514496428041457,11.0503308204934,3
normalized_vmin1e-05,normalized,1e-05,1.0,8,15,0,4,4.732619880985016e-05,0.6341021747949431,4.731124004236142e-05,0.6348523565756804,15.153934674337506,4
normalized_vmin1e-05,normalized,1e-05,1.0,8,15,0,5,2.2244913188703315e-05,0.47554800766632377,2.2231094147594232e-05,0.47662326502621544,19.415341041982174,5
normalized_vmin1e-05,normalized,1e-05,1.0,8,15,0,6,9.961193678743004e-06,0.2851569887231591,9.935408732300622e-06,0.2866225951471566,23.71783855604008,6
normalized_vmin1e-05,normalized,1e-05,1.0,8,15,0,7,3.48086626392912e-06,0.1096443328622202,3.4530469104445016e-06,0.11146978399598584,27.826568119693547,7
normalized_vmin1e-05,normalized,1e-05,1.0,8,15,0,8,5.773730571024772e-07,0.01595882673209359,5.499069694655384e-07,0.017976356514532776,32.01970665389672,8
normalized_vmin1e-05,normalized,1e-05,1.0,8,15,0,9,1.37116931535637e-07,0.0015284097814103337,1.7217901557861035e-08,0.0005249731964407367,36.34044093871489,9
normalized_vmin1e-05,normalized,1e-05,1.0,8,15,0,10,1.517577800320582e-07,0.0020081950172323726,2.6026295098696738e-09,4.6171639989767144e-05,40.54192319884896,10
normalized_vmin1e-05,normalized,1e-05,1.0,8,15,0,11,1.5177012378558675e-07,0.002008590648518549,2.594570119966315e-09,4.5776819846410355e-05,44.714051209855825,11
normalized_vmin1e-05,normalized,1e-05,1.0,8,15,0,12,1.5177224817364778e-07,0.002008591997483933,2.594913037585664e-09,4.577547364681411e-05,48.774918280076236,12
normalized_vmin1e-05,normalized,1e-05,1.0,8,15,0,13,1.5177337881944991e-07,0.002008557409322931,2.59270945067352e-09,4.580999089343063e-05,52.88575461693108,13
normalized_vmin1e-05,normalized,1e-05,1.0,8,15,0,14,1.5177488500545767e-07,0.0020086650406772044,2.5929850506746467e-09,4.570258021019402e-05,57.07702144887298,14
normalized_vmin1e-05,normalized,1e-05,1.0,8,15,0,15,1.5177172949592955e-07,0.0020085237418623336,2.594880630765788e-09,4.584358932735455e-05,61.38687511300668,15
normalized_vmin1e-05,normalized,1e-05,1.0,8,15,1,1,0.004198554302933808,0.88779058507439,0.004198560443561709,0.8879410188142545,2.533195922151208,1
normalized_vmin1e-05,normalized,1e-05,1.0,8,15,1,2,0.0004084823592148735,0.8323941552860501,0.0004084894539684268,0.8326188563421975,2.6117629734799266,1
normalized_vmin1e-05,normalized,1e-05,1.0,8,15,1,3,0.00010434522402268559,0.750951570801764,0.00010434397430285964,0.7512854579950667,7.772111893165857,2
normalized_vmin1e-05,normalized,1e-05,1.0,8,15,1,4,4.746620099073873e-05,0.6341708864725701,4.74679460542253e-05,0.6346613358857117,7.849630652461201,2
normalized_vmin1e-05,normalized,1e-05,1.0,8,15,1,5,2.2405837398381434e-05,0.47579899441780527,2.2413889749879385e-05,0.4765017653730118,7.922471414785832,2
normalized_vmin1e-05,normalized,1e-05,1.0,8,15,1,6,1.013431814322818e-05,0.2859090412953913,1.0144783888076916e-05,0.28686638853396795,12.89497196348384,3
normalized_vmin1e-05,normalized,1e-05,1.0,8,15,1,7,3.6785097171561217e-06,0.11139941166456524,3.694373822321238e-06,0.11259071553008926,12.97047903528437,3
normalized_vmin1e-05,normalized,1e-05,1.0,8,15,1,8,8.040543646652365e-07,0.01882707137674,8.236672940260272e-07,0.020142482505159265,13.040493906475604,3
normalized_vmin1e-05,normalized,1e-05,1.0,8,15,1,9,2.83250351223534e-07,0.0017665689954422525,3.0357152106969077e-07,0.003104852314923967,18.077681397553533,4
normalized_vmin1e-05,normalized,1e-05,1.0,8,15,1,10,2.6846101052509507e-07,0.0012861359833979957,2.888261541131292e-07,0.002625063396201166,18.15380971133709,4
normalized_vmin1e-05,normalized,1e-05,1.0,8,15,1,11,2.686029421525364e-07,0.0012851876072218493,2.8893815540932647e-07,0.0026241162914670824,18.223767857067287,4
normalized_vmin1e-05,normalized,1e-05,1.0,8,15,1,12,2.6926092203732665e-07,0.0013081338569745915,2.896026778214873e-07,0.0026470317782917308,23.188765863887966,5
normalized_vmin1e-05,normalized,1e-05,1.0,8,15,1,13,2.684496770048691e-07,0.0012858002181929118,2.8881633803851995e-07,0.0026247280811402263,23.264052748680115,5
normalized_vmin1e-05,normalized,1e-05,1.0,8,15,1,14,2.6860617325952805e-07,0.0012852261737994475,2.889367288774331e-07,0.002624154806340373,23.331142875831574,5
normalized_vmin1e-05,normalized,1e-05,1.0,8,15,1,15,2.6926576686129425e-07,0.0013082313874831497,2.896054113727978e-07,0.0026471291780458817,28.62437926372513,6
normalized_vmin1e-05,normalized,1e-05,1.0,8,31,0,1,0.0012751798177258297,0.7782628853680029,0.0012751982082059492,0.7785082699291149,2.991589388810098,1
normalized_vmin1e-05,normalized,1e-05,1.0,8,31,0,2,0.00010256721610602916,0.672833301026893,0.00010258343625705025,0.6731953588491535,7.509878386743367,2
normalized_vmin1e-05,normalized,1e-05,1.0,8,31,0,3,2.7950674922384933e-05,0.5267206027391214,2.792800849501636e-05,0.5272443556407181,12.195727289654315,3
normalized_vmin1e-05,normalized,1e-05,1.0,8,31,0,4,1.266324824063858e-05,0.34296865148034106,1.2615935687368465e-05,0.3436957528019259,16.586364773567766,4
normalized_vmin1e-05,normalized,1e-05,1.0,8,31,0,5,4.9886859245918824e-06,0.1559546079419799,4.93464624283112e-06,0.15688866766595755,21.050683351699263,5
normalized_vmin1e-05,normalized,1e-05,1.0,8,31,0,6,1.138463883029955e-06,0.03391844530680288,1.069835719174991e-06,0.034987555900625855,25.328746495768428,6
normalized_vmin1e-05,normalized,1e-05,1.0,8,31,0,7,1.2584768956770627e-07,0.000705737047793753,5.6561800499686695e-08,0.0018116023628684808,30.035731801763177,7
normalized_vmin1e-05,normalized,1e-05,1.0,8,31,0,8,1.3806782796964507e-07,0.0011062122599756474,1.3270338993291947e-09,2.149284829444653e-06,34.498644252773374,8
normalized_vmin1e-05,normalized,1e-05,1.0,8,31,0,9,1.3821395205282225e-07,0.0011111555870284562,1.3788165671503084e-09,3.2796144120439408e-06,38.772070510778576,9
normalized_vmin1e-05,normalized,1e-05,1.0,8,31,0,10,1.3821880153479005e-07,0.0011111416692017873,1.371969604412179e-09,3.2657119874990315e-06,43.09131651511416,10
normalized_vmin1e-05,normalized,1e-05,1.0,8,31,0,11,1.3821827119473595e-07,0.0011111297366435124,1.3754674556822825e-09,3.2537926344389234e-06,47.480377750936896,11
normalized_vmin1e-05,normalized,1e-05,1.0,8,31,0,12,1.3822286813867894e-07,0.001111193300459723,1.3752132924282543e-09,3.3172861080288385e-06,51.773185597267,12
normalized_vmin1e-05,normalized,1e-05,1.0,8,31,0,13,1.3822091382806762e-07,0.0011111826572387518,1.3783768665536834e-09,3.3066546654136886e-06,56.055822325870395,13
normalized_vmin1e-05,normalized,1e-05,1.0,8,31,0,14,1.3821619679328415e-07,0.001111144296002342,1.374848905806792e-09,3.268335881045914e-06,60.4496273137629,14
normalized_vmin1e-05,normalized,1e-05,1.0,8,31,0,15,1.3822636457605793e-07,0.0011112846250813657,1.3780995900609016e-09,3.408509665403514e-06,64.81663799611852,15
normalized_vmin1e-05,normalized,1e-05,1.0,8,31,1,1,0.0012753566832765814,0.7782827818635816,0.0012753463098357507,0.777959615459271,2.886462076101452,1
normalized_vmin1e-05,normalized,1e-05,1.0,8,31,1,2,0.0001027450866333784,0.6729185456026747,0.00010272499788350331,0.6724418043805778,8.192343785893172,2
normalized_vmin1e-05,normalized,1e-05,1.0,8,31,1,3,2.8121242171380162e-05,0.5270173141731962,2.8082025646781743e-05,0.5263279129838586,8.269107328727841,2
normalized_vmin1e-05,normalized,1e-05,1.0,8,31,1,4,1.2838974301092683e-05,0.34386701785498264,1.2789576629296082e-05,0.34291066390840275,8.339464484713972,2
normalized_vmin1e-05,normalized,1e-05,1.0,8,31,1,5,5.202180243745041e-06,0.15819584358470062,5.144055784466781e-06,0.15696886254710174,13.323179062921554,3
normalized_vmin1e-05,normalized,1e-05,1.0,8,31,1,6,1.3912328449158989e-06,0.038006477303294206,1.3277040037988836e-06,0.03660431291428945,13.397669724188745,3
normalized_vmin1e-05,normalized,1e-05,1.0,8,31,1,7,4.0725060919971447e-07,0.005798817255327493,3.4234411445098896e-07,0.004349708232178062,13.466505298390985,3
normalized_vmin1e-05,normalized,1e-05,1.0,8,31,1,8,3.549767454768548e-07,0.0040832334722410435,2.8996345176959747e-07,0.002631623880813172,17.87298124609515,4
normalized_vmin1e-05,normalized,1e-05,1.0,8,31,1,9,3.548485366653404e-07,0.004077089899397257,2.8981061909734256e-07,0.0026254713533362395,17.948828131891787,4
normalized_vmin1e-05,normalized,1e-05,1.0,8,31,1,10,3.5496488220791554e-07,0.004085342301960004,2.899848516108234e-07,0.002633735784280389,18.01894523575902,4
normalized_vmin1e-05,normalized,1e-05,1.0,8,31,1,11,3.5483871853175334e-07,0.004078781637301798,2.898225205487178e-07,0.0026271655570522245,23.04471436701715,5
normalized_vmin1e-05,normalized,1e-05,1.0,8,31,1,12,3.5484655860543976e-07,0.004077106686357634,2.898076766617814e-07,0.0026254881647646,23.118381479755044,5
normalized_vmin1e-05,normalized,1e-05,1.0,8,31,1,13,3.5496673103602654e-07,0.004085368284579727,2.8998371857084536e-07,0.002633761804771373,23.188053228892386,5
normalized_vmin1e-05,normalized,1e-05,1.0,8,31,1,14,3.5483609236625327e-07,0.004078771582568419,2.898227214816567e-07,0.0026271554876634573,28.079026626888663,6
normalized_vmin1e-05,normalized,1e-05,1.0,8,31,1,15,3.5484894950590904e-07,0.004076994103588749,2.8980901460768605e-07,0.0026253754178994226,28.1548605049029,6
normalized_vmin1e-05,normalized,1e-05,1.0,8,63,0,1,0.00035170878317984324,0.5768857184886691,0.00035171173869202275,0.5764921190633772,3.132274394389242,1
normalized_vmin1e-05,normalized,1e-05,1.0,8,63,0,2,2.4989720522211293e-05,0.4032756731440523,2.4971236424519714e-05,0.4027205740552925,8.152509555220604,2
normalized_vmin1e-05,normalized,1e-05,1.0,8,63,0,3,6.957057418396607e-06,0.2113589149468662,6.879147135125335e-06,0.21062528648901846,12.86707793455571,3
normalized_vmin1e-05,normalized,1e-05,1.0,8,63,0,4,2.006109626006302e-06,0.06276046743011143,1.8940095706840983e-06,0.06188860619190728,17.885898884385824,4
normalized_vmin1e-05,normalized,1e-05,1.0,8,63,0,5,2.897990621928037e-07,0.006578184845540291,1.7378813651124038e-07,0.00565406038885552,22.424843843560666,5
normalized_vmin1e-05,normalized,1e-05,1.0,8,63,0,6,1.1986702945182182e-07,0.0010097157005036772,3.6949214003206474e-09,8.041121007618113e-05,27.269160182680935,6
normalized_vmin1e-05,normalized,1e-05,1.0,8,63,0,7,1.1841660258184671e-07,0.0009624389661679889,2.2512985443390603e-09,3.309049685285004e-05,32.41215528175235,7
normalized_vmin1e-05,normalized,1e-05,1.0,8,63,0,8,1.1842112690328206e-07,0.0009624114046552501,2.2468715818396788e-09,3.306290970128689e-05,37.30222317902371,8
normalized_vmin1e-05,normalized,1e-05,1.0,8,63,0,9,1.1841786530140006e-07,0.0009624019333951406,2.2399209253247583e-09,3.305342963055846e-05,42.169928967021406,9
normalized_vmin1e-05,normalized,1e-05,1.0,8,63,0,10,1.1841097694346045e-07,0.0009623852697664415,2.247210339626014e-09,3.3036750500592404e-05,47.17990180198103,10
normalized_vmin1e-05,normalized,1e-05,1.0,8,63,0,11,1.1842264109786774e-07,0.0009624171258790781,2.2523743145763827e-09,3.306863624719103e-05,52.16961089661345,11
normalized_vmin1e-05,normalized,1e-05,1.0,8,63,0,12,1.1842358380257653e-07,0.0009624404564607669,2.2492487789252337e-09,3.30919885319636e-05,57.31718101259321,12
normalized_vmin1e-05,normalized,1e-05,1.0,8,63,0,13,1.1842293949383619e-07,0.0009624747500602826,2.246407750162077e-09,3.312631403284971e-05,62.34684997564182,13
normalized_vmin1e-05,normalized,1e-05,1.0,8,63,0,14,1.184173445532182e-07,0.000962476284136593,2.2485782085416163e-09,3.312784953635184e-05,67.25014246860519,14
normalized_vmin1e-05,normalized,1e-05,1.0,8,63,0,15,1.1841997191392242e-07,0.0009624483307224541,2.2527587292037914e-09,3.309987011868021e-05,72.04625585768372,15
normalized_vmin1e-05,normalized,1e-05,1.0,8,63,1,1,0.0003519228921178277,0.5769669231665905,0.00035190891994729776,0.5762673000101752,3.6238198671489954,1
normalized_vmin1e-05,normalized,1e-05,1.0,8,63,1,2,2.520591366363936e-05,0.4036111052372424,2.5174655160113183e-05,0.4026247816993097,8.660948134027421,2
normalized_vmin1e-05,normalized,1e-05,1.0,8,63,1,3,7.151449786735851e-06,0.21234325595844283,7.103617828841086e-06,0.2110406086535015,8.737177745904773,2
normalized_vmin1e-05,normalized,1e-05,1.0,8,63,1,4,2.2054630278615123e-06,0.0648411102810087,2.1500670041368358e-06,0.06329452007328229,8.806096637621522,2
normalized_vmin1e-05,normalized,1e-05,1.0,8,63,1,5,5.125820387264174e-07,0.009501381225720418,4.543713149599426e-07,0.007863268728042883,13.893934616819024,3
normalized_vmin1e-05,normalized,1e-05,1.0,8,63,1,6,3.477373740812367e-07,0.004097198793195256,2.892489177510387e-07,0.0024501487173984593,13.9704056577757,3
normalized_vmin1e-05,normalized,1e-05,1.0,8,63,1,7,3.4637632202611917e-07,0.004055495770791229,2.8791497206321907e-07,0.0024083767254461375,14.040732033085078,3
normalized_vmin1e-05,normalized,1e-05,1.0,8,63,1,8,3.4617830634651106e-07,0.004048490828914786,2.8769605687270895e-07,0.002401360198613922,19.010033844970167,4
normalized_vmin1e-05,normalized,1e-05,1.0,8,63,1,9,3.4637478272811967e-07,0.004052480096443656,2.8788174906603723e-07,0.002405356063697628,19.086201653815806,4
normalized_vmin1e-05,normalized,1e-05,1.0,8,63,1,10,3.463742537405095e-07,0.004055462448286251,2.8791648679485414e-07,0.0024083433478316874,19.16026748297736,4
normalized_vmin1e-05,normalized,1e-05,1.0,8,63,1,11,3.461841277774169e-07,0.0040485463127633015,2.876975385135349e-07,0.002401415774223037,23.668225646018982,5
normalized_vmin1e-05,normalized,1e-05,1.0,8,63,1,12,3.4637242816584155e-07,0.004052518309263453,2.87880924257432e-07,0.0024053943397147615,23.743636430241168,5
normalized_vmin1e-05,normalized,1e-05,1.0,8,63,1,13,3.4637834811826994e-07,0.004055497974706834,2.8791738781927726e-07,0.0024083789330067162,23.811457610223442,5
normalized_vmin1e-05,normalized,1e-05,1.0,8,63,1,14,3.4617425927487667e-07,0.004048486329717216,2.876884719895039e-07,0.0024013556919753043,28.834972901269794,6
normalized_vmin1e-05,normalized,1e-05,1.0,8,63,1,15,3.463685584266499e-07,0.00405245994433312,2.8787706373345064e-07,0.002405335878258974,28.910312328953296,6
normalized_vmin1e-05,normalized,1e-05,1.0,8,127,0,1,7.57919540007454e-05,0.2822586406442009,7.579967961614562e-05,0.28201226174000726,6.104926292784512,2
normalized_vmin1e-05,normalized,1e-05,1.0,8,127,0,2,4.453844763876401e-06,0.10838871084402524,4.401812667861029e-06,0.1080826476507517,10.24715621676296,3
normalized_vmin1e-05,normalized,1e-05,1.0,8,127,0,3,6.265750808633522e-07,0.017230091729481423,5.239517400094159e-07,0.01689273653889911,14.6594645595178,4
normalized_vmin1e-05,normalized,1e-05,1.0,8,127,0,4,1.2043455405273408e-07,0.0007702396878435103,1.4173133887496197e-08,0.00042723432780067405,18.760411392431706,5
normalized_vmin1e-05,normalized,1e-05,1.0,8,127,0,5,1.0745815350790336e-07,0.0003451471050095467,1.2003520197736571e-09,1.9958235378814138e-06,23.683912893291563,6
normalized_vmin1e-05,normalized,1e-05,1.0,8,127,0,6,1.0745281195976653e-07,0.00034485007385154365,1.1895696949014336e-09,1.6986904179949747e-06,28.38085172045976,7
normalized_vmin1e-05,normalized,1e-05,1.0,8,127,0,7,1.0745016338019919e-07,0.00034485297162090145,1.1901490539956345e-09,1.7015891821126061e-06,32.98115034447983,8
normalized_vmin1e-05,normalized,1e-05,1.0,8,127,0,8,1.0745538279410309e-07,0.0003448457795705018,1.1834033717120684e-09,1.6943946627989703e-06,37.164374778512865,9
normalized_vmin1e-05,normalized,1e-05,1.0,8,127,0,9,1.0745190357829644e-07,0.0003448677209396678,1.1895314924788443e-09,1.7163435638289926e-06,41.63147864211351,10
normalized_vmin1e-05,normalized,1e-05,1.0,8,127,0,10,1.0745868591920034e-07,0.0003448148955305097,1.18800972755313e-09,1.6635000212872342e-06,46.43367799324915,11
normalized_vmin1e-05,normalized,1e-05,1.0,8,127,0,11,1.0745158593737013e-07,0.0003448873267418717,1.1867439416015984e-09,1.7359560960938936e-06,51.19970632204786,12
normalized_vmin1e-05,normalized,1e-05,1.0,8,127,0,12,1.0745340497255411e-07,0.00034492021962095887,1.193606637485444e-09,1.7688602663712416e-06,55.69884768500924,13
normalized_vmin1e-05,normalized,1e-05,1.0,8,127,0,13,1.0745371481970666e-07,0.0003448589399447366,1.184356237746571e-09,1.7075595546423017e-06,59.718512705061585,14
normalized_vmin1e-05,normalized,1e-05,1.0,8,127,0,14,1.074505666788705e-07,0.00034487291432239164,1.1844409554476328e-09,1.7215387292379702e-06,64.80576337687671,15
normalized_vmin1e-05,normalized,1e-05,1.0,8,127,0,15,1.0744904374946761e-07,0.00034477376825181594,1.1783304233776049e-09,1.6223586248864663e-06,69.5504682068713,16
normalized_vmin1e-05,normalized,1e-05,1.0,8,127,1,1,7.604742493297857e-05,0.28248142507614493,7.602115513012124e-05,0.28218399640747227,6.320631772279739,2
normalized_vmin1e-05,normalized,1e-05,1.0,8,127,1,2,4.678699186235986e-06,0.10919304925158912,4.63622073704912e-06,0.10882378839247686,6.3959317514672875,2
normalized_vmin1e-05,normalized,1e-05,1.0,8,127,1,3,8.206214978860758e-07,0.018732093749160406,7.758091953988846e-07,0.018325334653065406,6.4657847955822945,2
normalized_vmin1e-05,normalized,1e-05,1.0,8,127,1,4,3.1782673634633753e-07,0.002504329856944598,2.728257750421299e-07,0.0020908439632744136,11.173400065861642,3
normalized_vmin1e-05,normalized,1e-05,1.0,8,127,1,5,3.048079130851694e-07,0.0020782322439405476,2.5981711847047014e-07,0.0016645697225841083,11.245834780856967,3
normalized_vmin1e-05,normalized,1e-05,1.0,8,127,1,6,3.0597274822042163e-07,0.0021131571422279283,2.6094874638515935e-07,0.001699509098079921,11.314948356710374,3
normalized_vmin1e-05,normalized,1e-05,1.0,8,127,1,7,3.0518937126511e-07,0.0020903752732088776,2.6018224072173773e-07,0.001676717785429549,16.134577897377312,4
normalized_vmin1e-05,normalized,1e-05,1.0,8,127,1,8,3.04803150947047e-07,0.0020780638819605235,2.5981546542349796e-07,0.0016644012908140216,16.209005538374186,4
normalized_vmin1e-05,normalized,1e-05,1.0,8,127,1,9,3.059739899749541e-07,0.0021132327775332804,2.6095034754683696e-07,0.0016995847647379714,16.278224888257682,4
normalized_vmin1e-05,normalized,1e-05,1.0,8,127,1,10,3.051865652667158e-07,0.0020903904287284947,2.601808051180334e-07,0.001676732947231363,21.01781244436279,5
normalized_vmin1e-05,normalized,1e-05,1.0,8,127,1,11,3.048072754894125e-07,0.00207802222583231,2.5981467389681287e-07,0.0016643596174182873,21.0909801190719,5
normalized_vmin1e-05,normalized,1e-05,1.0,8,127,1,12,3.059695670555666e-07,0.002113160970568906,2.609481373863359e-07,0.0016995129280078514,21.162516386713833,5
normalized_vmin1e-05,normalized,1e-05,1.0,8,127,1,13,3.051929577979108e-07,0.002090442116679747,2.601847680805836e-07,0.0016767846566085876,26.069973537698388,6
normalized_vmin1e-05,normalized,1e-05,1.0,8,127,1,14,3.0480222617496424e-07,0.0020779276390642254,2.598110024565316e-07,0.0016642649914416774,26.146189628634602,6
normalized_vmin1e-05,normalized,1e-05,1.0,8,127,1,15,3.059681436798162e-07,0.002113201622317762,2.609466601902815e-07,0.0016995535966077835,26.21604738244787,6
normalized_vmin1e-05,normalized,1e-05,1.0,8,255,0,1,8.230576519188306e-06,0.05527689625869714,8.16002072426669e-06,0.052689067910461684,8.480401040520519,2
normalized_vmin1e-05,normalized,1e-05,1.0,8,255,0,2,3.072948018087603e-07,0.006801917031054039,1.5100300008665549e-07,0.004081303822441207,13.281536526512355,3
normalized_vmin1e-05,normalized,1e-05,1.0,8,255,0,3,1.772032866828348e-07,0.0027453835030180063,1.6371753945072657e-09,1.3658453890452726e-05,17.801915523596108,4
normalized_vmin1e-05,normalized,1e-05,1.0,8,255,0,4,1.7644889127858926e-07,0.002720237337349607,1.555746294041872e-09,1.1556593294770323e-05,22.73742454359308,5
normalized_vmin1e-05,normalized,1e-05,1.0,8,255,0,5,1.7645751525626396e-07,0.0027203675306027852,1.557175925100048e-09,1.1426043410311948e-05,27.34145084163174,6
normalized_vmin1e-05,normalized,1e-05,1.0,8,255,0,6,1.7645410813930547e-07,0.0027203142179406115,1.5572175964918627e-09,1.1479502108890927e-05,32.292921459302306,7
normalized_vmin1e-05,normalized,1e-05,1.0,8,255,0,7,1.764482009299694e-07,0.0027203305290892654,1.5539971044086734e-09,1.1463146279977465e-05,36.82420499809086,8
normalized_vmin1e-05,normalized,1e-05,1.0,8,255,0,8,1.7645080185354204e-07,0.0027203074240911285,1.553407874090761e-09,1.1486314568376343e-05,41.91350940428674,9
normalized_vmin1e-05,normalized,1e-05,1.0,8,255,0,9,1.7644898297465935e-07,0.0027202839116553523,1.5533857483772276e-09,1.1509891410632633e-05,46.813380632549524,10
normalized_vmin1e-05,normalized,1e-05,1.0,8,255,0,10,1.76446400863309e-07,0.0027202854655828945,1.5598106831903264e-09,1.1508333226384337e-05,51.546139678452164,11
normalized_vmin1e-05,normalized,1e-05,1.0,8,255,0,11,1.7644823936991696e-07,0.0027202329442819195,1.561443633895862e-09,1.156099839616509e-05,56.20755105931312,12
normalized_vmin1e-05,normalized,1e-05,1.0,8,255,0,12,1.7645452462466024e-07,0.0027203816779692858,1.5533650540511192e-09,1.14118572906996e-05,60.3918867316097,13
normalized_vmin1e-05,normalized,1e-05,1.0,8,255,0,13,1.7645105186126937e-07,0.0027202567534136968,1.5515359950656863e-09,1.153712404544649e-05,64.62374530453235,14
normalized_vmin1e-05,normalized,1e-05,1.0,8,255,0,14,1.7644880583372058e-07,0.0027202499480782905,1.5535950412365568e-09,1.1543948022385564e-05,68.82026484841481,15
normalized_vmin1e-05,normalized,1e-05,1.0,8,255,0,15,1.764535168166976e-07,0.002720272067410101,1.5572668595248873e-09,1.1521768100042351e-05,73.76609860174358,16
normalized_vmin1e-05,normalized,1e-05,1.0,8,255,1,1,8.416982264185939e-06,0.054437614634535225,8.442637212443741e-06,0.05517838240262807,7.798758676275611,2
normalized_vmin1e-05,normalized,1e-05,1.0,8,255,1,2,4.337992704648941e-07,0.005930762220052843,4.390799720212609e-07,0.006709530984543632,7.873691882938147,2
normalized_vmin1e-05,normalized,1e-05,1.0,8,255,1,3,2.858079725563952e-07,0.0018656228572992983,2.8909623849234767e-07,0.002647576312995281,7.942961686756462,2
normalized_vmin1e-05,normalized,1e-05,1.0,8,255,1,4,2.850355237739027e-07,0.0018383163034477734,2.8831870910664e-07,0.0026202911515079697,12.600435813423246,3
normalized_vmin1e-05,normalized,1e-05,1.0,8,255,1,5,2.851943493446602e-07,0.001847480548357927,2.8849540118147725e-07,0.0026294482170111655,12.675496742594987,3
normalized_vmin1e-05,normalized,1e-05,1.0,8,255,1,6,2.850260277331624e-07,0.0018405146224700353,2.8830959313932403e-07,0.002622487748334179,12.743297941517085,3
normalized_vmin1e-05,normalized,1e-05,1.0,8,255,1,7,2.850344736617943e-07,0.0018384177093015985,2.8832136957825517e-07,0.002620392477919009,17.217097408603877,4
normalized_vmin1e-05,normalized,1e-05,1.0,8,255,1,8,2.8519533617735965e-07,0.0018475706470433284,2.884960314622576e-07,0.0026295382451119176,17.291304002981633,4
normalized_vmin1e-05,normalized,1e-05,1.0,8,255,1,9,2.850251987436771e-07,0.001840484408018872,2.8831295744572287e-07,0.002622457557553415,17.360545735806227,4
normalized_vmin1e-05,normalized,1e-05,1.0,8,255,1,10,2.8503446404188864e-07,0.001838292691778376,2.883188604096756e-07,0.002620267558336331,22.39688269654289,5
normalized_vmin1e-05,normalized,1e-05,1.0,8,255,1,11,2.8519273116513186e-07,0.0018474721898451563,2.884913312626165e-07,0.002629439865046601,22.472240665461868,5
normalized_vmin1e-05,normalized,1e-05,1.0,8,255,1,12,2.850260599719411e-07,0.0018404775747493662,2.8831144629718963e-07,0.0026224507296372934,22.54168496467173,5
normalized_vmin1e-05,normalized,1e-05,1.0,8,255,1,13,2.8503757398559446e-07,0.0018384966218912835,2.8832370625545293e-07,0.002620471328687368,27.542799516581,6
normalized_vmin1e-05,normalized,1e-05,1.0,8,255,1,14,2.85188056094529e-07,0.0018474390011880004,2.88489265950804e-07,0.0026294067023898693,27.617497984319925,6
normalized_vmin1e-05,normalized,1e-05,1.0,8,255,1,15,2.8502149609607627e-07,0.0018404812907146795,2.8831174087613624e-07,0.002622454442691491,27.684655856341124,6
normalized_vmin1e-05,normalized,1e-05,1.0,8,511,0,1,1.5582865982320183e-07,0.00032857769261540604,1.9626080898749415e-07,0.0025851440796264002,11.675045859999955,2
normalized_vmin1e-05,normalized,1e-05,1.0,8,511,0,2,1.6035366787485114e-07,0.002246094131781673,1.7776498270796585e-09,1.6284082762774155e-05,16.427004356402904,3
normalized_vmin1e-05,normalized,1e-05,1.0,8,511,0,3,1.6066543840135406e-07,0.002255847808142919,1.4831372647351e-09,6.5524234539315884e-06,21.355024143587798,4
normalized_vmin1e-05,normalized,1e-05,1.0,8,511,0,4,1.6066231725862584e-07,0.002255883586923746,1.4864220625770866e-09,6.516725436833681e-06,26.36615244857967,5
normalized_vmin1e-05,normalized,1e-05,1.0,8,511,0,5,1.6066585936639843e-07,0.0022558682438014177,1.4876497355933657e-09,6.532033924977476e-06,31.014473164454103,6
normalized_vmin1e-05,normalized,1e-05,1.0,8,511,0,6,1.6066722397674102e-07,0.0022558134912236127,1.4899513696964002e-09,6.58666290953569e-06,35.417860174551606,7
normalized_vmin1e-05,normalized,1e-05,1.0,8,511,0,7,1.606688476741266e-07,0.002255771399685136,1.4919998522652756e-09,6.628659434348982e-06,40.09976621950045,8
normalized_vmin1e-05,normalized,1e-05,1.0,8,511,0,8,1.6066520281408483e-07,0.0022557688838920065,1.4907618029801962e-09,6.631169548687588e-06,44.77400236856192,9
normalized_vmin1e-05,normalized,1e-05,1.0,8,511,0,9,1.6066749646874787e-07,0.0022558922648756585,1.4869613254964804e-09,6.508067073807133e-06,48.97191822575405,10
normalized_vmin1e-05,normalized,1e-05,1.0,8,511,0,10,1.6066732507158694e-07,0.0022558923819429033,1.4815898689481556e-09,6.5079502709064485e-06,53.94080451596528,11
normalized_vmin1e-05,normalized,1e-05,1.0,8,511,0,11,1.6066932589073774e-07,0.0022558472352987025,1.487717873603655e-09,6.5529950051823604e-06,58.80562783591449,12
normalized_vmin1e-05,normalized,1e-05,1.0,8,511,0,12,1.6067087237513417e-07,0.002255843866101781,1.4838728722328665e-09,6.556356596743029e-06,63.8152544000186,13
normalized_vmin1e-05,normalized,1e-05,1.0,8,511,0,13,1.6066801894791609e-07,0.002255901779110836,1.4867583218635609e-09,6.498574315227934e-06,68.60428249835968,14
normalized_vmin1e-05,normalized,1e-05,1.0,8,511,0,14,1.6067014834747465e-07,0.0022558955228317856,1.4861932216881128e-09,6.504816471797348e-06,72.89989059558138,15
normalized_vmin1e-05,normalized,1e-05,1.0,8,511,0,15,1.6066827285794114e-07,0.002255857065618372,1.485759457149204e-09,6.543186875540563e-06,77.88273817673326,16
normalized_vmin1e-05,normalized,1e-05,1.0,8,511,1,1,4.5781261084977044e-07,0.0042358646783035026,4.628013606402738e-07,0.0046804591567026765,11.760024474933743,2
normalized_vmin1e-05,normalized,1e-05,1.0,8,511,1,2,2.8692653075910505e-07,0.0020263569910037305,2.846352136252496e-07,0.0024719379830590027,11.83311629993841,2
normalized_vmin1e-05,normalized,1e-05,1.0,8,511,1,3,2.8647561031227645e-07,0.002015409598174478,2.8417990694314273e-07,0.0024609954780843157,11.902724767569453,2
normalized_vmin1e-05,normalized,1e-05,1.0,8,511,1,4,2.8659853589382497e-07,0.0020151805132916367,2.842963752332331e-07,0.0024607664954846564,16.91183953266591,3
normalized_vmin1e-05,normalized,1e-05,1.0,8,511,1,5,2.8669435769101447e-07,0.0020189724825732114,2.843998216771455e-07,0.0024645567717060946,17.005097890738398,3
normalized_vmin1e-05,normalized,1e-05,1.0,8,511,1,6,2.8646769244246274e-07,0.0020152868651791556,2.8417451945469e-07,0.0024608727998876034,17.075539730023593,3
normalized_vmin1e-05,normalized,1e-05,1.0,8,511,1,7,2.865990281667344e-07,0.002015157329013806,2.8429891470808233e-07,0.002460743321558323,21.8401090670377,4
normalized_vmin1e-05,normalized,1e-05,1.0,8,511,1,8,2.8669511216839713e-07,0.002019007600270517,2.84406006770646e-07,0.0024645918737238315,21.942258555907756,4
normalized_vmin1e-05,normalized,1e-05,1.0,8,511,1,9,2.86466783277538e-07,0.0020153380782250707,2.841741507116968e-07,0.0024609239900675872,22.01099375868216,4
normalized_vmin1e-05,normalized,1e-05,1.0,8,511,1,10,2.865999075540431e-07,0.002015201262717148,2.8429928287580466e-07,0.0024607872356459115,27.099356828723103,5
normalized_vmin1e-05,normalized,1e-05,1.0,8,511,1,11,2.8668894051007927e-07,0.0020189117163016412,2.844000310273727e-07,0.0024644960325658216,27.173372569028288,5
normalized_vmin1e-05,normalized,1e-05,1.0,8,511,1,12,2.864626125021288e-07,0.002015182342951616,2.8417054314109805e-07,0.0024607683243277334,27.243109059985727,5
normalized_vmin1e-05,normalized,1e-05,1.0,8,511,1,13,2.8659780998374653e-07,0.0020152581391241764,2.843028142503857e-07,0.0024608440866584758,32.15734938764945,6
normalized_vmin1e-05,normalized,1e-05,1.0,8,511,1,14,2.866915014356313e-07,0.00201888223343194,2.8439942851195626e-07,0.0024644665628597018,32.231646980624646,6
normalized_vmin1e-05,normalized,1e-05,1.0,8,511,1,15,2.8646583286198336e-07,0.002015299934209236,2.841740112365683e-07,0.0024608858630825736,32.30157305067405,6
normalized_vmin1e-05,normalized,1e-05,1.0,7,15,0,1,0.004198419454169131,0.8877910042490504,0.0041984008837045615,0.887630409051277,2.6943705934099853,1
normalized_vmin1e-05,normalized,1e-05,1.0,7,15,0,2,0.00040835484143632165,0.8323949027815084,0.0004083259724117149,0.8321550238524128,7.6627893461845815,2
normalized_vmin1e-05,normalized,1e-05,1.0,7,15,0,3,0.00010422193157484422,0.7509531381539114,0.00010415754292721082,0.7505966985497127,12.624812178313732,3
normalized_vmin1e-05,normalized,1e-05,1.0,7,15,0,4,4.7351085538142875e-05,0.634175007290291,4.7258302014684604e-05,0.6336514330736118,17.014824668411165,4
normalized_vmin1e-05,normalized,1e-05,1.0,7,15,0,5,2.2285569631229753e-05,0.4758104355097339,2.2176737614910482e-05,0.47506020754256706,21.394475974608213,5
normalized_vmin1e-05,normalized,1e-05,1.0,7,15,0,6,9.99946060233087e-06,0.28593606654765347,9.881921664725933e-06,0.2849140875356485,25.704764125403017,6
normalized_vmin1e-05,normalized,1e-05,1.0,7,15,0,7,3.5406325822038667e-06,0.11146435381942532,3.4139226338345255e-06,0.1101926682752129,30.34640173241496,7
normalized_vmin1e-05,normalized,1e-05,1.0,7,15,0,8,6.669284704623687e-07,0.018935023558979802,5.36313193774998e-07,0.01753090864942486,35.369265558198094,8
normalized_vmin1e-05,normalized,1e-05,1.0,7,15,0,9,1.459782300118525e-07,0.001868375639984099,1.4713067710045815e-08,0.00043983468793995506,40.16957494802773,9
normalized_vmin1e-05,normalized,1e-05,1.0,7,15,0,10,1.3200129046009727e-07,0.001410152082290561,1.8667783118304297e-09,1.9044686182301263e-05,44.59806814510375,10
normalized_vmin1e-05,normalized,1e-05,1.0,7,15,0,11,1.3198517445514677e-07,0.0014097509235294625,1.882127266583292e-09,1.944641908790956e-05,49.45226758392528,11
normalized_vmin1e-05,normalized,1e-05,1.0,7,15,0,12,1.3198740067414569e-07,0.0014096551915203648,1.8874293451565723e-09,1.9542288109963835e-05,54.304309502243996,12
normalized_vmin1e-05,normalized,1e-05,1.0,7,15,0,13,1.319832780252207e-07,0.0014096586154529467,1.884256493381016e-09,1.9538859277190568e-05,59.272105168085545,13
normalized_vmin1e-05,normalized,1e-05,1.0,7,15,0,14,1.3198417966058836e-07,0.0014097117329930908,1.8799213934411318e-09,1.948566571430277e-05,64.1183278891258,14
normalized_vmin1e-05,normalized,1e-05,1.0,7,15,0,15,1.3197925090585057e-07,0.001409747698834951,1.88056227660405e-09,1.944964839761809e-05,68.9857901870273,15
normalized_vmin1e-05,normalized,1e-05,1.0,7,15,1,1,0.004198554697005668,0.8877916160676524,0.004198561583627105,0.8877198829239408,2.3900609482079744,1
normalized_vmin1e-05,normalized,1e-05,1.0,7,15,1,2,0.0004084811728542461,0.8323982407468378,0.0004084888150459853,0.8322910954457335,2.472007008269429,1
normalized_vmin1e-05,normalized,1e-05,1.0,7,15,1,3,0.00010434115998181754,0.7509661112901976,0.00010434002563281096,0.7508069076451414,6.877890934236348,2
normalized_vmin1e-05,normalized,1e-05,1.0,7,15,1,4,4.7459301355287005e-05,0.634219814893771,4.745721099376973e-05,0.6339859770853508,6.953870079480112,2
normalized_vmin1e-05,normalized,1e-05,1.0,7,15,1,5,2.239532953065057e-05,0.47595378802057886,2.2392524076233292e-05,0.47561877310531053,7.02450728835538,2
normalized_vmin1e-05,normalized,1e-05,1.0,7,15,1,6,1.0122925334148717e-05,0.2863395924100963,1.0115439954421764e-05,0.285883359971976,11.743470483459532,3
normalized_vmin1e-05,normalized,1e-05,1.0,7,15,1,7,3.6793520367469924e-06,0.11238536441473534,3.668534967165262e-06,0.11181792563713533,11.818889330141246,3
normalized_vmin1e-05,normalized,1e-05,1.0,7,15,1,8,8.237033826157481e-07,0.020440091272167504,8.111351616998895e-07,0.01981387325489925,11.886640939861536,3
normalized_vmin1e-05,normalized,1e-05,1.0,7,15,1,9,3.085151152017357e-07,0.003567789538971744,2.9563055396488694e-07,0.002930785311238915,16.782225424889475,4
normalized_vmin1e-05,normalized,1e-05,1.0,7,15,1,10,2.947419076644444e-07,0.003117481135005873,2.81818176968978e-07,0.002480189031836999,16.857820224948227,4
normalized_vmin1e-05,normalized,1e-05,1.0,7,15,1,11,2.95535489880275e-07,0.003137003888484924,2.8263179151214097e-07,0.002499724265920711,16.928042555227876,4
normalized_vmin1e-05,normalized,1e-05,1.0,7,15,1,12,2.9481773570039945e-07,0.0031190312169893097,2.81920071497871e-07,0.0024817401047647625,21.316199271008372,5
normalized_vmin1e-05,normalized,1e-05,1.0,7,15,1,13,2.9473469830758073e-07,0.0031172992793492282,2.81810446088423e-07,0.0024800070599227952,21.39308885484934,5
normalized_vmin1e-05,normalized,1e-05,1.0,7,15,1,14,2.955267382380588e-07,0.003136971309307457,2.8262457868329603e-07,0.002499691665915904,21.46405092580244,5
normalized_vmin1e-05,normalized,1e-05,1.0,7,15,1,15,2.9481295166670915e-07,0.003119016453113188,2.8191729803943327e-07,0.002481725331450191,26.1984123098664,6
normalized_vmin1e-05,normalized,1e-05,1.0,7,31,0,1,0.0012751880341443096,0.7782623746751214,0.001275183728313809,0.7785147301012507,3.04682995704934,1
normalized_vmin1e-05,normalized,1e-05,1.0,7,31,0,2,0.00010258358649275402,0.6728320933058712,0.00010257136896130677,0.6732044369547612,8.268336745444685,2
normalized_vmin1e-05,normalized,1e-05,1.0,7,31,0,3,2.7970290238768466e-05,0.526717458882582,2.7919070127553e-05,0.5272560928522041,12.948695319704711,3
normalized_vmin1e-05,normalized,1e-05,1.0,7,31,0,4,1.2680254520016873e-05,0.342960314276338,1.2611545648510894e-05,0.34370807880043164,17.3859312357381,4
normalized_vmin1e-05,normalized,1e-05,1.0,7,31,0,5,4.999247861321786e-06,0.15593478978219377,4.934124316239442e-06,0.15689540454251438,22.093672210350633,5
normalized_vmin1e-05,normalized,1e-05,1.0,7,31,0,6,1.1306296428646694e-06,0.03388229628183126,1.069766955270156e-06,0.034981816692297274,26.873915396165103,6
normalized_vmin1e-05,normalized,1e-05,1.0,7,31,0,7,1.1581088095522478e-07,0.0006600561187440901,5.611330670294922e-08,0.0017973861366731292,31.59575784392655,7
normalized_vmin1e-05,normalized,1e-05,1.0,7,31,0,8,1.3086473469514222e-07,0.001153156701635405,1.6826256570488492e-09,1.3763100255914651e-05,36.44201162783429,8
normalized_vmin1e-05,normalized,1e-05,1.0,7,31,0,9,1.3101240975093675e-07,0.0011581225308923138,1.832413425758016e-09,1.872327799579132e-05,41.24223966570571,9
normalized_vmin1e-05,normalized,1e-05,1.0,7,31,0,10,1.3101309082563345e-07,0.001158137509527979,1.8295508407415763e-09,1.8738239584648042e-05,46.16443473985419,10
normalized_vmin1e-05,normalized,1e-05,1.0,7,31,0,11,1.310141716346055e-07,0.0011580991822772724,1.8274610532344443e-09,1.8699955953271896e-05,50.331279806792736,11
normalized_vmin1e-05,normalized,1e-05,1.0,7,31,0,12,1.3101652462090766e-07,0.0011580786116494046,1.8227499551049995e-09,1.867940873667706e-05,54.43864393187687,12
normalized_vmin1e-05,normalized,1e-05,1.0,7,31,0,13,1.310142347218769e-07,0.0011580859484949801,1.8310507269248477e-09,1.868673723248726e-05,59.30576731171459,13
normalized_vmin1e-05,normalized,1e-05,1.0,7,31,0,14,1.310140183707259e-07,0.00115812028232809,1.8328825920491197e-09,1.872103199085373e-05,64.05864603072405,14
normalized_vmin1e-05,normalized,1e-05,1.0,7,31,0,15,1.3101549998256637e-07,0.0011581403641334198,1.8302892076389038e-09,1.8741090941354344e-05,69.4746325109154,15
normalized_vmin1e-05,normalized,1e-05,1.0,7,31,1,1,0.001275364878600914,0.7782706833971457,0.001275350342041477,0.7784014262376645,2.9277186025865376,1
normalized_vmin1e-05,normalized,1e-05,1.0,7,31,1,2,0.00010275887202259136,0.6728716752234185,0.00010273840745886827,0.6730645666599265,7.105456251651049,2
normalized_vmin1e-05,normalized,1e-05,1.0,7,31,1,3,2.8137713391661325e-05,0.5268592999748445,2.8106331183092044e-05,0.5271382877065263,7.180807649623603,2
normalized_vmin1e-05,normalized,1e-05,1.0,7,31,1,4,1.2847950764566009e-05,0.3433944062381856,1.2818047323692604e-05,0.3437815741677326,7.24873239453882,2
normalized_vmin1e-05,normalized,1e-05,1.0,7,31,1,5,5.188790785465097e-06,0.15702572174440166,5.162149793310469e-06,0.15752278209398496,12.11144512752071,3
normalized_vmin1e-05,normalized,1e-05,1.0,7,31,1,6,1.3481598115138704e-06,0.03587672661670249,1.3237104632556372e-06,0.036445222552665135,12.183280747383833,3
normalized_vmin1e-05,normalized,1e-05,1.0,7,31,1,7,3.483897769004571e-07,0.0031463657755971264,3.2452018799756477e-07,0.0037341611908218164,12.273716951254755,3
normalized_vmin1e-05,normalized,1e-05,1.0,7,31,1,8,2.947696059184233e-07,0.0013894576696066308,2.709347668378337e-07,0.00197828904687658,16.458442686125636,4
normalized_vmin1e-05,normalized,1e-05,1.0,7,31,1,9,2.943943972196839e-07,0.0013780533233457293,2.705614781750663e-07,0.0019668914251960157,16.53103840397671,4
normalized_vmin1e-05,normalized,1e-05,1.0,7,31,1,10,2.9446767443443107e-07,0.001379433788029627,2.706337599677798e-07,0.0019682710758880395,16.597064685542136,4
normalized_vmin1e-05,normalized,1e-05,1.0,7,31,1,11,2.9463006189224777e-07,0.001384817732068666,2.707924751882911e-07,0.001973651845280866,21.12483350513503,5
normalized_vmin1e-05,normalized,1e-05,1.0,7,31,1,12,2.94392891838039e-07,0.0013780015047659688,2.705617561026157e-07,0.001966839637171147,21.199938278179616,5
normalized_vmin1e-05,normalized,1e-05,1.0,7,31,1,13,2.944718811459483e-07,0.0013794708141943168,2.7063545099871797e-07,0.0019683080802201935,21.27116047916934,5
normalized_vmin1e-05,normalized,1e-05,1.0,7,31,1,14,2.946151809774084e-07,0.0013846642363528616,2.707824121529252e-07,0.001973498440073884,25.604492691345513,6
normalized_vmin1e-05,normalized,1e-05,1.0,7,31,1,15,2.943933156147618e-07,0.0013780665116742696,2.7056482082740325e-07,0.00196690460574811,25.681531477719545,6
normalized_vmin1e-05,normalized,1e-05,1.0,7,63,0,1,0.0003517269648359805,0.5768697314604534,0.00035170875192992403,0.5766844242593558,3.437335940077901,1
normalized_vmin1e-05,normalized,1e-05,1.0,7,63,0,2,2.5014865450116155e-05,0.4032162237361212,2.4974942982133895e-05,0.402954866089405,8.460451557300985,2
normalized_vmin1e-05,normalized,1e-05,1.0,7,63,0,3,6.977935545319532e-06,0.21118998661801636,6.885421355529907e-06,0.21084453230608058,13.57853055326268,3
normalized_vmin1e-05,normalized,1e-05,1.0,7,63,0,4,2.004395779887958e-06,0.06240727621661335,1.8972181395916077e-06,0.06199666346604504,18.2314340621233,4
normalized_vmin1e-05,normalized,1e-05,1.0,7,63,0,5,2.814749862778144e-07,0.006081872970231661,1.7350696278687472e-07,0.005646592868726041,22.566416826099157,5
normalized_vmin1e-05,normalized,1e-05,1.0,7,63,0,6,1.1069734322271445e-07,0.00048598770327912266,2.659656499672539e-09,4.8256919528255615e-05,27.53188345208764,6
normalized_vmin1e-05,normalized,1e-05,1.0,7,63,0,7,1.092405394200423e-07,0.00043822959470007916,1.2044597868752507e-09,2.5923962325702377e-06,32.678005582187325,7
normalized_vmin1e-05,normalized,1e-05,1.0,7,63,0,8,1.0924598107128839e-07,0.00043824877417608654,1.2044540968636649e-09,2.6060838496100303e-06,37.27487263502553,8
normalized_vmin1e-05,normalized,1e-05,1.0,7,63,0,9,1.0924493255598956e-07,0.0004382121487102042,1.1992901913801621e-09,2.5913583541203877e-06,41.59734962694347,9
normalized_vmin1e-05,normalized,1e-05,1.0,7,63,0,10,1.0924853026102952e-07,0.0004383215098235915,1.2068180960916994e-09,2.597882425403597e-06,46.758471686858684,10
normalized_vmin1e-05,normalized,1e-05,1.0,7,63,0,11,1.092449428665557e-07,0.00043822562167350476,1.2014247805232467e-09,2.5754316699266866e-06,51.688381547573954,11
normalized_vmin1e-05,normalized,1e-05,1.0,7,63,0,12,1.0924800914394788e-07,0.000438219443333665,1.197291789397124e-09,2.5834118837497755e-06,56.08529800083488,12
normalized_vmin1e-05,normalized,1e-05,1.0,7,63,0,13,1.0924498404750528e-07,0.00043824042269735575,1.198347735268773e-09,2.573510250680755e-06,60.38714917516336,13
normalized_vmin1e-05,normalized,1e-05,1.0,7,63,0,14,1.0923813492947826e-07,0.0004382212200979563,1.2034063633220289e-09,2.587074546589463e-06,64.4364337013103,14
normalized_vmin1e-05,normalized,1e-05,1.0,7,63,0,15,1.0924518031949293e-07,0.00043819033021808007,1.1988496636219828e-09,2.5828683323236845e-06,68.95360957225785,15
normalized_vmin1e-05,normalized,1e-05,1.0,7,63,1,1,0.00035191778901935326,0.5769468797352049,0.000351914175828424,0.5765915720558207,3.1233494956977665,1
normalized_vmin1e-05,normalized,1e-05,1.0,7,63,1,2,2.519735561335719e-05,0.40353845443689207,2.5181912826172098e-05,0.4030375070204937,7.998373272828758,2
normalized_vmin1e-05,normalized,1e-05,1.0,7,63,1,3,7.141448969979495e-06,0.21213814640063944,7.112358929919497e-06,0.21147644848737857,8.071029889862984,2
normalized_vmin1e-05,normalized,1e-05,1.0,7,63,1,4,2.198969517275329e-06,0.06441304664502312,2.156107266007367e-06,0.06362727953130798,8.14055744279176,2
normalized_vmin1e-05,normalized,1e-05,1.0,7,63,1,5,5.011345580738278e-07,0.00890626292940555,4.567725428160215e-07,0.008073877588410272,12.2985694790259,3
normalized_vmin1e-05,normalized,1e-05,1.0,7,63,1,6,3.3510429321445835e-07,0.003467582163178995,2.906694616783291e-07,0.0026306290623696604,12.37107796780765,3
normalized_vmin1e-05,normalized,1e-05,1.0,7,63,1,7,3.3367044517673694e-07,0.0034229746252032456,2.892346921827954e-07,0.002585984060066049,12.44082213472575,3
normalized_vmin1e-05,normalized,1e-05,1.0,7,63,1,8,3.337417131265102e-07,0.0034213710933175268,2.892457377059409e-07,0.002584379181429397,17.201296214479953,4
normalized_vmin1e-05,normalized,1e-05,1.0,7,63,1,9,3.3372396725580235e-07,0.003422451178474062,2.8928547577776245e-07,0.002585460173712084,17.273579868488014,4
normalized_vmin1e-05,normalized,1e-05,1.0,7,63,1,10,3.336750827941111e-07,0.0034230034563943468,2.892382084343384e-07,0.0025860129154714473,17.34004874760285,4
normalized_vmin1e-05,normalized,1e-05,1.0,7,63,1,11,3.337499067982238e-07,0.0034214480392699143,2.892469387366031e-07,0.0025844561920059794,22.04969333158806,5
normalized_vmin1e-05,normalized,1e-05,1.0,7,63,1,12,3.337230405188471e-07,0.0034224273324583443,2.892869008164892e-07,0.0025854363076688314,22.121336672455072,5
normalized_vmin1e-05,normalized,1e-05,1.0,7,63,1,13,3.3367310902178616e-07,0.0034230024044455964,2.892358166547709e-07,0.0025860118626391815,22.190293895546347,5
normalized_vmin1e-05,normalized,1e-05,1.0,7,63,1,14,3.337493755760662e-07,0.0034213628442602007,2.8924870798264493e-07,0.002584370925443946,26.68522416660562,6
normalized_vmin1e-05,normalized,1e-05,1.0,7,63,1,15,3.337307717022943e-07,0.0034225676647350323,2.8929338008558934e-07,0.0025855767578057964,26.759439858607948,6
normalized_vmin1e-05,normalized,1e-05,1.0,7,127,0,1,7.581280089595037e-05,0.28204843947990454,7.581569455580738e-05,0.2826037574593614,6.505300872493535,2
normalized_vmin1e-05,normalized,1e-05,1.0,7,127,0,2,4.449849352479866e-06,0.10782296818613601,4.4146104332419e-06,0.10851304530814376,11.577902680262923,3
normalized_vmin1e-05,normalized,1e-05,1.0,7,127,0,3,5.960450868270152e-07,0.01626497805795002,5.280465365686379e-07,0.017025873046896067,16.672793390229344,4
normalized_vmin1e-05,normalized,1e-05,1.0,7,127,0,4,1.0585690910825968e-07,0.0003465127794204381,1.4511151540704258e-08,0.00043564826733044626,21.294150546193123,5
normalized_vmin1e-05,normalized,1e-05,1.0,7,127,0,5,1.1904529501545637e-07,0.0007703009427721952,1.3267960606463914e-09,3.770417999593434e-06,25.753435821738094,6
normalized_vmin1e-05,normalized,1e-05,1.0,7,127,0,6,1.1905244462144025e-07,0.0007705277583005543,1.3223493411272322e-09,3.5437779074554143e-06,30.533009516540915,7
normalized_vmin1e-05,normalized,1e-05,1.0,7,127,0,7,1.1905007954797115e-07,0.0007705157492852166,1.3214687640794565e-09,3.555777634001167e-06,35.33404545951635,8
normalized_vmin1e-05,normalized,1e-05,1.0,7,127,0,8,1.190519286980326e-07,0.0007705740786396742,1.3194940713685398e-09,3.4974933958986654e-06,40.472736325114965,9
normalized_vmin1e-05,normalized,1e-05,1.0,7,127,0,9,1.190537458524443e-07,0.0007705500072581195,1.3213710171041477e-09,3.521546158791189e-06,45.5462617338635,10
normalized_vmin1e-05,normalized,1e-05,1.0,7,127,0,10,1.1905812331629658e-07,0.0007706777845157831,1.3193398197468916e-09,3.4768752414926496e-06,50.631204085890204,11
normalized_vmin1e-05,normalized,1e-05,1.0,7,127,0,11,1.1905285104120436e-07,0.0007706154109250463,1.3171927348078509e-09,3.486695912879867e-06,55.10931298416108,12
normalized_vmin1e-05,normalized,1e-05,1.0,7,127,0,12,1.1905694370232715e-07,0.0007705959719122024,1.3165022041402652e-09,3.4837641289531263e-06,59.45380894234404,13
normalized_vmin1e-05,normalized,1e-05,1.0,7,127,0,13,1.1904954573023694e-07,0.0007706375427152246,1.3146255959947206e-09,3.471180612724112e-06,64.55777338379994,14
normalized_vmin1e-05,normalized,1e-05,1.0,7,127,0,14,1.1905663077038903e-07,0.000770648696797549,1.3166775286067172e-09,3.476632432830584e-06,69.42218353971839,15
normalized_vmin1e-05,normalized,1e-05,1.0,7,127,0,15,1.190483564223244e-07,0.0007705494925107637,1.322983097226183e-09,3.522060507910041e-06,74.03169078286737,16
normalized_vmin1e-05,normalized,1e-05,1.0,7,127,1,1,7.605268962865821e-05,0.282940174995958,7.600911411184876e-05,0.28178276780748623,6.57827949617058,2
normalized_vmin1e-05,normalized,1e-05,1.0,7,127,1,2,4.707684389402854e-06,0.11041646790129633,4.640565044259645e-06,0.10898058997466542,6.651124722324312,2
normalized_vmin1e-05,normalized,1e-05,1.0,7,127,1,3,8.762677198345552e-07,0.020790368059644293,8.021779182176242e-07,0.019209824529650588,6.721027156338096,2
normalized_vmin1e-05,normalized,1e-05,1.0,7,127,1,4,3.8291752132249985e-07,0.0048724338033927506,3.080239043167765e-07,0.003266197115183611,11.608899931423366,3
normalized_vmin1e-05,normalized,1e-05,1.0,7,127,1,5,3.708069322653323e-07,0.00447037631743652,2.958724884951985e-07,0.002863490667720625,11.683533848728985,3
normalized_vmin1e-05,normalized,1e-05,1.0,7,127,1,6,3.710631259852472e-07,0.004480910953463257,2.961653715267906e-07,0.0028740423077170396,11.755047716666013,3
normalized_vmin1e-05,normalized,1e-05,1.0,7,127,1,7,3.707403767112989e-07,0.004473460283006103,2.9582973145200574e-07,0.0028665796111231323,16.69105178769678,4
normalized_vmin1e-05,normalized,1e-05,1.0,7,127,1,8,3.7079505433247395e-07,0.004470077689140761,2.9585859099042877e-07,0.002863191557408551,16.7668498265557,4
normalized_vmin1e-05,normalized,1e-05,1.0,7,127,1,9,3.7105975212477414e-07,0.004480781948406287,2.961623021140145e-07,0.002873913094432856,16.837326751556247,4
normalized_vmin1e-05,normalized,1e-05,1.0,7,127,1,10,3.707420317440009e-07,0.004473495293109919,2.9583100961007286e-07,0.002866614677736745,21.781622824724764,5
normalized_vmin1e-05,normalized,1e-05,1.0,7,127,1,11,3.7079521311723297e-07,0.004470088462256938,2.958605073890651e-07,0.002863202347913707,21.856296938844025,5
normalized_vmin1e-05,normalized,1e-05,1.0,7,127,1,12,3.7105818921814697e-07,0.00448077747482023,2.96158227280777e-07,0.0028739086136260195,21.935653186868876,5
normalized_vmin1e-05,normalized,1e-05,1.0,7,127,1,13,3.707464384016806e-07,0.00447353773375514,2.958312716817957e-07,0.0028666571868855018,26.924766262527555,6
normalized_vmin1e-05,normalized,1e-05,1.0,7,127,1,14,3.7080490760102496e-07,0.0044701865409670916,2.9586982647773465e-07,0.002863300584932782,27.000187708530575,6
normalized_vmin1e-05,normalized,1e-05,1.0,7,127,1,15,3.710612237613888e-07,0.004480855573056219,2.96164171087886e-07,0.0028739868379203948,27.070257576182485,6
normalized_vmin1e-05,normalized,1e-05,1.0,7,255,0,1,8.221609833033912e-06,0.054804825151951175,8.167002459422238e-06,0.052916003237015063,8.730628520715982,2
normalized_vmin1e-05,normalized,1e-05,1.0,7,255,0,2,2.882691835433157e-07,0.006101066335861716,1.5201954903191288e-07,0.004114917721171341,13.811093855649233,3
normalized_vmin1e-05,normalized,1e-05,1.0,7,255,0,3,1.5272096757955664e-07,0.002006808647596947,1.556846878024681e-09,1.2478311445462964e-05,18.672521732281893,4
normalized_vmin1e-05,normalized,1e-05,1.0,7,255,0,4,1.519510978894129e-07,0.0019813245181368178,1.5688829901049659e-09,1.3056743985773167e-05,23.019565782044083,5
normalized_vmin1e-05,normalized,1e-05,1.0,7,255,0,5,1.5196511707416194e-07,0.0019813761710186784,1.5685661013574643e-09,1.3004987883924457e-05,27.895607620012015,6
normalized_vmin1e-05,normalized,1e-05,1.0,7,255,0,6,1.519524753215812e-07,0.0019813435441611293,1.5679214623386497e-09,1.3037679940985925e-05,32.69828778412193,7
normalized_vmin1e-05,normalized,1e-05,1.0,7,255,0,7,1.519555623615568e-07,0.0019812157807646003,1.5678747400554892e-09,1.3165698652395363e-05,37.53541829390451,8
normalized_vmin1e-05,normalized,1e-05,1.0,7,255,0,8,1.51949913306118e-07,0.001981362502627926,1.5661052997889807e-09,1.301868358871694e-05,42.40607491368428,9
normalized_vmin1e-05,normalized,1e-05,1.0,7,255,0,9,1.5195783332576571e-07,0.0019812876791335254,1.5758977271322942e-09,1.3093656606066872e-05,47.13262784574181,10
normalized_vmin1e-05,normalized,1e-05,1.0,7,255,0,10,1.5194499265527647e-07,0.0019812433036395793,1.57471383229561e-09,1.31381207773007e-05,51.839672352653,11
normalized_vmin1e-05,normalized,1e-05,1.0,7,255,0,11,1.5195660401652573e-07,0.001981314711909654,1.5738225485582575e-09,1.3066569809261352e-05,56.070715862791985,12
normalized_vmin1e-05,normalized,1e-05,1.0,7,255,0,12,1.5195537753856452e-07,0.001981290867553609,1.5755150133741486e-09,1.3090461814302401e-05,60.28578848391771,13
normalized_vmin1e-05,normalized,1e-05,1.0,7,255,0,13,1.519592977519311e-07,0.0019813679249389704,1.5744543448703021e-09,1.3013250442117652e-05,64.5719880531542,14
normalized_vmin1e-05,normalized,1e-05,1.0,7,255,0,14,1.5195055786898517e-07,0.0019813102552852513,1.5755668864375562e-09,1.3071035339429216e-05,69.56524537643418,15
normalized_vmin1e-05,normalized,1e-05,1.0,7,255,0,15,1.5195722541690764e-07,0.0019813236666885725,1.570366256058468e-09,1.3057597135546217e-05,74.50317040178925,16
normalized_vmin1e-05,normalized,1e-05,1.0,7,255,1,1,8.44419830021209e-06,0.055069455058585515,8.437767062651651e-06,0.05487449339536521,8.620544916018844,2
normalized_vmin1e-05,normalized,1e-05,1.0,7,255,1,2,4.6278509013264785e-07,0.006863467985531613,4.419378169986306e-07,0.006658560279750647,8.69615860003978,2
normalized_vmin1e-05,normalized,1e-05,1.0,7,255,1,3,3.1495051833967696e-07,0.002864591846198583,2.9396551969766295e-07,0.0026588590770864062,8.765467839315534,2
normalized_vmin1e-05,normalized,1e-05,1.0,7,255,1,4,3.1396580121375534e-07,0.002835706769623192,2.9300226273434404e-07,0.0026299680408321535,13.512789967935532,3
normalized_vmin1e-05,normalized,1e-05,1.0,7,255,1,5,3.137215617623718e-07,0.002830020378973508,2.927348798664933e-07,0.0026242804769447403,13.585914534982294,3
normalized_vmin1e-05,normalized,1e-05,1.0,7,255,1,6,3.1419110265493817e-07,0.0028402230568057574,2.9320941072516867e-07,0.002634485259832342,13.659244019072503,3
normalized_vmin1e-05,normalized,1e-05,1.0,7,255,1,7,3.1396907345134555e-07,0.002835769680842315,2.9300742141458294e-07,0.002630030965031338,18.174442743882537,4
normalized_vmin1e-05,normalized,1e-05,1.0,7,255,1,8,3.137102878858997e-07,0.002829961771091516,2.9272753901356165e-07,0.0026242218569706433,18.260171934962273,4
normalized_vmin1e-05,normalized,1e-05,1.0,7,255,1,9,3.1419133170465803e-07,0.002840134846680331,2.932089694856453e-07,0.0026343970315069187,18.330537917092443,4
normalized_vmin1e-05,normalized,1e-05,1.0,7,255,1,10,3.1396858767105207e-07,0.0028356982336159575,2.930051214909579e-07,0.0026299595030636613,23.333605860359967,5
normalized_vmin1e-05,normalized,1e-05,1.0,7,255,1,11,3.1371235066552413e-07,0.0028299326487752907,2.927274857408881e-07,0.00262419272864578,23.409134305547923,5
normalized_vmin1e-05,normalized,1e-05,1.0,7,255,1,12,3.1419122777586687e-07,0.002840108518289197,2.9320233173224907e-07,0.0026343706976836856,23.479003216605633,5
normalized_vmin1e-05,normalized,1e-05,1.0,7,255,1,13,3.139666706932451e-07,0.002835681588692851,2.9300514292766435e-07,0.002629942854706413,28.391244960948825,6
normalized_vmin1e-05,normalized,1e-05,1.0,7,255,1,14,3.137117681798314e-07,0.002829933039129484,2.9272848674923957e-07,0.0026241931190804646,28.465213683899492,6
normalized_vmin1e-05,normalized,1e-05,1.0,7,255,1,15,3.141939729320573e-07,0.002840145228529045,2.9321036374279496e-07,0.002634407415497697,28.53645720379427,6
normalized_vmin1e-05,normalized,1e-05,1.0,7,511,0,1,2.1870725000666102e-07,0.0019687052170581643,1.945372879567083e-07,0.002528640606558441,12.026584662962705,2
normalized_vmin1e-05,normalized,1e-05,1.0,7,511,0,2,1.0688187243683615e-07,0.0005565375865306255,1.3583388364602422e-09,4.814564969146673e-06,16.711362860165536,3
normalized_vmin1e-05,normalized,1e-05,1.0,7,511,0,3,1.0716777763943524e-07,0.0005661138601700255,1.367575095322874e-09,4.756335998390426e-06,21.788567554205656,4
normalized_vmin1e-05,normalized,1e-05,1.0,7,511,0,4,1.0716468204693749e-07,0.000566172055281422,1.3622631862783314e-09,4.81449846012616e-06,26.61610476206988,5
normalized_vmin1e-05,normalized,1e-05,1.0,7,511,0,5,1.0716724267871138e-07,0.0005661703615011948,1.3655853164571113e-09,4.812805630249883e-06,31.416177766397595,6
normalized_vmin1e-05,normalized,1e-05,1.0,7,511,0,6,1.0716489471927532e-07,0.0005661332137545383,1.3569548503643497e-09,4.775678724922017e-06,35.77225872920826,7
normalized_vmin1e-05,normalized,1e-05,1.0,7,511,0,7,1.0715903997906312e-07,0.0005660364179387312,1.3612744215780613e-09,4.678937215452095e-06,40.66798185184598,8
normalized_vmin1e-05,normalized,1e-05,1.0,7,511,0,8,1.0715897999869501e-07,0.0005661085963517554,1.3641060376401578e-09,4.751075133535565e-06,45.61298125516623,9
normalized_vmin1e-05,normalized,1e-05,1.0,7,511,0,9,1.0716481016272397e-07,0.0005661561369578738,1.3654601335933618e-09,4.798589067211978e-06,50.63760227197781,10
normalized_vmin1e-05,normalized,1e-05,1.0,7,511,0,10,1.0716077542649816e-07,0.0005659536169217994,1.3620068091952753e-09,4.59618265291617e-06,55.26907664909959,11
normalized_vmin1e-05,normalized,1e-05,1.0,7,511,0,11,1.0716730283434755e-07,0.0005661137140893224,1.3637548127146853e-09,4.756189999621796e-06,60.142619408201426,12
normalized_vmin1e-05,normalized,1e-05,1.0,7,511,0,12,1.0716939411115206e-07,0.000566152495117267,1.3695650589875088e-09,4.7949492700816165e-06,65.0770973386243,13
normalized_vmin1e-05,normalized,1e-05,1.0,7,511,0,13,1.0716255590011758e-07,0.0005661556042941829,1.37055682891663e-09,4.798056702393083e-06,69.90139159560204,14
normalized_vmin1e-05,normalized,1e-05,1.0,7,511,0,14,1.0715888330646884e-07,0.0005660465353223287,1.3643078362772303e-09,4.689048922479344e-06,74.86580694187433,15
normalized_vmin1e-05,normalized,1e-05,1.0,7,511,0,15,1.0716501553600949e-07,0.0005661347657708315,1.3644612102338318e-09,4.7772298703563365e-06,79.32972738519311,16
normalized_vmin1e-05,normalized,1e-05,1.0,7,511,1,1,4.0051648285835956e-07,0.0030572210301069713,4.671341276228885e-07,0.004768056020250211,11.801288179121912,2
normalized_vmin1e-05,normalized,1e-05,1.0,7,511,1,2,2.2887103339002977e-07,0.0007843234524850251,2.8695503378459625e-07,0.002499058919954389,11.904806356877089,2
normalized_vmin1e-05,normalized,1e-05,1.0,7,511,1,3,2.2936472832985817e-07,0.0007928818705211782,2.8746433378280784e-07,0.002507602651048213,11.974040927831084,2
normalized_vmin1e-05,normalized,1e-05,1.0,7,511,1,4,2.2916290603426775e-07,0.0007880566619690166,2.8725262659276687e-07,0.002502785722946932,17.29523037513718,3
normalized_vmin1e-05,normalized,1e-05,1.0,7,511,1,5,2.286248277511761e-07,0.0007765490663892427,2.86710863228484e-07,0.0024912978753383053,17.37024341383949,3
normalized_vmin1e-05,normalized,1e-05,1.0,7,511,1,6,2.2936227133734942e-07,0.0007928839387755238,2.8745901598045025e-07,0.0025076047157533976,17.439797051716596,3
normalized_vmin1e-05,normalized,1e-05,1.0,7,511,1,7,2.2916544207754255e-07,0.0007880695429117734,2.8726064681786236e-07,0.0025027985817849263,22.117057893425226,4
normalized_vmin1e-05,normalized,1e-05,1.0,7,511,1,8,2.286257345175712e-07,0.0007765572253239927,2.867124618462608e-07,0.0024913060202714776,22.19220927450806,4
normalized_vmin1e-05,normalized,1e-05,1.0,7,511,1,9,2.2936225965299408e-07,0.0007928077312947535,2.874654738180515e-07,0.0025075286390507934,22.26027158740908,4
normalized_vmin1e-05,normalized,1e-05,1.0,7,511,1,10,2.2916254859586094e-07,0.000788048815552056,2.872522725635423e-07,0.002502777889994978,27.25664783641696,5
normalized_vmin1e-05,normalized,1e-05,1.0,7,511,1,11,2.2862032122602157e-07,0.0007765750846749908,2.867118484159778e-07,0.002491323848974436,27.331257197540253,5
normalized_vmin1e-05,normalized,1e-05,1.0,7,511,1,12,2.2936308187222973e-07,0.0007929094584845364,2.874662170901336e-07,0.002507630191668442,27.40036799153313,5
normalized_vmin1e-05,normalized,1e-05,1.0,7,511,1,13,2.2916784048177845e-07,0.000788023207929478,2.87255174953588e-07,0.002502752326317248,32.33859587693587,6
normalized_vmin1e-05,normalized,1e-05,1.0,7,511,1,14,2.2862629673252205e-07,0.0007766267001672045,2.8671474500572145e-07,0.0024913753758902812,32.415215213317424,6
normalized_vmin1e-05,normalized,1e-05,1.0,7,511,1,15,2.293684103128434e-07,0.000792905957723411,2.8746750307726864e-07,0.002507626696914955,32.484801249112934,6
normalized_vmin1e-05,normalized,1e-05,1.0,6,15,0,1,0.004198409610793532,0.8877903137636559,0.004198422347270042,0.8879850090938639,4.383736215066165,2
normalized_vmin1e-05,normalized,1e-05,1.0,6,15,0,2,0.00040834309099971474,0.8323925617165897,0.00040835735785150405,0.8326833778362709,4.447744196280837,2
normalized_vmin1e-05,normalized,1e-05,1.0,6,15,0,3,0.00010421626627126897,0.7509452647972223,0.00010421919949918846,0.7513774003421702,8.913651935290545,3
normalized_vmin1e-05,normalized,1e-05,1.0,6,15,0,4,4.734338978453132e-05,0.6341491811120115,4.7338013906897796e-05,0.6347839698577906,8.9942782423459,3
normalized_vmin1e-05,normalized,1e-05,1.0,6,15,0,5,2.228237063276449e-05,0.4757309298947281,2.226904193577672e-05,0.4766405905768458,9.066060358192772,3
normalized_vmin1e-05,normalized,1e-05,1.0,6,15,0,6,9.995064077029146e-06,0.2857150067805637,9.986449544331399e-06,0.2869543646050259,9.13402991835028,3
normalized_vmin1e-05,normalized,1e-05,1.0,6,15,0,7,3.5499695875509668e-06,0.11095709195414738,3.5291403343998214e-06,0.11249967270948835,13.770380092319101,4
normalized_vmin1e-05,normalized,1e-05,1.0,6,15,0,8,6.69001699595671e-07,0.01810575729625652,6.508303121025465e-07,0.01980944465360135,13.850510810967535,4
normalized_vmin1e-05,normalized,1e-05,1.0,6,15,0,9,1.4491782342939747e-07,0.0009365365479431231,1.2773846660065822e-07,0.0026700142666652438,13.924883051775396,4
normalized_vmin1e-05,normalized,1e-05,1.0,6,15,0,10,1.3075393645156286e-07,0.0004776779295873057,1.1354296208813933e-07,0.002211951815139779,13.991976336576045,4
normalized_vmin1e-05,normalized,1e-05,1.0,6,15,0,11,1.304362552893604e-07,0.0004644609346583506,1.1316210651655161e-07,0.0021987577530544478,18.297520303633064,5
normalized_vmin1e-05,normalized,1e-05,1.0,6,15,0,12,1.302933810442548e-07,0.00045735720373007993,1.1306398011250886e-07,0.002191666347828969,18.375865876674652,5
normalized_vmin1e-05,normalized,1e-05,1.0,6,15,0,13,1.307624032046353e-07,0.0004727519554520443,1.1361675558347776e-07,0.0022070343880754573,18.449001638684422,5
normalized_vmin1e-05,normalized,1e-05,1.0,6,15,0,14,1.307523779273893e-07,0.0004774291423140786,1.1353715015997417e-07,0.002211703459538028,18.51589827053249,5
normalized_vmin1e-05,normalized,1e-05,1.0,6,15,0,15,1.3044215794118827e-07,0.00046440943102299403,1.1316260547964237e-07,0.002198706338783163,22.72052246425301,6
normalized_vmin1e-05,normalized,1e-05,1.0,6,15,1,1,0.0041985545138733035,0.8877898609196111,0.004198568911430065,0.8880865024221409,2.499923614319414,1
normalized_vmin1e-05,normalized,1e-05,1.0,6,15,1,2,0.0004084809103937394,0.8323912457226753,0.0004084997502060562,0.8328343403762729,2.5636145593598485,1
normalized_vmin1e-05,normalized,1e-05,1.0,6,15,1,3,0.00010434165999595987,0.7509412311663008,0.00010435744779839436,0.7515996490954696,7.024359511677176,2
normalized_vmin1e-05,normalized,1e-05,1.0,6,15,1,4,4.74623252968057e-05,0.6341363273714324,4.7485903821041816e-05,0.6351035336369184,7.098982557654381,2
normalized_vmin1e-05,normalized,1e-05,1.0,6,15,1,5,2.2398891224611567e-05,0.47569304673662927,2.2434836330002345e-05,0.4770791175826107,7.167945234104991,2
normalized_vmin1e-05,normalized,1e-05,1.0,6,15,1,6,1.0116260885450032e-05,0.28560716316569335,1.0167210735632689e-05,0.2874957497609135,12.078608245123178,3
normalized_vmin1e-05,normalized,1e-05,1.0,6,15,1,7,3.6469891969536873e-06,0.11070577971625029,3.7119196895250763e-06,0.11305673994014775,12.152867819182575,3
normalized_vmin1e-05,normalized,1e-05,1.0,6,15,1,8,7.602627209250113e-07,0.01773393512261079,8.326848060416374e-07,0.02033067801730115,12.221734744962305,3
normalized_vmin1e-05,normalized,1e-05,1.0,6,15,1,9,2.3359659294200916e-07,0.0006825837719515171,3.074304140413041e-07,0.003125649408133202,16.960179895628244,4
normalized_vmin1e-05,normalized,1e-05,1.0,6,15,1,10,2.19064509111495e-07,0.0006820571393545416,2.924984045772867e-07,0.0026366711114090835,17.03374010277912,4
normalized_vmin1e-05,normalized,1e-05,1.0,6,15,1,11,2.2019774900506887e-07,0.0006836683739437355,2.9404868994429263e-07,0.0026843752436860324,17.102471567690372,4
normalized_vmin1e-05,normalized,1e-05,1.0,6,15,1,12,2.1929989601511467e-07,0.0006825847397686768,2.931687836261089e-07,0.002658749566886609,21.938409219495952,5
normalized_vmin1e-05,normalized,1e-05,1.0,6,15,1,13,2.1907716952781654e-07,0.0006820779703898827,2.92483760993754e-07,0.00263625031235748,22.02486398536712,5
normalized_vmin1e-05,normalized,1e-05,1.0,6,15,1,14,2.2020040568182734e-07,0.0006836738814588461,2.9405178851995233e-07,0.002684491927143262,22.09119659429416,5
normalized_vmin1e-05,normalized,1e-05,1.0,6,15,1,15,2.1930274539609025e-07,0.0006825568341072286,2.931693378268982e-07,0.0026586500778568167,26.365766627248377,6
normalized_vmin1e-05,normalized,1e-05,1.0,6,31,0,1,0.0012751763644708717,0.7782694914475459,0.0012751737159826194,0.7782397796350813,4.981641182210296,2
normalized_vmin1e-05,normalized,1e-05,1.0,6,31,0,2,0.00010257605959524588,0.6728608312965505,0.00010256686281148101,0.6728169947596041,9.99427887937054,3
normalized_vmin1e-05,normalized,1e-05,1.0,6,31,0,3,2.7976591386748177e-05,0.5268163690352963,2.7939110451138474e-05,0.526752962590255,10.075064737349749,3
normalized_vmin1e-05,normalized,1e-05,1.0,6,31,0,4,1.2695124910630284e-05,0.34325357864507544,1.2637702197748405e-05,0.34316557484877586,10.147712008561939,3
normalized_vmin1e-05,normalized,1e-05,1.0,6,31,0,5,5.024718244604147e-06,0.15667000124028485,4.966099266080002e-06,0.15655699530829803,10.215651052538306,3
normalized_vmin1e-05,normalized,1e-05,1.0,6,31,0,6,1.186042503428252e-06,0.03523169653756297,1.1156569733188917e-06,0.03510241791419555,15.25162597047165,4
normalized_vmin1e-05,normalized,1e-05,1.0,6,31,0,7,1.82072452703792e-07,0.0023641015861164405,1.1136220667046874e-07,0.002230418716244076,15.332823400385678,4
normalized_vmin1e-05,normalized,1e-05,1.0,6,31,0,8,1.2658853487075908e-07,0.0005421406263775852,5.6030544710624876e-08,0.0004082136143583881,15.406689621508121,4
normalized_vmin1e-05,normalized,1e-05,1.0,6,31,0,9,1.270368372379861e-07,0.0005638228710528326,5.668393138178154e-08,0.0004298987644469898,15.47536068642512,4
normalized_vmin1e-05,normalized,1e-05,1.0,6,31,0,10,1.271300576406052e-07,0.0005644000883990863,5.659851589197591e-08,0.0004304760591402612,20.579129939433187,5
normalized_vmin1e-05,normalized,1e-05,1.0,6,31,0,11,1.2773836399932693e-07,0.0005837929702472433,5.702266391769518e-08,0.000449871539627944,20.659257795196027,5
normalized_vmin1e-05,normalized,1e-05,1.0,6,31,0,12,1.2643826417142937e-07,0.0005370575151997237,5.5873181648499206e-08,0.0004031298220453783,20.732237375341356,5
normalized_vmin1e-05,normalized,1e-05,1.0,6,31,0,13,1.2704013065296192e-07,0.0005638410451185294,5.6681036130729425e-08,0.00042991694094807187,20.800087545532733,5
normalized_vmin1e-05,normalized,1e-05,1.0,6,31,0,14,1.2712546362464165e-07,0.0005643609705714425,5.6596707535786915e-08,0.00043043693607081046,25.834949243348092,6
normalized_vmin1e-05,normalized,1e-05,1.0,6,31,0,15,1.2774465447606221e-07,0.0005837318165521355,5.702541490598868e-08,0.00044981037773828003,25.92456497438252,6
normalized_vmin1e-05,normalized,1e-05,1.0,6,31,1,1,0.0012753567299104462,0.7782774264918295,0.0012753582758027909,0.7782125466809687,3.1260793283581734,1
normalized_vmin1e-05,normalized,1e-05,1.0,6,31,1,2,0.00010274339209949743,0.6728976260700458,0.00010274062492412556,0.6728019103302503,8.228455820120871,2
normalized_vmin1e-05,normalized,1e-05,1.0,6,31,1,3,2.8116473452270522e-05,0.5269466447037483,2.8100000385534278e-05,0.526808221214732,8.315563338808715,2
normalized_vmin1e-05,normalized,1e-05,1.0,6,31,1,4,1.2830424979178555e-05,0.34365631634104143,1.2809362976893787e-05,0.3434642589723139,8.383025745395571,2
normalized_vmin1e-05,normalized,1e-05,1.0,6,31,1,5,5.185619333870395e-06,0.15767230875963845,5.1600673286320475e-06,0.15742582929466664,12.99656924046576,3
normalized_vmin1e-05,normalized,1e-05,1.0,6,31,1,6,1.3611524328490675e-06,0.03705379823792532,1.3345021636487112e-06,0.03677202373724686,13.101032902486622,3
normalized_vmin1e-05,normalized,1e-05,1.0,6,31,1,7,3.7043253715995334e-07,0.004619520614480677,3.4351927466691606e-07,0.00432825529036307,13.171477059368044,3
normalized_vmin1e-05,normalized,1e-05,1.0,6,31,1,8,3.1728441212587683e-07,0.0028769675011317553,2.903461495857055e-07,0.002585192276219561,18.272798563353717,4
normalized_vmin1e-05,normalized,1e-05,1.0,6,31,1,9,3.1701102103657886e-07,0.0028703746353528903,2.900544128694253e-07,0.0025785974812556622,18.348031579516828,4
normalized_vmin1e-05,normalized,1e-05,1.0,6,31,1,10,3.174424516608505e-07,0.0028830769305353554,2.905119219151085e-07,0.002591303493346575,18.416480132378638,4
normalized_vmin1e-05,normalized,1e-05,1.0,6,31,1,11,3.1714057198082413e-07,0.002872342656435767,2.902017446214619e-07,0.0025805660782149964,23.64800922712311,5
normalized_vmin1e-05,normalized,1e-05,1.0,6,31,1,12,3.17007190910367e-07,0.0028703622684610464,2.9004792431810107e-07,0.0025785851107450464,23.723496089223772,5
normalized_vmin1e-05,normalized,1e-05,1.0,6,31,1,13,3.174462990438306e-07,0.002883109228507319,2.90515443068936e-07,0.002591335800769423,23.819484149105847,5
normalized_vmin1e-05,normalized,1e-05,1.0,6,31,1,14,3.1714546618509816e-07,0.0028722929742778236,2.902042214361137e-07,0.002580516381519349,28.763546888250858,6
normalized_vmin1e-05,normalized,1e-05,1.0,6,31,1,15,3.170073146852011e-07,0.002870342517601321,2.900500584129801e-07,0.002578565354105944,28.837261670269072,6
normalized_vmin1e-05,normalized,1e-05,1.0,6,63,0,1,0.0003517138692418635,0.5769518502448906,0.00035167792474714794,0.5758356198240887,5.15811650454998,2
normalized_vmin1e-05,normalized,1e-05,1.0,6,63,0,2,2.5018194503861554e-05,0.4035177695701275,2.4953578394365903e-05,0.4019439259982811,10.212774011772126,3
normalized_vmin1e-05,normalized,1e-05,1.0,6,63,0,3,7.014654482552617e-06,0.21204286091853242,6.899622052980594e-06,0.2099638027086338,10.291406049858779,3
normalized_vmin1e-05,normalized,1e-05,1.0,6,63,0,4,2.0683707089535258e-06,0.06420413211181986,1.933363641895089e-06,0.061734995168419515,10.409731840714812,3
normalized_vmin1e-05,normalized,1e-05,1.0,6,63,0,5,3.719750533475588e-07,0.008594909785197835,2.2767893746064076e-07,0.00597904555868789,10.477897144854069,3
normalized_vmin1e-05,normalized,1e-05,1.0,6,63,0,6,2.0464434918797563e-07,0.003118361760730659,6.00042603482009e-08,0.000488047430823646,15.170018248725682,4
normalized_vmin1e-05,normalized,1e-05,1.0,6,63,0,7,2.033034982345409e-07,0.003071868413773604,5.857144917040846e-08,0.00044143140920593904,15.24826512252912,4
normalized_vmin1e-05,normalized,1e-05,1.0,6,63,0,8,2.0429137299177768e-07,0.00310904009602353,5.990577253873013e-08,0.00047870117051029837,15.319790344685316,4
normalized_vmin1e-05,normalized,1e-05,1.0,6,63,0,9,2.0397653405642243e-07,0.0030900129358083506,5.924317267473259e-08,0.0004596238063288016,15.386573397554457,4
normalized_vmin1e-05,normalized,1e-05,1.0,6,63,0,10,2.0324344551254299e-07,0.003072514882082711,5.860404112246773e-08,0.00044207958324893326,19.76084283646196,5
normalized_vmin1e-05,normalized,1e-05,1.0,6,63,0,11,2.0329904295885055e-07,0.003071952662940247,5.857619782089659e-08,0.0004415158806674313,19.840491044335067,5
normalized_vmin1e-05,normalized,1e-05,1.0,6,63,0,12,2.0429426974783455e-07,0.00310901146299869,5.991081505283877e-08,0.00047867246193589175,19.91263085929677,5
normalized_vmin1e-05,normalized,1e-05,1.0,6,63,0,13,2.0397913290093577e-07,0.003090065229919059,5.92445109987934e-08,0.00045967623841969285,19.97972365655005,5
normalized_vmin1e-05,normalized,1e-05,1.0,6,63,0,14,2.0323448223698326e-07,0.00307250742965004,5.8598024541584595e-08,0.00044207211115276923,24.675185938365757,6
normalized_vmin1e-05,normalized,1e-05,1.0,6,63,0,15,2.0330409806239633e-07,0.0030719242622914145,5.8574753016910123e-08,0.0004414874050823192,24.753095417283475,6
normalized_vmin1e-05,normalized,1e-05,1.0,6,63,1,1,0.00035193042048706956,0.5769314889693898,0.0003519208911882362,0.5767859208831927,3.100878936238587,1
normalized_vmin1e-05,normalized,1e-05,1.0,6,63,1,2,2.520937964789851e-05,0.4034853146619579,2.5190850349842123e-05,0.4032800677601698,8.224725221283734,2
normalized_vmin1e-05,normalized,1e-05,1.0,6,63,1,3,7.148066980713439e-06,0.21198984980328217,7.120562990901067e-06,0.21171871374262707,8.302286054007709,2
normalized_vmin1e-05,normalized,1e-05,1.0,6,63,1,4,2.1932258134827816e-06,0.06410802381950964,2.1613448791212077e-06,0.06378600504404475,8.37322323396802,2
normalized_vmin1e-05,normalized,1e-05,1.0,6,63,1,5,4.915278411693252e-07,0.008481769279285567,4.5897928015723767e-07,0.008140610796646408,13.427672130987048,3
normalized_vmin1e-05,normalized,1e-05,1.0,6,63,1,6,3.2476049594702794e-07,0.0030146465772755704,2.9217732313156067e-07,0.0026716069842064316,13.50350512098521,3
normalized_vmin1e-05,normalized,1e-05,1.0,6,63,1,7,3.235309681569375e-07,0.0029741793091602187,2.909921286272208e-07,0.002631125792240341,13.574306187219918,3
normalized_vmin1e-05,normalized,1e-05,1.0,6,63,1,8,3.234249333503886e-07,0.002973784499759602,2.9082524039822906e-07,0.002630730846994944,18.439073433168232,4
normalized_vmin1e-05,normalized,1e-05,1.0,6,63,1,9,3.233685117531054e-07,0.002968982223038874,2.9078387338006716e-07,0.0026259269179219613,18.520025820005685,4
normalized_vmin1e-05,normalized,1e-05,1.0,6,63,1,10,3.235344644813765e-07,0.0029742662407813425,2.9099182325578016e-07,0.0026312127537726493,18.58904419420287,4
normalized_vmin1e-05,normalized,1e-05,1.0,6,63,1,11,3.2344098929344237e-07,0.002973881520304422,2.908309872232081e-07,0.0026308279009222835,23.024533609393984,5
normalized_vmin1e-05,normalized,1e-05,1.0,6,63,1,12,3.2337268076921703e-07,0.0029690834572269065,2.9078481293533804e-07,0.002626028186942353,23.09987336350605,5
normalized_vmin1e-05,normalized,1e-05,1.0,6,63,1,13,3.2352804426018654e-07,0.0029741237171370116,2.9098553295748083e-07,0.0026310701810892123,23.199118609074503,5
normalized_vmin1e-05,normalized,1e-05,1.0,6,63,1,14,3.234381371115084e-07,0.00297384898864006,2.908328248636097e-07,0.0026307953580646526,28.299100161064416,6
normalized_vmin1e-05,normalized,1e-05,1.0,6,63,1,15,3.2337155673902343e-07,0.002969053783587139,2.907867471241667e-07,0.0026259985030925304,28.374369342811406,6
normalized_vmin1e-05,normalized,1e-05,1.0,6,127,0,1,7.580560022550737e-05,0.28188762341193796,7.584147736340366e-05,0.28301093503557373,8.413194812368602,3
normalized_vmin1e-05,normalized,1e-05,1.0,6,127,0,2,4.456409314238366e-06,0.10739885172975738,4.459039170470391e-06,0.10879510846869078,8.51290730619803,3
normalized_vmin1e-05,normalized,1e-05,1.0,6,127,0,3,6.025532783203912e-07,0.015531883351230458,5.834362784852396e-07,0.017071843550474752,8.58715129736811,3
normalized_vmin1e-05,normalized,1e-05,1.0,6,127,0,4,1.6539719762476222e-07,0.001168068137571865,6.721311006669059e-08,0.00039801506168335443,8.654433531686664,3
normalized_vmin1e-05,normalized,1e-05,1.0,6,127,0,5,1.784905659854208e-07,0.0016003881511725826,5.606983202899142e-08,0.00010902826611125516,13.777759805321693,4
normalized_vmin1e-05,normalized,1e-05,1.0,6,127,0,6,1.786575597740606e-07,0.001604098145110866,5.611763800827976e-08,0.00010925623642832338,13.859354824293405,4
normalized_vmin1e-05,normalized,1e-05,1.0,6,127,0,7,1.7917123836074707e-07,0.0016217666101947525,5.679649397899127e-08,0.00010834063713716091,13.932548982091248,4
normalized_vmin1e-05,normalized,1e-05,1.0,6,127,0,8,1.7874653954830987e-07,0.0016053797825676952,5.6247930195878486e-08,0.00011035934536296477,14.00049722706899,4
normalized_vmin1e-05,normalized,1e-05,1.0,6,127,0,9,1.7849809156129657e-07,0.001600628682675298,5.6081432627114994e-08,0.00010902053142181067,18.96442005643621,5
normalized_vmin1e-05,normalized,1e-05,1.0,6,127,0,10,1.786657215205163e-07,0.0016041501573480499,5.612450796414737e-08,0.00010924421585989386,19.04537711525336,5
normalized_vmin1e-05,normalized,1e-05,1.0,6,127,0,11,1.7916399648244303e-07,0.0016215694951291493,5.6786678768338704e-08,0.00010835556426636028,19.11824117647484,5
normalized_vmin1e-05,normalized,1e-05,1.0,6,127,0,12,1.787474208460302e-07,0.0016053831975859634,5.624469504369802e-08,0.0001103532772599447,19.186135680414736,5
normalized_vmin1e-05,normalized,1e-05,1.0,6,127,0,13,1.7849917925143215e-07,0.001600673482909043,5.608258770040543e-08,0.00010903255085292773,24.172313392627984,6
normalized_vmin1e-05,normalized,1e-05,1.0,6,127,0,14,1.7866170976249185e-07,0.0016041364010672687,5.612459100014583e-08,0.00010925772100300879,24.2524917954579,6
normalized_vmin1e-05,normalized,1e-05,1.0,6,127,0,15,1.7916089496616616e-07,0.0016216680997607202,5.679421868697593e-08,0.00010836141814674072,24.326539327390492,6
normalized_vmin1e-05,normalized,1e-05,1.0,6,127,1,1,7.602226370216148e-05,0.28247805792610736,7.604556278432039e-05,0.2828357286055754,6.648635588120669,2
normalized_vmin1e-05,normalized,1e-05,1.0,6,127,1,2,4.6518000121821245e-06,0.10918381634860286,4.663730421490103e-06,0.10962787082415903,6.721469894051552,2
normalized_vmin1e-05,normalized,1e-05,1.0,6,127,1,3,7.940582599122308e-07,0.018696793908522746,8.04931273361772e-07,0.019185954398127314,6.791438994463533,2
normalized_vmin1e-05,normalized,1e-05,1.0,6,127,1,4,2.9229897186071286e-07,0.002478708001334873,3.0263801710699257e-07,0.002975952890127753,11.925743493717164,3
normalized_vmin1e-05,normalized,1e-05,1.0,6,127,1,5,2.79566082192984e-07,0.002059554772973815,2.899223036346662e-07,0.0025570086014675697,12.002033245749772,3
normalized_vmin1e-05,normalized,1e-05,1.0,6,127,1,6,2.798776463835417e-07,0.002067365294559642,2.902096058825865e-07,0.0025648152296608995,12.07399921445176,3
normalized_vmin1e-05,normalized,1e-05,1.0,6,127,1,7,2.796813391518546e-07,0.002065223788904502,2.900231123670369e-07,0.0025626747915045156,17.210704882629216,4
normalized_vmin1e-05,normalized,1e-05,1.0,6,127,1,8,2.7955927807547627e-07,0.0020591935257339156,2.8991402174523347e-07,0.002556647534302403,17.287002266850322,4
normalized_vmin1e-05,normalized,1e-05,1.0,6,127,1,9,2.798758476143223e-07,0.002067293271570625,2.902036965859546e-07,0.0025647432425739414,17.35604351013899,4
normalized_vmin1e-05,normalized,1e-05,1.0,6,127,1,10,2.796812650421638e-07,0.0020652534940578393,2.900284999487886e-07,0.002562704481850364,22.34346205322072,5
normalized_vmin1e-05,normalized,1e-05,1.0,6,127,1,11,2.795578624645515e-07,0.002059223581699854,2.899130367981615e-07,0.0025566775752859927,22.41929677920416,5
normalized_vmin1e-05,normalized,1e-05,1.0,6,127,1,12,2.7987760117503514e-07,0.002067401133842961,2.902092927827868e-07,0.0025648510510790645,22.48729491000995,5
normalized_vmin1e-05,normalized,1e-05,1.0,6,127,1,13,2.796785719765785e-07,0.0020652252920367875,2.9002434161905474e-07,0.0025626762938875114,27.30826782481745,6
normalized_vmin1e-05,normalized,1e-05,1.0,6,127,1,14,2.795632643165451e-07,0.002059234894425943,2.8991864831707774e-07,0.002556688882372926,27.384366523008794,6
normalized_vmin1e-05,normalized,1e-05,1.0,6,127,1,15,2.7987539715729833e-07,0.00206728705512349,2.9020210357329974e-07,0.002564737029225661,27.46281024767086,6
normalized_vmin1e-05,normalized,1e-05,1.0,6,255,0,1,8.186761336693002e-06,0.05364821007173726,8.164345009355596e-06,0.05323515746078544,9.980618528090417,3
normalized_vmin1e-05,normalized,1e-05,1.0,6,255,0,2,2.6072420979113633e-07,0.0042971720754757525,1.8231878574356003e-07,0.0038625792980504503,10.060568606015295,3
normalized_vmin1e-05,normalized,1e-05,1.0,6,255,0,3,1.1605507085293116e-07,0.00025160644746469174,6.003204785550513e-08,0.00033455580021723996,10.134981324430555,3
normalized_vmin1e-05,normalized,1e-05,1.0,6,255,0,4,1.1556300390553492e-07,0.00025091756081385697,5.980420335155673e-08,0.00033980703191693884,10.202598055824637,3
normalized_vmin1e-05,normalized,1e-05,1.0,6,255,0,5,1.1525078565805319e-07,0.00025109874302509105,6.052986485549609e-08,0.00035574523259662705,15.028221106622368,4
normalized_vmin1e-05,normalized,1e-05,1.0,6,255,0,6,1.1462889725093588e-07,0.0002500656959616432,6.076954823618961e-08,0.00036882804005489156,15.10693161888048,4
normalized_vmin1e-05,normalized,1e-05,1.0,6,255,0,7,1.1525625863235405e-07,0.0002516038456359393,6.08520824215439e-08,0.00036116090764082287,15.180460514500737,4
normalized_vmin1e-05,normalized,1e-05,1.0,6,255,0,8,1.155727087687094e-07,0.0002509158876262685,5.980224618790128e-08,0.0003397210896427527,15.248076766263694,4
normalized_vmin1e-05,normalized,1e-05,1.0,6,255,0,9,1.1525586513189899e-07,0.0002511024849385368,6.053181042736335e-08,0.0003557262941016326,20.23742365418002,5
normalized_vmin1e-05,normalized,1e-05,1.0,6,255,0,10,1.1462103815892711e-07,0.00025006623070122913,6.077107495480117e-08,0.0003689177060894888,20.3169326572679,5
normalized_vmin1e-05,normalized,1e-05,1.0,6,255,0,11,1.1525474969545433e-07,0.0002516071818372545,6.085540893644632e-08,0.00036121217998008603,20.391006341204047,5
normalized_vmin1e-05,normalized,1e-05,1.0,6,255,0,12,1.1556980844941531e-07,0.00025091583805281203,5.980242386071236e-08,0.00033975214631709605,20.45828127907589,5
normalized_vmin1e-05,normalized,1e-05,1.0,6,255,0,13,1.1525565956260666e-07,0.00025111054114912434,6.052747485740828e-08,0.00035564064831539177,25.553996347356588,6
normalized_vmin1e-05,normalized,1e-05,1.0,6,255,0,14,1.1462167992892675e-07,0.0002500693420253164,6.07681225452441e-08,0.0003689302603699929,25.6345090912655,6
normalized_vmin1e-05,normalized,1e-05,1.0,6,255,0,15,1.1525631820981909e-07,0.00025159987491107927,6.085034373800593e-08,0.0003611275782984258,25.707496529910713,6
normalized_vmin1e-05,normalized,1e-05,1.0,6,255,1,1,8.420149897292526e-06,0.05429850193403496,8.440817414235343e-06,0.05510266278129894,8.363861144054681,2
normalized_vmin1e-05,normalized,1e-05,1.0,6,255,1,2,4.2931834761560493e-07,0.005719597038365998,4.3640113075152346e-07,0.00656506611386054,8.438512539025396,2
normalized_vmin1e-05,normalized,1e-05,1.0,6,255,1,3,2.7905505837255964e-07,0.0016236354949364928,2.8515558232133323e-07,0.002472587500205292,8.507970831822604,2
normalized_vmin1e-05,normalized,1e-05,1.0,6,255,1,4,2.7908522287561986e-07,0.001617790070232994,2.8520462358517756e-07,0.002466747046057205,13.271592668723315,3
normalized_vmin1e-05,normalized,1e-05,1.0,6,255,1,5,2.79357982160891e-07,0.0016243347734270497,2.8547591032170494e-07,0.0024732861840764953,13.345099043566734,3
normalized_vmin1e-05,normalized,1e-05,1.0,6,255,1,6,2.7826376088669377e-07,0.0015981022211518647,2.8437264064439137e-07,0.0024470759381967078,13.414081207476556,3
normalized_vmin1e-05,normalized,1e-05,1.0,6,255,1,7,2.7909173057847085e-07,0.0016178393458625706,2.852147472486682e-07,0.0024667962797860765,18.567695370409638,4
normalized_vmin1e-05,normalized,1e-05,1.0,6,255,1,8,2.793528176096228e-07,0.0016243037879771771,2.854727699218453e-07,0.0024732552249746576,18.64232462644577,4
normalized_vmin1e-05,normalized,1e-05,1.0,6,255,1,9,2.782696910001802e-07,0.0015981414387646886,2.843668345671063e-07,0.0024471151224614296,18.712367228232324,4
normalized_vmin1e-05,normalized,1e-05,1.0,6,255,1,10,2.79089400084102e-07,0.0016178049594159916,2.852067687514887e-07,0.0024667619225794413,23.39687647530809,5
normalized_vmin1e-05,normalized,1e-05,1.0,6,255,1,11,2.7935286837998147e-07,0.001624371589516338,2.8546904349868016e-07,0.0024733229688599367,23.47194076422602,5
normalized_vmin1e-05,normalized,1e-05,1.0,6,255,1,12,2.782645642218245e-07,0.0015981194355978445,2.843647770913142e-07,0.002447093138004619,23.542848279234022,5
normalized_vmin1e-05,normalized,1e-05,1.0,6,255,1,13,2.7908376759526224e-07,0.0016177623953276266,2.852044306495646e-07,0.00246671939468468,28.244102934375405,6
normalized_vmin1e-05,normalized,1e-05,1.0,6,255,1,14,2.793572871180044e-07,0.0016244060781808178,2.854762235567216e-07,0.0024733574281974313,28.319661163259298,6
normalized_vmin1e-05,normalized,1e-05,1.0,6,255,1,15,2.7826783584668804e-07,0.0015981162871983035,2.8436876728334785e-07,0.0024470899922822698,28.389933828264475,6
normalized_vmin1e-05,normalized,1e-05,1.0,6,511,0,1,2.495975512603316e-07,0.00253211130685449,2.1081872816726267e-07,0.0023760731191327933,13.414457674138248,3
normalized_vmin1e-05,normalized,1e-05,1.0,6,511,0,2,1.0952199339326132e-07,0.00012089737996234806,5.665906222374181e-08,9.908150044957154e-05,13.496648872736841,3
normalized_vmin1e-05,normalized,1e-05,1.0,6,511,0,3,1.0934148390328332e-07,0.0001222227092025907,5.67378027586776e-08,0.00010900018422899116,13.570741897448897,3
normalized_vmin1e-05,normalized,1e-05,1.0,6,511,0,4,1.0958005770405352e-07,0.00012243642537312915,5.653180563751879e-08,9.83160649379311e-05,13.63876638840884,3
normalized_vmin1e-05,normalized,1e-05,1.0,6,511,0,5,1.0895987196018464e-07,0.00012091434407579538,5.717313815281134e-08,0.00011839846589944969,17.89510355051607,4
normalized_vmin1e-05,normalized,1e-05,1.0,6,511,0,6,1.0923676714309755e-07,0.00012089744964061122,5.694585373965843e-08,0.00010825887044085825,18.005940159782767,4
normalized_vmin1e-05,normalized,1e-05,1.0,6,511,0,7,1.0934599817470324e-07,0.00012222178003462592,5.675653593204246e-08,0.00010910734803992739,18.078393265604973,4
normalized_vmin1e-05,normalized,1e-05,1.0,6,511,0,8,1.0958804076410122e-07,0.00012247666080089648,5.6532410134707724e-08,9.827160533792956e-05,18.145046760793775,4
normalized_vmin1e-05,normalized,1e-05,1.0,6,511,0,9,1.0895904660364737e-07,0.00012093322291861774,5.71659667174196e-08,0.00011836173460966215,22.21005998365581,5
normalized_vmin1e-05,normalized,1e-05,1.0,6,511,0,10,1.0923144496626202e-07,0.00012089493062605872,5.6946016902459704e-08,0.000108355006113392,22.29137280769646,5
normalized_vmin1e-05,normalized,1e-05,1.0,6,511,0,11,1.0935121031038506e-07,0.00012218723161450118,5.674456424085308e-08,0.00010894484291057438,22.364762952551246,5
normalized_vmin1e-05,normalized,1e-05,1.0,6,511,0,12,1.0958938488881645e-07,0.00012244911485204124,5.653399961732226e-08,9.825792807505174e-05,22.4329664981924,5
normalized_vmin1e-05,normalized,1e-05,1.0,6,511,0,13,1.0895601275050701e-07,0.00012090520748109235,5.717569230567426e-08,0.00011847469221204499,26.661004128865898,6
normalized_vmin1e-05,normalized,1e-05,1.0,6,511,0,14,1.092381669032644e-07,0.00012089958635908005,5.69483784626462e-08,0.00010825550612802992,26.741294502746314,6
normalized_vmin1e-05,normalized,1e-05,1.0,6,511,0,15,1.0935026437263961e-07,0.00012220603955659382,5.6745486105349576e-08,0.00010901723886269643,26.81448886403814,6
normalized_vmin1e-05,normalized,1e-05,1.0,6,511,1,1,5.645209453925467e-07,0.0076497253264088405,4.62209007872248e-07,0.004654326233002992,11.808058707974851,2
normalized_vmin1e-05,normalized,1e-05,1.0,6,511,1,2,3.993964630881392e-07,0.0055942475900599975,2.8860851732107754e-07,0.0025926440582565435,11.883488629944623,2
normalized_vmin1e-05,normalized,1e-05,1.0,6,511,1,3,3.9902217961235484e-07,0.005580312348349881,2.8822006773090907e-07,0.0025786667531627616,11.955416422802955,2
normalized_vmin1e-05,normalized,1e-05,1.0,6,511,1,4,3.987336102020646e-07,0.005574974968910795,2.8792579032817697e-07,0.002573313262898669,17.068109025713056,3
normalized_vmin1e-05,normalized,1e-05,1.0,6,511,1,5,3.9918211303844274e-07,0.005587809046615044,2.883930661998969e-07,0.0025861860801345005,17.144930358510464,3
normalized_vmin1e-05,normalized,1e-05,1.0,6,511,1,6,3.99025910495101e-07,0.00558032694264643,2.8822315188346793e-07,0.002578681391511961,17.214602878317237,3
normalized_vmin1e-05,normalized,1e-05,1.0,6,511,1,7,3.9873888478652103e-07,0.0055751187276706915,2.879315668892234e-07,0.002573457455593009,22.186078228522092,4
normalized_vmin1e-05,normalized,1e-05,1.0,6,511,1,8,3.9918438270517676e-07,0.005587744903013281,2.8839405006549754e-07,0.0025861217429158367,22.258958478923887,4
normalized_vmin1e-05,normalized,1e-05,1.0,6,511,1,9,3.990234028569677e-07,0.005580256797484862,2.88220904828685e-07,0.0025786110346179836,22.32749238796532,4
normalized_vmin1e-05,normalized,1e-05,1.0,6,511,1,10,3.9874263791325024e-07,0.00557510669156791,2.8793368765261024e-07,0.0025734453831594006,27.118842840194702,5
normalized_vmin1e-05,normalized,1e-05,1.0,6,511,1,11,3.991878416641566e-07,0.0055877249314684185,2.8839650526920146e-07,0.0025861017110870854,27.195080798119307,5
normalized_vmin1e-05,normalized,1e-05,1.0,6,511,1,12,3.990162144728329e-07,0.005580198999716401,2.8821152539543335e-07,0.002578553062387634,27.265550367999822,5
normalized_vmin1e-05,normalized,1e-05,1.0,6,511,1,13,3.987379473113801e-07,0.005575196364516644,2.8792933074157196e-07,0.002573535326784948,32.28831292176619,6
normalized_vmin1e-05,normalized,1e-05,1.0,6,511,1,14,3.9918884676836975e-07,0.0055877401614587985,2.8839898857500895e-07,0.0025861169870491363,32.363442663569,6
normalized_vmin1e-05,normalized,1e-05,1.0,6,511,1,15,3.990224103138398e-07,0.005580279849046299,2.882201852411688e-07,0.0025786341557603176,32.43318489333615,6
normalized_vmin1e-05,normalized,1e-05,1.0,5,15,1,1,0.004198556221625068,0.8877898431731955,0.004198559058710293,0.888075149076335,2.6909888801164925,1
normalized_vmin1e-05,normalized,1e-05,1.0,5,15,1,2,0.0004084865854645621,0.8323911691862155,0.0004084900140032652,0.8328173319347738,2.7556651174090803,1
normalized_vmin1e-05,normalized,1e-05,1.0,5,15,1,3,0.000104354242409598,0.7509409670101332,0.00010435111316396236,0.7515742253028909,7.802523618098348,2
normalized_vmin1e-05,normalized,1e-05,1.0,5,15,1,4,4.7480156115803024e-05,0.6341361434451255,4.7484108204296856e-05,0.6350663900553462,7.878887360915542,2
normalized_vmin1e-05,normalized,1e-05,1.0,5,15,1,5,2.241760067981116e-05,0.4756901863000519,2.2433695814931152e-05,0.4770232981069753,7.949406104627997,2
normalized_vmin1e-05,normalized,1e-05,1.0,5,15,1,6,1.0133208390930891e-05,0.28559940885854807,1.0164250194808308e-05,0.28741584608333126,12.76040957076475,3
normalized_vmin1e-05,normalized,1e-05,1.0,5,15,1,7,3.6637762484700794e-06,0.11070466876408802,3.7084267405344184e-06,0.11296579391363737,12.836566309444606,3
normalized_vmin1e-05,normalized,1e-05,1.0,5,15,1,8,7.759463614411352e-07,0.017695884232791226,8.278037821535818e-07,0.0201934938149535,12.904638789128512,3
normalized_vmin1e-05,normalized,1e-05,1.0,5,15,1,9,2.493384572059505e-07,0.000673650224483624,3.025141941969645e-07,0.0029922455947611892,17.848147366195917,4
normalized_vmin1e-05,normalized,1e-05,1.0,5,15,1,10,2.3582559069098937e-07,0.0006738218505335514,2.890651994488368e-07,0.002547954167348432,17.922993105836213,4
normalized_vmin1e-05,normalized,1e-05,1.0,5,15,1,11,2.3618665261267315e-07,0.000677024672904869,2.8863732155179987e-07,0.0025298791578515223,17.99623847194016,4
normalized_vmin1e-05,normalized,1e-05,1.0,5,15,1,12,2.3609986599040173e-07,0.0006736547816317273,2.882680918609343e-07,0.002525529631208112,22.890919813886285,5
normalized_vmin1e-05,normalized,1e-05,1.0,5,15,1,13,2.3582272230552519e-07,0.0006738230929821398,2.8905845287388555e-07,0.002547694990970961,22.96343994466588,5
normalized_vmin1e-05,normalized,1e-05,1.0,5,15,1,14,2.361921995197332e-07,0.0006769994738419216,2.8863836094917866e-07,0.0025297856374071337,23.03118490241468,5
normalized_vmin1e-05,normalized,1e-05,1.0,5,15,1,15,2.361032923478356e-07,0.0006736498960635551,2.882691310796467e-07,0.0025255330818252375,28.01022760849446,6
normalized_vmin1e-05,normalized,1e-05,1.0,5,31,1,1,0.0012753558536127596,0.7782764743078139,0.0012753665855583043,0.7782246885894806,2.7096809041686356,1
normalized_vmin1e-05,normalized,1e-05,1.0,5,31,1,2,0.00010273888753403038,0.6728943527137774,0.00010274759375166497,0.6728179539605881,6.913488123100251,2
normalized_vmin1e-05,normalized,1e-05,1.0,5,31,1,3,2.8107851546823805e-05,0.5269366343044397,2.8105202319646364e-05,0.5268261456851864,6.990432870108634,2
normalized_vmin1e-05,normalized,1e-05,1.0,5,31,1,4,1.2816499266534583e-05,0.3436211772054383,1.2811991637216683e-05,0.34346787345144525,7.059702546335757,2
normalized_vmin1e-05,normalized,1e-05,1.0,5,31,1,5,5.16651929978385e-06,0.15759282201129454,5.160758084582025e-06,0.15739606949842921,11.363227602560073,3
normalized_vmin1e-05,normalized,1e-05,1.0,5,31,1,6,1.3405280367432881e-06,0.036923196706289074,1.3338765031371355e-06,0.03669826061115422,11.438842651899904,3
normalized_vmin1e-05,normalized,1e-05,1.0,5,31,1,7,3.4716464184199797e-07,0.004408188572775917,3.403275271024312e-07,0.004175658276495464,11.50775839574635,3
normalized_vmin1e-05,normalized,1e-05,1.0,5,31,1,8,2.951898750064137e-07,0.002702878147695764,2.8833294410036104e-07,0.002469949559330331,15.870229160878807,4
normalized_vmin1e-05,normalized,1e-05,1.0,5,31,1,9,2.954918924692713e-07,0.0027103928739455885,2.885956995027071e-07,0.0024774660407186344,15.946595347952098,4
normalized_vmin1e-05,normalized,1e-05,1.0,5,31,1,10,2.9390087057039096e-07,0.002663063340155314,2.870542995613945e-07,0.002430125452648535,16.01545611396432,4
normalized_vmin1e-05,normalized,1e-05,1.0,5,31,1,11,2.9505470705263554e-07,0.002698500978774443,2.881951607113199e-07,0.0024655713680780122,20.280888354871422,5
normalized_vmin1e-05,normalized,1e-05,1.0,5,31,1,12,2.954883155754344e-07,0.0027103586157319892,2.885866013186547e-07,0.002477431774503769,20.38073790119961,5
normalized_vmin1e-05,normalized,1e-05,1.0,5,31,1,13,2.939026891532458e-07,0.0026630664488933586,2.870501000751869e-07,0.0024301285621126656,20.4503175271675,5
normalized_vmin1e-05,normalized,1e-05,1.0,5,31,1,14,2.9505243364608843e-07,0.002698367130245516,2.881971283464371e-07,0.0024654374882875363,24.76307586580515,6
normalized_vmin1e-05,normalized,1e-05,1.0,5,31,1,15,2.954883768621645e-07,0.002710412765310699,2.885871727511807e-07,0.0024774859367295843,24.839128431864083,6
normalized_vmin1e-05,normalized,1e-05,1.0,5,63,1,1,0.00035193115288671386,0.5769027364071062,0.00035192475658799114,0.5770683639920247,3.366659822873771,1
normalized_vmin1e-05,normalized,1e-05,1.0,5,63,1,2,2.5211203137393147e-05,0.40338190958279885,2.5198675305192708e-05,0.40361546442216445,8.538014372810721,2
normalized_vmin1e-05,normalized,1e-05,1.0,5,63,1,3,7.145896773305991e-06,0.21170249022491983,7.127992166243116e-06,0.21201108076420283,8.613412006758153,2
normalized_vmin1e-05,normalized,1e-05,1.0,5,63,1,4,2.17856968602358e-06,0.06350283899555975,2.1622927206383243e-06,0.06386944444637976,8.683565544430166,2
normalized_vmin1e-05,normalized,1e-05,1.0,5,63,1,5,4.6972693871138657e-07,0.0076364798639001474,4.541020880106552e-07,0.008024955014520607,13.684252250473946,3
normalized_vmin1e-05,normalized,1e-05,1.0,5,63,1,6,3.019332852726751e-07,0.0021378042038764367,2.8635822683977663e-07,0.0025284318911550363,13.769681915640831,3
normalized_vmin1e-05,normalized,1e-05,1.0,5,63,1,7,2.998993697000465e-07,0.0020757122429038155,2.8435615949526363e-07,0.002466364236984653,13.84094003168866,3
normalized_vmin1e-05,normalized,1e-05,1.0,5,63,1,8,3.0022572415771905e-07,0.0020822440631046435,2.846678327430412e-07,0.0024728935002094055,18.47493831254542,4
normalized_vmin1e-05,normalized,1e-05,1.0,5,63,1,9,3.0052562636759316e-07,0.0020917237136848232,2.8495378238763624e-07,0.002482369439842258,18.551512009464204,4
normalized_vmin1e-05,normalized,1e-05,1.0,5,63,1,10,2.999010090803894e-07,0.0020756838754010243,2.8435463554226547e-07,0.0024663358805867563,18.62228982336819,4
normalized_vmin1e-05,normalized,1e-05,1.0,5,63,1,11,3.0023211807723155e-07,0.0020822797951426386,2.846740143695884e-07,0.0024729292182594786,23.802546770311892,5
normalized_vmin1e-05,normalized,1e-05,1.0,5,63,1,12,3.0052933118676284e-07,0.0020917635331931805,2.849525191700546e-07,0.002482409243762751,23.880339248571545,5
normalized_vmin1e-05,normalized,1e-05,1.0,5,63,1,13,2.999003175080712e-07,0.002075632566317931,2.843550346231362e-07,0.002466284591589374,23.948429403360933,5
normalized_vmin1e-05,normalized,1e-05,1.0,5,63,1,14,3.002357258485229e-07,0.0020824614023259302,2.8467476035418167e-07,0.002473110754350083,28.952492209151387,6
normalized_vmin1e-05,normalized,1e-05,1.0,5,63,1,15,3.005282009338688e-07,0.0020917885530996605,2.8495011131871796e-07,0.0024824342538748434,29.028858774341643,6
normalized_vmin1e-05,normalized,1e-05,1.0,5,127,1,1,7.600875490839526e-05,0.28216918138519953,7.606809112929242e-05,0.2836731583017936,6.466263459529728,2
normalized_vmin1e-05,normalized,1e-05,1.0,5,127,1,2,4.623182673260568e-06,0.10836225857279369,4.678141196895286e-06,0.11023039037529603,6.541076040361077,2
normalized_vmin1e-05,normalized,1e-05,1.0,5,127,1,3,7.48355054011535e-07,0.017284549079749967,8.057101035127612e-07,0.019343504080618357,6.610412819311023,2
normalized_vmin1e-05,normalized,1e-05,1.0,5,127,1,4,2.40095956793734e-07,0.0008747156652424426,2.9854909054768787e-07,0.0029680520412490585,11.131219489499927,3
normalized_vmin1e-05,normalized,1e-05,1.0,5,127,1,5,2.2710490393567623e-07,0.00044922352690668355,2.85506742836845e-07,0.0025434513808739734,11.223437454551458,3
normalized_vmin1e-05,normalized,1e-05,1.0,5,127,1,6,2.2660083987489763e-07,0.0004330988653449275,2.850333749481788e-07,0.0025273605032040125,11.289213716518134,3
normalized_vmin1e-05,normalized,1e-05,1.0,5,127,1,7,2.2719430256735199e-07,0.00045184748519966345,2.8567534935513203e-07,0.002546069841530607,16.236554042436182,4
normalized_vmin1e-05,normalized,1e-05,1.0,5,127,1,8,2.270955006956149e-07,0.0004489210002667221,2.8549477839691495e-07,0.0025431494880783223,16.311749525368214,4
normalized_vmin1e-05,normalized,1e-05,1.0,5,127,1,9,2.265964688377215e-07,0.0004330523079177917,2.8502772660994315e-07,0.002527314043322515,16.37893260642886,4
normalized_vmin1e-05,normalized,1e-05,1.0,5,127,1,10,2.271966741981944e-07,0.00045185275473158537,2.8567675127567335e-07,0.002546075100022027,21.386204987298697,5
normalized_vmin1e-05,normalized,1e-05,1.0,5,127,1,11,2.2710326267886736e-07,0.0004489408851064969,2.8550564923490734e-07,0.00254316933125609,21.46133633563295,5
normalized_vmin1e-05,normalized,1e-05,1.0,5,127,1,12,2.2659677073672344e-07,0.00043304073551175826,2.850306145161591e-07,0.002527302495162642,21.5315434737131,5
normalized_vmin1e-05,normalized,1e-05,1.0,5,127,1,13,2.2719061686650536e-07,0.0004518471709230587,2.8566793437898415e-07,0.0025460695279124756,25.834500716999173,6
normalized_vmin1e-05,normalized,1e-05,1.0,5,127,1,14,2.2709020103443977e-07,0.0004488833543851989,2.854931153749982e-07,0.0025431119210713726,25.913542028982192,6
normalized_vmin1e-05,normalized,1e-05,1.0,5,127,1,15,2.2659591668576262e-07,0.00043297211825421567,2.850278808048136e-07,0.0025272340216698774,25.98322186106816,6
normalized_vmin1e-05,normalized,1e-05,1.0,5,255,1,1,8.433265372931365e-06,0.05472238022597109,8.440600051473662e-06,0.05507977275207199,7.662849125918001,2
normalized_vmin1e-05,normalized,1e-05,1.0,5,255,1,2,4.5053339999218887e-07,0.006335193060640565,4.416551941479405e-07,0.0067108799149793175,7.738153904210776,2
normalized_vmin1e-05,normalized,1e-05,1.0,5,255,1,3,3.027596894997381e-07,0.002333131915686182,2.9382415935012924e-07,0.0027103318776160457,7.809542462229729,2
normalized_vmin1e-05,normalized,1e-05,1.0,5,255,1,4,3.0117148025974653e-07,0.0022837675213153164,2.921262530516906e-07,0.0026609861470379137,12.65850645210594,3
normalized_vmin1e-05,normalized,1e-05,1.0,5,255,1,5,3.007956220289907e-07,0.0022716851385584658,2.9165535275700767e-07,0.002648908332413491,12.731251368299127,3
normalized_vmin1e-05,normalized,1e-05,1.0,5,255,1,6,3.020011982228003e-07,0.002308778889414942,2.9306532815729085e-07,0.002685988058787503,12.800530408043414,3
normalized_vmin1e-05,normalized,1e-05,1.0,5,255,1,7,3.0116752725179856e-07,0.0022836786019221345,2.9211859024243355e-07,0.0026608972612635062,17.775717006996274,4
normalized_vmin1e-05,normalized,1e-05,1.0,5,255,1,8,3.0079043559028273e-07,0.0022716251619948613,2.9165249720505487e-07,0.0026488483785258587,17.851649190299213,4
normalized_vmin1e-05,normalized,1e-05,1.0,5,255,1,9,3.020042359629308e-07,0.002308810028877173,2.9307577396495507e-07,0.002686019186476485,17.918828749097884,4
normalized_vmin1e-05,normalized,1e-05,1.0,5,255,1,10,3.0116940710394477e-07,0.0022836492573324874,2.9212675558144396e-07,0.00266086792776854,22.773941630031914,5
normalized_vmin1e-05,normalized,1e-05,1.0,5,255,1,11,3.007959130518965e-07,0.00227167245333304,2.916570005505087e-07,0.0026488956519840068,22.852642802055925,5
normalized_vmin1e-05,normalized,1e-05,1.0,5,255,1,12,3.0200380397702896e-07,0.0023087525902135697,2.930706108894995e-07,0.002685961769529288,22.920587656088173,5
normalized_vmin1e-05,normalized,1e-05,1.0,5,255,1,13,3.0117003163973434e-07,0.0022837744474405453,2.9212436853056663e-07,0.0026609930705444595,27.654593378305435,6
normalized_vmin1e-05,normalized,1e-05,1.0,5,255,1,14,3.0079741527564674e-07,0.0022716621362907086,2.916581092122043e-07,0.002648885338842333,27.7273519593291,6
normalized_vmin1e-05,normalized,1e-05,1.0,5,255,1,15,3.0200335812291754e-07,0.0023087652211681853,2.9307202547535516e-07,0.0026859743957085014,27.79897478641942,6
normalized_vmin1e-05,normalized,1e-05,1.0,5,511,1,1,4.758695177661568e-07,0.00457348030802629,4.659146972054126e-07,0.004753676710770982,12.026535880286247,2
normalized_vmin1e-05,normalized,1e-05,1.0,5,511,1,2,3.0544587314064255e-07,0.002362100696099878,2.8774809907175037e-07,0.002542697412321604,12.10017346823588,2
normalized_vmin1e-05,normalized,1e-05,1.0,5,511,1,3,3.0550304363314104e-07,0.0023662200740721673,2.877878702744762e-07,0.0025468160445863974,12.169035943225026,2
normalized_vmin1e-05,normalized,1e-05,1.0,5,511,1,4,3.054956528909209e-07,0.0023676009548777577,2.877914071424115e-07,0.0025481966754189456,17.141792949289083,3
normalized_vmin1e-05,normalized,1e-05,1.0,5,511,1,5,3.0520846600336194e-07,0.002354584549106642,2.875059466841074e-07,0.002535182625933774,17.220142659265548,3
normalized_vmin1e-05,normalized,1e-05,1.0,5,511,1,6,3.055019021208989e-07,0.0023662409634054304,2.877881730258e-07,0.00254683693013813,17.285598136484623,3
normalized_vmin1e-05,normalized,1e-05,1.0,5,511,1,7,3.054946097876408e-07,0.002367558606762743,2.8778742090042114e-07,0.00254815433496991,22.116767440456897,4
normalized_vmin1e-05,normalized,1e-05,1.0,5,511,1,8,3.0520362392407247e-07,0.0023545835844855922,2.875065194412303e-07,0.0025351816614872513,22.19279125612229,4
normalized_vmin1e-05,normalized,1e-05,1.0,5,511,1,9,3.054984502325503e-07,0.0023661696271309873,2.8778112039111253e-07,0.002546765606777246,22.26291351625696,4
normalized_vmin1e-05,normalized,1e-05,1.0,5,511,1,10,3.054971873122908e-07,0.0023675845643930105,2.877907012847065e-07,0.0025481802879011584,26.958070545922965,5
normalized_vmin1e-05,normalized,1e-05,1.0,5,511,1,11,3.0520628348951483e-07,0.002354618949552023,2.875060157322783e-07,0.002535217020151803,27.029437015764415,5
normalized_vmin1e-05,normalized,1e-05,1.0,5,511,1,12,3.0549990920638833e-07,0.0023661838494547505,2.8778180253146137e-07,0.002546779826526402,27.09777850145474,5
normalized_vmin1e-05,normalized,1e-05,1.0,5,511,1,13,3.054939472055165e-07,0.0023675757675377662,2.877833372580715e-07,0.002548171492638418,31.949820236768574,6
normalized_vmin1e-05,normalized,1e-05,1.0,5,511,1,14,3.052028613014651e-07,0.002354606748257715,2.875064599202488e-07,0.0025352048210661726,32.026026454754174,6
normalized_vmin1e-05,normalized,1e-05,1.0,5,511,1,15,3.0550470387158556e-07,0.002366215258006066,2.8778591065884674e-07,0.002546811229392043,32.09570358786732,6
normalized_vmin1e-05,normalized,1e-05,1.0,4,15,1,1,0.004198557790395065,0.8877913582042265,0.004198552901108068,0.8877854917597838,2.4941368950530887,1
normalized_vmin1e-05,normalized,1e-05,1.0,4,15,1,2,0.00040848496587460027,0.8323972421225954,0.00040847635792832496,0.8323884795865573,2.56170236133039,1
normalized_vmin1e-05,normalized,1e-05,1.0,4,15,1,3,0.00010434966659016593,0.7509625815680001,0.00010432686271877686,0.750949561499706,7.006421024445444,2
normalized_vmin1e-05,normalized,1e-05,1.0,4,15,1,4,4.747673913846428e-05,0.634208287606719,4.744879407564383e-05,0.6341891634401309,7.083050857298076,2
normalized_vmin1e-05,normalized,1e-05,1.0,4,15,1,5,2.24232935979812e-05,0.47591504073330115,2.23920570146345e-05,0.4758876407465661,7.152460882440209,2
normalized_vmin1e-05,normalized,1e-05,1.0,4,15,1,6,1.0157431695694455e-05,0.28623411430442725,1.0124407712804686e-05,0.2861967975002446,11.879681492224336,3
normalized_vmin1e-05,normalized,1e-05,1.0,4,15,1,7,3.714908160283854e-06,0.11215376109835407,3.681304910966607e-06,0.11210734309925197,11.9533221879974,3
normalized_vmin1e-05,normalized,1e-05,1.0,4,15,1,8,8.541556428759871e-07,0.020028326841620037,8.203440579080884e-07,0.01997709237978229,12.022845811210573,3
normalized_vmin1e-05,normalized,1e-05,1.0,4,15,1,9,3.3827874876403663e-07,0.0031319553889465057,3.0446578353873527e-07,0.0030798375582092863,16.488063557539135,4
normalized_vmin1e-05,normalized,1e-05,1.0,4,15,1,10,3.2501082453189153e-07,0.002696390406466187,2.9121498435879045e-07,0.0026442498037060336,16.561969320755452,4
normalized_vmin1e-05,normalized,1e-05,1.0,4,15,1,11,3.238693751116211e-07,0.002655647365615188,2.9002875978613e-07,0.002603504632744724,16.632361069787294,4
normalized_vmin1e-05,normalized,1e-05,1.0,4,15,1,12,3.245481480936562e-07,0.0026820446484256966,2.9073114696922056e-07,0.0026299032956467183,20.994101224001497,5
normalized_vmin1e-05,normalized,1e-05,1.0,4,15,1,13,3.2499565803045463e-07,0.002696104090541218,2.912095156365306e-07,0.0026439634728120387,21.09135499689728,5
normalized_vmin1e-05,normalized,1e-05,1.0,4,15,1,14,3.2386022178563915e-07,0.002655512192088816,2.9001837095218204e-07,0.0026033694521512274,21.159203722141683,5
normalized_vmin1e-05,normalized,1e-05,1.0,4,15,1,15,3.245417656256463e-07,0.002681899198258786,2.907292261143778e-07,0.002629757837875446,26.022473494522274,6
normalized_vmin1e-05,normalized,1e-05,1.0,4,31,1,1,0.0012753591851616991,0.7782769009115499,0.00127535854783355,0.7782356644991344,2.9902572776190937,1
normalized_vmin1e-05,normalized,1e-05,1.0,4,31,1,2,0.00010274505833720741,0.6728958102690308,0.00010274047209519532,0.6728349749148164,7.823759571649134,2
normalized_vmin1e-05,normalized,1e-05,1.0,4,31,1,3,2.8119234961748964e-05,0.5269411967807244,2.810108376654962e-05,0.5268532165568032,7.899055957328528,2
normalized_vmin1e-05,normalized,1e-05,1.0,4,31,1,4,1.2830455790196649e-05,0.34363930054161107,1.2810153196520517e-05,0.34351722954130737,7.969484043307602,2
normalized_vmin1e-05,normalized,1e-05,1.0,4,31,1,5,5.181803890357012e-06,0.15763012679789412,5.160348971054895e-06,0.15747346151745867,12.837267983239144,3
normalized_vmin1e-05,normalized,1e-05,1.0,4,31,1,6,1.3566083661713352e-06,0.03698411429620785,1.3344390985244824e-06,0.03680501107967893,12.913158277980983,3
normalized_vmin1e-05,normalized,1e-05,1.0,4,31,1,7,3.648629852977977e-07,0.004522213789076357,3.4250592782909163e-07,0.0043370732569830706,12.98239859007299,3
normalized_vmin1e-05,normalized,1e-05,1.0,4,31,1,8,3.117847309932982e-07,0.0027796561929283037,2.894478157272257e-07,0.002594191577219074,18.10959783103317,4
normalized_vmin1e-05,normalized,1e-05,1.0,4,31,1,9,3.1198967036069855e-07,0.0027848595388658692,2.8962763673567483e-07,0.002599395890883205,18.18577653495595,4
normalized_vmin1e-05,normalized,1e-05,1.0,4,31,1,10,3.1177963275443355e-07,0.002782844390426198,2.894179328062555e-07,0.0025973803676629936,18.253645395860076,4
normalized_vmin1e-05,normalized,1e-05,1.0,4,31,1,11,3.1164719827582105e-07,0.002775097614915789,2.8931343660662547e-07,0.0025896321513950715,23.320129599887878,5
normalized_vmin1e-05,normalized,1e-05,1.0,4,31,1,12,3.119921969829307e-07,0.0027849046209670325,2.8963066397529036e-07,0.0025994409813687724,23.395671126898378,5
normalized_vmin1e-05,normalized,1e-05,1.0,4,31,1,13,3.1178152020297113e-07,0.0027828304360196787,2.8942061052205197e-07,0.002597366410661217,23.465260380879045,5
normalized_vmin1e-05,normalized,1e-05,1.0,4,31,1,14,3.1164200042777917e-07,0.002775092320288608,2.893069504883695e-07,0.0025896268557831226,28.03809314686805,6
normalized_vmin1e-05,normalized,1e-05,1.0,4,31,1,15,3.1199199784241516e-07,0.002784864933705,2.8962861030364857e-07,0.0025994012867256444,28.115137606859207,6
normalized_vmin1e-05,normalized,1e-05,1.0,4,63,1,1,0.00035191006780698527,0.5768406882927606,0.00035195472929286506,0.578154883787098,3.65534444199875,1
normalized_vmin1e-05,normalized,1e-05,1.0,4,63,1,2,2.5188381068848423e-05,0.4031607185795315,2.5242418087690793e-05,0.40501430769546487,8.565251416992396,2
normalized_vmin1e-05,normalized,1e-05,1.0,4,63,1,3,7.1112956453476335e-06,0.2110784987245754,7.176504785404615e-06,0.2135286328789655,8.641533559188247,2
normalized_vmin1e-05,normalized,1e-05,1.0,4,63,1,4,2.1326075282843353e-06,0.062204363889178604,2.203070419254872e-06,0.06511685279226787,8.70832389080897,2
normalized_vmin1e-05,normalized,1e-05,1.0,4,63,1,5,4.0808489674394884e-07,0.005829757593174945,4.838504444860046e-07,0.008917327728177438,13.407036054879427,3
normalized_vmin1e-05,normalized,1e-05,1.0,4,63,1,6,2.3657515474246913e-07,0.0006541647625155633,3.128379568941634e-07,0.0033186929654966946,13.483479666989297,3
normalized_vmin1e-05,normalized,1e-05,1.0,4,63,1,7,2.349210066222061e-07,0.0006559411264324133,3.1124911782233925e-07,0.00325865954906579,13.553496640175581,3
normalized_vmin1e-05,normalized,1e-05,1.0,4,63,1,8,2.3558078406321373e-07,0.0006549487866365222,3.118768910802806e-07,0.003282224950652002,18.229849158320576,4
normalized_vmin1e-05,normalized,1e-05,1.0,4,63,1,9,2.351067867578763e-07,0.0006541724128849014,3.113761832811546e-07,0.0032707523797285143,18.3059152495116,4
normalized_vmin1e-05,normalized,1e-05,1.0,4,63,1,10,2.3492805680119935e-07,0.0006559477507547262,3.1125757752485173e-07,0.0032587519007478694,18.37602093676105,4
normalized_vmin1e-05,normalized,1e-05,1.0,4,63,1,11,2.3557131407089818e-07,0.0006549626899560179,3.118732926963674e-07,0.003282153799800902,23.347368626855314,5
normalized_vmin1e-05,normalized,1e-05,1.0,4,63,1,12,2.3509992509717853e-07,0.0006541667706615462,3.113666990782757e-07,0.0032707053925887797,23.423402429092675,5
normalized_vmin1e-05,normalized,1e-05,1.0,4,63,1,13,2.349249216392593e-07,0.0006559415657826362,3.112553740199832e-07,0.003258679833961331,23.49354372313246,5
normalized_vmin1e-05,normalized,1e-05,1.0,4,63,1,14,2.355731402905038e-07,0.0006549475743927724,3.118740734796322e-07,0.0032821242220073543,28.523381651379168,6
normalized_vmin1e-05,normalized,1e-05,1.0,4,63,1,15,2.351011766207012e-07,0.0006541684166057049,3.1136916065061367e-07,0.003270718980084464,28.599087911192328,6
normalized_vmin1e-05,normalized,1e-05,1.0,4,127,1,1,7.603363646838771e-05,0.28269821790402594,7.602396320015482e-05,0.2821370875660778,6.865437272936106,2
normalized_vmin1e-05,normalized,1e-05,1.0,4,127,1,2,4.672376952254044e-06,0.10977757670324384,4.644558496102255e-06,0.10908117412666862,6.942348881158978,2
normalized_vmin1e-05,normalized,1e-05,1.0,4,127,1,3,8.295345258475056e-07,0.019700241206137337,7.94495990550368e-07,0.018933372994357378,7.011260852217674,2
normalized_vmin1e-05,normalized,1e-05,1.0,4,127,1,4,3.321495310160953e-07,0.0036221433625346355,2.9609973779129374e-07,0.002842697587584264,11.761746429372579,3
normalized_vmin1e-05,normalized,1e-05,1.0,4,127,1,5,3.2002210153497153e-07,0.0032265328447468322,2.839319845364276e-07,0.0024467775918763923,11.837786704301834,3
normalized_vmin1e-05,normalized,1e-05,1.0,4,127,1,6,3.19845656193073e-07,0.0032232403840449786,2.8377900474422285e-07,0.0024434825555507134,11.90731111401692,3
normalized_vmin1e-05,normalized,1e-05,1.0,4,127,1,7,3.197359573740442e-07,0.00321550159377737,2.836779387497721e-07,0.002435737711387609,16.781295482069254,4
normalized_vmin1e-05,normalized,1e-05,1.0,4,127,1,8,3.200081430302466e-07,0.003226350461187688,2.8391646453093333e-07,0.0024465950656423763,16.857185653876513,4
normalized_vmin1e-05,normalized,1e-05,1.0,4,127,1,9,3.1984388772462435e-07,0.003223135436912994,2.8377459056079773e-07,0.0024433775263207336,16.925067926757038,4
normalized_vmin1e-05,normalized,1e-05,1.0,4,127,1,10,3.197420805047671e-07,0.003215399593473167,2.836816488105206e-07,0.002435635631290678,21.522511139977723,5
normalized_vmin1e-05,normalized,1e-05,1.0,4,127,1,11,3.200118317200658e-07,0.003226329978155973,2.8391897811255455e-07,0.0024465745665872562,21.597313546109945,5
normalized_vmin1e-05,normalized,1e-05,1.0,4,127,1,12,3.19849149941346e-07,0.0032232488544551297,2.8378129464686535e-07,0.0024434910325871195,21.667127733118832,5
normalized_vmin1e-05,normalized,1e-05,1.0,4,127,1,13,3.197433231057599e-07,0.0032154951783848196,2.8368124641500663e-07,0.002435731290976517,26.701156952884048,6
normalized_vmin1e-05,normalized,1e-05,1.0,4,127,1,14,3.200082496523247e-07,0.003226229531495317,2.839156931303372e-07,0.0024464740413492336,26.777035957202315,6
normalized_vmin1e-05,normalized,1e-05,1.0,4,127,1,15,3.1983967765988666e-07,0.003223165615332424,2.8377172885021067e-07,0.002443407728348168,26.846221172250807,6
normalized_vmin1e-05,normalized,1e-05,1.0,4,255,1,1,8.507934527977435e-06,0.056651473472968505,8.406809211395175e-06,0.054003252823897396,8.089143560267985,2
normalized_vmin1e-05,normalized,1e-05,1.0,4,255,1,2,5.541771912019594e-07,0.009231135007930824,4.3323363626580823e-07,0.006449793337330867,8.192220183089375,2
normalized_vmin1e-05,normalized,1e-05,1.0,4,255,1,3,4.115992295552615e-07,0.005350148420522727,2.8851841353742086e-07,0.0025579118277062607,8.261425639968365,2
normalized_vmin1e-05,normalized,1e-05,1.0,4,255,1,4,4.1077706894306423e-07,0.0053242880986033025,2.876966935566586e-07,0.00253197890924739,13.46275988779962,3
normalized_vmin1e-05,normalized,1e-05,1.0,4,255,1,5,4.1076644216828806e-07,0.005326898319024442,2.8770940512697695e-07,0.002534596457225091,13.537940501701087,3
normalized_vmin1e-05,normalized,1e-05,1.0,4,255,1,6,4.1089031654306223e-07,0.005327253692751555,2.8780238806337734e-07,0.002534952828577186,13.60668193269521,3
normalized_vmin1e-05,normalized,1e-05,1.0,4,255,1,7,4.1077673430105164e-07,0.005324186742233339,2.876944735612749e-07,0.0025318772683442514,18.302624738775194,4
normalized_vmin1e-05,normalized,1e-05,1.0,4,255,1,8,4.107756158968441e-07,0.005326833385802421,2.8771558983009687e-07,0.002534531341718882,18.37792201573029,4
normalized_vmin1e-05,normalized,1e-05,1.0,4,255,1,9,4.1088317013056197e-07,0.005327124850639131,2.8779960063897566e-07,0.0025348236247719758,18.44757114490494,4
normalized_vmin1e-05,normalized,1e-05,1.0,4,255,1,10,4.1077787528267845e-07,0.005324215631672513,2.876936962313533e-07,0.0025319062388834412,23.261144648771733,5
normalized_vmin1e-05,normalized,1e-05,1.0,4,255,1,11,4.107761757225115e-07,0.005327009818819062,2.8771932992115843e-07,0.0025347082700281076,23.33467628248036,5
normalized_vmin1e-05,normalized,1e-05,1.0,4,255,1,12,4.108914471274477e-07,0.005327147827474343,2.8780538853223874e-07,0.0025348466661090363,23.404388518538326,5
normalized_vmin1e-05,normalized,1e-05,1.0,4,255,1,13,4.107796001890595e-07,0.005324227757609656,2.876962093063167e-07,0.0025319183988611327,28.372774071525782,6
normalized_vmin1e-05,normalized,1e-05,1.0,4,255,1,14,4.1077044601069474e-07,0.005326922009168622,2.877091079236546e-07,0.0025346202138735174,28.448388821445405,6
normalized_vmin1e-05,normalized,1e-05,1.0,4,255,1,15,4.1088406169960035e-07,0.005327157022002149,2.8780160078048655e-07,0.002534855886448195,28.5179923963733,6
normalized_vmin1e-05,normalized,1e-05,1.0,4,511,1,1,3.8453802040183216e-07,0.0019888891096376815,4.647609030502548e-07,0.004711598215841328,12.256866343319416,2
normalized_vmin1e-05,normalized,1e-05,1.0,4,511,1,2,2.304902805147945e-07,0.0010081537051859213,2.8402235619703886e-07,0.0024177320471719943,12.331750125158578,2
normalized_vmin1e-05,normalized,1e-05,1.0,4,511,1,3,2.3028994626312813e-07,0.0010058709984344105,2.8405578836680136e-07,0.002420736202026652,12.403399151284248,2
normalized_vmin1e-05,normalized,1e-05,1.0,4,511,1,4,2.3090199615488063e-07,0.00100654602118333,2.833916582482803e-07,0.0024003848359387403,16.78183463215828,3
normalized_vmin1e-05,normalized,1e-05,1.0,4,511,1,5,2.3073275458650275e-07,0.001007889454969102,2.837720546402106e-07,0.0024096537631083104,16.85796880722046,3
normalized_vmin1e-05,normalized,1e-05,1.0,4,511,1,6,2.302839333372396e-07,0.0010058857951013023,2.8406518118264504e-07,0.0024208436276076384,16.928962263278663,3
normalized_vmin1e-05,normalized,1e-05,1.0,4,511,1,7,2.3090744679567045e-07,0.0010065372201952805,2.8339258711618075e-07,0.0024002888588953164,21.149912282358855,4
normalized_vmin1e-05,normalized,1e-05,1.0,4,511,1,8,2.3072507964158785e-07,0.0010078976843361787,2.83764170133893e-07,0.002409686652510734,21.224530110135674,4
normalized_vmin1e-05,normalized,1e-05,1.0,4,511,1,9,2.3028959335745212e-07,0.0010058675252374583,2.8406139792363014e-07,0.0024207859708640367,21.295146333053708,4
normalized_vmin1e-05,normalized,1e-05,1.0,4,511,1,10,2.309083266504939e-07,0.0010065428661134579,2.833966964792991e-07,0.0024003696472120195,25.540149691980332,5
normalized_vmin1e-05,normalized,1e-05,1.0,4,511,1,11,2.3073196508460248e-07,0.0010079077214008025,2.837781935075588e-07,0.0024097498392053884,25.617797143291682,5
normalized_vmin1e-05,normalized,1e-05,1.0,4,511,1,12,2.302873768422219e-07,0.0010058901216274396,2.8405480420995693e-07,0.0024207526247961297,25.688897790387273,5
normalized_vmin1e-05,normalized,1e-05,1.0,4,511,1,13,2.3089951451209698e-07,0.0010065634271981816,2.8339104563143694e-07,0.0024003511486822005,29.76136351004243,6
normalized_vmin1e-05,normalized,1e-05,1.0,4,511,1,14,2.3072397844375688e-07,0.001007901758063201,2.8376947673085175e-07,0.00240979679075104,29.836577512323856,6
normalized_vmin1e-05,normalized,1e-05,1.0,4,511,1,15,2.30284302489448e-07,0.0010058868549481792,2.8406324525077166e-07,0.0024208272440694456,29.90714521193877,6
