domain,method,lo,hi,level,degree,pre_bts,iteration,tags,input,rep,time,bootstrap_count,mre,max_re,mre_alg,max_re_alg,max_re_out,neg_out
normalized_vmin0.001,normalized,0.001,1.0,12,15,0,4,degree_sweep,lin,0,5.604021332226694,1,6.207549987257603e-08,2.790872322300242e-05,3.2589086420671206e-09,1.889496013229852e-05,,
normalized_vmin0.001,normalized,0.001,1.0,12,15,0,4,degree_sweep,lin,1,4.959369726944715,1,6.152909883964646e-08,3.0251026521543878e-05,3.2167174080570643e-09,1.8924451683943744e-05,,
normalized_vmin0.001,normalized,0.001,1.0,12,15,0,4,degree_sweep,lin,2,5.444630824960768,1,6.201700943230505e-08,2.8947308715943088e-05,3.2110677129118905e-09,1.88358220187812e-05,,
normalized_vmin0.001,normalized,0.001,1.0,12,15,0,4,degree_sweep,lin,3,5.638863638043404,1,6.018247581227826e-08,3.2207721044397175e-05,3.2821305889511247e-09,1.9282184072766384e-05,,
normalized_vmin0.001,normalized,0.001,1.0,12,15,0,4,degree_sweep,lin,4,5.406342083122581,1,6.188838030699606e-08,4.2813113830253435e-05,3.2904068375916686e-09,1.880863051206827e-05,,
normalized_vmin0.001,normalized,0.001,1.0,12,15,0,4,degree_sweep,lin,5,5.345339335035533,1,6.072359440062111e-08,3.1544372072978e-05,3.2533684148545767e-09,1.9067322883037363e-05,,
normalized_vmin0.001,normalized,0.001,1.0,12,15,0,4,degree_sweep,lin,6,6.1685760649852455,1,6.333262969990966e-08,3.91150087116765e-05,3.241582527779125e-09,1.9200038476552272e-05,,
normalized_vmin0.001,normalized,0.001,1.0,12,15,0,4,degree_sweep,lin,7,5.4312514658086,1,6.139884717815274e-08,2.8290987523549305e-05,3.242868382570367e-09,1.902206300685716e-05,,
normalized_vmin0.001,normalized,0.001,1.0,12,15,0,4,degree_sweep,lin,8,5.10642875591293,1,6.021730214096846e-08,2.8465992690573927e-05,3.227377165970942e-09,1.9246582968479586e-05,,
normalized_vmin0.001,normalized,0.001,1.0,12,15,0,4,degree_sweep,lin,9,5.441961626987904,1,6.143546543104677e-08,2.6611124030018196e-05,3.2591025363689122e-09,1.9077008534318374e-05,,
normalized_vmin0.001,normalized,0.001,1.0,12,15,0,4,degree_sweep,geom,0,5.330554162617773,1,1.3244485373994723e-06,7.79171109726029e-05,2.5573893040459664e-07,1.9112113602726133e-05,,
normalized_vmin0.001,normalized,0.001,1.0,12,15,0,4,degree_sweep,ood,0,5.447844052221626,1,0.04479220555460282,0.18553558994462704,0.04479207284035688,0.1854830157053201,0.18553558994462704,0
normalized_vmin0.001,normalized,0.001,1.0,12,31,0,3,degree_sweep|hedap_accuracy,lin,0,5.434993942268193,1,6.271690355533964e-08,3.1217446010201044e-05,1.2624829105175933e-09,1.1738281744388956e-06,,
normalized_vmin0.001,normalized,0.001,1.0,12,31,0,3,degree_sweep|hedap_accuracy,lin,1,5.612237388733774,1,6.055302425471271e-08,3.971042819139736e-05,1.2076760880630336e-09,6.96126464250213e-07,,
normalized_vmin0.001,normalized,0.001,1.0,12,31,0,3,degree_sweep|hedap_accuracy,lin,2,5.663655501790345,1,6.001590772573831e-08,3.062865976977136e-05,1.2507110433993473e-09,5.500954828319138e-07,,
normalized_vmin0.001,normalized,0.001,1.0,12,31,0,3,degree_sweep|hedap_accuracy,lin,3,5.794526892714202,1,6.055200716855783e-08,3.9541176385160526e-05,1.2507109356398158e-09,9.092638029173372e-07,,
normalized_vmin0.001,normalized,0.001,1.0,12,31,0,3,degree_sweep|hedap_accuracy,lin,4,5.823201079852879,1,6.246150339269172e-08,4.103717840431287e-05,1.2143314805104452e-09,6.838477307757884e-07,,
normalized_vmin0.001,normalized,0.001,1.0,12,31,0,3,degree_sweep|hedap_accuracy,lin,5,5.757237255107611,1,5.920210628300728e-08,2.670599687526476e-05,1.213105098460469e-09,4.6684689880560626e-07,,
normalized_vmin0.001,normalized,0.001,1.0,12,31,0,3,degree_sweep|hedap_accuracy,lin,6,5.454340315889567,1,5.907233617106721e-08,2.554754533301562e-05,1.2234483090454973e-09,4.446110749567467e-07,,
normalized_vmin0.001,normalized,0.001,1.0,12,31,0,3,degree_sweep|hedap_accuracy,lin,7,5.537753353826702,1,6.086288620241797e-08,2.4569589384904056e-05,1.2484617448702028e-09,5.619892609054489e-07,,
normalized_vmin0.001,normalized,0.001,1.0,12,31,0,3,degree_sweep|hedap_accuracy,lin,8,5.718202775809914,1,5.890793931585486e-08,3.0040433970812686e-05,1.2414318474676135e-09,6.653564470493478e-07,,
normalized_vmin0.001,normalized,0.001,1.0,12,31,0,3,degree_sweep|hedap_accuracy,lin,9,5.6322908559814095,1,5.823224002531166e-08,3.031569669342815e-05,1.2291923644334893e-09,7.603135345757295e-07,,
normalized_vmin0.001,normalized,0.001,1.0,12,31,0,3,degree_sweep|hedap_accuracy,geom,0,5.725419711321592,1,1.2402703805837788e-06,4.755876763540279e-05,2.628863549817187e-08,1.304465339857508e-06,,
normalized_vmin0.001,normalized,0.001,1.0,12,31,0,3,degree_sweep|hedap_accuracy,ood,0,5.694837280083448,1,0.03302948114575285,0.1527643471993021,0.03302865423483163,0.15276769317261862,0.1527643471993021,0
normalized_vmin0.001,normalized,0.001,1.0,12,63,0,2,degree_sweep|hedap_speed,lin,0,5.910120220389217,1,5.853239981638036e-08,2.7675144203431756e-05,1.205396885696372e-09,4.3087091827764823e-07,,
normalized_vmin0.001,normalized,0.001,1.0,12,63,0,2,degree_sweep|hedap_speed,lin,1,6.214062369894236,1,6.167453572764644e-08,4.963293643589495e-05,1.1896997364952463e-09,2.8780910343861876e-07,,
normalized_vmin0.001,normalized,0.001,1.0,12,63,0,2,degree_sweep|hedap_speed,lin,2,6.040624402929097,1,6.135198511465412e-08,3.188140340282253e-05,1.1986374580704579e-09,3.577005081023543e-07,,
normalized_vmin0.001,normalized,0.001,1.0,12,63,0,2,degree_sweep|hedap_speed,lin,3,6.004279834218323,1,5.8260268835544864e-08,2.479187105164371e-05,1.1850754782096568e-09,4.2567868729914693e-07,,
normalized_vmin0.001,normalized,0.001,1.0,12,63,0,2,degree_sweep|hedap_speed,lin,4,5.286687999032438,1,6.239650661430922e-08,2.7450179112875617e-05,1.2490627608418127e-09,4.87015411110292e-07,,
normalized_vmin0.001,normalized,0.001,1.0,12,63,0,2,degree_sweep|hedap_speed,lin,5,5.878992334939539,1,5.952104789049996e-08,2.2944510307376653e-05,1.1965269639450753e-09,5.151306078365891e-07,,
normalized_vmin0.001,normalized,0.001,1.0,12,63,0,2,degree_sweep|hedap_speed,lin,6,6.259715233929455,1,6.148344254487177e-08,4.018559101448549e-05,1.1736348556921157e-09,3.697358564869191e-07,,
normalized_vmin0.001,normalized,0.001,1.0,12,63,0,2,degree_sweep|hedap_speed,lin,7,6.199156255926937,1,5.945346285795203e-08,3.16298614574384e-05,1.2557429177509458e-09,4.584593721324026e-07,,
normalized_vmin0.001,normalized,0.001,1.0,12,63,0,2,degree_sweep|hedap_speed,lin,8,6.083984802942723,1,5.915653614692304e-08,2.1092121660792884e-05,1.2374239095346603e-09,9.207835575120171e-07,,
normalized_vmin0.001,normalized,0.001,1.0,12,63,0,2,degree_sweep|hedap_speed,lin,9,6.277388663031161,1,6.195408969233361e-08,2.5900837918646502e-05,1.1975494196315441e-09,5.378013371304391e-07,,
normalized_vmin0.001,normalized,0.001,1.0,12,63,0,2,degree_sweep|hedap_speed,geom,0,6.28408716339618,1,1.2334725183594179e-06,6.710200424597801e-05,2.386706064312188e-08,1.176165322136491e-06,,
normalized_vmin0.001,normalized,0.001,1.0,12,63,0,2,degree_sweep|hedap_speed,ood,0,6.037565634120256,1,0.0352423770503588,0.16069043249006854,0.035241580556930024,0.16067031846114066,0.16069043249006854,0
normalized_vmin0.001,normalized,0.001,1.0,12,127,0,1,degree_sweep,lin,0,7.354980270843953,1,5.8761844389330486e-08,1.8704870680341656e-05,9.019184113681525e-10,2.967998937730698e-07,,
normalized_vmin0.001,normalized,0.001,1.0,12,127,0,1,degree_sweep,lin,1,6.775050301104784,1,6.070419707582045e-08,4.227450739047178e-05,9.258412886682958e-10,3.2430667440408456e-07,,
normalized_vmin0.001,normalized,0.001,1.0,12,127,0,1,degree_sweep,lin,2,7.14486976293847,1,6.173916212215332e-08,4.249332685679619e-05,9.073417579713659e-10,2.2354491946430244e-07,,
normalized_vmin0.001,normalized,0.001,1.0,12,127,0,1,degree_sweep,lin,3,7.1839427668601274,1,5.923908154893494e-08,3.3727224994617444e-05,9.198644811082759e-10,3.204738456830114e-07,,
normalized_vmin0.001,normalized,0.001,1.0,12,127,0,1,degree_sweep,lin,4,7.816507817711681,1,6.158137915616987e-08,5.2443771133559025e-05,9.38183204206495e-10,3.01685104675542e-07,,
normalized_vmin0.001,normalized,0.001,1.0,12,127,0,1,degree_sweep,lin,5,7.415526405442506,1,6.10664851445771e-08,3.188361668637896e-05,9.216646026123643e-10,3.9562565423700846e-07,,
normalized_vmin0.001,normalized,0.001,1.0,12,127,0,1,degree_sweep,lin,6,7.243322817143053,1,6.004329829557511e-08,4.179271636006732e-05,9.031350123221108e-10,2.275304732402006e-07,,
normalized_vmin0.001,normalized,0.001,1.0,12,127,0,1,degree_sweep,lin,7,6.987087269779295,1,6.184126217610657e-08,4.037828079939132e-05,9.095667219859366e-10,3.298290065512077e-07,,
normalized_vmin0.001,normalized,0.001,1.0,12,127,0,1,degree_sweep,lin,8,7.138255761004984,1,6.063560223671191e-08,4.154103794118402e-05,9.054172107323983e-10,3.9555279718328507e-07,,
normalized_vmin0.001,normalized,0.001,1.0,12,127,0,1,degree_sweep,lin,9,7.331620062701404,1,6.05249252406033e-08,2.6696513354629303e-05,9.111116171554379e-10,2.7861146412178073e-07,,
normalized_vmin0.001,normalized,0.001,1.0,12,127,0,1,degree_sweep,geom,0,7.051092943176627,1,1.23776744751186e-06,5.592485504446465e-05,1.7315417831573058e-08,7.138119427763101e-07,,
normalized_vmin0.001,normalized,0.001,1.0,12,127,0,1,degree_sweep,ood,0,7.202065967954695,1,0.04118416384173086,0.17925323113807556,0.04118329224561672,0.1793597931920884,0.17925323113807556,0
normalized_vmin0.001,normalized,0.001,1.0,12,255,0,1,degree_sweep|hedap_accuracy_maxre_alg,lin,0,6.265999224968255,1,6.277401932388205e-08,4.7797932398951914e-05,8.937863714014737e-10,3.108449122546375e-07,,
normalized_vmin0.001,normalized,0.001,1.0,12,255,0,1,degree_sweep|hedap_accuracy_maxre_alg,lin,1,5.736176653765142,1,6.064382078422803e-08,3.836736673834551e-05,8.927513146599585e-10,3.0630864245040357e-07,,
normalized_vmin0.001,normalized,0.001,1.0,12,255,0,1,degree_sweep|hedap_accuracy_maxre_alg,lin,2,5.842289502732456,1,6.123161363560055e-08,3.347510933227049e-05,9.03599103334096e-10,4.287759660659418e-07,,
normalized_vmin0.001,normalized,0.001,1.0,12,255,0,1,degree_sweep|hedap_accuracy_maxre_alg,lin,3,5.336047382093966,1,5.97973234400501e-08,2.232982044869658e-05,9.238270738337411e-10,4.233590135127585e-07,,
normalized_vmin0.001,normalized,0.001,1.0,12,255,0,1,degree_sweep|hedap_accuracy_maxre_alg,lin,4,6.151610367000103,1,6.051869680574829e-08,2.819884909666115e-05,8.628694680663308e-10,4.118640115624572e-07,,
normalized_vmin0.001,normalized,0.001,1.0,12,255,0,1,degree_sweep|hedap_accuracy_maxre_alg,lin,5,6.12593136401847,1,6.294705032698189e-08,4.0973914509856435e-05,9.294920002542216e-10,2.950274556878796e-07,,
normalized_vmin0.001,normalized,0.001,1.0,12,255,0,1,degree_sweep|hedap_accuracy_maxre_alg,lin,6,5.640138758346438,1,5.994745727267911e-08,3.0260490836209186e-05,8.490852984801439e-10,1.6529917556962204e-07,,
normalized_vmin0.001,normalized,0.001,1.0,12,255,0,1,degree_sweep|hedap_accuracy_maxre_alg,lin,7,6.214731502812356,1,5.906273649570012e-08,2.0590310359169806e-05,8.551898041377569e-10,2.7689352677384704e-07,,
normalized_vmin0.001,normalized,0.001,1.0,12,255,0,1,degree_sweep|hedap_accuracy_maxre_alg,lin,8,5.675520242191851,1,5.896423926017905e-08,2.5046210604395824e-05,8.964012727761964e-10,2.6351951176728505e-07,,
normalized_vmin0.001,normalized,0.001,1.0,12,255,0,1,degree_sweep|hedap_accuracy_maxre_alg,lin,9,5.249574122950435,1,6.210001159793151e-08,5.962289998961978e-05,9.131727895280838e-10,2.725257973734685e-07,,
normalized_vmin0.001,normalized,0.001,1.0,12,255,0,1,degree_sweep|hedap_accuracy_maxre_alg,geom,0,6.379723707213998,1,1.208846498970887e-06,5.540388217450953e-05,1.648803167160148e-08,7.58327798888736e-07,,
normalized_vmin0.001,normalized,0.001,1.0,12,255,0,1,degree_sweep|hedap_accuracy_maxre_alg,ood,0,6.327797675039619,1,0.008537902446033167,0.05774454721504774,0.008533926954991108,0.05766823121527376,0.05774454721504774,0
normalized_vmin0.001,normalized,0.001,1.0,12,511,0,1,degree_sweep,lin,0,8.949684979394078,2,5.940495661501495e-08,2.629522949049168e-05,8.758489331676402e-10,1.8718419636520878e-07,,
normalized_vmin0.001,normalized,0.001,1.0,12,511,0,1,degree_sweep,lin,1,8.768343756906688,2,6.13567175388404e-08,2.31287877666686e-05,9.172335947988232e-10,2.2940224253531483e-07,,
normalized_vmin0.001,normalized,0.001,1.0,12,511,0,1,degree_sweep,lin,2,8.837380087003112,2,5.916063535358102e-08,2.5349409845887294e-05,8.924601268334761e-10,2.092646412821253e-07,,
normalized_vmin0.001,normalized,0.001,1.0,12,511,0,1,degree_sweep,lin,3,9.113154368009418,2,5.9421409120049835e-08,2.83642689338226e-05,9.043929985503186e-10,3.076129873047506e-07,,
normalized_vmin0.001,normalized,0.001,1.0,12,511,0,1,degree_sweep,lin,4,8.93984852777794,2,5.9012067960082654e-08,3.532781487747272e-05,8.983827762622015e-10,3.2073239975005663e-07,,
normalized_vmin0.001,normalized,0.001,1.0,12,511,0,1,degree_sweep,lin,5,8.70544575387612,2,6.113782153401617e-08,4.4201332151661e-05,8.832795963792503e-10,2.065642263904266e-07,,
normalized_vmin0.001,normalized,0.001,1.0,12,511,0,1,degree_sweep,lin,6,8.511521777138114,2,5.858099572684188e-08,1.975938553622214e-05,8.648926852856335e-10,3.320610191259732e-07,,
normalized_vmin0.001,normalized,0.001,1.0,12,511,0,1,degree_sweep,lin,7,8.586318705230951,2,6.158125710466496e-08,3.0096044263183686e-05,8.785017234407889e-10,2.4123568120870686e-07,,
normalized_vmin0.001,normalized,0.001,1.0,12,511,0,1,degree_sweep,lin,8,9.108798896893859,2,6.006979964734736e-08,2.0099936643536154e-05,9.23752186563284e-10,3.252180402757432e-07,,
normalized_vmin0.001,normalized,0.001,1.0,12,511,0,1,degree_sweep,lin,9,8.956397108267993,2,6.125330453799781e-08,2.7518483389776804e-05,8.942089455340064e-10,3.2316450271352437e-07,,
normalized_vmin0.001,normalized,0.001,1.0,12,511,0,1,degree_sweep,geom,0,8.92342087207362,2,1.226203939004415e-06,7.425982048436808e-05,1.6715378613034877e-08,5.847285449167572e-07,,
normalized_vmin0.001,normalized,0.001,1.0,12,511,0,1,degree_sweep,ood,0,8.936968457885087,2,5526.583903983323,2288693.7196939397,5526.538537448186,2288673.0412431136,2288693.7196939397,8821
normalized_vmin0.001,normalized,0.001,1.0,11,255,0,1,hedap_accuracy,lin,0,11.247840333729982,2,6.188400960746419e-08,3.7982208827447295e-05,8.804021195715328e-10,3.087779635313481e-07,,
normalized_vmin0.001,normalized,0.001,1.0,11,255,0,1,hedap_accuracy,lin,1,11.163735697045922,2,6.013699554687762e-08,2.6168803719639477e-05,9.169402537197212e-10,4.3691897433362215e-07,,
normalized_vmin0.001,normalized,0.001,1.0,11,255,0,1,hedap_accuracy,lin,2,11.399609562940896,2,5.97658960143858e-08,2.9066516864517666e-05,8.976357977503058e-10,3.5671244125179413e-07,,
normalized_vmin0.001,normalized,0.001,1.0,11,255,0,1,hedap_accuracy,lin,3,11.020188094116747,2,5.7589957991990756e-08,2.2321636211630747e-05,9.214110544465573e-10,3.1452126458830776e-07,,
normalized_vmin0.001,normalized,0.001,1.0,11,255,0,1,hedap_accuracy,lin,4,10.96976175904274,2,5.886426020750013e-08,2.63540671112672e-05,9.097755473305128e-10,2.2555315615235827e-07,,
normalized_vmin0.001,normalized,0.001,1.0,11,255,0,1,hedap_accuracy,lin,5,10.998030518181622,2,6.290307450450362e-08,5.1527260994443935e-05,9.211345620216817e-10,3.1722604387773856e-07,,
normalized_vmin0.001,normalized,0.001,1.0,11,255,0,1,hedap_accuracy,lin,6,10.839823152404279,2,5.9303783082314946e-08,3.492965536022741e-05,8.637853678279629e-10,2.7589577999975745e-07,,
normalized_vmin0.001,normalized,0.001,1.0,11,255,0,1,hedap_accuracy,lin,7,11.191047014202923,2,6.071650202571258e-08,2.999290363825402e-05,9.077005926238959e-10,2.49229590187916e-07,,
normalized_vmin0.001,normalized,0.001,1.0,11,255,0,1,hedap_accuracy,lin,8,10.954537951387465,2,6.216446116299768e-08,3.061906458534658e-05,9.10118016899926e-10,4.6200954928465876e-07,,
normalized_vmin0.001,normalized,0.001,1.0,11,255,0,1,hedap_accuracy,lin,9,10.651454329025,2,6.249222566332918e-08,5.5794298870370795e-05,9.214544994271077e-10,2.6125485530492654e-07,,
normalized_vmin0.001,normalized,0.001,1.0,11,255,0,1,hedap_accuracy,geom,0,11.401904982049018,2,1.2279239416573883e-06,4.887141637399672e-05,1.6753037180129384e-08,6.897474835731998e-07,,
normalized_vmin0.001,normalized,0.001,1.0,11,255,0,1,hedap_accuracy,ood,0,11.040177973452955,2,0.008305770015333716,0.05655190122512033,0.008302447565123354,0.056506097058446336,0.05655190122512033,0
normalized_vmin0.001,normalized,0.001,1.0,11,127,0,1,hedap_speed,lin,0,4.394030704163015,1,6.317166210702727e-08,4.8256305277716294e-05,9.051157858215694e-10,2.976681778843471e-07,,
normalized_vmin0.001,normalized,0.001,1.0,11,127,0,1,hedap_speed,lin,1,4.295541482977569,1,6.014529153611228e-08,3.0793893452507604e-05,9.159101744182427e-10,2.3639059121283168e-07,,
normalized_vmin0.001,normalized,0.001,1.0,11,127,0,1,hedap_speed,lin,2,4.442419462837279,1,5.771258060259003e-08,3.151724110050935e-05,9.440814068413473e-10,2.990546704717545e-07,,
normalized_vmin0.001,normalized,0.001,1.0,11,127,0,1,hedap_speed,lin,3,4.310906053055078,1,6.005014382936866e-08,2.6034000657593204e-05,9.063361584201184e-10,2.515457376839336e-07,,
normalized_vmin0.001,normalized,0.001,1.0,11,127,0,1,hedap_speed,lin,4,4.272914462722838,1,5.7870590001767914e-08,2.4706061683144043e-05,9.389065175665213e-10,3.292285455369637e-07,,
normalized_vmin0.001,normalized,0.001,1.0,11,127,0,1,hedap_speed,lin,5,4.423438715282828,1,6.12351529114574e-08,3.3597163747733916e-05,9.426035815261551e-10,2.752168266617616e-07,,
normalized_vmin0.001,normalized,0.001,1.0,11,127,0,1,hedap_speed,lin,6,4.368971403688192,1,6.055060430476062e-08,3.263725114721616e-05,9.148634270601265e-10,3.0635658465616444e-07,,
normalized_vmin0.001,normalized,0.001,1.0,11,127,0,1,hedap_speed,lin,7,4.113543346058577,1,6.036819354655014e-08,3.163945925166445e-05,9.399991768344366e-10,3.5659602870552476e-07,,
normalized_vmin0.001,normalized,0.001,1.0,11,127,0,1,hedap_speed,lin,8,4.047110416926444,1,5.7903348592238426e-08,2.5334993390524474e-05,9.108315907701929e-10,3.818678195877112e-07,,
normalized_vmin0.001,normalized,0.001,1.0,11,127,0,1,hedap_speed,lin,9,4.385197488125414,1,5.958264236373856e-08,3.405607960971224e-05,9.029666533972192e-10,2.0289156132946573e-07,,
normalized_vmin0.001,normalized,0.001,1.0,11,127,0,1,hedap_speed,geom,0,4.362755312584341,1,1.2372769487596122e-06,6.123675971503317e-05,1.7137165035240216e-08,8.32589064803102e-07,,
normalized_vmin0.001,normalized,0.001,1.0,11,127,0,1,hedap_speed,ood,0,4.548240589443594,1,0.04118390768919896,0.17933025385348444,0.04118333138592236,0.17928665421158352,0.17933025385348444,0
normalized_vmin0.001,normalized,0.001,1.0,11,63,0,3,hedap_accuracy_maxre_alg,lin,0,5.684190314728767,1,6.356222875528097e-08,4.029350299705747e-05,1.253651908002376e-09,6.212245269310301e-07,,
normalized_vmin0.001,normalized,0.001,1.0,11,63,0,3,hedap_accuracy_maxre_alg,lin,1,6.046273414976895,1,5.96871106693505e-08,2.5124302724499614e-05,1.1766185039089813e-09,5.069329842566361e-07,,
normalized_vmin0.001,normalized,0.001,1.0,11,63,0,3,hedap_accuracy_maxre_alg,lin,2,5.3723913580179214,1,6.126716598626225e-08,2.980869589475077e-05,1.2619991972521603e-09,7.869377638414221e-07,,
normalized_vmin0.001,normalized,0.001,1.0,11,63,0,3,hedap_accuracy_maxre_alg,lin,3,6.018136392813176,1,5.997321701841534e-08,2.3922721791747037e-05,1.2426607037787556e-09,4.808994913396702e-07,,
normalized_vmin0.001,normalized,0.001,1.0,11,63,0,3,hedap_accuracy_maxre_alg,lin,4,6.286196344066411,1,5.8305253852277176e-08,2.4290202595977917e-05,1.2173000967148108e-09,5.827369060629195e-07,,
normalized_vmin0.001,normalized,0.001,1.0,11,63,0,3,hedap_accuracy_maxre_alg,lin,5,6.292271943297237,1,5.921232023384717e-08,1.4269829468949169e-05,1.1596383130485564e-09,2.3301604801240217e-07,,
normalized_vmin0.001,normalized,0.001,1.0,11,63,0,3,hedap_accuracy_maxre_alg,lin,6,5.856251931749284,1,5.968372356544613e-08,2.322453073255737e-05,1.1658146621874475e-09,4.1661069138942963e-07,,
normalized_vmin0.001,normalized,0.001,1.0,11,63,0,3,hedap_accuracy_maxre_alg,lin,7,6.161693046800792,1,6.02382099257154e-08,2.0373513817339983e-05,1.2035229787660012e-09,3.8021133486054737e-07,,
normalized_vmin0.001,normalized,0.001,1.0,11,63,0,3,hedap_accuracy_maxre_alg,lin,8,5.965366879943758,1,6.466469557431622e-08,4.482387210091865e-05,1.2104858952832341e-09,5.119294070876634e-07,,
normalized_vmin0.001,normalized,0.001,1.0,11,63,0,3,hedap_accuracy_maxre_alg,lin,9,6.122651986777782,1,5.8592888201060414e-08,1.8533422644351205e-05,1.215458326268669e-09,4.157195188092544e-07,,
normalized_vmin0.001,normalized,0.001,1.0,11,63,0,3,hedap_accuracy_maxre_alg,geom,0,6.119634457398206,1,1.2175324359545534e-06,5.8753380549836365e-05,2.335987385044573e-08,9.461528944765263e-07,,
normalized_vmin0.001,normalized,0.001,1.0,11,63,0,3,hedap_accuracy_maxre_alg,ood,0,6.071036175824702,1,0.004809201783777455,0.03675499824619466,0.004804470903325134,0.03665200052330464,0.03675499824619466,0
normalized_vmin0.001,normalized,0.001,1.0,10,63,0,2,hedap_accuracy|hedap_speed,lin,0,3.436059684958309,1,5.871668809246671e-08,4.048691294811224e-05,1.1897369966343393e-09,4.444913945800266e-07,,
normalized_vmin0.001,normalized,0.001,1.0,10,63,0,2,hedap_accuracy|hedap_speed,lin,1,2.9847903517074883,1,6.046253851437595e-08,2.903135373577559e-05,1.1855430463596532e-09,4.700410355384932e-07,,
normalized_vmin0.001,normalized,0.001,1.0,10,63,0,2,hedap_accuracy|hedap_speed,lin,2,3.3498848266899586,1,6.303580762788525e-08,4.291333849493206e-05,1.1998918600990781e-09,3.707492983728855e-07,,
normalized_vmin0.001,normalized,0.001,1.0,10,63,0,2,hedap_accuracy|hedap_speed,lin,3,2.914949451107532,1,6.0124904582736e-08,2.740721238758681e-05,1.1909107774571762e-09,4.060128329097523e-07,,
normalized_vmin0.001,normalized,0.001,1.0,10,63,0,2,hedap_accuracy|hedap_speed,lin,4,3.0623770100064576,1,6.131623127842551e-08,5.5055857668295793e-05,1.239114202361563e-09,6.858943962795294e-07,,
normalized_vmin0.001,normalized,0.001,1.0,10,63,0,2,hedap_accuracy|hedap_speed,lin,5,3.396880228072405,1,6.10683680612072e-08,4.104092513701474e-05,1.2059850000822577e-09,2.821830346055876e-07,,
normalized_vmin0.001,normalized,0.001,1.0,10,63,0,2,hedap_accuracy|hedap_speed,lin,6,3.104945589788258,1,5.890711305489308e-08,2.744118545572327e-05,1.2381527314582626e-09,4.140726259649341e-07,,
normalized_vmin0.001,normalized,0.001,1.0,10,63,0,2,hedap_accuracy|hedap_speed,lin,7,2.8158059543929994,1,5.7870791724924187e-08,3.558283190518985e-05,1.2113649534247525e-09,5.452271245598439e-07,,
normalized_vmin0.001,normalized,0.001,1.0,10,63,0,2,hedap_accuracy|hedap_speed,lin,8,3.069992044940591,1,6.011226177745932e-08,3.116262764479849e-05,1.2360042419522481e-09,6.349892628376708e-07,,
normalized_vmin0.001,normalized,0.001,1.0,10,63,0,2,hedap_accuracy|hedap_speed,lin,9,3.371199879795313,1,6.355656824232904e-08,3.638098794089828e-05,1.188444252974959e-09,3.7228129434740964e-07,,
normalized_vmin0.001,normalized,0.001,1.0,10,63,0,2,hedap_accuracy|hedap_speed,geom,0,3.387721616309136,1,1.2261585512918345e-06,5.882537472812199e-05,2.3927569847719308e-08,9.346227081152847e-07,,
normalized_vmin0.001,normalized,0.001,1.0,10,63,0,2,hedap_accuracy|hedap_speed,ood,0,3.348533016629517,1,0.0352424663774559,0.1606985254745278,0.03524152400152835,0.1607562941311349,0.1606985254745278,0
normalized_vmin0.001,normalized,0.001,1.0,10,63,0,3,hedap_accuracy_maxre_alg,lin,0,8.084002349991351,2,5.986702959076968e-08,3.28634354969104e-05,8.912428949517804e-10,3.2628848045668235e-07,,
normalized_vmin0.001,normalized,0.001,1.0,10,63,0,3,hedap_accuracy_maxre_alg,lin,1,7.314376631285995,2,6.246594242132451e-08,3.400224696104015e-05,8.797045866418144e-10,3.076864025786108e-07,,
normalized_vmin0.001,normalized,0.001,1.0,10,63,0,3,hedap_accuracy_maxre_alg,lin,2,8.10920644691214,2,5.968005933930723e-08,3.300208516543446e-05,9.204171875484618e-10,3.7433686939092325e-07,,
normalized_vmin0.001,normalized,0.001,1.0,10,63,0,3,hedap_accuracy_maxre_alg,lin,3,8.368341885972768,2,6.047083858404614e-08,3.2644592832475894e-05,9.22607977954401e-10,4.428912048215494e-07,,
normalized_vmin0.001,normalized,0.001,1.0,10,63,0,3,hedap_accuracy_maxre_alg,lin,4,7.3195079527795315,2,5.692192145111751e-08,1.7736232902576532e-05,9.041320889261991e-10,2.6701945721185893e-07,,
normalized_vmin0.001,normalized,0.001,1.0,10,63,0,3,hedap_accuracy_maxre_alg,lin,5,8.003511840011925,2,5.98768298169859e-08,2.3707489301694196e-05,8.870989017790802e-10,2.1798431826258735e-07,,
normalized_vmin0.001,normalized,0.001,1.0,10,63,0,3,hedap_accuracy_maxre_alg,lin,6,8.353355831000954,2,6.00224117723682e-08,2.8927231600972547e-05,8.743359378450793e-10,3.646500976728362e-07,,
normalized_vmin0.001,normalized,0.001,1.0,10,63,0,3,hedap_accuracy_maxre_alg,lin,7,8.20136360032484,2,5.8484988820983e-08,1.4866965870607984e-05,9.361901144651244e-10,5.174932663498666e-07,,
normalized_vmin0.001,normalized,0.001,1.0,10,63,0,3,hedap_accuracy_maxre_alg,lin,8,8.34236968588084,2,5.919246523550172e-08,3.134529127213348e-05,9.110752178356004e-10,4.348932225450852e-07,,
normalized_vmin0.001,normalized,0.001,1.0,10,63,0,3,hedap_accuracy_maxre_alg,lin,9,7.676487486809492,2,6.03761685752686e-08,3.261710111068794e-05,9.042992372953194e-10,3.0830293573647083e-07,,
normalized_vmin0.001,normalized,0.001,1.0,10,63,0,3,hedap_accuracy_maxre_alg,geom,0,7.946044235024601,2,1.2176207874519667e-06,6.369632573532957e-05,1.6893482346375138e-08,7.513403440517763e-07,,
normalized_vmin0.001,normalized,0.001,1.0,10,63,0,3,hedap_accuracy_maxre_alg,ood,0,7.203430448658764,2,0.004809655510937246,0.03681077253225251,0.00480439864905394,0.03665938103809374,0.03681077253225251,0
normalized_vmin0.001,normalized,0.001,1.0,9,31,0,3,hedap_accuracy,lin,0,7.49835105240345,2,6.095234364049111e-08,4.74207808112137e-05,9.177053880779094e-10,5.679257701896034e-07,,
normalized_vmin0.001,normalized,0.001,1.0,9,31,0,3,hedap_accuracy,lin,1,7.622818790841848,2,6.263489319311026e-08,3.337799145419762e-05,9.240460750526748e-10,4.844250981461684e-07,,
normalized_vmin0.001,normalized,0.001,1.0,9,31,0,3,hedap_accuracy,lin,2,7.87882334087044,2,6.156879651723587e-08,3.0870097833979315e-05,9.451884083252354e-10,6.334690454412595e-07,,
normalized_vmin0.001,normalized,0.001,1.0,9,31,0,3,hedap_accuracy,lin,3,7.889370878692716,2,5.886552995777592e-08,2.3805224375950118e-05,9.513255594220703e-10,7.003139882444387e-07,,
normalized_vmin0.001,normalized,0.001,1.0,9,31,0,3,hedap_accuracy,lin,4,7.672254709992558,2,6.102308319166398e-08,2.2892224170956155e-05,9.295430688938274e-10,7.076036144804121e-07,,
normalized_vmin0.001,normalized,0.001,1.0,9,31,0,3,hedap_accuracy,lin,5,7.386155016254634,2,5.957255469147407e-08,3.696578954293095e-05,9.340610345937353e-10,3.845517468903381e-07,,
normalized_vmin0.001,normalized,0.001,1.0,9,31,0,3,hedap_accuracy,lin,6,7.657090245280415,2,6.324547765530555e-08,4.235239391126022e-05,9.824464966566354e-10,7.50796632087436e-07,,
normalized_vmin0.001,normalized,0.001,1.0,9,31,0,3,hedap_accuracy,lin,7,7.711529491003603,2,6.103609581625526e-08,2.413229945141815e-05,9.447681222489218e-10,6.329656425663188e-07,,
normalized_vmin0.001,normalized,0.001,1.0,9,31,0,3,hedap_accuracy,lin,8,7.177888691890985,2,6.254081210552427e-08,5.691810608010606e-05,9.441676275041182e-10,4.6895352801001877e-07,,
normalized_vmin0.001,normalized,0.001,1.0,9,31,0,3,hedap_accuracy,lin,9,7.559614893049002,2,5.927867772599369e-08,1.842543955621334e-05,9.562265950168207e-10,4.5562660710984915e-07,,
normalized_vmin0.001,normalized,0.001,1.0,9,31,0,3,hedap_accuracy,geom,0,7.635653059929609,2,1.2237507387993618e-06,6.237086037053086e-05,1.9299559702802462e-08,1.1473541243756102e-06,,
normalized_vmin0.001,normalized,0.001,1.0,9,31,0,3,hedap_accuracy,ood,0,7.845544522162527,2,0.03302953061201272,0.15268864330099186,0.03302869490886343,0.15273106650464907,0.15268864330099186,0
normalized_vmin0.001,normalized,0.001,1.0,9,31,1,3,hedap_speed,lin,0,7.063118974678218,2,7.523631338717161e-08,3.00017073240344e-05,3.172662341581161e-08,1.1271692998526817e-05,,
normalized_vmin0.001,normalized,0.001,1.0,9,31,1,3,hedap_speed,lin,1,7.792779940646142,2,7.524552350712265e-08,3.321615099238784e-05,3.2143218620006884e-08,1.6056311664569556e-05,,
normalized_vmin0.001,normalized,0.001,1.0,9,31,1,3,hedap_speed,lin,2,7.030534385703504,2,7.870874742812884e-08,3.3078001911990285e-05,3.380660024505575e-08,1.5626659901402107e-05,,
normalized_vmin0.001,normalized,0.001,1.0,9,31,1,3,hedap_speed,lin,3,6.817933227866888,2,7.694814741231225e-08,3.869271450818168e-05,3.128779427971696e-08,1.1508900794821031e-05,,
normalized_vmin0.001,normalized,0.001,1.0,9,31,1,3,hedap_speed,lin,4,7.250185816083103,2,7.630662375429767e-08,2.290293205575722e-05,3.3031635919918465e-08,1.555819775433953e-05,,
normalized_vmin0.001,normalized,0.001,1.0,9,31,1,3,hedap_speed,lin,5,7.14653823710978,2,7.739184672720124e-08,3.299615836094283e-05,3.2168442138200164e-08,2.2276146765198845e-05,,
normalized_vmin0.001,normalized,0.001,1.0,9,31,1,3,hedap_speed,lin,6,7.7228367598727345,2,7.711061416212659e-08,3.604879705854103e-05,3.22622060769826e-08,1.2523282967302762e-05,,
normalized_vmin0.001,normalized,0.001,1.0,9,31,1,3,hedap_speed,lin,7,7.364005269948393,2,7.690187183580867e-08,2.834612327962116e-05,3.205869617928402e-08,1.4435315231597912e-05,,
normalized_vmin0.001,normalized,0.001,1.0,9,31,1,3,hedap_speed,lin,8,7.613699058070779,2,7.743433100501572e-08,4.83106984097148e-05,3.1924272229180456e-08,1.0873500163821603e-05,,
normalized_vmin0.001,normalized,0.001,1.0,9,31,1,3,hedap_speed,lin,9,7.774240645114332,2,7.835882020575116e-08,4.3493315380782605e-05,3.07099776042289e-08,1.3823062276152598e-05,,
normalized_vmin0.001,normalized,0.001,1.0,9,31,1,3,hedap_speed,geom,0,7.514076469000429,2,1.3567704790911404e-06,5.355789434124958e-05,3.625790861264674e-07,5.5319202289849656e-05,,
normalized_vmin0.001,normalized,0.001,1.0,9,31,1,3,hedap_speed,ood,0,7.692048169672489,2,0.0330290177465736,0.15286134812635643,0.033027990376955335,0.15276281563708782,0.15286134812635643,0
normalized_vmin0.001,normalized,0.001,1.0,9,127,0,9,hedap_accuracy_maxre_alg,lin,0,29.509514684788883,6,5.8261002716010214e-08,2.228797856063114e-05,9.056444876394095e-10,2.2664719057097216e-07,,
normalized_vmin0.001,normalized,0.001,1.0,9,127,0,9,hedap_accuracy_maxre_alg,lin,1,25.308937125839293,6,5.985057399190968e-08,2.4942826764240422e-05,8.721313407682185e-10,2.2507899843926538e-07,,
normalized_vmin0.001,normalized,0.001,1.0,9,127,0,9,hedap_accuracy_maxre_alg,lin,2,24.877617856953293,6,5.8368511634807106e-08,4.2456784368649636e-05,9.13138584904494e-10,2.901234398278163e-07,,
normalized_vmin0.001,normalized,0.001,1.0,9,127,0,9,hedap_accuracy_maxre_alg,lin,3,28.305904400069267,6,6.050613764684541e-08,5.061782040605145e-05,9.019111842526535e-10,3.010239708611806e-07,,
normalized_vmin0.001,normalized,0.001,1.0,9,127,0,9,hedap_accuracy_maxre_alg,lin,4,29.68983961874619,6,6.017218919089718e-08,2.1039845689019288e-05,8.918523786914353e-10,3.6672887038236013e-07,,
normalized_vmin0.001,normalized,0.001,1.0,9,127,0,9,hedap_accuracy_maxre_alg,lin,5,27.010732736904174,6,6.07773800708035e-08,3.5288011705381095e-05,9.034689630507806e-10,3.0391930727624583e-07,,
normalized_vmin0.001,normalized,0.001,1.0,9,127,0,9,hedap_accuracy_maxre_alg,lin,6,25.075948618352413,6,5.98614441800889e-08,2.5077902553571896e-05,8.993746936733114e-10,4.0399778677979725e-07,,
normalized_vmin0.001,normalized,0.001,1.0,9,127,0,9,hedap_accuracy_maxre_alg,lin,7,28.023031875956804,6,5.730837514880406e-08,1.7602839589514474e-05,8.852952959676938e-10,3.251264014680899e-07,,
normalized_vmin0.001,normalized,0.001,1.0,9,127,0,9,hedap_accuracy_maxre_alg,lin,8,28.128086476121098,6,5.8404950040437885e-08,1.9346518864926665e-05,9.035800417419204e-10,2.5141485771040806e-07,,
normalized_vmin0.001,normalized,0.001,1.0,9,127,0,9,hedap_accuracy_maxre_alg,lin,9,29.259789107367396,6,6.106790436182936e-08,4.0025827679812664e-05,8.963318702643014e-10,3.057201944933752e-07,,
normalized_vmin0.001,normalized,0.001,1.0,9,127,0,9,hedap_accuracy_maxre_alg,geom,0,29.261977977119386,6,1.239988688174363e-06,4.802634293787911e-05,1.6886669259896418e-08,1.2900004187077485e-06,,
normalized_vmin0.001,normalized,0.001,1.0,9,127,0,9,hedap_accuracy_maxre_alg,ood,0,29.561688306275755,6,3.321550444143956e-05,0.0007314456504641242,4.582772959037899e-07,1.013106610892045e-05,0.0007314456504641242,0
normalized_vmin0.001,normalized,0.001,1.0,8,63,0,2,hedap_accuracy,lin,0,8.488437096122652,2,5.983923876632519e-08,2.4678004692857414e-05,9.367115616321184e-10,3.96837334992739e-07,,
normalized_vmin0.001,normalized,0.001,1.0,8,63,0,2,hedap_accuracy,lin,1,8.13045267527923,2,6.108794325849511e-08,4.019711969771578e-05,9.095380172658579e-10,3.30795170144782e-07,,
normalized_vmin0.001,normalized,0.001,1.0,8,63,0,2,hedap_accuracy,lin,2,8.227978935930878,2,6.331802812913659e-08,3.398938706267174e-05,8.976947478993487e-10,3.7207025616048384e-07,,
normalized_vmin0.001,normalized,0.001,1.0,8,63,0,2,hedap_accuracy,lin,3,8.338598073925823,2,6.020272520898453e-08,2.6990043888175386e-05,9.046813141829445e-10,3.103100560952754e-07,,
normalized_vmin0.001,normalized,0.001,1.0,8,63,0,2,hedap_accuracy,lin,4,8.123363580554724,2,5.742352575610838e-08,2.5821888547827854e-05,9.099183247592544e-10,3.504590724290324e-07,,
normalized_vmin0.001,normalized,0.001,1.0,8,63,0,2,hedap_accuracy,lin,5,8.35643263021484,2,6.018470296933229e-08,2.924644867163817e-05,9.06910610425451e-10,3.859366648484297e-07,,
normalized_vmin0.001,normalized,0.001,1.0,8,63,0,2,hedap_accuracy,lin,6,8.31675599096343,2,5.924513263996984e-08,3.2315512394465173e-05,9.169003186031469e-10,3.934255975446277e-07,,
normalized_vmin0.001,normalized,0.001,1.0,8,63,0,2,hedap_accuracy,lin,7,8.480028584133834,2,6.057315133116406e-08,2.5380343789960236e-05,9.005950287754058e-10,3.267600705569862e-07,,
normalized_vmin0.001,normalized,0.001,1.0,8,63,0,2,hedap_accuracy,lin,8,8.450333698187023,2,5.9086303971592495e-08,2.3532652015267885e-05,8.866419444243667e-10,2.000674406144043e-07,,
normalized_vmin0.001,normalized,0.001,1.0,8,63,0,2,hedap_accuracy,lin,9,8.483461950905621,2,6.01924933672909e-08,2.2662731638201095e-05,8.905631271591611e-10,2.2204945204773452e-07,,
normalized_vmin0.001,normalized,0.001,1.0,8,63,0,2,hedap_accuracy,geom,0,8.411312232259661,2,1.2336890761280971e-06,5.8265238095822625e-05,1.713213240097809e-08,6.725814888364212e-07,,
normalized_vmin0.001,normalized,0.001,1.0,8,63,0,2,hedap_accuracy,ood,0,8.596333685796708,2,0.03524654880546898,0.16066314904926615,0.0352459042108684,0.1607177568332192,0.16066314904926615,0
normalized_vmin0.001,normalized,0.001,1.0,8,15,1,4,hedap_speed,lin,0,7.311728443950415,2,7.406017289056515e-08,4.368854844338799e-05,3.2234933773311295e-08,1.7174852119050676e-05,,
normalized_vmin0.001,normalized,0.001,1.0,8,15,1,4,hedap_speed,lin,1,7.419670617207885,2,7.534189931163908e-08,3.631402952120055e-05,3.3516734762012554e-08,1.9056053123578387e-05,,
normalized_vmin0.001,normalized,0.001,1.0,8,15,1,4,hedap_speed,lin,2,6.8354420443065464,2,7.534836695301651e-08,2.543874021676551e-05,3.413210126884794e-08,2.1289274442781725e-05,,
normalized_vmin0.001,normalized,0.001,1.0,8,15,1,4,hedap_speed,lin,3,6.93105043284595,2,7.898522017497559e-08,5.296924810904713e-05,3.4248877119688067e-08,1.8824952836116182e-05,,
normalized_vmin0.001,normalized,0.001,1.0,8,15,1,4,hedap_speed,lin,4,7.708164170384407,2,7.995741962890237e-08,3.5957129298380686e-05,3.416892126738527e-08,1.4132549448486742e-05,,
normalized_vmin0.001,normalized,0.001,1.0,8,15,1,4,hedap_speed,lin,5,7.437235541641712,2,7.731998375061291e-08,3.053326695523495e-05,3.367574719896846e-08,1.8068156561912296e-05,,
normalized_vmin0.001,normalized,0.001,1.0,8,15,1,4,hedap_speed,lin,6,7.499664701055735,2,7.482811651805682e-08,2.0803631782584375e-05,3.463537865446833e-08,3.083224650757277e-05,,
normalized_vmin0.001,normalized,0.001,1.0,8,15,1,4,hedap_speed,lin,7,7.619865749962628,2,7.660441663538754e-08,4.055921747880831e-05,3.354217848340179e-08,1.8206389883479446e-05,,
normalized_vmin0.001,normalized,0.001,1.0,8,15,1,4,hedap_speed,lin,8,7.366762666963041,2,7.525328184441665e-08,3.6627343531825396e-05,3.2302423138292203e-08,1.5289472574009366e-05,,
normalized_vmin0.001,normalized,0.001,1.0,8,15,1,4,hedap_speed,lin,9,6.863966842647642,2,7.765137392293876e-08,2.6769366543888395e-05,3.3837115196298675e-08,2.2144336841889434e-05,,
normalized_vmin0.001,normalized,0.001,1.0,8,15,1,4,hedap_speed,geom,0,7.408522534649819,2,1.4511491406299777e-06,5.811346748407775e-05,5.415520219409456e-07,5.495118196152671e-05,,
normalized_vmin0.001,normalized,0.001,1.0,8,15,1,4,hedap_speed,ood,0,7.419615506194532,2,0.04479126199983481,0.18542153597282596,0.04479153716349397,0.1854615199155909,0.18542153597282596,0
normalized_vmin0.001,normalized,0.001,1.0,8,511,0,1,hedap_accuracy_maxre_alg,lin,0,8.90580231603235,2,6.125823377925438e-08,4.3394385786044154e-05,9.210876351800645e-10,3.015009020224113e-07,,
normalized_vmin0.001,normalized,0.001,1.0,8,511,0,1,hedap_accuracy_maxre_alg,lin,1,8.583474640268832,2,5.9052713911639416e-08,3.719654489997559e-05,9.041288923356645e-10,5.111481187203282e-07,,
normalized_vmin0.001,normalized,0.001,1.0,8,511,0,1,hedap_accuracy_maxre_alg,lin,2,9.12963471794501,2,5.847442734176428e-08,3.2087771149047484e-05,9.016087461006844e-10,4.43867743893378e-07,,
normalized_vmin0.001,normalized,0.001,1.0,8,511,0,1,hedap_accuracy_maxre_alg,lin,3,9.06571694323793,2,6.203879949645303e-08,3.326162503447527e-05,9.165053535840689e-10,3.251894702405167e-07,,
normalized_vmin0.001,normalized,0.001,1.0,8,511,0,1,hedap_accuracy_maxre_alg,lin,4,9.030461689922959,2,5.968404935332506e-08,3.6253274378506006e-05,9.111065527759395e-10,3.9363180426299493e-07,,
normalized_vmin0.001,normalized,0.001,1.0,8,511,0,1,hedap_accuracy_maxre_alg,lin,5,8.880910830106586,2,6.067659255001821e-08,2.174592952297605e-05,8.847293549087577e-10,2.78815901255669e-07,,
normalized_vmin0.001,normalized,0.001,1.0,8,511,0,1,hedap_accuracy_maxre_alg,lin,6,8.758163335267454,2,5.776293158316355e-08,2.8059771617017226e-05,9.289147984716222e-10,5.179727255999467e-07,,
normalized_vmin0.001,normalized,0.001,1.0,8,511,0,1,hedap_accuracy_maxre_alg,lin,7,8.575291075278074,2,5.722467005557635e-08,2.8981648539927463e-05,8.949477513705835e-10,2.83626848229801e-07,,
normalized_vmin0.001,normalized,0.001,1.0,8,511,0,1,hedap_accuracy_maxre_alg,lin,8,8.86368890106678,2,5.9561744613746904e-08,3.9192697456336134e-05,8.86812782153909e-10,3.6364841871083797e-07,,
normalized_vmin0.001,normalized,0.001,1.0,8,511,0,1,hedap_accuracy_maxre_alg,lin,9,8.892522790003568,2,6.253606051743102e-08,5.849147235736929e-05,8.941609553644967e-10,3.1979651837765743e-07,,
normalized_vmin0.001,normalized,0.001,1.0,8,511,0,1,hedap_accuracy_maxre_alg,geom,0,8.9843594529666,2,1.234900958690088e-06,5.070843629739752e-05,1.694087828091006e-08,7.887997743871722e-07,,
normalized_vmin0.001,normalized,0.001,1.0,8,511,0,1,hedap_accuracy_maxre_alg,ood,0,9.022928582970053,2,5309.751333426885,2393634.862648123,5309.704859833456,2393751.194684004,2393634.862648123,9014
normalized_vmin0.001,normalized,0.001,1.0,7,31,0,3,hedap_accuracy,lin,0,13.122578340116888,3,6.08212043786743e-08,3.600598136332955e-05,9.210092635989213e-10,6.791922292359587e-07,,
normalized_vmin0.001,normalized,0.001,1.0,7,31,0,3,hedap_accuracy,lin,1,12.144041574094445,3,6.072957326438749e-08,2.6246654511674627e-05,9.351117460287752e-10,9.012988889667284e-07,,
normalized_vmin0.001,normalized,0.001,1.0,7,31,0,3,hedap_accuracy,lin,2,13.196403306908906,3,6.132594400980084e-08,2.7263391699339223e-05,8.865038669137869e-10,5.262755770063521e-07,,
normalized_vmin0.001,normalized,0.001,1.0,7,31,0,3,hedap_accuracy,lin,3,12.945519751869142,3,6.135701620810571e-08,4.9056394173963014e-05,9.213609407349556e-10,3.871962518386951e-07,,
normalized_vmin0.001,normalized,0.001,1.0,7,31,0,3,hedap_accuracy,lin,4,13.131680800113827,3,5.9013442375844654e-08,2.056938599137581e-05,9.245278408843299e-10,3.8129721302571085e-07,,
normalized_vmin0.001,normalized,0.001,1.0,7,31,0,3,hedap_accuracy,lin,5,12.544705824926496,3,6.064309391477636e-08,4.024787282197462e-05,8.926585611471617e-10,3.9779162852582317e-07,,
normalized_vmin0.001,normalized,0.001,1.0,7,31,0,3,hedap_accuracy,lin,6,13.007705279160291,3,5.850099213366831e-08,2.29783024101593e-05,9.477515095728634e-10,4.9197706908366e-07,,
normalized_vmin0.001,normalized,0.001,1.0,7,31,0,3,hedap_accuracy,lin,7,12.160529291722924,3,6.160250635134414e-08,2.5586970056279412e-05,9.235362137005891e-10,5.53369687850136e-07,,
normalized_vmin0.001,normalized,0.001,1.0,7,31,0,3,hedap_accuracy,lin,8,11.48320344928652,3,5.988712682710411e-08,2.6699301794663732e-05,9.29413014760539e-10,3.4950420246815384e-07,,
normalized_vmin0.001,normalized,0.001,1.0,7,31,0,3,hedap_accuracy,lin,9,11.94156700791791,3,5.906241265952062e-08,4.12939547231872e-05,9.165152749860122e-10,5.847555262228354e-07,,
normalized_vmin0.001,normalized,0.001,1.0,7,31,0,3,hedap_accuracy,geom,0,10.947321915067732,3,1.2273177567999884e-06,5.4051977235403115e-05,1.9524834862114863e-08,1.0767488353158328e-06,,
normalized_vmin0.001,normalized,0.001,1.0,7,31,0,3,hedap_accuracy,ood,0,12.80379158211872,3,0.03303070567921513,0.1528268039486862,0.033030092428492884,0.15271592591279837,0.1528268039486862,0
normalized_vmin0.001,normalized,0.001,1.0,7,15,1,4,hedap_speed,lin,0,7.358618766069412,2,7.710232619674695e-08,2.7217423860359524e-05,3.311205840245845e-08,2.04848415616965e-05,,
normalized_vmin0.001,normalized,0.001,1.0,7,15,1,4,hedap_speed,lin,1,7.584937996696681,2,7.608825834855699e-08,3.177334071036153e-05,3.284626914781905e-08,2.1169301707035793e-05,,
normalized_vmin0.001,normalized,0.001,1.0,7,15,1,4,hedap_speed,lin,2,7.7097078980877995,2,7.569978431374273e-08,3.9972544735311644e-05,3.4228850872632685e-08,1.6444638909263176e-05,,
normalized_vmin0.001,normalized,0.001,1.0,7,15,1,4,hedap_speed,lin,3,7.377224984113127,2,7.558085264518601e-08,3.662659973424631e-05,3.257095963196929e-08,1.587908344180544e-05,,
normalized_vmin0.001,normalized,0.001,1.0,7,15,1,4,hedap_speed,lin,4,7.481606171000749,2,7.857429976998982e-08,6.049781260308862e-05,3.196779316137611e-08,1.8781948010970773e-05,,
normalized_vmin0.001,normalized,0.001,1.0,7,15,1,4,hedap_speed,lin,5,7.255138817243278,2,7.815748408400268e-08,3.8138879115079405e-05,3.411431349531179e-08,2.1941312331241747e-05,,
normalized_vmin0.001,normalized,0.001,1.0,7,15,1,4,hedap_speed,lin,6,7.520814365241677,2,7.828182978917276e-08,3.098992643901788e-05,3.3432238086940965e-08,2.0480466337402525e-05,,
normalized_vmin0.001,normalized,0.001,1.0,7,15,1,4,hedap_speed,lin,7,7.624762663152069,2,7.886106106126705e-08,6.233179370884745e-05,3.4063094178834465e-08,4.167904681595669e-05,,
normalized_vmin0.001,normalized,0.001,1.0,7,15,1,4,hedap_speed,lin,8,7.420166594907641,2,7.556614398672082e-08,3.515607879045479e-05,3.2277278009057794e-08,1.9424175040083647e-05,,
normalized_vmin0.001,normalized,0.001,1.0,7,15,1,4,hedap_speed,lin,9,7.261012680828571,2,7.85426781918142e-08,3.2673949172390415e-05,3.3963647354042794e-08,2.343517694225472e-05,,
normalized_vmin0.001,normalized,0.001,1.0,7,15,1,4,hedap_speed,geom,0,7.402744690421969,2,1.450478861497538e-06,6.775998675723205e-05,5.334130182103948e-07,6.524363401028133e-05,,
normalized_vmin0.001,normalized,0.001,1.0,7,15,1,4,hedap_speed,ood,0,7.6399513888172805,2,0.044791414763720915,0.1854964625215092,0.0447914138716409,0.18547747450168028,0.1854964625215092,0
normalized_vmin0.001,normalized,0.001,1.0,7,511,0,1,hedap_accuracy_maxre_alg,lin,0,8.846622061915696,2,6.063992404438737e-08,3.771131486107748e-05,9.148985700302035e-10,3.913690396206704e-07,,
normalized_vmin0.001,normalized,0.001,1.0,7,511,0,1,hedap_accuracy_maxre_alg,lin,1,8.92866733809933,2,5.971164822618527e-08,3.236272990125855e-05,8.645493621645074e-10,1.729857008747615e-07,,
normalized_vmin0.001,normalized,0.001,1.0,7,511,0,1,hedap_accuracy_maxre_alg,lin,2,8.831763521302491,2,5.8378587587472916e-08,2.3216378034041085e-05,9.116637595699367e-10,2.435887274110371e-07,,
normalized_vmin0.001,normalized,0.001,1.0,7,511,0,1,hedap_accuracy_maxre_alg,lin,3,8.52623777789995,2,5.966789081944998e-08,2.1496148979949226e-05,8.940898414631893e-10,4.132670621270762e-07,,
normalized_vmin0.001,normalized,0.001,1.0,7,511,0,1,hedap_accuracy_maxre_alg,lin,4,8.968887122347951,2,5.994586163167087e-08,3.5792678219292995e-05,8.859754475848229e-10,3.562067680817904e-07,,
normalized_vmin0.001,normalized,0.001,1.0,7,511,0,1,hedap_accuracy_maxre_alg,lin,5,8.716224092058837,2,6.111164278058641e-08,2.485627202331031e-05,8.951481128129731e-10,2.2652052544813728e-07,,
normalized_vmin0.001,normalized,0.001,1.0,7,511,0,1,hedap_accuracy_maxre_alg,lin,6,8.984224275220186,2,5.872017453765213e-08,1.6508759332345413e-05,9.113055588741339e-10,2.724081795690836e-07,,
normalized_vmin0.001,normalized,0.001,1.0,7,511,0,1,hedap_accuracy_maxre_alg,lin,7,8.787477856036276,2,6.143020042024123e-08,4.126574211782419e-05,9.011844513562447e-10,2.4182476954237586e-07,,
normalized_vmin0.001,normalized,0.001,1.0,7,511,0,1,hedap_accuracy_maxre_alg,lin,8,9.061110079288483,2,5.975947872129727e-08,2.4574421731760054e-05,8.843760952136342e-10,2.408007988563554e-07,,
normalized_vmin0.001,normalized,0.001,1.0,7,511,0,1,hedap_accuracy_maxre_alg,lin,9,8.697924681939185,2,6.296294482198143e-08,3.822705255784875e-05,8.924413570407627e-10,3.114495138456519e-07,,
normalized_vmin0.001,normalized,0.001,1.0,7,511,0,1,hedap_accuracy_maxre_alg,geom,0,8.979885573033243,2,1.234334811270297e-06,4.6719626080493626e-05,1.6739376337188453e-08,1.121300645556822e-06,,
normalized_vmin0.001,normalized,0.001,1.0,7,511,0,1,hedap_accuracy_maxre_alg,ood,0,8.886045411229134,2,6151.849064340025,3500789.5999437305,6151.86294106772,3501026.904603092,3500789.5999437305,8926
normalized_vmin0.001,normalized,0.001,1.0,6,15,1,4,hedap_accuracy|hedap_speed,lin,0,7.482220403384417,2,7.661775989333344e-08,2.283895035803951e-05,3.4527326261859885e-08,1.828720670704609e-05,,
normalized_vmin0.001,normalized,0.001,1.0,6,15,1,4,hedap_accuracy|hedap_speed,lin,1,7.609568460844457,2,7.468395057557743e-08,2.8652285600783145e-05,3.433615408533804e-08,2.4689304877867357e-05,,
normalized_vmin0.001,normalized,0.001,1.0,6,15,1,4,hedap_accuracy|hedap_speed,lin,2,6.90793879982084,2,7.820116351676086e-08,2.7395950401465363e-05,3.299961306345856e-08,2.0418478101524862e-05,,
normalized_vmin0.001,normalized,0.001,1.0,6,15,1,4,hedap_accuracy|hedap_speed,lin,3,7.6217911671847105,2,7.683846207023833e-08,3.590603898973033e-05,3.353472342347967e-08,2.0471335208660513e-05,,
normalized_vmin0.001,normalized,0.001,1.0,6,15,1,4,hedap_accuracy|hedap_speed,lin,4,7.2006175010465086,2,7.743056648649974e-08,3.6801294861277256e-05,3.22623928316945e-08,1.9720980487081263e-05,,
normalized_vmin0.001,normalized,0.001,1.0,6,15,1,4,hedap_accuracy|hedap_speed,lin,5,7.376731130294502,2,7.63844707263134e-08,3.123258737780521e-05,3.285510579131281e-08,1.9331712291958958e-05,,
normalized_vmin0.001,normalized,0.001,1.0,6,15,1,4,hedap_accuracy|hedap_speed,lin,6,7.398071721196175,2,7.624902301564879e-08,2.9963841731595053e-05,3.365204160626995e-08,1.9714084345423544e-05,,
normalized_vmin0.001,normalized,0.001,1.0,6,15,1,4,hedap_accuracy|hedap_speed,lin,7,7.138443682342768,2,7.650942855942284e-08,4.296278924775798e-05,3.4328000842808544e-08,2.4262052072732132e-05,,
normalized_vmin0.001,normalized,0.001,1.0,6,15,1,4,hedap_accuracy|hedap_speed,lin,8,7.4175100307911634,2,7.8054542044602e-08,3.1192394078782826e-05,3.50090961421902e-08,2.3230074520208532e-05,,
normalized_vmin0.001,normalized,0.001,1.0,6,15,1,4,hedap_accuracy|hedap_speed,lin,9,7.5106863938272,2,7.744714718507534e-08,3.2863683869677196e-05,3.424958342867533e-08,2.1807728711853436e-05,,
normalized_vmin0.001,normalized,0.001,1.0,6,15,1,4,hedap_accuracy|hedap_speed,geom,0,7.2506163897924125,2,1.4374113576483127e-06,6.558630103947749e-05,5.390132942767981e-07,4.802780560153597e-05,,
normalized_vmin0.001,normalized,0.001,1.0,6,15,1,4,hedap_accuracy|hedap_speed,ood,0,7.661300470121205,2,0.04479177275351737,0.18547350814457142,0.04479134447768368,0.18554249527202782,0.18547350814457142,0
normalized_vmin0.001,normalized,0.001,1.0,6,255,1,1,hedap_accuracy_maxre_alg,lin,0,7.9615840199403465,2,7.535515467413479e-08,3.3600255137766766e-05,3.160052807247389e-08,3.5121061201959236e-05,,
normalized_vmin0.001,normalized,0.001,1.0,6,255,1,1,hedap_accuracy_maxre_alg,lin,1,7.594912384171039,2,7.799132043178838e-08,3.99933827883725e-05,3.3115486445681e-08,1.8402681657869735e-05,,
normalized_vmin0.001,normalized,0.001,1.0,6,255,1,1,hedap_accuracy_maxre_alg,lin,2,7.725440623238683,2,7.448789748302765e-08,1.9927073186543076e-05,3.1797351555915856e-08,1.4581658295487188e-05,,
normalized_vmin0.001,normalized,0.001,1.0,6,255,1,1,hedap_accuracy_maxre_alg,lin,3,7.773810127750039,2,7.865925553102347e-08,3.241603955927985e-05,3.212348050848121e-08,2.2266253133951253e-05,,
normalized_vmin0.001,normalized,0.001,1.0,6,255,1,1,hedap_accuracy_maxre_alg,lin,4,8.168103316798806,2,7.184943614374834e-08,2.5836384480060204e-05,3.1808749533001127e-08,1.9037377043229498e-05,,
normalized_vmin0.001,normalized,0.001,1.0,6,255,1,1,hedap_accuracy_maxre_alg,lin,5,7.809026838280261,2,7.578813833682873e-08,4.0238266122871735e-05,3.1973739918721156e-08,1.1881319945783453e-05,,
normalized_vmin0.001,normalized,0.001,1.0,6,255,1,1,hedap_accuracy_maxre_alg,lin,6,7.645519245881587,2,7.584291959490398e-08,2.346584174395261e-05,3.3699243891854646e-08,1.958464248641434e-05,,
normalized_vmin0.001,normalized,0.001,1.0,6,255,1,1,hedap_accuracy_maxre_alg,lin,7,8.277894569095224,2,7.639214885465934e-08,3.0412416615721583e-05,3.2324028235415034e-08,1.778448930989107e-05,,
normalized_vmin0.001,normalized,0.001,1.0,6,255,1,1,hedap_accuracy_maxre_alg,lin,8,7.92975810309872,2,7.467290954761547e-08,3.6583113323995775e-05,3.137305634293814e-08,1.1425478012583312e-05,,
normalized_vmin0.001,normalized,0.001,1.0,6,255,1,1,hedap_accuracy_maxre_alg,lin,9,8.330581909045577,2,7.530181508324244e-08,3.521693955521599e-05,3.197461011549536e-08,1.111611328652451e-05,,
normalized_vmin0.001,normalized,0.001,1.0,6,255,1,1,hedap_accuracy_maxre_alg,geom,0,7.791399108245969,2,1.3652787410744637e-06,6.223062270271917e-05,3.667839250493791e-07,4.4820437655523904e-05,,
normalized_vmin0.001,normalized,0.001,1.0,6,255,1,1,hedap_accuracy_maxre_alg,ood,0,8.28397602494806,2,0.008537090004942453,0.057755461613852366,0.008534507498789028,0.05771535607241285,0.057755461613852366,0
normalized_vmin0.001,normalized,0.001,1.0,5,31,1,3,hedap_accuracy|hedap_speed,lin,0,6.9309920612722635,2,7.613550227483364e-08,2.958831137778173e-05,3.198918414756374e-08,9.096351268000902e-06,,
normalized_vmin0.001,normalized,0.001,1.0,5,31,1,3,hedap_accuracy|hedap_speed,lin,1,7.5955412541516125,2,7.621498671742436e-08,3.8454891998052076e-05,3.085699365153112e-08,2.1474400366594537e-05,,
normalized_vmin0.001,normalized,0.001,1.0,5,31,1,3,hedap_accuracy|hedap_speed,lin,2,7.230081293266267,2,7.787863238721361e-08,2.1898032867451178e-05,3.1531882633060424e-08,1.0358275612798451e-05,,
normalized_vmin0.001,normalized,0.001,1.0,5,31,1,3,hedap_accuracy|hedap_speed,lin,3,7.266369765158743,2,7.970457863850587e-08,4.716250009173528e-05,3.227958014580712e-08,1.0649804683904307e-05,,
normalized_vmin0.001,normalized,0.001,1.0,5,31,1,3,hedap_accuracy|hedap_speed,lin,4,8.012251067906618,2,7.938033094968068e-08,4.001812567366869e-05,3.32232335675746e-08,2.1434033718126244e-05,,
normalized_vmin0.001,normalized,0.001,1.0,5,31,1,3,hedap_accuracy|hedap_speed,lin,5,7.844574742950499,2,7.658063846724593e-08,3.1380486827048415e-05,3.203076862216315e-08,9.652181669039805e-06,,
normalized_vmin0.001,normalized,0.001,1.0,5,31,1,3,hedap_accuracy|hedap_speed,lin,6,7.583448429591954,2,7.929355395398953e-08,3.340759233416701e-05,3.176157856195683e-08,1.9893436775442197e-05,,
normalized_vmin0.001,normalized,0.001,1.0,5,31,1,3,hedap_accuracy|hedap_speed,lin,7,7.0901737520471215,2,7.67189189219122e-08,3.585559076701994e-05,3.180215384531086e-08,1.798071713965399e-05,,
normalized_vmin0.001,normalized,0.001,1.0,5,31,1,3,hedap_accuracy|hedap_speed,lin,8,7.693962384015322,2,7.560451662077058e-08,3.143025467844396e-05,3.276260092306579e-08,1.9038379427627206e-05,,
normalized_vmin0.001,normalized,0.001,1.0,5,31,1,3,hedap_accuracy|hedap_speed,lin,9,7.530807256698608,2,7.547675939153297e-08,4.600544010369134e-05,3.2496239206630004e-08,2.1439124143984856e-05,,
normalized_vmin0.001,normalized,0.001,1.0,5,31,1,3,hedap_accuracy|hedap_speed,geom,0,7.859215978067368,2,1.3552977131775424e-06,5.565446085198378e-05,3.538673222438116e-07,5.402956260713854e-05,,
normalized_vmin0.001,normalized,0.001,1.0,5,31,1,3,hedap_accuracy|hedap_speed,ood,0,7.514507607091218,2,0.03302900337171383,0.1527312784665349,0.03302835682567733,0.1527246982248478,0.1527312784665349,0
normalized_vmin0.001,normalized,0.001,1.0,5,511,1,1,hedap_accuracy_maxre_alg,lin,0,10.303344305604696,3,7.442543052948856e-08,3.8948185921983125e-05,3.2658348498247456e-08,2.4153311246832843e-05,,
normalized_vmin0.001,normalized,0.001,1.0,5,511,1,1,hedap_accuracy_maxre_alg,lin,1,10.480196038726717,3,7.722325741348491e-08,2.8744107698486232e-05,3.2611429866375124e-08,1.4698270242252676e-05,,
normalized_vmin0.001,normalized,0.001,1.0,5,511,1,1,hedap_accuracy_maxre_alg,lin,2,10.734021405689418,3,7.812287297953696e-08,3.6006349261930026e-05,3.239632549875503e-08,1.347763907433297e-05,,
normalized_vmin0.001,normalized,0.001,1.0,5,511,1,1,hedap_accuracy_maxre_alg,lin,3,10.578878546133637,3,7.642040406980963e-08,5.100140539560094e-05,3.258913400219475e-08,1.3850267953308126e-05,,
normalized_vmin0.001,normalized,0.001,1.0,5,511,1,1,hedap_accuracy_maxre_alg,lin,4,11.007640146650374,3,7.6834485768288e-08,3.5876881025354024e-05,3.143804688287216e-08,1.761260367105777e-05,,
normalized_vmin0.001,normalized,0.001,1.0,5,511,1,1,hedap_accuracy_maxre_alg,lin,5,10.244129135739058,3,7.660918960492003e-08,3.957007242472166e-05,3.187586816180848e-08,3.195216667095657e-05,,
normalized_vmin0.001,normalized,0.001,1.0,5,511,1,1,hedap_accuracy_maxre_alg,lin,6,10.322929415851831,3,7.532589900052344e-08,4.459643195353635e-05,3.2559781076007676e-08,3.280854024378943e-05,,
normalized_vmin0.001,normalized,0.001,1.0,5,511,1,1,hedap_accuracy_maxre_alg,lin,7,10.539312014821917,3,7.52286365691145e-08,3.04008192815175e-05,3.185232778811083e-08,1.4928950810233488e-05,,
normalized_vmin0.001,normalized,0.001,1.0,5,511,1,1,hedap_accuracy_maxre_alg,lin,8,10.24127787258476,3,7.568014381287766e-08,3.3774405852504685e-05,3.3569024089035295e-08,3.101867730048724e-05,,
normalized_vmin0.001,normalized,0.001,1.0,5,511,1,1,hedap_accuracy_maxre_alg,lin,9,10.454063350334764,3,7.851012094749576e-08,4.104940343863106e-05,3.229949139392331e-08,1.5100748446017498e-05,,
normalized_vmin0.001,normalized,0.001,1.0,5,511,1,1,hedap_accuracy_maxre_alg,geom,0,10.13606439717114,3,1.3626279539327099e-06,5.649844461330655e-05,3.760846913282212e-07,6.442506877579746e-05,,
normalized_vmin0.001,normalized,0.001,1.0,5,511,1,1,hedap_accuracy_maxre_alg,ood,0,10.81951028900221,3,5689.275943208212,3239280.536625083,5689.256219262635,3238802.010961386,3239280.536625083,8993
normalized_vmin0.001,normalized,0.001,1.0,4,31,1,3,hedap_accuracy|hedap_speed|hedap_accuracy_maxre_alg,lin,0,7.866318243090063,2,7.527678257548837e-08,2.7768912190584416e-05,3.298844625024673e-08,1.521289306727347e-05,,
normalized_vmin0.001,normalized,0.001,1.0,4,31,1,3,hedap_accuracy|hedap_speed|hedap_accuracy_maxre_alg,lin,1,7.153868751134723,2,7.447666167082026e-08,3.7873743563565654e-05,3.2618710481843814e-08,1.417250264101888e-05,,
normalized_vmin0.001,normalized,0.001,1.0,4,31,1,3,hedap_accuracy|hedap_speed|hedap_accuracy_maxre_alg,lin,2,7.694031667895615,2,7.609940866275285e-08,2.6856372245198656e-05,3.021704467052032e-08,7.266749037615483e-06,,
normalized_vmin0.001,normalized,0.001,1.0,4,31,1,3,hedap_accuracy|hedap_speed|hedap_accuracy_maxre_alg,lin,3,7.715802258811891,2,7.612879793114603e-08,3.189281758153584e-05,3.1505384021775185e-08,2.5390639993849717e-05,,
normalized_vmin0.001,normalized,0.001,1.0,4,31,1,3,hedap_accuracy|hedap_speed|hedap_accuracy_maxre_alg,lin,4,7.638398985378444,2,7.686060731760177e-08,3.9818812674230486e-05,3.254539294408643e-08,2.4855759778619202e-05,,
normalized_vmin0.001,normalized,0.001,1.0,4,31,1,3,hedap_accuracy|hedap_speed|hedap_accuracy_maxre_alg,lin,5,7.856239235959947,2,7.388096854747195e-08,3.0248885881434262e-05,3.232627465022051e-08,1.9080841849872243e-05,,
normalized_vmin0.001,normalized,0.001,1.0,4,31,1,3,hedap_accuracy|hedap_speed|hedap_accuracy_maxre_alg,lin,6,7.716826552990824,2,7.243154544990315e-08,1.6801012004297178e-05,3.146310634880503e-08,1.4821934046116425e-05,,
normalized_vmin0.001,normalized,0.001,1.0,4,31,1,3,hedap_accuracy|hedap_speed|hedap_accuracy_maxre_alg,lin,7,7.542485520709306,2,7.730943212989208e-08,3.696336772729403e-05,3.241516870673789e-08,1.985577779095582e-05,,
normalized_vmin0.001,normalized,0.001,1.0,4,31,1,3,hedap_accuracy|hedap_speed|hedap_accuracy_maxre_alg,lin,8,7.623424570076168,2,7.407133626564314e-08,1.6357547998890887e-05,3.099645987308532e-08,5.934073589730637e-06,,
normalized_vmin0.001,normalized,0.001,1.0,4,31,1,3,hedap_accuracy|hedap_speed|hedap_accuracy_maxre_alg,lin,9,7.773430448025465,2,7.729664194676438e-08,3.019808284909775e-05,3.339950745931164e-08,1.4265472010333013e-05,,
normalized_vmin0.001,normalized,0.001,1.0,4,31,1,3,hedap_accuracy|hedap_speed|hedap_accuracy_maxre_alg,geom,0,7.810227970127016,2,1.360487193177369e-06,5.009349501605698e-05,3.550112843516464e-07,4.661001172223678e-05,,
normalized_vmin0.001,normalized,0.001,1.0,4,31,1,3,hedap_accuracy|hedap_speed|hedap_accuracy_maxre_alg,ood,0,7.351410628762096,2,0.033029194174009346,0.15272401542840652,0.03302823756051535,0.15279259862870953,0.15272401542840652,0
normalized_vmin0.001,normalized,0.001,1.0,12,63,0,7,pptest_default,lin,0,15.841852243058383,3,5.915380850152603e-08,2.4213768741954134e-05,8.887863810234182e-10,2.2946153421798954e-07,,
normalized_vmin0.001,normalized,0.001,1.0,12,63,0,7,pptest_default,lin,1,16.4114243471995,3,5.7474189907886494e-08,2.1202362386452123e-05,8.762179744011662e-10,2.813203670015696e-07,,
normalized_vmin0.001,normalized,0.001,1.0,12,63,0,7,pptest_default,lin,2,16.099294203799218,3,6.026354115228961e-08,2.432810067198865e-05,9.129096199184171e-10,3.2397199078992855e-07,,
normalized_vmin0.001,normalized,0.001,1.0,12,63,0,7,pptest_default,lin,3,16.919349497184157,3,5.975016131467252e-08,2.4882573795736995e-05,9.179786793890945e-10,4.1184783206027475e-07,,
normalized_vmin0.001,normalized,0.001,1.0,12,63,0,7,pptest_default,lin,4,16.35320894792676,3,6.090971117818936e-08,4.484625607559245e-05,8.754100673626422e-10,3.038371917396532e-07,,
normalized_vmin0.001,normalized,0.001,1.0,12,63,0,7,pptest_default,lin,5,15.838613333180547,3,6.0956544732209e-08,2.006056715553317e-05,9.138741970473891e-10,2.726474911396437e-07,,
normalized_vmin0.001,normalized,0.001,1.0,12,63,0,7,pptest_default,lin,6,14.341861800756305,3,5.917828221719957e-08,1.8935700451527815e-05,8.583216184443443e-10,2.9091240971723664e-07,,
normalized_vmin0.001,normalized,0.001,1.0,12,63,0,7,pptest_default,lin,7,15.935759802814573,3,5.914156804835458e-08,3.5092764337329996e-05,8.778562445989715e-10,1.8046658023518347e-07,,
normalized_vmin0.001,normalized,0.001,1.0,12,63,0,7,pptest_default,lin,8,16.088125305250287,3,6.061684195458612e-08,3.187728680098534e-05,8.670222284975972e-10,2.38492370741028e-07,,
normalized_vmin0.001,normalized,0.001,1.0,12,63,0,7,pptest_default,lin,9,16.307840917725116,3,5.948782977444373e-08,3.242630867561491e-05,8.999376371944556e-10,4.034248624051884e-07,,
normalized_vmin0.001,normalized,0.001,1.0,12,63,0,7,pptest_default,geom,0,16.667238246649504,3,1.2348546662306017e-06,5.0887472904159736e-05,1.6652931210042808e-08,6.981803208905291e-07,,
normalized_vmin0.001,normalized,0.001,1.0,12,63,0,7,pptest_default,ood,0,16.005902751814574,3,3.3235064899200966e-05,0.0006458083079451393,4.555605442812102e-07,1.0286070904141908e-05,0.0006458083079451393,0
normalized_vmin0.0001,normalized,0.0001,1.0,12,15,0,7,degree_sweep,lin,0,10.393870443105698,2,8.631015449905033e-08,0.0001916142660537412,1.5366131151207192e-09,1.0655374712564836e-06,,
normalized_vmin0.0001,normalized,0.0001,1.0,12,15,0,7,degree_sweep,lin,1,10.298959027975798,2,8.855652958245167e-08,0.0002421983600425781,1.57844518356619e-09,3.4090160938582414e-06,,
normalized_vmin0.0001,normalized,0.0001,1.0,12,15,0,7,degree_sweep,lin,2,9.753383694216609,2,7.814442033449154e-08,0.00013042155933251642,1.4463733882393265e-09,2.14863572134405e-06,,
normalized_vmin0.0001,normalized,0.0001,1.0,12,15,0,7,degree_sweep,lin,3,10.566807032097131,2,8.462805778070056e-08,0.00022307262493148627,1.5850713506596395e-09,2.1609132340172366e-06,,
normalized_vmin0.0001,normalized,0.0001,1.0,12,15,0,7,degree_sweep,lin,4,11.134363702032715,2,9.053148792851137e-08,0.00019705406738812492,1.5875624425261165e-09,1.3213072698192718e-06,,
normalized_vmin0.0001,normalized,0.0001,1.0,12,15,0,7,degree_sweep,lin,5,10.542908847797662,2,8.297792215440145e-08,0.00010257260426982384,1.488314730514745e-09,1.6802318213438028e-06,,
normalized_vmin0.0001,normalized,0.0001,1.0,12,15,0,7,degree_sweep,lin,6,10.545482576359063,2,8.280750521299563e-08,0.0002684927016161076,1.6020269298021002e-09,3.7179619111205042e-06,,
normalized_vmin0.0001,normalized,0.0001,1.0,12,15,0,7,degree_sweep,lin,7,10.777121794875711,2,8.520667628776136e-08,0.00011828313643835742,1.5295507834577743e-09,1.7687214173278676e-06,,
normalized_vmin0.0001,normalized,0.0001,1.0,12,15,0,7,degree_sweep,lin,8,10.540829438716173,2,8.96976038363155e-08,0.0002759351338172955,1.5124289109683553e-09,1.4318974387306227e-06,,
normalized_vmin0.0001,normalized,0.0001,1.0,12,15,0,7,degree_sweep,lin,9,10.501829005777836,2,8.415565803476208e-08,0.00011739884065042894,1.7045701819509121e-09,5.451766712627482e-06,,
normalized_vmin0.0001,normalized,0.0001,1.0,12,15,0,7,degree_sweep,geom,0,10.524179298896343,2,9.444241513943945e-06,0.00048493032928120794,1.7746573297606845e-07,1.0401478111710105e-05,,
normalized_vmin0.0001,normalized,0.0001,1.0,12,15,0,7,degree_sweep,ood,0,9.270639618858695,2,0.023031488881038786,0.11694523926006717,0.02300536997083133,0.1163643525189556,0.11694523926006717,0
normalized_vmin0.0001,normalized,0.0001,1.0,12,31,0,5,degree_sweep,lin,0,10.772333491127938,2,8.6467662091492e-08,0.0002764237913004397,1.8261977453184574e-09,2.4485844844934768e-05,,
normalized_vmin0.0001,normalized,0.0001,1.0,12,31,0,5,degree_sweep,lin,1,10.248618366662413,2,7.872397782286014e-08,8.023481728391957e-05,1.8683440544255505e-09,2.6499969464133244e-05,,
normalized_vmin0.0001,normalized,0.0001,1.0,12,31,0,5,degree_sweep,lin,2,10.172098562121391,2,8.841663549549243e-08,0.00013462596448954312,1.926683674097039e-09,2.4859306897218048e-05,,
normalized_vmin0.0001,normalized,0.0001,1.0,12,31,0,5,degree_sweep,lin,3,9.222317262087017,2,8.168351513925817e-08,0.0001316155736927893,1.9038626203988704e-09,2.4337643066862924e-05,,
normalized_vmin0.0001,normalized,0.0001,1.0,12,31,0,5,degree_sweep,lin,4,10.493721721693873,2,8.626710440988477e-08,0.00013477697535835276,1.874129597490687e-09,2.4443248981764754e-05,,
normalized_vmin0.0001,normalized,0.0001,1.0,12,31,0,5,degree_sweep,lin,5,10.729854600969702,2,8.361059897201778e-08,0.00016622904537544336,1.8303959318454702e-09,2.3648691401700894e-05,,
normalized_vmin0.0001,normalized,0.0001,1.0,12,31,0,5,degree_sweep,lin,6,10.737138569820672,2,8.43680397640578e-08,0.00018557740620361862,1.822903602192457e-09,2.1864954558581395e-05,,
normalized_vmin0.0001,normalized,0.0001,1.0,12,31,0,5,degree_sweep,lin,7,10.943768966011703,2,8.754533127538377e-08,0.00022708137561133768,1.948332979122996e-09,2.442486023501722e-05,,
normalized_vmin0.0001,normalized,0.0001,1.0,12,31,0,5,degree_sweep,lin,8,10.736382904928178,2,8.59973738209293e-08,0.00019875752071274455,2.020494148957685e-09,2.683455705998483e-05,,
normalized_vmin0.0001,normalized,0.0001,1.0,12,31,0,5,degree_sweep,lin,9,11.13665763195604,2,9.674656371930958e-08,0.00021309065919083992,2.0445903349010624e-09,2.860090476264343e-05,,
normalized_vmin0.0001,normalized,0.0001,1.0,12,31,0,5,degree_sweep,geom,0,11.075410693883896,2,9.361679725153283e-06,0.00079753597118426,3.6691703148545267e-07,2.9123793459207015e-05,,
normalized_vmin0.0001,normalized,0.0001,1.0,12,31,0,5,degree_sweep,ood,0,10.642960784956813,2,0.0427624855761613,0.17944740111972102,0.042754645795343785,0.17997189027351834,0.17944740111972102,0
normalized_vmin0.0001,normalized,0.0001,1.0,12,63,0,3,degree_sweep,lin,0,6.050595610868186,1,9.410559064045837e-08,0.0005005029357201263,1.6141943218824124e-08,0.00039174061706293006,,
normalized_vmin0.0001,normalized,0.0001,1.0,12,63,0,3,degree_sweep,lin,1,6.269977390766144,1,8.206031642342591e-08,9.024146459069016e-05,1.6401055499575456e-08,0.0003980846760324175,,
normalized_vmin0.0001,normalized,0.0001,1.0,12,63,0,3,degree_sweep,lin,2,6.290009736083448,1,1.0001440931778639e-07,0.0003695187527830157,1.6441357763275318e-08,0.0003964684010849817,,
normalized_vmin0.0001,normalized,0.0001,1.0,12,63,0,3,degree_sweep,lin,3,5.449471171014011,1,8.49841209272038e-08,0.0001524403446795386,1.6298361785897964e-08,0.000395392499675129,,
normalized_vmin0.0001,normalized,0.0001,1.0,12,63,0,3,degree_sweep,lin,4,5.995040585752577,1,1.067960192408204e-07,0.0007196037596501892,1.6397579242190616e-08,0.00039364914257578043,,
normalized_vmin0.0001,normalized,0.0001,1.0,12,63,0,3,degree_sweep,lin,5,6.440575601067394,1,9.448050683267989e-08,0.0002713160003673387,1.632780578739179e-08,0.0003979574709991329,,
normalized_vmin0.0001,normalized,0.0001,1.0,12,63,0,3,degree_sweep,lin,6,6.3091522180475295,1,9.026105642604993e-08,0.00014148499068478149,1.6443548414564566e-08,0.0003989840092805119,,
normalized_vmin0.0001,normalized,0.0001,1.0,12,63,0,3,degree_sweep,lin,7,6.209355439059436,1,9.13918401036037e-08,0.00038519356264687943,1.6492769353077316e-08,0.0003967457526609097,,
normalized_vmin0.0001,normalized,0.0001,1.0,12,63,0,3,degree_sweep,lin,8,5.502221107948571,1,8.863081710853347e-08,0.0002525685460227356,1.644256557914236e-08,0.0003979780853295978,,
normalized_vmin0.0001,normalized,0.0001,1.0,12,63,0,3,degree_sweep,lin,9,5.499538421165198,1,9.003645664719086e-08,0.00044620815150719917,1.63838390486848e-08,0.0003959402524211786,,
normalized_vmin0.0001,normalized,0.0001,1.0,12,63,0,3,degree_sweep,geom,0,5.423577491659671,1,1.182803834950473e-05,0.0008154892623556398,5.111429606308385e-06,0.0003961878237511707,,
normalized_vmin0.0001,normalized,0.0001,1.0,12,63,0,3,degree_sweep,ood,0,6.162951255217195,1,0.08943279454293405,0.2905038342639097,0.08943203879729004,0.2910790282716118,0.2905038342639097,0
normalized_vmin0.0001,normalized,0.0001,1.0,12,127,0,2,degree_sweep,lin,0,7.356082659680396,1,9.598776263148581e-08,0.00035633778245047765,5.953042991429348e-09,5.972703292145276e-05,,
normalized_vmin0.0001,normalized,0.0001,1.0,12,127,0,2,degree_sweep,lin,1,6.40178926801309,1,8.31938796748225e-08,0.00017920659817660667,5.897385215342414e-09,5.6065333416510654e-05,,
normalized_vmin0.0001,normalized,0.0001,1.0,12,127,0,2,degree_sweep,lin,2,7.266738593112677,1,9.578567218887279e-08,0.0002651428163416014,5.906175714883393e-09,5.2517980632771355e-05,,
normalized_vmin0.0001,normalized,0.0001,1.0,12,127,0,2,degree_sweep,lin,3,7.168562531005591,1,8.291886392389696e-08,0.00019769772804267838,5.671854697527793e-09,4.715707303459826e-05,,
normalized_vmin0.0001,normalized,0.0001,1.0,12,127,0,2,degree_sweep,lin,4,7.202293936163187,1,8.74205868733199e-08,0.00023475486156765424,5.9598542603684864e-09,5.771108362151445e-05,,
normalized_vmin0.0001,normalized,0.0001,1.0,12,127,0,2,degree_sweep,lin,5,7.100721856113523,1,8.573684205813982e-08,0.00011214841908757656,5.8178731959000285e-09,5.33368411886892e-05,,
normalized_vmin0.0001,normalized,0.0001,1.0,12,127,0,2,degree_sweep,lin,6,7.0269490838982165,1,8.034697000366492e-08,0.00012557722887329703,5.8587166035422905e-09,5.2316662424445326e-05,,
normalized_vmin0.0001,normalized,0.0001,1.0,12,127,0,2,degree_sweep,lin,7,7.085092447232455,1,8.366712295936529e-08,9.32633390376969e-05,5.809876234571214e-09,5.426393957297382e-05,,
normalized_vmin0.0001,normalized,0.0001,1.0,12,127,0,2,degree_sweep,lin,8,7.18241680925712,1,8.198393945294631e-08,0.00015570665214592605,5.835479010865384e-09,5.490009645980898e-05,,
normalized_vmin0.0001,normalized,0.0001,1.0,12,127,0,2,degree_sweep,lin,9,7.088969340082258,1,8.749661631351656e-08,0.0003164312676998682,5.860175391070321e-09,5.315725566512608e-05,,
normalized_vmin0.0001,normalized,0.0001,1.0,12,127,0,2,degree_sweep,geom,0,6.9620097279548645,1,9.568809457271841e-06,0.0005377176504297587,1.3810505809044068e-06,6.13128437193522e-05,,
normalized_vmin0.0001,normalized,0.0001,1.0,12,127,0,2,degree_sweep,ood,0,7.156521826982498,1,0.07944304949223656,0.27365514855511786,0.07944292025200762,0.2746556290409148,0.27365514855511786,0
normalized_vmin0.0001,normalized,0.0001,1.0,12,255,0,3,degree_sweep|hedap_accuracy|hedap_speed,lin,0,6.438425867818296,1,8.338311957490263e-08,0.000185017141540067,1.5865234991332652e-09,2.3834081405160745e-06,,
normalized_vmin0.0001,normalized,0.0001,1.0,12,255,0,3,degree_sweep|hedap_accuracy|hedap_speed,lin,1,5.947372772730887,1,8.557918507378235e-08,0.00014454510406314292,1.5368250455390022e-09,1.4887645464201071e-06,,
normalized_vmin0.0001,normalized,0.0001,1.0,12,255,0,3,degree_sweep|hedap_accuracy|hedap_speed,lin,2,6.455213136970997,1,8.354595587462427e-08,0.00014837909637044344,1.4182573891779158e-09,7.702269200215994e-07,,
normalized_vmin0.0001,normalized,0.0001,1.0,12,255,0,3,degree_sweep|hedap_accuracy|hedap_speed,lin,3,6.485139201860875,1,7.510676891859825e-08,8.91920074217456e-05,1.488053367504382e-09,1.005891667515968e-06,,
normalized_vmin0.0001,normalized,0.0001,1.0,12,255,0,3,degree_sweep|hedap_accuracy|hedap_speed,lin,4,6.432412912137806,1,9.21642934591356e-08,0.00013530466536426644,1.600019989943794e-09,2.453329988050257e-06,,
normalized_vmin0.0001,normalized,0.0001,1.0,12,255,0,3,degree_sweep|hedap_accuracy|hedap_speed,lin,5,5.883710884023458,1,9.068413192615595e-08,0.00023437297019723857,1.5599854266362223e-09,1.8895279675357202e-06,,
normalized_vmin0.0001,normalized,0.0001,1.0,12,255,0,3,degree_sweep|hedap_accuracy|hedap_speed,lin,6,6.363070201128721,1,8.19102554349629e-08,7.488241717545918e-05,1.6257047733929375e-09,2.7539003716325894e-06,,
normalized_vmin0.0001,normalized,0.0001,1.0,12,255,0,3,degree_sweep|hedap_accuracy|hedap_speed,lin,7,5.938398506026715,1,8.283674281737489e-08,0.0001536813197502429,1.5571403445934081e-09,1.8866530220318367e-06,,
normalized_vmin0.0001,normalized,0.0001,1.0,12,255,0,3,degree_sweep|hedap_accuracy|hedap_speed,lin,8,5.333377776667476,1,8.21309557248444e-08,0.00012494690380926432,1.7257602707411392e-09,3.533791360976757e-06,,
normalized_vmin0.0001,normalized,0.0001,1.0,12,255,0,3,degree_sweep|hedap_accuracy|hedap_speed,lin,9,5.952983503695577,1,8.672016393257304e-08,0.00015183955740893929,1.6009945297319902e-09,2.417066597759643e-06,,
normalized_vmin0.0001,normalized,0.0001,1.0,12,255,0,3,degree_sweep|hedap_accuracy|hedap_speed,geom,0,6.382648630067706,1,9.121469472667664e-06,0.00046819526758790087,1.7641130701843922e-07,9.843771072048924e-06,,
normalized_vmin0.0001,normalized,0.0001,1.0,12,255,0,3,degree_sweep|hedap_accuracy|hedap_speed,ood,0,6.437485838774592,1,0.002152459025824247,0.022044669778391923,0.0020366916224585753,0.018767171941174943,0.022044669778391923,0
normalized_vmin0.0001,normalized,0.0001,1.0,12,511,0,1,degree_sweep,lin,0,12.07135626161471,2,8.49211883838313e-08,0.00015596972853360036,1.0640298804125451e-09,1.7320618712624025e-06,,
normalized_vmin0.0001,normalized,0.0001,1.0,12,511,0,1,degree_sweep,lin,1,12.089976957067847,2,8.784503031379046e-08,0.00014186207188593425,1.1112646769445697e-09,1.0649476109847456e-06,,
normalized_vmin0.0001,normalized,0.0001,1.0,12,511,0,1,degree_sweep,lin,2,12.109258714132011,2,8.911596003623268e-08,0.0003027936949885346,1.1138862179395153e-09,1.4494979195811553e-06,,
normalized_vmin0.0001,normalized,0.0001,1.0,12,511,0,1,degree_sweep,lin,3,11.69270687084645,2,8.986624280714862e-08,0.00017253107799408696,1.114023388650503e-09,1.985626974176924e-06,,
normalized_vmin0.0001,normalized,0.0001,1.0,12,511,0,1,degree_sweep,lin,4,12.008824855089188,2,8.845101201001261e-08,0.00014093790939173623,1.2187460849448159e-09,3.1336607253518167e-06,,
normalized_vmin0.0001,normalized,0.0001,1.0,12,511,0,1,degree_sweep,lin,5,11.140786790754646,2,7.963773435792725e-08,0.00010665584250701965,1.1749824591750484e-09,1.291762248056827e-06,,
normalized_vmin0.0001,normalized,0.0001,1.0,12,511,0,1,degree_sweep,lin,6,11.809641357976943,2,8.423429663800033e-08,0.0001355787797849839,1.100362500030779e-09,1.0493027138291922e-06,,
normalized_vmin0.0001,normalized,0.0001,1.0,12,511,0,1,degree_sweep,lin,7,12.15288501791656,2,7.711240130401289e-08,9.977330588339939e-05,1.198674830146649e-09,1.9769635051236634e-06,,
normalized_vmin0.0001,normalized,0.0001,1.0,12,511,0,1,degree_sweep,lin,8,11.993784943129867,2,9.118962863912208e-08,0.00019461326459979666,1.1172827694054348e-09,1.1493623797154129e-06,,
normalized_vmin0.0001,normalized,0.0001,1.0,12,511,0,1,degree_sweep,lin,9,11.888992095831782,2,8.457851906965629e-08,0.00012946445588724043,1.0908555238172942e-09,1.5640151356244303e-06,,
normalized_vmin0.0001,normalized,0.0001,1.0,12,511,0,1,degree_sweep,geom,0,11.884110250044614,2,9.278234695925724e-06,0.0004403494333178326,1.269490430187852e-07,9.508574081884547e-06,,
normalized_vmin0.0001,normalized,0.0001,1.0,12,511,0,1,degree_sweep,ood,0,11.978651085868478,2,0.02601274314357274,0.1319208947775835,0.025985667858156154,0.13186172798565032,0.1319208947775835,0
normalized_vmin0.0001,normalized,0.0001,1.0,12,255,0,4,hedap_accuracy_maxre_alg,lin,0,11.367597396951169,2,8.182734856068531e-08,0.00019590768696453598,1.1225411719987274e-09,1.4183879097906527e-06,,
normalized_vmin0.0001,normalized,0.0001,1.0,12,255,0,4,hedap_accuracy_maxre_alg,lin,1,10.447442900855094,2,8.563401442199055e-08,0.0001608349754224081,1.1348995057866075e-09,1.2178590842459869e-06,,
normalized_vmin0.0001,normalized,0.0001,1.0,12,255,0,4,hedap_accuracy_maxre_alg,lin,2,11.290149671956897,2,9.613856366140995e-08,0.000301671198974951,1.2076844611870051e-09,2.9856855018328687e-06,,
normalized_vmin0.0001,normalized,0.0001,1.0,12,255,0,4,hedap_accuracy_maxre_alg,lin,3,10.05342516116798,2,8.790683178786806e-08,0.00020959191201574967,1.0870383553562293e-09,8.185918862757546e-07,,
normalized_vmin0.0001,normalized,0.0001,1.0,12,255,0,4,hedap_accuracy_maxre_alg,lin,4,10.233764912933111,2,9.172311857787776e-08,0.00018391929005523444,1.1048907784550757e-09,1.2952137720123602e-06,,
normalized_vmin0.0001,normalized,0.0001,1.0,12,255,0,4,hedap_accuracy_maxre_alg,lin,5,11.203717229887843,2,7.487764533422822e-08,0.00010625219390647533,1.2066111491477159e-09,3.1511888416435596e-06,,
normalized_vmin0.0001,normalized,0.0001,1.0,12,255,0,4,hedap_accuracy_maxre_alg,lin,6,10.050692545250058,2,8.900831227205258e-08,0.00011351405651871538,1.1959882871792572e-09,9.223973524985496e-07,,
normalized_vmin0.0001,normalized,0.0001,1.0,12,255,0,4,hedap_accuracy_maxre_alg,lin,7,10.382416770793498,2,7.857166076188462e-08,0.00017944244568057766,1.1568183857734696e-09,1.046654504843758e-06,,
normalized_vmin0.0001,normalized,0.0001,1.0,12,255,0,4,hedap_accuracy_maxre_alg,lin,8,10.753736780956388,2,7.758174487425718e-08,0.00011367055485456135,1.1719396229216308e-09,1.4492496267504151e-06,,
normalized_vmin0.0001,normalized,0.0001,1.0,12,255,0,4,hedap_accuracy_maxre_alg,lin,9,10.443983574863523,2,8.173840329050612e-08,0.00014697093657933813,1.1489093434254255e-09,8.632306530698131e-07,,
normalized_vmin0.0001,normalized,0.0001,1.0,12,255,0,4,hedap_accuracy_maxre_alg,geom,0,10.347484522033483,2,9.111606594092303e-06,0.0006774822298639682,1.2559555185683965e-07,7.559825286551636e-06,,
normalized_vmin0.0001,normalized,0.0001,1.0,12,255,0,4,hedap_accuracy_maxre_alg,ood,0,10.04623841587454,2,0.0003355159371494029,0.006267540096135615,3.352732705325287e-05,0.000572389384789429,0.006267540096135615,0
normalized_vmin0.0001,normalized,0.0001,1.0,11,127,0,2,hedap_accuracy|hedap_speed,lin,0,4.46406138734892,1,8.703676736253883e-08,0.00019611631263516394,6.056893855210251e-09,5.652108787901344e-05,,
normalized_vmin0.0001,normalized,0.0001,1.0,11,127,0,2,hedap_accuracy|hedap_speed,lin,1,4.316497801337391,1,8.368053531225864e-08,0.00011215751690474285,5.859301199265222e-09,5.363238276256954e-05,,
normalized_vmin0.0001,normalized,0.0001,1.0,11,127,0,2,hedap_accuracy|hedap_speed,lin,2,4.559522594325244,1,9.277701074540299e-08,0.0002513162829560489,5.814875879529233e-09,5.418264987455679e-05,,
normalized_vmin0.0001,normalized,0.0001,1.0,11,127,0,2,hedap_accuracy|hedap_speed,lin,3,4.654384521301836,1,8.727081339917941e-08,0.00015145984183362327,5.773912059722845e-09,5.367015166746203e-05,,
normalized_vmin0.0001,normalized,0.0001,1.0,11,127,0,2,hedap_accuracy|hedap_speed,lin,4,4.445309686008841,1,8.638395318657537e-08,0.0002524629111588794,5.957687954100409e-09,5.550600103865211e-05,,
normalized_vmin0.0001,normalized,0.0001,1.0,11,127,0,2,hedap_accuracy|hedap_speed,lin,5,4.459512064233422,1,8.283542873706399e-08,0.00010478295864591036,5.943072758751559e-09,5.630094046471523e-05,,
normalized_vmin0.0001,normalized,0.0001,1.0,11,127,0,2,hedap_accuracy|hedap_speed,lin,6,4.5689693870954216,1,8.954689813923128e-08,0.00022463011563855773,5.981513866500928e-09,5.761944038584765e-05,,
normalized_vmin0.0001,normalized,0.0001,1.0,11,127,0,2,hedap_accuracy|hedap_speed,lin,7,4.517060491722077,1,7.657509816000571e-08,6.243471874078921e-05,5.794570947788795e-09,5.657667637715136e-05,,
normalized_vmin0.0001,normalized,0.0001,1.0,11,127,0,2,hedap_accuracy|hedap_speed,lin,8,4.382876536343247,1,8.262075109717867e-08,0.00015094501038193098,5.946956040312726e-09,5.6402307395342355e-05,,
normalized_vmin0.0001,normalized,0.0001,1.0,11,127,0,2,hedap_accuracy|hedap_speed,lin,9,4.302497661206871,1,8.740407607268916e-08,0.00019804676965207157,5.850807732721806e-09,5.501638504057382e-05,,
normalized_vmin0.0001,normalized,0.0001,1.0,11,127,0,2,hedap_accuracy|hedap_speed,geom,0,4.477834325749427,1,9.446494471043122e-06,0.0005446125836217064,1.3774048038901294e-06,5.935197266815351e-05,,
normalized_vmin0.0001,normalized,0.0001,1.0,11,127,0,2,hedap_accuracy|hedap_speed,ood,0,4.475999969057739,1,0.07944301958428308,0.2734733844972749,0.07944251783486211,0.27427473794371526,0.2734733844972749,0
normalized_vmin0.0001,normalized,0.0001,1.0,11,511,0,1,hedap_accuracy_maxre_alg,lin,0,11.84692778205499,2,9.45462605065581e-08,0.00026843743363968997,1.07238826901944e-09,6.795354032806955e-07,,
normalized_vmin0.0001,normalized,0.0001,1.0,11,511,0,1,hedap_accuracy_maxre_alg,lin,1,11.741418026853353,2,7.85007551414355e-08,0.00019258486593642932,1.1243160742148949e-09,1.2416823708116809e-06,,
normalized_vmin0.0001,normalized,0.0001,1.0,11,511,0,1,hedap_accuracy_maxre_alg,lin,2,11.568751375190914,2,7.649905444741232e-08,0.0001509044473577692,1.1764706208807298e-09,1.4648021502416952e-06,,
normalized_vmin0.0001,normalized,0.0001,1.0,11,511,0,1,hedap_accuracy_maxre_alg,lin,3,11.508639682084322,2,9.535421464909924e-08,0.0002597290023583776,1.1985535272189584e-09,1.4495771885059128e-06,,
normalized_vmin0.0001,normalized,0.0001,1.0,11,511,0,1,hedap_accuracy_maxre_alg,lin,4,11.698633165098727,2,9.233280039430011e-08,0.00018909520417209613,1.1327425730053528e-09,1.3324279721782517e-06,,
normalized_vmin0.0001,normalized,0.0001,1.0,11,511,0,1,hedap_accuracy_maxre_alg,lin,5,11.635287633165717,2,7.585319133125311e-08,8.77610779463911e-05,1.1390448877646924e-09,1.8006259028258143e-06,,
normalized_vmin0.0001,normalized,0.0001,1.0,11,511,0,1,hedap_accuracy_maxre_alg,lin,6,11.98271836526692,2,7.903010697636064e-08,9.061242941066361e-05,1.133224002852919e-09,1.3416796500465011e-06,,
normalized_vmin0.0001,normalized,0.0001,1.0,11,511,0,1,hedap_accuracy_maxre_alg,lin,7,11.32824355037883,2,8.279500318538084e-08,9.55667611999278e-05,1.193022649423949e-09,1.1045559253908266e-06,,
normalized_vmin0.0001,normalized,0.0001,1.0,11,511,0,1,hedap_accuracy_maxre_alg,lin,8,11.527630639262497,2,8.370608127158171e-08,0.00012566394979085516,1.2642550402119652e-09,1.118121489285251e-06,,
normalized_vmin0.0001,normalized,0.0001,1.0,11,511,0,1,hedap_accuracy_maxre_alg,lin,9,11.481753783300519,2,8.5391540300121e-08,0.00019360474481600054,1.1275956486350887e-09,2.4598970148614896e-06,,
normalized_vmin0.0001,normalized,0.0001,1.0,11,511,0,1,hedap_accuracy_maxre_alg,geom,0,11.325777065940201,2,9.232397159988676e-06,0.0005740236146881683,1.2577315608321607e-07,7.168103101862222e-06,,
normalized_vmin0.0001,normalized,0.0001,1.0,11,511,0,1,hedap_accuracy_maxre_alg,ood,0,11.5568982148543,2,0.026014731688694698,0.13182469876744018,0.025985616110928568,0.13124543923479326,0.13182469876744018,0
normalized_vmin0.0001,normalized,0.0001,1.0,10,63,0,4,hedap_accuracy,lin,0,8.529388759285212,2,8.80843195146475e-08,0.00011890223847332848,1.6432460359333372e-09,2.0730956780123933e-06,,
normalized_vmin0.0001,normalized,0.0001,1.0,10,63,0,4,hedap_accuracy,lin,1,8.268041308037937,2,8.842715440877461e-08,0.00016440832829001106,1.4342117512599999e-09,7.487256411531362e-07,,
normalized_vmin0.0001,normalized,0.0001,1.0,10,63,0,4,hedap_accuracy,lin,2,7.726362107787281,2,7.575058935354773e-08,8.518643073984755e-05,1.6254615805301714e-09,2.161895590990781e-06,,
normalized_vmin0.0001,normalized,0.0001,1.0,10,63,0,4,hedap_accuracy,lin,3,8.08845122391358,2,8.157612952170232e-08,0.00012535813121727912,1.474513197308793e-09,1.786183811081088e-06,,
normalized_vmin0.0001,normalized,0.0001,1.0,10,63,0,4,hedap_accuracy,lin,4,7.6066388613544405,2,8.528888404284353e-08,0.00023337433883030556,1.61645871888565e-09,2.1891877569624185e-06,,
normalized_vmin0.0001,normalized,0.0001,1.0,10,63,0,4,hedap_accuracy,lin,5,7.90959600917995,2,7.12113639194391e-08,4.568846497421397e-05,1.446539946724538e-09,8.372554497482199e-07,,
normalized_vmin0.0001,normalized,0.0001,1.0,10,63,0,4,hedap_accuracy,lin,6,7.8760330700315535,2,9.510691005807514e-08,0.0003796582605524179,1.584497811779541e-09,1.0441878244282776e-06,,
normalized_vmin0.0001,normalized,0.0001,1.0,10,63,0,4,hedap_accuracy,lin,7,8.12393689295277,2,8.621493203355487e-08,0.00013447562773083455,1.5099378304419555e-09,9.118532887653075e-07,,
normalized_vmin0.0001,normalized,0.0001,1.0,10,63,0,4,hedap_accuracy,lin,8,8.240856339689344,2,8.546144737964597e-08,0.00014506356954790967,1.6112652027261214e-09,2.345710875095719e-06,,
normalized_vmin0.0001,normalized,0.0001,1.0,10,63,0,4,hedap_accuracy,lin,9,8.34065167605877,2,8.459095199811896e-08,7.948542039692974e-05,1.60634701663526e-09,2.7253672965077413e-06,,
normalized_vmin0.0001,normalized,0.0001,1.0,10,63,0,4,hedap_accuracy,geom,0,8.187630748841912,2,9.335754527421125e-06,0.0005183954811653901,1.7246158281427926e-07,7.986097791068403e-06,,
normalized_vmin0.0001,normalized,0.0001,1.0,10,63,0,4,hedap_accuracy,ood,0,8.293848718050867,2,0.022064647642952833,0.11571234391275798,0.022043721965352356,0.11512037534139441,0.11571234391275798,0
normalized_vmin0.0001,normalized,0.0001,1.0,10,63,1,3,hedap_speed,lin,0,7.680562207940966,2,1.1243264627550681e-07,0.0003844998362022567,5.0065301198104885e-08,0.0003827002322639439,,
normalized_vmin0.0001,normalized,0.0001,1.0,10,63,1,3,hedap_speed,lin,1,8.577652378939092,2,1.042160535838076e-07,0.0002467030712237639,4.89358512238473e-08,0.0003917342164941884,,
normalized_vmin0.0001,normalized,0.0001,1.0,10,63,1,3,hedap_speed,lin,2,7.425429187249392,2,1.1675697725353431e-07,0.00036169370121308386,5.280482344723845e-08,0.00038826230440036635,,
normalized_vmin0.0001,normalized,0.0001,1.0,10,63,1,3,hedap_speed,lin,3,7.831302580889314,2,1.1264199760320962e-07,0.00036201793147883077,4.866135519080323e-08,0.0003450257506941723,,
normalized_vmin0.0001,normalized,0.0001,1.0,10,63,1,3,hedap_speed,lin,4,7.628576002083719,2,1.0741322394684162e-07,0.00019716489254162362,5.571436062248679e-08,0.00039080664112567387,,
normalized_vmin0.0001,normalized,0.0001,1.0,10,63,1,3,hedap_speed,lin,5,7.756312378216535,2,1.0602990305764236e-07,0.0004424457755050071,5.214680519946202e-08,0.0003998531100743996,,
normalized_vmin0.0001,normalized,0.0001,1.0,10,63,1,3,hedap_speed,lin,6,8.273350263945758,2,1.0625384019085642e-07,0.00024945390753572383,5.094972835816342e-08,0.00043058267247586546,,
normalized_vmin0.0001,normalized,0.0001,1.0,10,63,1,3,hedap_speed,lin,7,7.9291188679635525,2,1.024680932797814e-07,0.0003050372045881877,4.909811502362219e-08,0.0003990752239995121,,
normalized_vmin0.0001,normalized,0.0001,1.0,10,63,1,3,hedap_speed,lin,8,7.974946842994541,2,1.0504724278310727e-07,0.0003208132344414416,5.1165059853609335e-08,0.000390187480136861,,
normalized_vmin0.0001,normalized,0.0001,1.0,10,63,1,3,hedap_speed,lin,9,8.368885143194348,2,1.1036954699988099e-07,0.0002863060728504063,4.8325205139385075e-08,0.00042116311901352343,,
normalized_vmin0.0001,normalized,0.0001,1.0,10,63,1,3,hedap_speed,geom,0,7.8262904160656035,2,1.2876243581433137e-05,0.0009665236243425745,6.857388452352115e-06,0.0007234360778071158,,
normalized_vmin0.0001,normalized,0.0001,1.0,10,63,1,3,hedap_speed,ood,0,7.794118821620941,2,0.0894294091196821,0.2907105651505424,0.08942952498915556,0.2924716467562708,0.2907105651505424,0
normalized_vmin0.0001,normalized,0.0001,1.0,10,255,0,3,hedap_accuracy_maxre_alg,lin,0,15.77515025390312,3,8.960974329996765e-08,0.00012180616742996087,1.2436786856337087e-09,1.1003928210850944e-06,,
normalized_vmin0.0001,normalized,0.0001,1.0,10,255,0,3,hedap_accuracy_maxre_alg,lin,1,14.964929395820946,3,8.085645376759888e-08,0.00011351125107261772,1.1114633732828153e-09,9.578474498006528e-07,,
normalized_vmin0.0001,normalized,0.0001,1.0,10,255,0,3,hedap_accuracy_maxre_alg,lin,2,15.803246739786118,3,9.438953442174008e-08,0.00014583677017121488,1.1522806264856775e-09,2.8050715663585635e-06,,
normalized_vmin0.0001,normalized,0.0001,1.0,10,255,0,3,hedap_accuracy_maxre_alg,lin,3,15.853949185926467,3,7.995049827112157e-08,8.10891608065134e-05,1.0767943228459436e-09,1.0176004769935076e-06,,
normalized_vmin0.0001,normalized,0.0001,1.0,10,255,0,3,hedap_accuracy_maxre_alg,lin,4,15.755414547398686,3,7.890011284139402e-08,0.0001078853608416086,1.1409065954622825e-09,1.0808243134929896e-06,,
normalized_vmin0.0001,normalized,0.0001,1.0,10,255,0,3,hedap_accuracy_maxre_alg,lin,5,14.956128797028214,3,8.182561679617324e-08,0.00011389579153764373,1.1722619663919061e-09,9.985367996900862e-07,,
normalized_vmin0.0001,normalized,0.0001,1.0,10,255,0,3,hedap_accuracy_maxre_alg,lin,6,14.825017950963229,3,8.710248445112264e-08,0.00033843830698954136,1.182854645669437e-09,1.8558103640486934e-06,,
normalized_vmin0.0001,normalized,0.0001,1.0,10,255,0,3,hedap_accuracy_maxre_alg,lin,7,15.49608479719609,3,8.361457702374506e-08,0.00018431004413810292,1.203256474665448e-09,1.7786048320811432e-06,,
normalized_vmin0.0001,normalized,0.0001,1.0,10,255,0,3,hedap_accuracy_maxre_alg,lin,8,15.049467598088086,3,8.769011421154939e-08,0.0001256479538516153,1.1397836156708501e-09,1.6516615319872585e-06,,
normalized_vmin0.0001,normalized,0.0001,1.0,10,255,0,3,hedap_accuracy_maxre_alg,lin,9,15.896099417004734,3,7.842719662911333e-08,8.427773092933855e-05,1.1855515022895656e-09,2.0236636285586584e-06,,
normalized_vmin0.0001,normalized,0.0001,1.0,10,255,0,3,hedap_accuracy_maxre_alg,geom,0,15.834782522637397,3,9.297710352003205e-06,0.0004764337722025225,1.2479427434181447e-07,6.732493023298147e-06,,
normalized_vmin0.0001,normalized,0.0001,1.0,10,255,0,3,hedap_accuracy_maxre_alg,ood,0,15.629675871692598,3,0.0021580425999287983,0.021633851201886767,0.002043056418891596,0.0187437855264313,0.021633851201886767,0
normalized_vmin0.0001,normalized,0.0001,1.0,9,63,0,3,hedap_accuracy,lin,0,8.08748414972797,2,9.360974414392617e-08,0.0004898776393923443,1.6387708994721877e-08,0.00039696584765269716,,
normalized_vmin0.0001,normalized,0.0001,1.0,9,63,0,3,hedap_accuracy,lin,1,8.311658529099077,2,8.874353160019414e-08,0.0003074190824432499,1.6440409093848612e-08,0.0003961675241261897,,
normalized_vmin0.0001,normalized,0.0001,1.0,9,63,0,3,hedap_accuracy,lin,2,7.563595090061426,2,9.831692045603909e-08,0.00035437974896190827,1.638787820841821e-08,0.0003953837630858992,,
normalized_vmin0.0001,normalized,0.0001,1.0,9,63,0,3,hedap_accuracy,lin,3,7.354652166832238,2,9.192493987106228e-08,0.000544990743122864,1.6444724937768378e-08,0.00039548047608706227,,
normalized_vmin0.0001,normalized,0.0001,1.0,9,63,0,3,hedap_accuracy,lin,4,8.39707793481648,2,8.565026619777763e-08,0.00024787121233205145,1.6328233306980394e-08,0.00039506643765219174,,
normalized_vmin0.0001,normalized,0.0001,1.0,9,63,0,3,hedap_accuracy,lin,5,8.67422630218789,2,9.395542400787778e-08,0.0003814253749570007,1.6346163878440097e-08,0.0003955369767673078,,
normalized_vmin0.0001,normalized,0.0001,1.0,9,63,0,3,hedap_accuracy,lin,6,7.782213275786489,2,8.975512165867877e-08,0.0003135583804170228,1.6430642656915074e-08,0.00039808412405750726,,
normalized_vmin0.0001,normalized,0.0001,1.0,9,63,0,3,hedap_accuracy,lin,7,8.54481365904212,2,9.945038330306391e-08,0.00046699703165442585,1.6332986055915365e-08,0.0003958267196023657,,
normalized_vmin0.0001,normalized,0.0001,1.0,9,63,0,3,hedap_accuracy,lin,8,8.351093970239162,2,9.503873342727449e-08,0.0003483061515211494,1.6281208688430024e-08,0.00039208518527311664,,
normalized_vmin0.0001,normalized,0.0001,1.0,9,63,0,3,hedap_accuracy,lin,9,8.36095277313143,2,9.575824898606171e-08,0.0006040370264218664,1.626203554190689e-08,0.0003941500955053634,,
normalized_vmin0.0001,normalized,0.0001,1.0,9,63,0,3,hedap_accuracy,geom,0,8.562613976653665,2,1.2138134393277826e-05,0.000695865395040518,5.115223455645735e-06,0.0003972107773810851,,
normalized_vmin0.0001,normalized,0.0001,1.0,9,63,0,3,hedap_accuracy,ood,0,7.772112308070064,2,0.08944250613642075,0.29043035455031674,0.0894468232875022,0.29147997571268425,0.29043035455031674,0
normalized_vmin0.0001,normalized,0.0001,1.0,9,255,1,1,hedap_speed,lin,0,8.317158456891775,2,1.0027426772494803e-07,0.00016469935904805943,3.9844699216610535e-08,4.70025621449599e-05,,
normalized_vmin0.0001,normalized,0.0001,1.0,9,255,1,1,hedap_speed,lin,1,8.21702892985195,2,9.579549751203149e-08,0.00013482899352856847,4.194539389813719e-08,7.18968403583542e-05,,
normalized_vmin0.0001,normalized,0.0001,1.0,9,255,1,1,hedap_speed,lin,2,7.696746961213648,2,1.109057558396484e-07,0.00021417213709873373,4.345053693681486e-08,9.566243412173492e-05,,
normalized_vmin0.0001,normalized,0.0001,1.0,9,255,1,1,hedap_speed,lin,3,7.735333750024438,2,9.589986506747554e-08,9.220431220957614e-05,3.937897404467523e-08,1.9654902104981886e-05,,
normalized_vmin0.0001,normalized,0.0001,1.0,9,255,1,1,hedap_speed,lin,4,8.2578104021959,2,1.06619563548657e-07,0.0002479569899475065,4.0951196324786e-08,5.065958853411878e-05,,
normalized_vmin0.0001,normalized,0.0001,1.0,9,255,1,1,hedap_speed,lin,5,7.822968122549355,2,1.0015758294495248e-07,0.00012692996581087357,4.147514819220321e-08,6.505634075082423e-05,,
normalized_vmin0.0001,normalized,0.0001,1.0,9,255,1,1,hedap_speed,lin,6,7.8157080807723105,2,1.099497813372153e-07,0.00023466485649892288,3.946279872271238e-08,4.4846318191016366e-05,,
normalized_vmin0.0001,normalized,0.0001,1.0,9,255,1,1,hedap_speed,lin,7,8.332314820960164,2,1.0284917097081448e-07,0.00016843344258399284,4.2439188070575706e-08,7.853121656653528e-05,,
normalized_vmin0.0001,normalized,0.0001,1.0,9,255,1,1,hedap_speed,lin,8,7.786640399135649,2,9.74480265872679e-08,0.00012158880328017041,3.9670103483590896e-08,4.3617864631473324e-05,,
normalized_vmin0.0001,normalized,0.0001,1.0,9,255,1,1,hedap_speed,lin,9,8.20780051406473,2,1.0740544703621911e-07,0.00016706597781102062,3.995357137245888e-08,3.709132834406326e-05,,
normalized_vmin0.0001,normalized,0.0001,1.0,9,255,1,1,hedap_speed,geom,0,7.691927821841091,2,1.0354343471512252e-05,0.0006182515449871806,3.2661079019948602e-06,0.0005024957783589246,,
normalized_vmin0.0001,normalized,0.0001,1.0,9,255,1,1,hedap_speed,ood,0,8.24787947209552,2,0.08635804422729118,0.2894684601379177,0.08635828256480772,0.2899046084579734,0.2894684601379177,0
normalized_vmin0.0001,normalized,0.0001,1.0,9,127,0,3,hedap_accuracy_maxre_alg,lin,0,13.2942204317078,3,8.093304793130898e-08,0.0001786074096454815,1.1223478005805386e-09,1.0877280218757335e-06,,
normalized_vmin0.0001,normalized,0.0001,1.0,9,127,0,3,hedap_accuracy_maxre_alg,lin,1,13.887103006709367,3,8.615658706473818e-08,0.00014087079472147046,1.1340832380212862e-09,1.160589740978324e-06,,
normalized_vmin0.0001,normalized,0.0001,1.0,9,127,0,3,hedap_accuracy_maxre_alg,lin,2,13.563068486750126,3,9.032133582134223e-08,0.00016554505252797114,1.1495960265339397e-09,1.0626821317361035e-06,,
normalized_vmin0.0001,normalized,0.0001,1.0,9,127,0,3,hedap_accuracy_maxre_alg,lin,3,12.85185065632686,3,8.060092208581998e-08,0.0001491647580655897,1.0922585587693748e-09,1.0435145949561075e-06,,
normalized_vmin0.0001,normalized,0.0001,1.0,9,127,0,3,hedap_accuracy_maxre_alg,lin,4,13.957749912980944,3,8.518093086135427e-08,0.0002003915928197042,1.179024802891752e-09,1.223885620293963e-06,,
normalized_vmin0.0001,normalized,0.0001,1.0,9,127,0,3,hedap_accuracy_maxre_alg,lin,5,14.3201958630234,3,8.13422836007392e-08,0.00012702880801906957,1.0994208613773347e-09,6.345048173539425e-07,,
normalized_vmin0.0001,normalized,0.0001,1.0,9,127,0,3,hedap_accuracy_maxre_alg,lin,6,14.273322460241616,3,8.408644666717813e-08,0.00018377671435709786,1.102556336634859e-09,7.799118608708966e-07,,
normalized_vmin0.0001,normalized,0.0001,1.0,9,127,0,3,hedap_accuracy_maxre_alg,lin,7,13.455686933826655,3,8.643356919975053e-08,0.00015627788452254876,1.1189712297443187e-09,1.0627817668140693e-06,,
normalized_vmin0.0001,normalized,0.0001,1.0,9,127,0,3,hedap_accuracy_maxre_alg,lin,8,13.141473605763167,3,8.148464960603565e-08,9.911590204725318e-05,1.1885513368994774e-09,1.3036494143081612e-06,,
normalized_vmin0.0001,normalized,0.0001,1.0,9,127,0,3,hedap_accuracy_maxre_alg,lin,9,13.182905402034521,3,9.495659585145375e-08,0.00042278320343014375,1.0909890321306127e-09,1.0293983812026397e-06,,
normalized_vmin0.0001,normalized,0.0001,1.0,9,127,0,3,hedap_accuracy_maxre_alg,geom,0,14.437665976118296,3,9.242439576472977e-06,0.0005056917913998094,1.2539711990884256e-07,8.811674709008344e-06,,
normalized_vmin0.0001,normalized,0.0001,1.0,9,127,0,3,hedap_accuracy_maxre_alg,ood,0,13.51546314964071,3,0.018550260194114765,0.10432921875813894,0.018515167762339954,0.10266855664011432,0.10432921875813894,0
normalized_vmin0.0001,normalized,0.0001,1.0,8,511,0,1,hedap_accuracy,lin,0,11.792540279682726,2,8.153735166691102e-08,0.00011288971129042036,1.1285640161721251e-09,1.7187307315147393e-06,,
normalized_vmin0.0001,normalized,0.0001,1.0,8,511,0,1,hedap_accuracy,lin,1,11.942621040157974,2,8.838091571446402e-08,0.00015893797845545343,1.1025186241022452e-09,8.983080523883302e-07,,
normalized_vmin0.0001,normalized,0.0001,1.0,8,511,0,1,hedap_accuracy,lin,2,11.72522828867659,2,8.31674681795308e-08,0.000168529685958263,1.1432066186441766e-09,1.2012713869191671e-06,,
normalized_vmin0.0001,normalized,0.0001,1.0,8,511,0,1,hedap_accuracy,lin,3,11.897420612163842,2,9.100298406796876e-08,0.00016079147287495488,1.1843050348657957e-09,1.8255621074825257e-06,,
normalized_vmin0.0001,normalized,0.0001,1.0,8,511,0,1,hedap_accuracy,lin,4,12.124966455157846,2,8.35522523550681e-08,0.00012054204680866931,1.1370583793812305e-09,1.6207715256566502e-06,,
normalized_vmin0.0001,normalized,0.0001,1.0,8,511,0,1,hedap_accuracy,lin,5,12.03684009006247,2,8.146507691009702e-08,0.00022161787053409654,1.148333481835296e-09,1.491633819128424e-06,,
normalized_vmin0.0001,normalized,0.0001,1.0,8,511,0,1,hedap_accuracy,lin,6,11.848792816046625,2,9.263990665973648e-08,0.0003788095478417519,1.2428653259764408e-09,3.6028435133061976e-06,,
normalized_vmin0.0001,normalized,0.0001,1.0,8,511,0,1,hedap_accuracy,lin,7,11.590663474053144,2,9.430308835447934e-08,0.00016678656699287142,1.167948325608224e-09,1.6437740550934166e-06,,
normalized_vmin0.0001,normalized,0.0001,1.0,8,511,0,1,hedap_accuracy,lin,8,11.962856635916978,2,7.989850385343571e-08,0.00014549628629323408,1.1402807330327736e-09,7.699095430080405e-07,,
normalized_vmin0.0001,normalized,0.0001,1.0,8,511,0,1,hedap_accuracy,lin,9,12.173738073091954,2,8.425760335839131e-08,0.00011628654724993304,1.1619532539578772e-09,8.675285425585599e-07,,
normalized_vmin0.0001,normalized,0.0001,1.0,8,511,0,1,hedap_accuracy,geom,0,11.762392180971801,2,9.204233483698977e-06,0.0006899917004905554,1.239531717859344e-07,7.607796674857781e-06,,
normalized_vmin0.0001,normalized,0.0001,1.0,8,511,0,1,hedap_accuracy,ood,0,11.944931982085109,2,0.026014183491605874,0.13190757210860227,0.0259861324086004,0.13147897837744127,0.13190757210860227,0
normalized_vmin0.0001,normalized,0.0001,1.0,8,63,1,3,hedap_speed,lin,0,7.237190831918269,2,1.1101749104296607e-07,0.0004221683987816194,5.1203464098637305e-08,0.00043735351716267523,,
normalized_vmin0.0001,normalized,0.0001,1.0,8,63,1,3,hedap_speed,lin,1,8.56263860873878,2,1.247990832313783e-07,0.000678282261513008,4.938517619690585e-08,0.0004117865416466415,,
normalized_vmin0.0001,normalized,0.0001,1.0,8,63,1,3,hedap_speed,lin,2,7.562059503048658,2,1.0841062961537283e-07,0.0002600606741356426,4.8044234850090265e-08,0.0003856991285013933,,
normalized_vmin0.0001,normalized,0.0001,1.0,8,63,1,3,hedap_speed,lin,3,7.656788280699402,2,1.1016640628559211e-07,0.00017844599332450528,5.0808116456128736e-08,0.00039673517792582214,,
normalized_vmin0.0001,normalized,0.0001,1.0,8,63,1,3,hedap_speed,lin,4,7.572977208066732,2,1.1042114400173925e-07,0.0003698827937285154,4.9382524546820363e-08,0.00039506835997982215,,
normalized_vmin0.0001,normalized,0.0001,1.0,8,63,1,3,hedap_speed,lin,5,8.348949138075113,2,1.1152450739970783e-07,0.0005036698863400968,5.4395949802547074e-08,0.00039980670383554795,,
normalized_vmin0.0001,normalized,0.0001,1.0,8,63,1,3,hedap_speed,lin,6,7.742622963152826,2,1.1043604700539204e-07,0.0001933979753174775,4.237903777755156e-08,4.487127625485421e-05,,
normalized_vmin0.0001,normalized,0.0001,1.0,8,63,1,3,hedap_speed,lin,7,7.481183317024261,2,1.1266013624620878e-07,0.0006395039891716747,5.5338924770598685e-08,0.0004703595012741646,,
normalized_vmin0.0001,normalized,0.0001,1.0,8,63,1,3,hedap_speed,lin,8,7.814300948288292,2,9.779365997738805e-08,0.0001471750263756233,5.0023636081018835e-08,0.0003564069326112973,,
normalized_vmin0.0001,normalized,0.0001,1.0,8,63,1,3,hedap_speed,lin,9,7.740467370022088,2,1.1998554139498044e-07,0.0006295554117994318,5.578927535042824e-08,0.0006314839328522837,,
normalized_vmin0.0001,normalized,0.0001,1.0,8,63,1,3,hedap_speed,geom,0,7.7386579173617065,2,1.2866141401206321e-05,0.0008897392436789664,6.902101833920663e-06,0.0008889838316858967,,
normalized_vmin0.0001,normalized,0.0001,1.0,8,63,1,3,hedap_speed,ood,0,7.468637106008828,2,0.08942598258552016,0.2905708440230158,0.0894278106190077,0.29170409286880916,0.2905708440230158,0
normalized_vmin0.0001,normalized,0.0001,1.0,8,63,0,7,hedap_accuracy_maxre_alg,lin,0,31.352330483030528,7,8.106764475759125e-08,0.0001212921579042403,1.2138908102135614e-09,2.1478910822159136e-06,,
normalized_vmin0.0001,normalized,0.0001,1.0,8,63,0,7,hedap_accuracy_maxre_alg,lin,1,31.720478443894535,7,9.223800563569256e-08,0.00030132589216380623,1.1441693806018714e-09,2.0899823316433697e-06,,
normalized_vmin0.0001,normalized,0.0001,1.0,8,63,0,7,hedap_accuracy_maxre_alg,lin,2,27.54650557320565,7,9.290320302244581e-08,0.00022033120591524735,1.150618910615792e-09,1.1256074218257694e-06,,
normalized_vmin0.0001,normalized,0.0001,1.0,8,63,0,7,hedap_accuracy_maxre_alg,lin,3,33.56204598583281,7,8.232591688873622e-08,0.00016770024022139118,1.0875318781745989e-09,7.142023379369533e-07,,
normalized_vmin0.0001,normalized,0.0001,1.0,8,63,0,7,hedap_accuracy_maxre_alg,lin,4,32.64165082015097,7,1.0420586806704721e-07,0.0002988535416048599,1.1210344611185341e-09,1.295305800064206e-06,,
normalized_vmin0.0001,normalized,0.0001,1.0,8,63,0,7,hedap_accuracy_maxre_alg,lin,5,31.718955215997994,7,8.140010364021612e-08,6.549277029033185e-05,1.1945866272496412e-09,1.2174806158782303e-06,,
normalized_vmin0.0001,normalized,0.0001,1.0,8,63,0,7,hedap_accuracy_maxre_alg,lin,6,31.477431434672326,7,8.72018776498078e-08,0.0001607705702428852,1.1800203538302602e-09,1.1845092822149184e-06,,
normalized_vmin0.0001,normalized,0.0001,1.0,8,63,0,7,hedap_accuracy_maxre_alg,lin,7,31.478029042016715,7,8.763178286714247e-08,0.00024455733879591435,1.1040406751353603e-09,1.8972160136243588e-06,,
normalized_vmin0.0001,normalized,0.0001,1.0,8,63,0,7,hedap_accuracy_maxre_alg,lin,8,32.64756382862106,7,7.810859974500582e-08,7.0896107973617e-05,1.1492419445731123e-09,1.0924631843600707e-06,,
normalized_vmin0.0001,normalized,0.0001,1.0,8,63,0,7,hedap_accuracy_maxre_alg,lin,9,32.094751266762614,7,8.109241952156444e-08,0.00013658735970933922,1.1479650118136845e-09,1.8958978227345824e-06,,
normalized_vmin0.0001,normalized,0.0001,1.0,8,63,0,7,hedap_accuracy_maxre_alg,geom,0,31.73453216580674,7,9.235255617479266e-06,0.0005371113689478513,1.2631299134195585e-07,7.972836709502218e-06,,
normalized_vmin0.0001,normalized,0.0001,1.0,8,63,0,7,hedap_accuracy_maxre_alg,ood,0,31.477312200237066,7,0.00033045456765176033,0.009261470947559802,4.684631192982028e-06,8.5391192715778e-05,0.009261470947559802,0
normalized_vmin0.0001,normalized,0.0001,1.0,7,127,0,3,hedap_accuracy,lin,0,16.83740055700764,4,8.841394931453675e-08,0.0002277791507137028,1.2210263585947035e-09,1.59354539297496e-06,,
normalized_vmin0.0001,normalized,0.0001,1.0,7,127,0,3,hedap_accuracy,lin,1,18.270468084141612,4,8.47115678222e-08,0.0001813021228418421,1.1225862950294734e-09,1.3707462378498292e-06,,
normalized_vmin0.0001,normalized,0.0001,1.0,7,127,0,3,hedap_accuracy,lin,2,18.05922270193696,4,8.136456192568955e-08,0.00016803265599385497,1.2073273670719852e-09,2.366203488035623e-06,,
normalized_vmin0.0001,normalized,0.0001,1.0,7,127,0,3,hedap_accuracy,lin,3,16.023937006946653,4,8.868090259111217e-08,0.00019940322936928823,1.2284985138405957e-09,1.947513140310164e-06,,
normalized_vmin0.0001,normalized,0.0001,1.0,7,127,0,3,hedap_accuracy,lin,4,16.16851989272982,4,8.062850381808419e-08,0.00011830960546821423,1.1593491749096693e-09,1.7410132656658917e-06,,
normalized_vmin0.0001,normalized,0.0001,1.0,7,127,0,3,hedap_accuracy,lin,5,17.907335044816136,4,8.748577703492823e-08,0.0001299077355670919,1.126292534903801e-09,8.078246724885219e-07,,
normalized_vmin0.0001,normalized,0.0001,1.0,7,127,0,3,hedap_accuracy,lin,6,18.334464751183987,4,8.52404243802506e-08,0.00010076229990785279,1.150704580652937e-09,1.4985694154479035e-06,,
normalized_vmin0.0001,normalized,0.0001,1.0,7,127,0,3,hedap_accuracy,lin,7,18.902599222958088,4,8.198134910301807e-08,8.833440456990083e-05,1.259259928259183e-09,2.957783721280194e-06,,
normalized_vmin0.0001,normalized,0.0001,1.0,7,127,0,3,hedap_accuracy,lin,8,18.99740999378264,4,8.306037965526771e-08,0.00013793484027035952,1.1134409788045123e-09,1.1928672680738828e-06,,
normalized_vmin0.0001,normalized,0.0001,1.0,7,127,0,3,hedap_accuracy,lin,9,19.032670588232577,4,8.143475367157509e-08,0.00012467299583174274,1.1977952107610997e-09,1.2246660672232679e-06,,
normalized_vmin0.0001,normalized,0.0001,1.0,7,127,0,3,hedap_accuracy,geom,0,19.450703461188823,4,9.111127542918238e-06,0.00048087894990533897,1.2349081741287838e-07,7.445528965144277e-06,,
normalized_vmin0.0001,normalized,0.0001,1.0,7,127,0,3,hedap_accuracy,ood,0,18.532948517240584,4,0.018555303848126294,0.10344251207644128,0.018513953511886692,0.10234444611066551,0.10344251207644128,0
normalized_vmin0.0001,normalized,0.0001,1.0,7,63,1,3,hedap_speed,lin,0,7.784954199101776,2,1.0554507162710233e-07,0.00030393445961862664,5.142372849888604e-08,0.00038912581108607736,,
normalized_vmin0.0001,normalized,0.0001,1.0,7,63,1,3,hedap_speed,lin,1,8.01162806712091,2,1.0649547574506665e-07,0.000503852834348506,4.9274861881189413e-08,0.00040898119198917726,,
normalized_vmin0.0001,normalized,0.0001,1.0,7,63,1,3,hedap_speed,lin,2,8.3031284250319,2,1.0704332852226573e-07,0.00025118445653826704,5.1263829519832395e-08,0.00040538638774101354,,
normalized_vmin0.0001,normalized,0.0001,1.0,7,63,1,3,hedap_speed,lin,3,7.844055194873363,2,1.0195611483451283e-07,0.00011223144342764613,4.8915143850297466e-08,0.00038802633969847733,,
normalized_vmin0.0001,normalized,0.0001,1.0,7,63,1,3,hedap_speed,lin,4,8.015501684043556,2,1.0700934317728114e-07,0.00023555383130202667,4.942247590859552e-08,0.0003854608905802248,,
normalized_vmin0.0001,normalized,0.0001,1.0,7,63,1,3,hedap_speed,lin,5,7.566101158969104,2,1.0443056022818147e-07,0.0003816142888132257,4.956309953704302e-08,0.000399856592740222,,
normalized_vmin0.0001,normalized,0.0001,1.0,7,63,1,3,hedap_speed,lin,6,8.3170968699269,2,1.1955752891169605e-07,0.0005530561983059235,5.695667548782926e-08,0.0006056507519348608,,
normalized_vmin0.0001,normalized,0.0001,1.0,7,63,1,3,hedap_speed,lin,7,7.593358434271067,2,1.03250575667043e-07,0.0002966910172365056,4.6014820887876917e-08,0.000342280899160774,,
normalized_vmin0.0001,normalized,0.0001,1.0,7,63,1,3,hedap_speed,lin,8,8.336005535908043,2,1.2425599544464778e-07,0.0005057279912924484,5.565467776557376e-08,0.0004932337244869522,,
normalized_vmin0.0001,normalized,0.0001,1.0,7,63,1,3,hedap_speed,lin,9,8.449362441897392,2,1.0171314670239133e-07,0.0002703710204059462,4.6994105449345725e-08,0.0003579937257622845,,
normalized_vmin0.0001,normalized,0.0001,1.0,7,63,1,3,hedap_speed,geom,0,8.585286104120314,2,1.2850216927030508e-05,0.0008974094556023493,6.903237309884147e-06,0.0007410997301913191,,
normalized_vmin0.0001,normalized,0.0001,1.0,7,63,1,3,hedap_speed,ood,0,8.299912384711206,2,0.0894272426070159,0.2904077879710161,0.08942737451805877,0.2915552635052585,0.2904077879710161,0
normalized_vmin0.0001,normalized,0.0001,1.0,7,31,0,6,hedap_accuracy_maxre_alg,lin,0,27.129060052335262,6,8.643168319430976e-08,0.00017419837687104867,1.1375732069281435e-09,1.6430635469966148e-06,,
normalized_vmin0.0001,normalized,0.0001,1.0,7,31,0,6,hedap_accuracy_maxre_alg,lin,1,27.17012263974175,6,8.287254364821453e-08,0.0001026634817341554,1.1342117439985756e-09,1.3679193128224298e-06,,
normalized_vmin0.0001,normalized,0.0001,1.0,7,31,0,6,hedap_accuracy_maxre_alg,lin,2,27.063026511110365,6,8.359241297931444e-08,0.00016410740086869602,1.1408128729336296e-09,2.3373412956217976e-06,,
normalized_vmin0.0001,normalized,0.0001,1.0,7,31,0,6,hedap_accuracy_maxre_alg,lin,3,24.16315274266526,6,8.91077094602121e-08,0.0002342635111727276,1.115291035923055e-09,8.900158070535014e-07,,
normalized_vmin0.0001,normalized,0.0001,1.0,7,31,0,6,hedap_accuracy_maxre_alg,lin,4,23.226844936143607,6,8.275454686800416e-08,0.00021962061747760053,1.2150283950823951e-09,2.6906934240678027e-06,,
normalized_vmin0.0001,normalized,0.0001,1.0,7,31,0,6,hedap_accuracy_maxre_alg,lin,5,30.217092717066407,6,8.712289072464622e-08,0.00020402854637646683,1.1775359159124155e-09,1.5192255625740003e-06,,
normalized_vmin0.0001,normalized,0.0001,1.0,7,31,0,6,hedap_accuracy_maxre_alg,lin,6,28.180972416885197,6,8.421288644621476e-08,0.00010994830737542927,1.2398868481774343e-09,3.637384357046969e-06,,
normalized_vmin0.0001,normalized,0.0001,1.0,7,31,0,6,hedap_accuracy_maxre_alg,lin,7,27.636921477038413,6,8.352513845483853e-08,8.588864631797755e-05,1.1032528591084815e-09,7.386980902523987e-07,,
normalized_vmin0.0001,normalized,0.0001,1.0,7,31,0,6,hedap_accuracy_maxre_alg,lin,8,27.122361599002033,6,8.540851347101292e-08,0.00027037545951880126,1.1430421801774e-09,1.1930493033496248e-06,,
normalized_vmin0.0001,normalized,0.0001,1.0,7,31,0,6,hedap_accuracy_maxre_alg,lin,9,27.202090728096664,6,8.063764193940123e-08,0.00012467577975994182,1.0488631574629792e-09,4.830544704237383e-07,,
normalized_vmin0.0001,normalized,0.0001,1.0,7,31,0,6,hedap_accuracy_maxre_alg,geom,0,27.46454350510612,6,9.140829388286962e-06,0.0005362030143249985,1.269100622435464e-07,7.763400738047821e-06,,
normalized_vmin0.0001,normalized,0.0001,1.0,7,31,0,6,hedap_accuracy_maxre_alg,ood,0,28.136136864777654,6,0.006502987322069029,0.048481468310695996,0.006438766434806589,0.04525955595882036,0.048481468310695996,0
normalized_vmin0.0001,normalized,0.0001,1.0,6,511,1,1,hedap_accuracy,lin,0,13.48807796323672,3,1.0009803858315082e-07,0.00011768232115394461,3.74299548957694e-08,3.921185969324448e-05,,
normalized_vmin0.0001,normalized,0.0001,1.0,6,511,1,1,hedap_accuracy,lin,1,13.320602565072477,3,1.1182260250531102e-07,0.0002122440007283899,3.7610048153526726e-08,3.497081305692262e-05,,
normalized_vmin0.0001,normalized,0.0001,1.0,6,511,1,1,hedap_accuracy,lin,2,12.672606719657779,3,1.0357266523630229e-07,0.00017063505804915113,3.644512979530877e-08,3.368222859101433e-05,,
normalized_vmin0.0001,normalized,0.0001,1.0,6,511,1,1,hedap_accuracy,lin,3,13.747264897916466,3,1.0840554342528082e-07,0.00015962662984669862,3.63381036061044e-08,2.990751621179122e-05,,
normalized_vmin0.0001,normalized,0.0001,1.0,6,511,1,1,hedap_accuracy,lin,4,13.67321795085445,3,1.0345347079564847e-07,0.00010879100836458377,3.372021168168273e-08,1.2305066916518115e-05,,
normalized_vmin0.0001,normalized,0.0001,1.0,6,511,1,1,hedap_accuracy,lin,5,13.602369592990726,3,1.0556770460793931e-07,0.00013934540163906828,3.634048146511571e-08,4.073715005814549e-05,,
normalized_vmin0.0001,normalized,0.0001,1.0,6,511,1,1,hedap_accuracy,lin,6,13.770664268638939,3,1.1251078840867555e-07,0.00034366069888214223,3.5950671021405846e-08,2.1563159679605093e-05,,
normalized_vmin0.0001,normalized,0.0001,1.0,6,511,1,1,hedap_accuracy,lin,7,14.147934992797673,3,9.926331255191815e-08,0.00017271453247480473,4.2330235634655623e-08,0.0002225455854056868,,
normalized_vmin0.0001,normalized,0.0001,1.0,6,511,1,1,hedap_accuracy,lin,8,13.670964417979121,3,1.0236882246866995e-07,0.00015684910367930183,3.918398273752694e-08,9.008577246194527e-05,,
normalized_vmin0.0001,normalized,0.0001,1.0,6,511,1,1,hedap_accuracy,lin,9,13.25680238287896,3,1.0459939870504181e-07,0.00018933007062083007,3.703624937892222e-08,7.058008529114979e-05,,
normalized_vmin0.0001,normalized,0.0001,1.0,6,511,1,1,hedap_accuracy,geom,0,13.831658864859492,3,1.0299644281066534e-05,0.0006457502515504476,2.708063259381198e-06,0.00046147253457129445,,
normalized_vmin0.0001,normalized,0.0001,1.0,6,511,1,1,hedap_accuracy,ood,0,14.111243188846856,3,0.026008145532421416,0.13189724819475745,0.025986376908260507,0.131962728841177,0.13189724819475745,0
normalized_vmin0.0001,normalized,0.0001,1.0,6,63,1,3,hedap_speed,lin,0,8.646861291956156,2,9.980421444574317e-08,0.00017285921713416919,4.983441932690004e-08,0.00038894032132863465,,
normalized_vmin0.0001,normalized,0.0001,1.0,6,63,1,3,hedap_speed,lin,1,7.877308948896825,2,1.0100835170756461e-07,0.00019859950806044857,4.4079223534797805e-08,0.00024804620376961406,,
normalized_vmin0.0001,normalized,0.0001,1.0,6,63,1,3,hedap_speed,lin,2,8.487616398837417,2,1.0686272573491541e-07,0.00026856964523147564,4.914462425112512e-08,0.00039432542390849257,,
normalized_vmin0.0001,normalized,0.0001,1.0,6,63,1,3,hedap_speed,lin,3,8.515665812883526,2,9.772864290435364e-08,0.00018567285298198843,5.039166835257432e-08,0.00037710184065786745,,
normalized_vmin0.0001,normalized,0.0001,1.0,6,63,1,3,hedap_speed,lin,4,8.371944672893733,2,1.145269802209413e-07,0.0004836642939681779,4.746154935934455e-08,0.0003850622716918828,,
normalized_vmin0.0001,normalized,0.0001,1.0,6,63,1,3,hedap_speed,lin,5,8.453454975038767,2,1.1558577379343202e-07,0.0006795341021396117,5.028433462947793e-08,0.00039272589357408627,,
normalized_vmin0.0001,normalized,0.0001,1.0,6,63,1,3,hedap_speed,lin,6,8.517256167251617,2,1.1260844043165191e-07,0.0005215250194718912,4.954076986076768e-08,0.000385408789017605,,
normalized_vmin0.0001,normalized,0.0001,1.0,6,63,1,3,hedap_speed,lin,7,7.933143989183009,2,1.1048589380595144e-07,0.0003992111859989489,5.041752611823375e-08,0.00039702843910127683,,
normalized_vmin0.0001,normalized,0.0001,1.0,6,63,1,3,hedap_speed,lin,8,8.451895155012608,2,1.1404240798157511e-07,0.00046314559136007016,5.4499870315661886e-08,0.00038816153533716147,,
normalized_vmin0.0001,normalized,0.0001,1.0,6,63,1,3,hedap_speed,lin,9,7.95224977703765,2,1.1537264083840131e-07,0.0003159397034059319,4.658097400725094e-08,0.00027874895980184444,,
normalized_vmin0.0001,normalized,0.0001,1.0,6,63,1,3,hedap_speed,geom,0,7.857507999055088,2,1.2781182084356936e-05,0.0007999168332862849,6.8621772194425e-06,0.0007376785250676754,,
normalized_vmin0.0001,normalized,0.0001,1.0,6,63,1,3,hedap_speed,ood,0,8.633732832968235,2,0.08942686280288963,0.2904181087464096,0.08942835583230005,0.2922667951478417,0.2904181087464096,0
normalized_vmin0.0001,normalized,0.0001,1.0,6,15,1,7,hedap_accuracy_maxre_alg,lin,0,11.968778557144105,3,1.0594641806496377e-07,0.00020145318413955504,3.649960250953058e-08,2.7654862974180183e-05,,
normalized_vmin0.0001,normalized,0.0001,1.0,6,15,1,7,hedap_accuracy_maxre_alg,lin,1,10.938590157777071,3,1.0651403924535872e-07,0.00022778261943046108,3.5567105809820805e-08,2.232189519857375e-05,,
normalized_vmin0.0001,normalized,0.0001,1.0,6,15,1,7,hedap_accuracy_maxre_alg,lin,2,12.764564068987966,3,9.39512048481848e-08,6.41248581323417e-05,4.0964776424545014e-08,6.680713189521903e-05,,
normalized_vmin0.0001,normalized,0.0001,1.0,6,15,1,7,hedap_accuracy_maxre_alg,lin,3,12.574732808861881,3,1.1202755502668922e-07,0.0001730878894239396,3.8983888574435686e-08,4.7015639182967917e-05,,
normalized_vmin0.0001,normalized,0.0001,1.0,6,15,1,7,hedap_accuracy_maxre_alg,lin,4,11.501491072122008,3,9.891579189023948e-08,0.00011126201822253545,3.504136651095061e-08,1.2407247510948238e-05,,
normalized_vmin0.0001,normalized,0.0001,1.0,6,15,1,7,hedap_accuracy_maxre_alg,lin,5,12.562224676832557,3,1.0419752682622592e-07,0.00015191743803733004,3.618371858056505e-08,2.5223746062286168e-05,,
normalized_vmin0.0001,normalized,0.0001,1.0,6,15,1,7,hedap_accuracy_maxre_alg,lin,6,12.408180490601808,3,1.0396450910009906e-07,0.00018055135824468493,3.5437314399030606e-08,1.999438357058736e-05,,
normalized_vmin0.0001,normalized,0.0001,1.0,6,15,1,7,hedap_accuracy_maxre_alg,lin,7,12.668114942032844,3,9.981095736499171e-08,0.00010379328977860869,3.9714639159072016e-08,0.00014694137162696297,,
normalized_vmin0.0001,normalized,0.0001,1.0,6,15,1,7,hedap_accuracy_maxre_alg,lin,8,12.732441953849047,3,1.0092822306754384e-07,0.00012224005934902138,3.482739252991685e-08,2.1667683776094293e-05,,
normalized_vmin0.0001,normalized,0.0001,1.0,6,15,1,7,hedap_accuracy_maxre_alg,lin,9,12.844490012153983,3,1.0110909526331484e-07,0.000205625065520465,3.6004368969962754e-08,2.0359362485677934e-05,,
normalized_vmin0.0001,normalized,0.0001,1.0,6,15,1,7,hedap_accuracy_maxre_alg,geom,0,13.208045665174723,3,1.0283485800862302e-05,0.0010908464763019765,2.6451542465806393e-06,0.000639314054791118,,
normalized_vmin0.0001,normalized,0.0001,1.0,6,15,1,7,hedap_accuracy_maxre_alg,ood,0,13.057775179855525,3,0.023024142708059525,0.11851447055414577,0.023005458666947916,0.11827371733976877,0.11851447055414577,0
normalized_vmin0.0001,normalized,0.0001,1.0,5,31,1,5,hedap_accuracy,lin,0,13.082451629918069,3,9.860117562715412e-08,0.0001024578733461734,3.601783128331912e-08,4.3765279226559706e-05,,
normalized_vmin0.0001,normalized,0.0001,1.0,5,31,1,5,hedap_accuracy,lin,1,12.194188275840133,3,1.093903006933542e-07,0.00016412616683458836,3.555871583474883e-08,3.291142322225937e-05,,
normalized_vmin0.0001,normalized,0.0001,1.0,5,31,1,5,hedap_accuracy,lin,2,11.296888935379684,3,1.0202878294625486e-07,0.00012000230761377573,3.8904906177810394e-08,4.792787638252527e-05,,
normalized_vmin0.0001,normalized,0.0001,1.0,5,31,1,5,hedap_accuracy,lin,3,13.209200569894165,3,1.1000883320025465e-07,0.0004517390212992467,4.67472574091073e-08,0.00036010414529585866,,
normalized_vmin0.0001,normalized,0.0001,1.0,5,31,1,5,hedap_accuracy,lin,4,12.980265476740897,3,1.0109093016850333e-07,0.00012235370579194438,3.9111550208690226e-08,2.6846995684115527e-05,,
normalized_vmin0.0001,normalized,0.0001,1.0,5,31,1,5,hedap_accuracy,lin,5,12.53976199682802,3,1.0592446762830706e-07,0.0001282125589379124,3.983826042895983e-08,0.00011279253986140603,,
normalized_vmin0.0001,normalized,0.0001,1.0,5,31,1,5,hedap_accuracy,lin,6,12.904567189048976,3,9.09918042940212e-08,0.00011913765678717159,4.187248061429761e-08,0.00023477994519272016,,
normalized_vmin0.0001,normalized,0.0001,1.0,5,31,1,5,hedap_accuracy,lin,7,11.94416427006945,3,1.0411197689689928e-07,0.00016003817961540712,3.6933277911655555e-08,5.888551402377651e-05,,
normalized_vmin0.0001,normalized,0.0001,1.0,5,31,1,5,hedap_accuracy,lin,8,12.406415292993188,3,9.738569026486094e-08,0.00015984953623537912,3.8086423647815126e-08,3.5405717041747664e-05,,
normalized_vmin0.0001,normalized,0.0001,1.0,5,31,1,5,hedap_accuracy,lin,9,13.091667599976063,3,1.0067251948802787e-07,0.0001290848055828242,3.598011466472332e-08,1.8164589899560823e-05,,
normalized_vmin0.0001,normalized,0.0001,1.0,5,31,1,5,hedap_accuracy,geom,0,12.130052883177996,3,1.010052715408228e-05,0.0006735059261189225,2.6709845583685386e-06,0.00037040482794714613,,
normalized_vmin0.0001,normalized,0.0001,1.0,5,31,1,5,hedap_accuracy,ood,0,11.455458562355489,3,0.042755289133551116,0.17958924422544664,0.04275102271123936,0.17928692348334185,0.17958924422544664,0
normalized_vmin0.0001,normalized,0.0001,1.0,5,63,1,3,hedap_speed,lin,0,8.381685516797006,2,1.0479144321311838e-07,0.00028702836118266184,4.901421397268655e-08,0.00043905446169256734,,
normalized_vmin0.0001,normalized,0.0001,1.0,5,63,1,3,hedap_speed,lin,1,8.601363707799464,2,1.2738988510628346e-07,0.0006473778147280118,5.007650021135213e-08,0.00038881032251181225,,
normalized_vmin0.0001,normalized,0.0001,1.0,5,63,1,3,hedap_speed,lin,2,7.8496615518815815,2,1.1468991413416958e-07,0.0005162917575400883,4.951322220013611e-08,0.00041214057500293944,,
normalized_vmin0.0001,normalized,0.0001,1.0,5,63,1,3,hedap_speed,lin,3,7.5465858010575175,2,1.093149877357288e-07,0.00035403337159645165,5.3362395359835956e-08,0.00040866056114996496,,
normalized_vmin0.0001,normalized,0.0001,1.0,5,63,1,3,hedap_speed,lin,4,8.31683049397543,2,1.0900607122554183e-07,0.000623163026586715,4.970324609413569e-08,0.0004005363847527921,,
normalized_vmin0.0001,normalized,0.0001,1.0,5,63,1,3,hedap_speed,lin,5,8.34755487786606,2,1.113175945406791e-07,0.0004272528073954174,5.0758233947787525e-08,0.00036367622968214164,,
normalized_vmin0.0001,normalized,0.0001,1.0,5,63,1,3,hedap_speed,lin,6,8.339183084666729,2,1.1907053986311833e-07,0.00045171514989617023,5.253789105749262e-08,0.00041926438396411303,,
normalized_vmin0.0001,normalized,0.0001,1.0,5,63,1,3,hedap_speed,lin,7,7.870795899070799,2,1.100844447854273e-07,0.0005184041136498951,4.87056882144852e-08,0.00040287716928177897,,
normalized_vmin0.0001,normalized,0.0001,1.0,5,63,1,3,hedap_speed,lin,8,8.484672463033348,2,1.044265900798984e-07,0.00020747678694243987,5.2138587366323325e-08,0.00038887173134771746,,
normalized_vmin0.0001,normalized,0.0001,1.0,5,63,1,3,hedap_speed,lin,9,8.545905254315585,2,1.1232487936955953e-07,0.0005059778178819752,5.0873986155719475e-08,0.0003913214150081945,,
normalized_vmin0.0001,normalized,0.0001,1.0,5,63,1,3,hedap_speed,geom,0,8.382748045958579,2,1.285343490504802e-05,0.0007301592712712912,6.889252085475928e-06,0.0005927766928786049,,
normalized_vmin0.0001,normalized,0.0001,1.0,5,63,1,3,hedap_speed,ood,0,8.27996166003868,2,0.08942777099035548,0.29032231369117867,0.08942801027460412,0.2912952103318118,0.29032231369117867,0
normalized_vmin0.0001,normalized,0.0001,1.0,5,15,1,7,hedap_accuracy_maxre_alg,lin,0,11.973280041012913,3,1.1342438626469334e-07,0.00045907019894397827,4.472743595862897e-08,0.00024304486486537158,,
normalized_vmin0.0001,normalized,0.0001,1.0,5,15,1,7,hedap_accuracy_maxre_alg,lin,1,12.825849812943488,3,9.923083517762279e-08,0.00024255850431709192,3.760983699364754e-08,5.363593474139172e-05,,
normalized_vmin0.0001,normalized,0.0001,1.0,5,15,1,7,hedap_accuracy_maxre_alg,lin,2,12.473969620186836,3,9.91112168431896e-08,0.00016464946096728106,3.839594934665919e-08,7.294135078783626e-05,,
normalized_vmin0.0001,normalized,0.0001,1.0,5,15,1,7,hedap_accuracy_maxre_alg,lin,3,12.770262042991817,3,9.792986636568198e-08,0.0002084328740774577,3.9097829395206765e-08,5.130005364373247e-05,,
normalized_vmin0.0001,normalized,0.0001,1.0,5,15,1,7,hedap_accuracy_maxre_alg,lin,4,11.476607801858336,3,1.0997718536934654e-07,0.00016931737634706678,3.615589561313789e-08,4.857001117297699e-05,,
normalized_vmin0.0001,normalized,0.0001,1.0,5,15,1,7,hedap_accuracy_maxre_alg,lin,5,13.243133254814893,3,1.0263238643098141e-07,0.00019105987357614929,3.895057384184416e-08,6.44147617463453e-05,,
normalized_vmin0.0001,normalized,0.0001,1.0,5,15,1,7,hedap_accuracy_maxre_alg,lin,6,12.56302424473688,3,1.1268198852869434e-07,0.00022987479542857514,4.2889639037890586e-08,0.0001004192907714252,,
normalized_vmin0.0001,normalized,0.0001,1.0,5,15,1,7,hedap_accuracy_maxre_alg,lin,7,12.648515209089965,3,1.0807962089910011e-07,0.0002016303492247129,3.7982645422828616e-08,9.904437877761296e-05,,
normalized_vmin0.0001,normalized,0.0001,1.0,5,15,1,7,hedap_accuracy_maxre_alg,lin,8,11.466257130727172,3,1.0988896536526696e-07,0.00030224968494629856,3.678073035246946e-08,3.228004588962108e-05,,
normalized_vmin0.0001,normalized,0.0001,1.0,5,15,1,7,hedap_accuracy_maxre_alg,lin,9,13.081922712735832,3,1.1594284334870452e-07,0.00045701051551017,3.822306541260249e-08,8.599427061251053e-05,,
normalized_vmin0.0001,normalized,0.0001,1.0,5,15,1,7,hedap_accuracy_maxre_alg,geom,0,12.657637224998325,3,1.0187860720659564e-05,0.0004990401313218484,2.786060991926282e-06,0.0005452720213559026,,
normalized_vmin0.0001,normalized,0.0001,1.0,5,15,1,7,hedap_accuracy_maxre_alg,ood,0,12.390637130010873,3,0.02302562927310217,0.11729053781922671,0.023005734769682897,0.11764815368830561,0.11729053781922671,0
normalized_vmin0.0001,normalized,0.0001,1.0,4,31,1,5,hedap_accuracy,lin,0,13.112043503206223,3,1.0442482732213231e-07,0.00043343967096931557,3.753111180253402e-08,6.863929764211463e-05,,
normalized_vmin0.0001,normalized,0.0001,1.0,4,31,1,5,hedap_accuracy,lin,1,12.31936003267765,3,1.0305497013212003e-07,0.00024452039687394844,3.9616177864388794e-08,0.00010239090808683571,,
normalized_vmin0.0001,normalized,0.0001,1.0,4,31,1,5,hedap_accuracy,lin,2,11.388531261123717,3,1.0399329170458625e-07,0.00013866229615255854,3.524955406799819e-08,3.2548828854617184e-05,,
normalized_vmin0.0001,normalized,0.0001,1.0,4,31,1,5,hedap_accuracy,lin,3,12.06580590410158,3,9.451236930745939e-08,0.00010727068663862749,3.9711819780210105e-08,6.425643402940828e-05,,
normalized_vmin0.0001,normalized,0.0001,1.0,4,31,1,5,hedap_accuracy,lin,4,12.656990574207157,3,1.1676756708610013e-07,0.0002342595626345645,3.9930347743262414e-08,5.200418099193804e-05,,
normalized_vmin0.0001,normalized,0.0001,1.0,4,31,1,5,hedap_accuracy,lin,5,12.246378438081592,3,1.0368647374354068e-07,0.00020791706148748368,4.2632578137041924e-08,0.00011356474955448448,,
normalized_vmin0.0001,normalized,0.0001,1.0,4,31,1,5,hedap_accuracy,lin,6,13.175798453390598,3,1.0029382881642686e-07,0.00013860055179026887,3.681948162917274e-08,4.2642292393701986e-05,,
normalized_vmin0.0001,normalized,0.0001,1.0,4,31,1,5,hedap_accuracy,lin,7,12.622767302207649,3,1.0522524434327106e-07,0.00018520953693945685,3.7024526714324964e-08,7.953504875679585e-05,,
normalized_vmin0.0001,normalized,0.0001,1.0,4,31,1,5,hedap_accuracy,lin,8,13.502315494697541,3,1.0096491604415304e-07,0.00011886467481070362,3.649017297107152e-08,5.446754417692823e-05,,
normalized_vmin0.0001,normalized,0.0001,1.0,4,31,1,5,hedap_accuracy,lin,9,12.926922916900367,3,1.0048058549191641e-07,0.00011187067462370415,3.745109147436788e-08,4.09903066997952e-05,,
normalized_vmin0.0001,normalized,0.0001,1.0,4,31,1,5,hedap_accuracy,geom,0,13.000090911053121,3,1.029444943878815e-05,0.0005618698149496559,2.90146666218349e-06,0.000564828252514471,,
normalized_vmin0.0001,normalized,0.0001,1.0,4,31,1,5,hedap_accuracy,ood,0,11.507037116680294,3,0.04275696942485857,0.17986693326347347,0.042751296854136644,0.17942072422679056,0.17986693326347347,0
normalized_vmin0.0001,normalized,0.0001,1.0,4,127,1,2,hedap_speed,lin,0,9.40709052188322,2,1.1161438236793734e-07,0.0003023203965732968,4.345879648680055e-08,0.0002082420527789175,,
normalized_vmin0.0001,normalized,0.0001,1.0,4,127,1,2,hedap_speed,lin,1,9.406020775903016,2,1.105717340320835e-07,0.00021494362673957212,3.952862479755846e-08,4.545549531154158e-05,,
normalized_vmin0.0001,normalized,0.0001,1.0,4,127,1,2,hedap_speed,lin,2,8.812328921165317,2,9.732635844412056e-08,0.00012051377077137992,3.7157957214348567e-08,5.566188753725054e-05,,
normalized_vmin0.0001,normalized,0.0001,1.0,4,127,1,2,hedap_speed,lin,3,9.655393204186112,2,9.936273669817854e-08,0.00015591625875688297,4.077707461810551e-08,6.022586805132235e-05,,
normalized_vmin0.0001,normalized,0.0001,1.0,4,127,1,2,hedap_speed,lin,4,9.321187747176737,2,1.0715546890799162e-07,0.00015616103801940895,3.7916877990794144e-08,6.59006370148374e-05,,
normalized_vmin0.0001,normalized,0.0001,1.0,4,127,1,2,hedap_speed,lin,5,8.593732587993145,2,1.0621041999476453e-07,0.00023258324602914993,3.779291812910796e-08,6.993032021052059e-05,,
normalized_vmin0.0001,normalized,0.0001,1.0,4,127,1,2,hedap_speed,lin,6,9.46284898603335,2,1.0013889031176016e-07,0.00014590811439374463,4.029678632969005e-08,6.431415492502701e-05,,
normalized_vmin0.0001,normalized,0.0001,1.0,4,127,1,2,hedap_speed,lin,7,9.143322797026485,2,1.0533296874582672e-07,0.0002473002687128911,4.5677300649352897e-08,8.027782354935731e-05,,
normalized_vmin0.0001,normalized,0.0001,1.0,4,127,1,2,hedap_speed,lin,8,8.490024860948324,2,1.1095744367720811e-07,0.0001879945562457408,3.8522626006848526e-08,5.835925226826966e-05,,
normalized_vmin0.0001,normalized,0.0001,1.0,4,127,1,2,hedap_speed,lin,9,9.374291162006557,2,1.0540258461333056e-07,0.00016604770247941048,4.505322185165969e-08,6.716807504369982e-05,,
normalized_vmin0.0001,normalized,0.0001,1.0,4,127,1,2,hedap_speed,geom,0,8.83909082505852,2,1.0434712856011286e-05,0.0006144636897769118,3.485357468152194e-06,0.0005429047868314996,,
normalized_vmin0.0001,normalized,0.0001,1.0,4,127,1,2,hedap_speed,ood,0,8.92416387796402,2,0.07944145714946291,0.2740349271703384,0.07943918529687954,0.2743800260442588,0.2740349271703384,0
normalized_vmin0.0001,normalized,0.0001,1.0,4,127,1,3,hedap_accuracy_maxre_alg,lin,0,9.572667554020882,2,1.0735291516559113e-07,0.00020687167382449356,3.983201812148392e-08,9.113016917083883e-05,,
normalized_vmin0.0001,normalized,0.0001,1.0,4,127,1,3,hedap_accuracy_maxre_alg,lin,1,9.639931689016521,2,9.110172751026523e-08,7.151371938252105e-05,3.8932453863466706e-08,4.2030132654247154e-05,,
normalized_vmin0.0001,normalized,0.0001,1.0,4,127,1,3,hedap_accuracy_maxre_alg,lin,2,9.57000066107139,2,9.89398472124539e-08,0.00012871917649137643,4.1677119028197374e-08,4.042969365536386e-05,,
normalized_vmin0.0001,normalized,0.0001,1.0,4,127,1,3,hedap_accuracy_maxre_alg,lin,3,9.633864428848028,2,1.0403425556277678e-07,0.000177985719177709,3.936027815394327e-08,4.8254700071193035e-05,,
normalized_vmin0.0001,normalized,0.0001,1.0,4,127,1,3,hedap_accuracy_maxre_alg,lin,4,9.669141276739538,2,9.590020520311004e-08,0.00012550229854890738,3.7723329768094455e-08,3.744876265110442e-05,,
normalized_vmin0.0001,normalized,0.0001,1.0,4,127,1,3,hedap_accuracy_maxre_alg,lin,5,9.617910369765013,2,1.0174492179327433e-07,0.00017477795284248643,3.860005278587348e-08,5.2252162957899806e-05,,
normalized_vmin0.0001,normalized,0.0001,1.0,4,127,1,3,hedap_accuracy_maxre_alg,lin,6,9.457826368976384,2,1.0307467208499842e-07,0.00020633308309947473,4.16317046498068e-08,0.00010288777456501919,,
normalized_vmin0.0001,normalized,0.0001,1.0,4,127,1,3,hedap_accuracy_maxre_alg,lin,7,9.610762672964483,2,9.642268727081196e-08,0.00021646083137272232,3.574262612709536e-08,2.367235146527591e-05,,
normalized_vmin0.0001,normalized,0.0001,1.0,4,127,1,3,hedap_accuracy_maxre_alg,lin,8,9.544042659923434,2,1.0599056914261781e-07,0.0001651716192863084,3.969312571203555e-08,0.00010339802850389823,,
normalized_vmin0.0001,normalized,0.0001,1.0,4,127,1,3,hedap_accuracy_maxre_alg,lin,9,9.598784503992647,2,1.1940502405306035e-07,0.00024047979884778137,3.628082072336896e-08,2.7440151789237532e-05,,
normalized_vmin0.0001,normalized,0.0001,1.0,4,127,1,3,hedap_accuracy_maxre_alg,geom,0,9.386868809815496,2,1.0405530875433734e-05,0.0006050377079676039,2.6700179735731064e-06,0.0004943490361772884,,
normalized_vmin0.0001,normalized,0.0001,1.0,4,127,1,3,hedap_accuracy_maxre_alg,ood,0,8.734585619997233,2,0.018529200007040243,0.10500274610516303,0.018504218989996178,0.10201780389249326,0.10500274610516303,0
normalized_vmin0.0001,normalized,0.0001,1.0,12,63,0,7,pptest_default,lin,0,16.084692671895027,3,9.70104368846152e-08,0.00031208481821909384,1.1171814398500655e-09,1.056350300343567e-06,,
normalized_vmin0.0001,normalized,0.0001,1.0,12,63,0,7,pptest_default,lin,1,16.18928227806464,3,8.035834611246352e-08,0.00011343505563476963,1.190371419947919e-09,1.4503770384699521e-06,,
normalized_vmin0.0001,normalized,0.0001,1.0,12,63,0,7,pptest_default,lin,2,14.117821269202977,3,8.761658693199844e-08,0.000153438344729806,1.0980261575804372e-09,8.061282945615034e-07,,
normalized_vmin0.0001,normalized,0.0001,1.0,12,63,0,7,pptest_default,lin,3,16.21134443115443,3,8.293458933129628e-08,0.0001477062735382173,1.1925390099994603e-09,1.4082115098457137e-06,,
normalized_vmin0.0001,normalized,0.0001,1.0,12,63,0,7,pptest_default,lin,4,15.733104597777128,3,9.400371725761417e-08,0.00019977739236098913,1.1694081761693797e-09,9.90028351410821e-07,,
normalized_vmin0.0001,normalized,0.0001,1.0,12,63,0,7,pptest_default,lin,5,14.039674986153841,3,8.909380886428035e-08,0.0003648760788377281,1.1813479773848366e-09,2.3923571497164176e-06,,
normalized_vmin0.0001,normalized,0.0001,1.0,12,63,0,7,pptest_default,lin,6,13.424166781827807,3,8.298996822352683e-08,0.00019502886757827298,1.1727697975957526e-09,2.4394553319595502e-06,,
normalized_vmin0.0001,normalized,0.0001,1.0,12,63,0,7,pptest_default,lin,7,14.01122264796868,3,8.110811000572757e-08,0.00014487231528226285,1.172616041627292e-09,1.7244257051185485e-06,,
normalized_vmin0.0001,normalized,0.0001,1.0,12,63,0,7,pptest_default,lin,8,15.237528556957841,3,8.682222737379819e-08,0.00019563857091264847,1.2124765333588897e-09,3.3329514634861113e-06,,
normalized_vmin0.0001,normalized,0.0001,1.0,12,63,0,7,pptest_default,lin,9,14.050348950084299,3,8.038554604169942e-08,0.0001093070833544374,1.08799964707818e-09,9.454155074362092e-07,,
normalized_vmin0.0001,normalized,0.0001,1.0,12,63,0,7,pptest_default,geom,0,13.942355067003518,3,9.395859459797074e-06,0.0005426387853864068,1.2385777397897762e-07,8.07157113236201e-06,,
normalized_vmin0.0001,normalized,0.0001,1.0,12,63,0,7,pptest_default,ood,0,14.14731519203633,3,0.00033397600109834677,0.004887254877649072,4.662054368818364e-06,8.868526613592387e-05,0.004887254877649072,0
normalized_vmin1e-05,normalized,1e-05,1.0,12,15,0,10,degree_sweep|hedap_accuracy,lin,0,16.280498737003654,3,1.9709978963403652e-07,0.0030181477545541124,3.0865299533344888e-09,4.42701329551598e-05,,
normalized_vmin1e-05,normalized,1e-05,1.0,12,15,0,10,degree_sweep|hedap_accuracy,lin,1,15.811674109194428,3,1.0513153335203027e-07,0.00038478425486687673,1.9560569186732857e-09,8.916516631707339e-06,,
normalized_vmin1e-05,normalized,1e-05,1.0,12,15,0,10,degree_sweep|hedap_accuracy,lin,2,15.881944885011762,3,1.178769830948298e-07,0.00036953079168511316,1.8568179192834672e-09,7.313442470069376e-06,,
normalized_vmin1e-05,normalized,1e-05,1.0,12,15,0,10,degree_sweep|hedap_accuracy,lin,3,15.694590086117387,3,9.37189504171925e-08,0.0002019433495277223,1.9897293437510133e-09,1.1653317492976711e-05,,
normalized_vmin1e-05,normalized,1e-05,1.0,12,15,0,10,degree_sweep|hedap_accuracy,lin,4,15.860129001084715,3,1.8026363408440662e-07,0.00290078321204712,2.675243919533115e-09,3.6705407606363316e-05,,
normalized_vmin1e-05,normalized,1e-05,1.0,12,15,0,10,degree_sweep|hedap_accuracy,lin,5,15.475948981009424,3,1.479517005694228e-07,0.0019247554687430446,2.3661062540140075e-09,1.5576261555239057e-05,,
normalized_vmin1e-05,normalized,1e-05,1.0,12,15,0,10,degree_sweep|hedap_accuracy,lin,6,14.99600457586348,3,9.795701386758999e-08,0.0002439967442866564,2.5918248700025463e-09,3.042507898498581e-05,,
normalized_vmin1e-05,normalized,1e-05,1.0,12,15,0,10,degree_sweep|hedap_accuracy,lin,7,16.21688565099612,3,1.1187973758047191e-07,0.000341260743001337,1.6445331191900154e-09,2.514909394513154e-06,,
normalized_vmin1e-05,normalized,1e-05,1.0,12,15,0,10,degree_sweep|hedap_accuracy,lin,8,14.772765539120883,3,1.924216654544054e-07,0.00367621867640211,2.284904419247685e-09,1.8156074964137403e-05,,
normalized_vmin1e-05,normalized,1e-05,1.0,12,15,0,10,degree_sweep|hedap_accuracy,lin,9,15.85051594208926,3,1.186102669670412e-07,0.0008121146596896667,2.5179973808568624e-09,2.358099911103917e-05,,
normalized_vmin1e-05,normalized,1e-05,1.0,12,15,0,10,degree_sweep|hedap_accuracy,geom,0,15.751026291865855,3,7.386240726313208e-05,0.005929168791371842,1.4439066137755756e-06,0.00010555292884739664,,
normalized_vmin1e-05,normalized,1e-05,1.0,12,15,0,10,degree_sweep|hedap_accuracy,ood,0,15.79469371214509,3,0.016765347337913728,0.11511382009979121,0.016148792068268254,0.10387166661358926,0.11511382009979121,0
normalized_vmin1e-05,normalized,1e-05,1.0,12,31,0,8,degree_sweep,lin,0,14.086072489153594,3,1.2346726284233594e-07,0.0009932818935881604,1.157050603034027e-09,1.4353971820035838e-06,,
normalized_vmin1e-05,normalized,1e-05,1.0,12,31,0,8,degree_sweep,lin,1,14.674721332266927,3,1.182732222245398e-07,0.0006341026513305703,1.480600386780486e-09,1.0112394076777775e-05,,
normalized_vmin1e-05,normalized,1e-05,1.0,12,31,0,8,degree_sweep,lin,2,15.604845185764134,3,1.286201549783984e-07,0.0010001047100534066,1.540994587780043e-09,9.32190263092103e-06,,
normalized_vmin1e-05,normalized,1e-05,1.0,12,31,0,8,degree_sweep,lin,3,15.400739488657564,3,1.5592853707613061e-07,0.0015531648783581042,1.59941390265718e-09,1.1486493892931549e-05,,
normalized_vmin1e-05,normalized,1e-05,1.0,12,31,0,8,degree_sweep,lin,4,15.631852769292891,3,1.1865966034538532e-07,0.00041144023420569553,1.4459750427693542e-09,5.661391858868825e-06,,
normalized_vmin1e-05,normalized,1e-05,1.0,12,31,0,8,degree_sweep,lin,5,16.34533544164151,3,1.6358094918032806e-07,0.0018718259679434412,1.503096144143105e-09,1.1469821097565003e-05,,
normalized_vmin1e-05,normalized,1e-05,1.0,12,31,0,8,degree_sweep,lin,6,15.823252966161817,3,1.4985239415768358e-07,0.002060627900507872,1.2614417003426024e-09,1.8611099104060003e-06,,
normalized_vmin1e-05,normalized,1e-05,1.0,12,31,0,8,degree_sweep,lin,7,15.990539664868265,3,1.608023024009459e-07,0.002170926380114402,1.3530719975475439e-09,2.845524513794828e-06,,
normalized_vmin1e-05,normalized,1e-05,1.0,12,31,0,8,degree_sweep,lin,8,15.784656506031752,3,1.8308848703378248e-07,0.002571137191035522,1.3265213825017143e-09,6.0798666859929185e-06,,
normalized_vmin1e-05,normalized,1e-05,1.0,12,31,0,8,degree_sweep,lin,9,14.460322122089565,3,1.0192305045269697e-07,0.0005010140412826658,1.485902762052467e-09,9.37047029436755e-06,,
normalized_vmin1e-05,normalized,1e-05,1.0,12,31,0,8,degree_sweep,geom,0,15.510463448241353,3,7.371950310021167e-05,0.005856300470980069,1.0376941493582196e-06,9.942629543968629e-05,,
normalized_vmin1e-05,normalized,1e-05,1.0,12,31,0,8,degree_sweep,ood,0,15.802786806132644,3,0.028174450464824485,0.15370535640171323,0.02776878367827529,0.15175725840921417,0.15370535640171323,0
normalized_vmin1e-05,normalized,1e-05,1.0,12,63,0,6,degree_sweep,lin,0,11.323784436099231,2,1.1576644229518404e-07,0.0005384776008877656,2.73674084855577e-09,3.6608707380092476e-05,,
normalized_vmin1e-05,normalized,1e-05,1.0,12,63,0,6,degree_sweep,lin,1,9.710941169410944,2,1.4453956057726522e-07,0.0017675269458636844,3.0963307371287773e-09,4.3429945913553425e-05,,
normalized_vmin1e-05,normalized,1e-05,1.0,12,63,0,6,degree_sweep,lin,2,9.58612692495808,2,1.5045204397338345e-07,0.001240982795361667,3.4810018190936252e-09,6.290161540800643e-05,,
normalized_vmin1e-05,normalized,1e-05,1.0,12,63,0,6,degree_sweep,lin,3,9.57520090509206,2,1.0694293295721168e-07,0.00043731551852477235,2.9303624513188776e-09,3.76389609706429e-05,,
normalized_vmin1e-05,normalized,1e-05,1.0,12,63,0,6,degree_sweep,lin,4,10.97267455374822,2,1.428711600473351e-07,0.0012138190119694858,3.3362387763539645e-09,5.649121792050682e-05,,
normalized_vmin1e-05,normalized,1e-05,1.0,12,63,0,6,degree_sweep,lin,5,11.031079815234989,2,1.1736447192141293e-07,0.0006005552772212486,2.5400124765732e-09,2.7871145255153884e-05,,
normalized_vmin1e-05,normalized,1e-05,1.0,12,63,0,6,degree_sweep,lin,6,10.054205826018006,2,1.0970741744261293e-07,0.00047944832893631606,4.325627472704529e-09,8.657444967075101e-05,,
normalized_vmin1e-05,normalized,1e-05,1.0,12,63,0,6,degree_sweep,lin,7,9.514059184119105,2,1.2344704482286745e-07,0.0010903728005475788,2.2455638743268456e-09,1.781897383335007e-05,,
normalized_vmin1e-05,normalized,1e-05,1.0,12,63,0,6,degree_sweep,lin,8,9.389017255045474,2,1.4948348581323223e-07,0.0017140400825611524,3.7360229525767216e-09,6.807624424409742e-05,,
normalized_vmin1e-05,normalized,1e-05,1.0,12,63,0,6,degree_sweep,lin,9,10.721681478898972,2,1.270595804928668e-07,0.0013066177207314844,2.5286011073244387e-09,3.3923277922287554e-05,,
normalized_vmin1e-05,normalized,1e-05,1.0,12,63,0,6,degree_sweep,geom,0,9.53661542199552,2,7.391048253398913e-05,0.0060012330327394725,1.683867724591901e-06,0.00010251529005000926,,
normalized_vmin1e-05,normalized,1e-05,1.0,12,63,0,6,degree_sweep,ood,0,11.255552672315389,2,0.04642167378868455,0.20407494548283567,0.046263983971980636,0.2104986415804615,0.20407494548283567,0
normalized_vmin1e-05,normalized,1e-05,1.0,12,127,0,4,degree_sweep,lin,0,11.758335778024048,2,9.588438115292353e-08,0.0001715438221049359,1.4600336875162263e-08,0.0004403864488539133,,
normalized_vmin1e-05,normalized,1e-05,1.0,12,127,0,4,degree_sweep,lin,1,11.772507912945002,2,1.163692864407621e-07,0.0007503511234594473,1.4383276120199189e-08,0.0004275139168603559,,
normalized_vmin1e-05,normalized,1e-05,1.0,12,127,0,4,degree_sweep,lin,2,11.617730684112757,2,1.579824798559739e-07,0.002017221986209572,1.2968314661024262e-08,0.00038801320541170803,,
normalized_vmin1e-05,normalized,1e-05,1.0,12,127,0,4,degree_sweep,lin,3,10.853342996910214,2,1.3256548539201729e-07,0.0015465966541532428,1.3652856072088066e-08,0.0004086887529914929,,
normalized_vmin1e-05,normalized,1e-05,1.0,12,127,0,4,degree_sweep,lin,4,12.084283810574561,2,1.25466662014593e-07,0.0010496002818650707,1.3952751510855327e-08,0.00041793135573897633,,
normalized_vmin1e-05,normalized,1e-05,1.0,12,127,0,4,degree_sweep,lin,5,11.85603554872796,2,1.2313452037757299e-07,0.0007712667473422918,1.404920738112383e-08,0.0004185080434879751,,
normalized_vmin1e-05,normalized,1e-05,1.0,12,127,0,4,degree_sweep,lin,6,10.25787430908531,2,9.957355213963725e-08,0.00023296960210239526,1.4016343899293912e-08,0.0004154142434452668,,
normalized_vmin1e-05,normalized,1e-05,1.0,12,127,0,4,degree_sweep,lin,7,11.179527287837118,2,1.6562772599325142e-07,0.002257997193600314,1.2950423216798049e-08,0.00038516838519842,,
normalized_vmin1e-05,normalized,1e-05,1.0,12,127,0,4,degree_sweep,lin,8,11.937775541096926,2,1.0852731828251438e-07,0.0003230192390112352,1.4341232571729958e-08,0.00042758457526093085,,
normalized_vmin1e-05,normalized,1e-05,1.0,12,127,0,4,degree_sweep,lin,9,11.67506629228592,2,1.2477366976006314e-07,0.0011451452235891058,1.3819234136350998e-08,0.000409344318246907,,
normalized_vmin1e-05,normalized,1e-05,1.0,12,127,0,4,degree_sweep,geom,0,11.784009203780442,2,7.43976514975309e-05,0.006126783906370115,5.150143121660051e-06,0.00046213473548939454,,
normalized_vmin1e-05,normalized,1e-05,1.0,12,127,0,4,degree_sweep,ood,0,10.74624836537987,2,0.08062607358464283,0.2767623646897561,0.08059839805864402,0.2902370436194355,0.2767623646897561,0
normalized_vmin1e-05,normalized,1e-05,1.0,12,255,0,3,degree_sweep|hedap_speed,lin,0,6.512535613030195,1,1.0126188323643834e-07,0.00045682471941987934,3.28920441351624e-09,5.223765213835385e-05,,
normalized_vmin1e-05,normalized,1e-05,1.0,12,255,0,3,degree_sweep|hedap_speed,lin,1,6.255410918034613,1,1.4625082868234318e-07,0.0010032177300089984,2.567645534670102e-09,3.149614756747798e-05,,
normalized_vmin1e-05,normalized,1e-05,1.0,12,255,0,3,degree_sweep|hedap_speed,lin,2,6.4099033791571856,1,1.247225509688597e-07,0.0010258054200207312,2.4855412509609755e-09,2.8600609949247513e-05,,
normalized_vmin1e-05,normalized,1e-05,1.0,12,255,0,3,degree_sweep|hedap_speed,lin,3,6.659606758039445,1,9.116588606920364e-08,0.00022159588430958888,2.2144447643930695e-09,2.032248846617346e-05,,
normalized_vmin1e-05,normalized,1e-05,1.0,12,255,0,3,degree_sweep|hedap_speed,lin,4,5.96230604313314,1,1.320330974431463e-07,0.0013246353830801416,1.7224131340965484e-09,3.968622164118862e-06,,
normalized_vmin1e-05,normalized,1e-05,1.0,12,255,0,3,degree_sweep|hedap_speed,lin,5,6.0758122759871185,1,2.4809874215758973e-07,0.004585171442294533,2.5859348184504487e-09,2.59458984526173e-05,,
normalized_vmin1e-05,normalized,1e-05,1.0,12,255,0,3,degree_sweep|hedap_speed,lin,6,6.416991365142167,1,1.5019627027458275e-07,0.0015465638455602893,3.1635997597157244e-09,4.510680622193952e-05,,
normalized_vmin1e-05,normalized,1e-05,1.0,12,255,0,3,degree_sweep|hedap_speed,lin,7,5.943028911948204,1,1.1596510772088431e-07,0.00061862286998704,1.8850006963217977e-09,1.0073040494273933e-05,,
normalized_vmin1e-05,normalized,1e-05,1.0,12,255,0,3,degree_sweep|hedap_speed,lin,8,6.41194756096229,1,1.7437933223525193e-07,0.0027184836674034596,2.5692289454915885e-09,3.114856586583503e-05,,
normalized_vmin1e-05,normalized,1e-05,1.0,12,255,0,3,degree_sweep|hedap_speed,lin,9,5.964643011800945,1,1.3900351762258765e-07,0.0013207317224405157,3.115152313008248e-09,4.9066733885827496e-05,,
normalized_vmin1e-05,normalized,1e-05,1.0,12,255,0,3,degree_sweep|hedap_speed,geom,0,5.536602602805942,1,7.392862914215612e-05,0.005786139470117746,1.4763918452661758e-06,0.00016438497379989148,,
normalized_vmin1e-05,normalized,1e-05,1.0,12,255,0,3,degree_sweep|hedap_speed,ood,0,5.631384158972651,1,0.054914286263423984,0.22526479464902482,0.05473643758243994,0.24150019961641356,0.22526479464902482,0
normalized_vmin1e-05,normalized,1e-05,1.0,12,511,0,2,degree_sweep,lin,0,12.162694231141359,2,1.404585394245755e-07,0.0016402998702735871,2.059192949618524e-09,9.889005083363323e-06,,
normalized_vmin1e-05,normalized,1e-05,1.0,12,511,0,2,degree_sweep,lin,1,12.253128618001938,2,1.1672901574637408e-07,0.0006755782570353475,2.4086394989115837e-09,2.4339401913042735e-05,,
normalized_vmin1e-05,normalized,1e-05,1.0,12,511,0,2,degree_sweep,lin,2,11.933661037124693,2,1.107647335723187e-07,0.00040351660443671555,2.27947089712248e-09,2.4050589161772606e-05,,
normalized_vmin1e-05,normalized,1e-05,1.0,12,511,0,2,degree_sweep,lin,3,11.740816611796618,2,1.247525850135249e-07,0.0011160925442067482,2.698298158965596e-09,3.4896158070729655e-05,,
normalized_vmin1e-05,normalized,1e-05,1.0,12,511,0,2,degree_sweep,lin,4,11.934849004726857,2,1.215730578736567e-07,0.001069273891752709,2.6249806687809703e-09,2.849015384098763e-05,,
normalized_vmin1e-05,normalized,1e-05,1.0,12,511,0,2,degree_sweep,lin,5,11.75461620092392,2,1.4096439820536296e-07,0.000986318400649333,2.1691283009274984e-09,1.914238075673147e-05,,
normalized_vmin1e-05,normalized,1e-05,1.0,12,511,0,2,degree_sweep,lin,6,11.89439968811348,2,1.0286083294277362e-07,0.00031397201194394153,2.1906673973040656e-09,1.7341011301574838e-05,,
normalized_vmin1e-05,normalized,1e-05,1.0,12,511,0,2,degree_sweep,lin,7,11.875455589964986,2,1.333322855067241e-07,0.001229894080730376,1.8941409120328348e-09,4.261947045280934e-06,,
normalized_vmin1e-05,normalized,1e-05,1.0,12,511,0,2,degree_sweep,lin,8,11.866056255996227,2,9.103062998343966e-08,0.0002102815777731415,1.8643547187862394e-09,9.166470175236974e-06,,
normalized_vmin1e-05,normalized,1e-05,1.0,12,511,0,2,degree_sweep,lin,9,11.874298902694136,2,9.973382699063866e-08,0.00022332458548013356,1.9731370509376046e-09,1.5572977666966636e-05,,
normalized_vmin1e-05,normalized,1e-05,1.0,12,511,0,2,degree_sweep,geom,0,11.982685160823166,2,7.369927917879506e-05,0.005739688239016383,1.4672466773444933e-06,9.894733256965438e-05,,
normalized_vmin1e-05,normalized,1e-05,1.0,12,511,0,2,degree_sweep,ood,0,12.061948559712619,2,0.0541617117375521,0.22813228040678613,0.05400316063338546,0.23388355426969487,0.22813228040678613,0
normalized_vmin1e-05,normalized,1e-05,1.0,12,31,0,11,hedap_accuracy_maxre_alg,lin,0,20.628298862837255,4,1.288560585783128e-07,0.00048811953964711385,2.232005983507433e-09,3.055597897538842e-05,,
normalized_vmin1e-05,normalized,1e-05,1.0,12,31,0,11,hedap_accuracy_maxre_alg,lin,1,21.117823331151158,4,1.030962178287371e-07,0.0005330822595706053,1.3695943364204445e-09,6.8557565801041775e-06,,
normalized_vmin1e-05,normalized,1e-05,1.0,12,31,0,11,hedap_accuracy_maxre_alg,lin,2,21.636167454067618,4,1.4195815165388487e-07,0.0014338092397330193,1.585010856501671e-09,1.3363757588202851e-05,,
normalized_vmin1e-05,normalized,1e-05,1.0,12,31,0,11,hedap_accuracy_maxre_alg,lin,3,21.222263931762427,4,1.336929558638466e-07,0.0009719755851735901,1.263862966753305e-09,2.8824510989178265e-06,,
normalized_vmin1e-05,normalized,1e-05,1.0,12,31,0,11,hedap_accuracy_maxre_alg,lin,4,20.5172137520276,4,1.0671638094227067e-07,0.000679407608679572,1.494998713298906e-09,6.054588730930455e-06,,
normalized_vmin1e-05,normalized,1e-05,1.0,12,31,0,11,hedap_accuracy_maxre_alg,lin,5,18.5849725343287,4,1.2145542382989175e-07,0.0011408884356488569,1.910901004732778e-09,2.141305502301183e-05,,
normalized_vmin1e-05,normalized,1e-05,1.0,12,31,0,11,hedap_accuracy_maxre_alg,lin,6,20.482110215816647,4,9.50351512967208e-08,0.0005431253406802394,1.7405030565093656e-09,1.63021331848201e-05,,
normalized_vmin1e-05,normalized,1e-05,1.0,12,31,0,11,hedap_accuracy_maxre_alg,lin,7,21.14927041111514,4,9.866015174813463e-08,0.00030864063002566944,1.57024120311602e-09,1.1213760429229502e-05,,
normalized_vmin1e-05,normalized,1e-05,1.0,12,31,0,11,hedap_accuracy_maxre_alg,lin,8,18.763337415177375,4,1.664694204404847e-07,0.002092001481094674,1.798288837572714e-09,1.9313497521933343e-05,,
normalized_vmin1e-05,normalized,1e-05,1.0,12,31,0,11,hedap_accuracy_maxre_alg,lin,9,17.932312895078212,4,1.0058387637799088e-07,0.00020810410937510682,2.111205452081218e-09,3.10476942948501e-05,,
normalized_vmin1e-05,normalized,1e-05,1.0,12,31,0,11,hedap_accuracy_maxre_alg,geom,0,20.868574545253068,4,7.436239413393482e-05,0.006382043551980798,1.0220044145347588e-06,7.235968380003843e-05,,
normalized_vmin1e-05,normalized,1e-05,1.0,12,31,0,11,hedap_accuracy_maxre_alg,ood,0,18.33428243175149,4,0.003318669911179677,0.0674634042165203,7.823810839114898e-05,0.009965699926764549,0.0674634042165203,0
normalized_vmin1e-05,normalized,1e-05,1.0,11,255,0,3,hedap_accuracy,lin,0,11.33508780086413,2,1.5157046425312898e-07,0.001916073260771034,3.3478372317077973e-09,5.410943136441304e-05,,
normalized_vmin1e-05,normalized,1e-05,1.0,11,255,0,3,hedap_accuracy,lin,1,11.066838226746768,2,1.101902317636172e-07,0.00036029340079979377,2.446827109926986e-09,2.667722380378379e-05,,
normalized_vmin1e-05,normalized,1e-05,1.0,11,255,0,3,hedap_accuracy,lin,2,10.853296304121614,2,9.704203044012539e-08,0.00020447140090107396,2.832211565703083e-09,3.809845660474043e-05,,
normalized_vmin1e-05,normalized,1e-05,1.0,11,255,0,3,hedap_accuracy,lin,3,11.07481915410608,2,1.0347839572865292e-07,0.0002708897573294733,3.1364853909617366e-09,4.871714706489172e-05,,
normalized_vmin1e-05,normalized,1e-05,1.0,11,255,0,3,hedap_accuracy,lin,4,9.785182142164558,2,9.143417644393926e-08,0.0002958810894280184,3.340537207766612e-09,5.115492031515512e-05,,
normalized_vmin1e-05,normalized,1e-05,1.0,11,255,0,3,hedap_accuracy,lin,5,9.584741006139666,2,1.015897037407655e-07,0.0006991831549945093,2.708679903837334e-09,3.336241037110721e-05,,
normalized_vmin1e-05,normalized,1e-05,1.0,11,255,0,3,hedap_accuracy,lin,6,11.164285116828978,2,1.718648153523826e-07,0.002477958778963285,3.114862743092622e-09,5.144209912588682e-05,,
normalized_vmin1e-05,normalized,1e-05,1.0,11,255,0,3,hedap_accuracy,lin,7,11.367471273057163,2,1.9452055768928527e-07,0.003158641397778439,3.089833098811356e-09,3.69017459541654e-05,,
normalized_vmin1e-05,normalized,1e-05,1.0,11,255,0,3,hedap_accuracy,lin,8,11.493135624099523,2,1.5284850556083123e-07,0.0013114198664965215,2.097023248678973e-09,1.4691389333965077e-05,,
normalized_vmin1e-05,normalized,1e-05,1.0,11,255,0,3,hedap_accuracy,lin,9,11.336179517675191,2,1.3063647373072487e-07,0.001046408742160554,2.9029800832411205e-09,4.0633260406042204e-05,,
normalized_vmin1e-05,normalized,1e-05,1.0,11,255,0,3,hedap_accuracy,geom,0,11.479346820618957,2,7.403195852951239e-05,0.0054666549844810675,1.4950980622493896e-06,0.00011261950392227327,,
normalized_vmin1e-05,normalized,1e-05,1.0,11,255,0,3,hedap_accuracy,ood,0,11.453119209967554,2,0.055064026407517834,0.2292675524780845,0.054857019801083276,0.23922205421435117,0.2292675524780845,0
normalized_vmin1e-05,normalized,1e-05,1.0,11,127,0,4,hedap_speed,lin,0,9.654367943294346,2,1.0703262377522685e-07,0.0004730914205450798,1.4023991881971032e-08,0.0004167610149070633,,
normalized_vmin1e-05,normalized,1e-05,1.0,11,127,0,4,hedap_speed,lin,1,9.324105995707214,2,1.1615112734750723e-07,0.00045741092505036107,1.3911382462142004e-08,0.0004140310566325134,,
normalized_vmin1e-05,normalized,1e-05,1.0,11,127,0,4,hedap_speed,lin,2,8.924791145138443,2,9.498541276182563e-08,0.000524335479665794,1.4609676848614979e-08,0.0004356158836508195,,
normalized_vmin1e-05,normalized,1e-05,1.0,11,127,0,4,hedap_speed,lin,3,9.519460808020085,2,1.3429727446322007e-07,0.0007360357343637602,1.3244306354461829e-08,0.000393387359688413,,
normalized_vmin1e-05,normalized,1e-05,1.0,11,127,0,4,hedap_speed,lin,4,9.443574925884604,2,1.4135195677517727e-07,0.0018858444314258094,1.4208132665070861e-08,0.00042269494061308865,,
normalized_vmin1e-05,normalized,1e-05,1.0,11,127,0,4,hedap_speed,lin,5,9.077068550046533,2,1.1824876581059842e-07,0.0007729842603956261,1.3377619214023173e-08,0.00039964292803207346,,
normalized_vmin1e-05,normalized,1e-05,1.0,11,127,0,4,hedap_speed,lin,6,9.400705547071993,2,1.1416428358173951e-07,0.0007488114049543082,1.378741554083939e-08,0.00041345049785601606,,
normalized_vmin1e-05,normalized,1e-05,1.0,11,127,0,4,hedap_speed,lin,7,8.967297520954162,2,8.235977574532518e-08,0.00022599654728983065,1.4973631184183526e-08,0.000449012158543316,,
normalized_vmin1e-05,normalized,1e-05,1.0,11,127,0,4,hedap_speed,lin,8,9.622234561946243,2,1.1593745912489634e-07,0.0007972542506061719,1.2669424677978666e-08,0.00037697937922143154,,
normalized_vmin1e-05,normalized,1e-05,1.0,11,127,0,4,hedap_speed,lin,9,9.024639355018735,2,1.3850658122882307e-07,0.0007539452452649531,1.2896314301909104e-08,0.0003843920609998275,,
normalized_vmin1e-05,normalized,1e-05,1.0,11,127,0,4,hedap_speed,geom,0,7.966220693197101,2,7.385432093405445e-05,0.005452707397394341,5.160002357678409e-06,0.000441375233190211,,
normalized_vmin1e-05,normalized,1e-05,1.0,11,127,0,4,hedap_speed,ood,0,9.497399110812694,2,0.08061357764817907,0.28020206267607495,0.08059508190951832,0.3016746305345558,0.28020206267607495,0
normalized_vmin1e-05,normalized,1e-05,1.0,11,255,0,4,hedap_accuracy_maxre_alg,lin,0,15.635639794170856,3,1.1513441747193265e-07,0.0006511574576268941,1.3966229524160496e-09,4.547344483074589e-06,,
normalized_vmin1e-05,normalized,1e-05,1.0,11,255,0,4,hedap_accuracy_maxre_alg,lin,1,15.64659688808024,3,1.1334770247006418e-07,0.00035456423809765436,1.41149571024346e-09,6.152719843832699e-06,,
normalized_vmin1e-05,normalized,1e-05,1.0,11,255,0,4,hedap_accuracy_maxre_alg,lin,2,16.140116420108825,3,1.0346034123823137e-07,0.00041630054259900184,1.881204413453657e-09,2.09332668066331e-05,,
normalized_vmin1e-05,normalized,1e-05,1.0,11,255,0,4,hedap_accuracy_maxre_alg,lin,3,16.01198306493461,3,2.6126311821095163e-07,0.005420237295127084,1.5914168811754733e-09,1.0142931258005916e-05,,
normalized_vmin1e-05,normalized,1e-05,1.0,11,255,0,4,hedap_accuracy_maxre_alg,lin,4,15.62468107091263,3,1.249452360347356e-07,0.001053790364698104,1.5862838460753957e-09,1.2438956545901547e-05,,
normalized_vmin1e-05,normalized,1e-05,1.0,11,255,0,4,hedap_accuracy_maxre_alg,lin,5,15.721832477021962,3,1.256772316612562e-07,0.000987871275073271,1.875872766247678e-09,2.4278359451956888e-05,,
normalized_vmin1e-05,normalized,1e-05,1.0,11,255,0,4,hedap_accuracy_maxre_alg,lin,6,16.29120039381087,3,1.5044384254341725e-07,0.0017617390255708631,2.7359341983074637e-09,4.9493309908887895e-05,,
normalized_vmin1e-05,normalized,1e-05,1.0,11,255,0,4,hedap_accuracy_maxre_alg,lin,7,15.957953712902963,3,1.6264553146613412e-07,0.0019344852541204327,1.4719712533314366e-09,8.472320972341407e-06,,
normalized_vmin1e-05,normalized,1e-05,1.0,11,255,0,4,hedap_accuracy_maxre_alg,lin,8,16.17397464532405,3,1.1652514630608977e-07,0.0007792422047923075,1.3307340776765096e-09,5.767667045297742e-06,,
normalized_vmin1e-05,normalized,1e-05,1.0,11,255,0,4,hedap_accuracy_maxre_alg,lin,9,15.735453576780856,3,1.4112794296645373e-07,0.0007254253323780713,1.601420722761968e-09,1.2696560439784399e-05,,
normalized_vmin1e-05,normalized,1e-05,1.0,11,255,0,4,hedap_accuracy_maxre_alg,geom,0,16.371538046747446,3,7.403764332468802e-05,0.004539244573607659,1.0354928032507852e-06,9.902249499238458e-05,,
normalized_vmin1e-05,normalized,1e-05,1.0,11,255,0,4,hedap_accuracy_maxre_alg,ood,0,14.868871700949967,3,0.01095977309573574,0.10059803970255687,0.009997962192397895,0.07692317773661428,0.10059803970255687,0
normalized_vmin1e-05,normalized,1e-05,1.0,10,511,0,1,hedap_accuracy,lin,0,11.820258944295347,2,1.9793692006590206e-07,0.0016714530717326648,1.6043041824087266e-07,0.0015137770985186316,,
normalized_vmin1e-05,normalized,1e-05,1.0,10,511,0,1,hedap_accuracy,lin,1,11.508545733988285,2,1.4073153971983437e-07,0.00016917491599710566,1.6175371383054206e-07,0.0015563281362734882,,
normalized_vmin1e-05,normalized,1e-05,1.0,10,511,0,1,hedap_accuracy,lin,2,11.670576455071568,2,2.0038124168348767e-07,0.0016164120283509442,1.5882739131490653e-07,0.0014616686306625493,,
normalized_vmin1e-05,normalized,1e-05,1.0,10,511,0,1,hedap_accuracy,lin,3,11.643375393003225,2,2.577777524691657e-07,0.0036000469986113837,1.5743836166924507e-07,0.0014195622469898028,,
normalized_vmin1e-05,normalized,1e-05,1.0,10,511,0,1,hedap_accuracy,lin,4,11.456794751808047,2,2.2268474479115433e-07,0.002787013020134621,1.5753142429720548e-07,0.0014234330958224906,,
normalized_vmin1e-05,normalized,1e-05,1.0,10,511,0,1,hedap_accuracy,lin,5,11.804782513994724,2,1.757475924668487e-07,0.0009049284449531569,1.6303796928835622e-07,0.001605220458079204,,
normalized_vmin1e-05,normalized,1e-05,1.0,10,511,0,1,hedap_accuracy,lin,6,11.831678812857717,2,1.8363427401386662e-07,0.0012572352089175176,1.5957814069154314e-07,0.0014895046324633343,,
normalized_vmin1e-05,normalized,1e-05,1.0,10,511,0,1,hedap_accuracy,lin,7,11.917281919158995,2,1.9252679007606636e-07,0.0007375643440526991,1.604216797923025e-07,0.0015146799348610962,,
normalized_vmin1e-05,normalized,1e-05,1.0,10,511,0,1,hedap_accuracy,lin,8,11.734403252135962,2,2.028962205942305e-07,0.0014999891080127448,1.5900872104129737e-07,0.0014617953262525685,,
normalized_vmin1e-05,normalized,1e-05,1.0,10,511,0,1,hedap_accuracy,lin,9,11.561109961010516,2,2.538028656282237e-07,0.003335817875301239,1.5755629241606792e-07,0.0014245755661278503,,
normalized_vmin1e-05,normalized,1e-05,1.0,10,511,0,1,hedap_accuracy,geom,0,11.741585575975478,2,0.00010437371405608829,0.005637220577583313,6.699495162804515e-05,0.0015643273418779469,,
normalized_vmin1e-05,normalized,1e-05,1.0,10,511,0,1,hedap_accuracy,ood,0,11.942801419179887,2,0.1548944696480118,0.4095191485298624,0.154903519474074,0.42283581124641545,0.4095191485298624,0
normalized_vmin1e-05,normalized,1e-05,1.0,10,255,1,3,hedap_speed,lin,0,7.983882880304009,2,1.4977410376612902e-07,0.0007151366240298884,4.833715644694342e-08,0.00036961761641740587,,
normalized_vmin1e-05,normalized,1e-05,1.0,10,255,1,3,hedap_speed,lin,1,7.681067130994052,2,1.2121117849276088e-07,0.00043617415550489813,5.093575133555676e-08,0.00032595473063157243,,
normalized_vmin1e-05,normalized,1e-05,1.0,10,255,1,3,hedap_speed,lin,2,8.057987295091152,2,1.2514005670406767e-07,0.0004001189293495466,4.1828345734542713e-08,0.00017586828959570422,,
normalized_vmin1e-05,normalized,1e-05,1.0,10,255,1,3,hedap_speed,lin,3,8.532781595364213,2,1.1315393524869683e-07,0.00019091709357743625,4.704715566337481e-08,0.0001922690061171295,,
normalized_vmin1e-05,normalized,1e-05,1.0,10,255,1,3,hedap_speed,lin,4,7.948576214257628,2,1.9125852776982524e-07,0.001820737382809856,5.383560655125921e-08,0.0002178350170838339,,
normalized_vmin1e-05,normalized,1e-05,1.0,10,255,1,3,hedap_speed,lin,5,8.25492586614564,2,1.1756907976452231e-07,0.00033900549783483225,4.80378912225322e-08,0.00027974450473355894,,
normalized_vmin1e-05,normalized,1e-05,1.0,10,255,1,3,hedap_speed,lin,6,8.064698131289333,2,2.1726418452912974e-07,0.0031266398272723483,6.352615368991152e-08,0.0007930865758675187,,
normalized_vmin1e-05,normalized,1e-05,1.0,10,255,1,3,hedap_speed,lin,7,8.174494217615575,2,1.3610075269538147e-07,0.0005707538131995982,4.625799290857409e-08,0.00017568631760189746,,
normalized_vmin1e-05,normalized,1e-05,1.0,10,255,1,3,hedap_speed,lin,8,8.388913661241531,2,1.2228068855847245e-07,0.00047221360775639987,4.315338371695479e-08,6.621888575630841e-05,,
normalized_vmin1e-05,normalized,1e-05,1.0,10,255,1,3,hedap_speed,lin,9,7.658730590716004,2,1.7736698140078186e-07,0.00201153295195744,3.899745713176482e-08,9.922034871279184e-05,,
normalized_vmin1e-05,normalized,1e-05,1.0,10,255,1,3,hedap_speed,geom,0,7.801144727040082,2,8.226737925447357e-05,0.008549624871026618,2.3003671508911745e-05,0.004428278959208498,,
normalized_vmin1e-05,normalized,1e-05,1.0,10,255,1,3,hedap_speed,ood,0,7.956413501873612,2,0.05487873991123943,0.23082129585008415,0.0547068436503552,0.23153537000725677,0.23082129585008415,0
normalized_vmin1e-05,normalized,1e-05,1.0,10,15,0,11,hedap_accuracy_maxre_alg,lin,0,31.23656099708751,6,1.2803235758848444e-07,0.0009571396431180546,1.5578435005682875e-09,9.133033963326653e-06,,
normalized_vmin1e-05,normalized,1e-05,1.0,10,15,0,11,hedap_accuracy_maxre_alg,lin,1,30.08866087719798,6,1.5299106401114255e-07,0.0020486926917570036,1.5944715386918536e-09,1.3001799245349055e-05,,
normalized_vmin1e-05,normalized,1e-05,1.0,10,15,0,11,hedap_accuracy_maxre_alg,lin,2,30.99620780115947,6,1.269964757884181e-07,0.0015960387043024715,1.2738767912600518e-09,1.43380264994164e-06,,
normalized_vmin1e-05,normalized,1e-05,1.0,10,15,0,11,hedap_accuracy_maxre_alg,lin,3,30.476923268754035,6,9.641787169963203e-08,0.0002806300879854007,1.2735736385849697e-09,1.668772265261964e-06,,
normalized_vmin1e-05,normalized,1e-05,1.0,10,15,0,11,hedap_accuracy_maxre_alg,lin,4,30.574491204228252,6,1.345665384388248e-07,0.0013883394851652575,1.4925179660730192e-09,5.375570887533598e-06,,
normalized_vmin1e-05,normalized,1e-05,1.0,10,15,0,11,hedap_accuracy_maxre_alg,lin,5,29.579952145926654,6,1.391330457856311e-07,0.0012534514008024633,1.344055306429974e-09,4.97102487351242e-06,,
normalized_vmin1e-05,normalized,1e-05,1.0,10,15,0,11,hedap_accuracy_maxre_alg,lin,6,30.213371337391436,6,9.41588534912194e-08,0.0002982136396894042,1.860213497728759e-09,2.1409217016432613e-05,,
normalized_vmin1e-05,normalized,1e-05,1.0,10,15,0,11,hedap_accuracy_maxre_alg,lin,7,29.099684212356806,6,1.10013977679295e-07,0.00027631525212479247,1.4095926421608365e-09,4.076036803524197e-06,,
normalized_vmin1e-05,normalized,1e-05,1.0,10,15,0,11,hedap_accuracy_maxre_alg,lin,8,29.18589235516265,6,1.3759811157781855e-07,0.0013324005709560716,1.7823584455472553e-09,1.8526954069120194e-05,,
normalized_vmin1e-05,normalized,1e-05,1.0,10,15,0,11,hedap_accuracy_maxre_alg,lin,9,25.302040501963347,6,1.5646414304561882e-07,0.0019974898216237325,1.953895510586678e-09,2.403007867735063e-05,,
normalized_vmin1e-05,normalized,1e-05,1.0,10,15,0,11,hedap_accuracy_maxre_alg,geom,0,29.881463630124927,6,7.253667445804007e-05,0.004600248961347031,1.007208815132563e-06,7.541867990856765e-05,,
normalized_vmin1e-05,normalized,1e-05,1.0,10,15,0,11,hedap_accuracy_maxre_alg,ood,0,29.276191879063845,6,0.0036670919502052755,0.05675878793646505,0.0012554264134094287,0.01854681843215855,0.05675878793646505,0
normalized_vmin1e-05,normalized,1e-05,1.0,9,255,1,3,hedap_accuracy|hedap_speed,lin,0,8.463305729907006,2,1.2591969806803794e-07,0.0004957329504182706,6.40462938505395e-08,0.0006265062163002266,,
normalized_vmin1e-05,normalized,1e-05,1.0,9,255,1,3,hedap_accuracy|hedap_speed,lin,1,8.54650223068893,2,1.2271418123665443e-07,0.0003928467284342041,3.947710471497221e-08,0.00012364133933484567,,
normalized_vmin1e-05,normalized,1e-05,1.0,9,255,1,3,hedap_accuracy|hedap_speed,lin,2,8.016063818708062,2,2.2691039915454585e-07,0.002856072140436483,3.92445815664298e-08,0.00012253992813304748,,
normalized_vmin1e-05,normalized,1e-05,1.0,9,255,1,3,hedap_accuracy|hedap_speed,lin,3,8.022617984097451,2,1.3217565015100793e-07,0.000420168726655179,4.18793854132958e-08,7.72455044746323e-05,,
normalized_vmin1e-05,normalized,1e-05,1.0,9,255,1,3,hedap_accuracy|hedap_speed,lin,4,8.49281762773171,2,1.493718100627912e-07,0.0006989513334374475,3.794433823085268e-08,3.809162838486202e-05,,
normalized_vmin1e-05,normalized,1e-05,1.0,9,255,1,3,hedap_accuracy|hedap_speed,lin,5,8.058017423376441,2,1.1916476851433678e-07,0.0002991771164961854,3.9638123033164645e-08,3.665406926556258e-05,,
normalized_vmin1e-05,normalized,1e-05,1.0,9,255,1,3,hedap_accuracy|hedap_speed,lin,6,8.50168524775654,2,1.2912216271309998e-07,0.000452492426920692,5.2792204142877345e-08,0.0005295240574274551,,
normalized_vmin1e-05,normalized,1e-05,1.0,9,255,1,3,hedap_accuracy|hedap_speed,lin,7,7.7920786533504725,2,1.4915072610303094e-07,0.0010510423740982544,3.999257154475557e-08,7.19892878519035e-05,,
normalized_vmin1e-05,normalized,1e-05,1.0,9,255,1,3,hedap_accuracy|hedap_speed,lin,8,8.726448765955865,2,2.200969946856644e-07,0.0031073029409594,4.2657333050343985e-08,0.00019669427789392735,,
normalized_vmin1e-05,normalized,1e-05,1.0,9,255,1,3,hedap_accuracy|hedap_speed,lin,9,8.145582410972565,2,1.1991866962573984e-07,0.00039408142807151325,3.801512565433551e-08,6.272802831430724e-05,,
normalized_vmin1e-05,normalized,1e-05,1.0,9,255,1,3,hedap_accuracy|hedap_speed,geom,0,8.5807309220545,2,8.359239940200921e-05,0.005896399871066382,2.178149261822248e-05,0.0049112228581129624,,
normalized_vmin1e-05,normalized,1e-05,1.0,9,255,1,3,hedap_accuracy|hedap_speed,ood,0,8.4240614278242,2,0.0548822688333593,0.23345324294291703,0.05472490453480282,0.23549162478356922,0.23345324294291703,0
normalized_vmin1e-05,normalized,1e-05,1.0,9,31,0,10,hedap_accuracy_maxre_alg,lin,0,23.192260506097227,5,1.1462110607705781e-07,0.0007529524182161573,2.3723438671926654e-09,2.2622870579080967e-05,,
normalized_vmin1e-05,normalized,1e-05,1.0,9,31,0,10,hedap_accuracy_maxre_alg,lin,1,22.630937620066106,5,1.0523350277841231e-07,0.0002380850282399649,2.934886872392402e-09,3.878272888846457e-05,,
normalized_vmin1e-05,normalized,1e-05,1.0,9,31,0,10,hedap_accuracy_maxre_alg,lin,2,22.61074525490403,5,1.0811566704362394e-07,0.0004938258502307225,1.702662958314485e-09,3.077720807542761e-06,,
normalized_vmin1e-05,normalized,1e-05,1.0,9,31,0,10,hedap_accuracy_maxre_alg,lin,3,22.427612049970776,5,9.938202895433241e-08,0.00018898291025037928,2.2651968398174147e-09,1.9932553807056053e-05,,
normalized_vmin1e-05,normalized,1e-05,1.0,9,31,0,10,hedap_accuracy_maxre_alg,lin,4,23.41672747815028,5,1.1416903929601147e-07,0.001193256574783197,2.0860946664244594e-09,1.472027924298569e-05,,
normalized_vmin1e-05,normalized,1e-05,1.0,9,31,0,10,hedap_accuracy_maxre_alg,lin,5,19.900491666980088,5,1.6785928395916265e-07,0.001969345757037444,1.927240356113468e-09,6.918326887039861e-06,,
normalized_vmin1e-05,normalized,1e-05,1.0,9,31,0,10,hedap_accuracy_maxre_alg,lin,6,21.204733561258763,5,1.275213731730831e-07,0.0007990870876368739,2.969214490316179e-09,3.7579288690414714e-05,,
normalized_vmin1e-05,normalized,1e-05,1.0,9,31,0,10,hedap_accuracy_maxre_alg,lin,7,22.936635862104595,5,1.0990920944835259e-07,0.0007816206074373611,2.632482880913069e-09,3.2515481847239514e-05,,
normalized_vmin1e-05,normalized,1e-05,1.0,9,31,0,10,hedap_accuracy_maxre_alg,lin,8,22.19378515984863,5,1.1661482276855667e-07,0.0006301295658628359,2.469189660171038e-09,2.5432964350313725e-05,,
normalized_vmin1e-05,normalized,1e-05,1.0,9,31,0,10,hedap_accuracy_maxre_alg,lin,9,21.778176330029964,5,1.1038074160600903e-07,0.0006755129824345119,2.1365097898520097e-09,1.6635465621250844e-05,,
normalized_vmin1e-05,normalized,1e-05,1.0,9,31,0,10,hedap_accuracy_maxre_alg,geom,0,21.935396010056138,5,7.253581749424867e-05,0.004934297787978603,1.4180615610491074e-06,0.00011435791211078516,,
normalized_vmin1e-05,normalized,1e-05,1.0,9,31,0,10,hedap_accuracy_maxre_alg,ood,0,22.503520170226693,5,0.0033493389456476096,0.07016338259867005,0.0001410522784228318,0.005980661486589378,0.07016338259867005,0
normalized_vmin1e-05,normalized,1e-05,1.0,8,127,0,4,hedap_accuracy,lin,0,24.176711164880544,5,1.052912845878466e-07,0.00030062035432987244,1.3857836246679636e-08,0.00041336371758493584,,
normalized_vmin1e-05,normalized,1e-05,1.0,8,127,0,4,hedap_accuracy,lin,1,23.116791577078402,5,1.868226917746708e-07,0.003290776107667037,1.3471498885360032e-08,0.0004009275077954122,,
normalized_vmin1e-05,normalized,1e-05,1.0,8,127,0,4,hedap_accuracy,lin,2,24.609447362367064,5,1.3569830002348526e-07,0.0017023094021115792,1.2853204083172271e-08,0.00037902199330464015,,
normalized_vmin1e-05,normalized,1e-05,1.0,8,127,0,4,hedap_accuracy,lin,3,23.742202906869352,5,1.1162243863478279e-07,0.0004304271012880445,1.4591090585430538e-08,0.00043621203591082125,,
normalized_vmin1e-05,normalized,1e-05,1.0,8,127,0,4,hedap_accuracy,lin,4,22.71714648604393,5,1.1402977122170811e-07,0.0003764362166651658,1.402449862673654e-08,0.0004213217689305049,,
normalized_vmin1e-05,normalized,1e-05,1.0,8,127,0,4,hedap_accuracy,lin,5,22.744786352850497,5,1.6820297295890114e-07,0.002282586191015734,1.3113248817263676e-08,0.0003875719442231196,,
normalized_vmin1e-05,normalized,1e-05,1.0,8,127,0,4,hedap_accuracy,lin,6,22.86359642399475,5,1.1811687261334755e-07,0.000493937076343931,1.3572683769609345e-08,0.00040440914359851643,,
normalized_vmin1e-05,normalized,1e-05,1.0,8,127,0,4,hedap_accuracy,lin,7,22.882340765092522,5,1.3157678771614635e-07,0.001399027282863674,1.3919523644762087e-08,0.000413803932216239,,
normalized_vmin1e-05,normalized,1e-05,1.0,8,127,0,4,hedap_accuracy,lin,8,23.910075726918876,5,9.515405628115114e-08,0.0002102960365117923,1.3848970862195847e-08,0.0004164653671853147,,
normalized_vmin1e-05,normalized,1e-05,1.0,8,127,0,4,hedap_accuracy,lin,9,22.786090125795454,5,1.256340498048637e-07,0.000642711767741666,1.3256750197201516e-08,0.00039452165859987787,,
normalized_vmin1e-05,normalized,1e-05,1.0,8,127,0,4,hedap_accuracy,geom,0,22.62105793785304,5,7.390788882059122e-05,0.004751909451538028,5.136277686721829e-06,0.00045131868586612,,
normalized_vmin1e-05,normalized,1e-05,1.0,8,127,0,4,hedap_accuracy,ood,0,20.726497950963676,5,0.08066782955766559,0.2817881251864769,0.08063678165172282,0.2947293225955072,0.2817881251864769,0
normalized_vmin1e-05,normalized,1e-05,1.0,8,255,1,3,hedap_speed,lin,0,8.278802844230086,2,1.7032320886705956e-07,0.0015969409164757753,4.600998309112165e-08,0.0001270635867580694,,
normalized_vmin1e-05,normalized,1e-05,1.0,8,255,1,3,hedap_speed,lin,1,7.533918642904609,2,1.458867981621343e-07,0.001232847469802012,4.462041855879411e-08,0.0001614934318916461,,
normalized_vmin1e-05,normalized,1e-05,1.0,8,255,1,3,hedap_speed,lin,2,8.00400183396414,2,2.7385221123804633e-07,0.005129442113020355,8.817303039304283e-08,0.001488113964793758,,
normalized_vmin1e-05,normalized,1e-05,1.0,8,255,1,3,hedap_speed,lin,3,8.390223271679133,2,1.6140244730591266e-07,0.0016021294628203453,4.866372694950358e-08,0.00028515437144938094,,
normalized_vmin1e-05,normalized,1e-05,1.0,8,255,1,3,hedap_speed,lin,4,7.874534343834966,2,1.338587977216306e-07,0.0006561879587475561,3.8793129514273e-08,9.323017914875109e-05,,
normalized_vmin1e-05,normalized,1e-05,1.0,8,255,1,3,hedap_speed,lin,5,7.929938942193985,2,1.4191080073194793e-07,0.0008273622675450953,5.5104942149864736e-08,0.00044268628593058246,,
normalized_vmin1e-05,normalized,1e-05,1.0,8,255,1,3,hedap_speed,lin,6,7.8369301171042025,2,1.4282850132568044e-07,0.0008078842091830962,5.050569499930098e-08,0.0002246880728359324,,
normalized_vmin1e-05,normalized,1e-05,1.0,8,255,1,3,hedap_speed,lin,7,7.895587093196809,2,1.6256063181919347e-07,0.0017991253422032782,3.738406335422934e-08,3.2630301708302945e-05,,
normalized_vmin1e-05,normalized,1e-05,1.0,8,255,1,3,hedap_speed,lin,8,8.345762616023421,2,1.7689261920482142e-07,0.0026701244531364132,4.055667464400957e-08,7.941158399460413e-05,,
normalized_vmin1e-05,normalized,1e-05,1.0,8,255,1,3,hedap_speed,lin,9,7.905387323815376,2,1.7083028189340563e-07,0.0017623216233216832,4.7757059785573055e-08,0.0004063793776907243,,
normalized_vmin1e-05,normalized,1e-05,1.0,8,255,1,3,hedap_speed,geom,0,7.399014674592763,2,8.176094365701546e-05,0.005339627909050959,2.0423151159882006e-05,0.004572997267471068,,
normalized_vmin1e-05,normalized,1e-05,1.0,8,255,1,3,hedap_speed,ood,0,7.743221627082676,2,0.05487372752595254,0.23575533964027462,0.054728053138823285,0.23806225740151365,0.23575533964027462,0
normalized_vmin1e-05,normalized,1e-05,1.0,8,31,0,10,hedap_accuracy_maxre_alg,lin,0,47.01164915878326,10,1.3835528511967445e-07,0.0010206931506566708,1.6425901510545935e-09,1.3233587855099316e-05,,
normalized_vmin1e-05,normalized,1e-05,1.0,8,31,0,10,hedap_accuracy_maxre_alg,lin,1,47.31903518969193,10,1.168062770435503e-07,0.0004763231316677885,1.8355145941923432e-09,1.956683716586305e-05,,
normalized_vmin1e-05,normalized,1e-05,1.0,8,31,0,10,hedap_accuracy_maxre_alg,lin,2,48.66635227203369,10,1.435541984605249e-07,0.001425101410519325,1.6492813023700668e-09,1.2853203462892537e-05,,
normalized_vmin1e-05,normalized,1e-05,1.0,8,31,0,10,hedap_accuracy_maxre_alg,lin,3,47.765945435967296,10,1.0532649839817564e-07,0.0003560175952574962,1.251974193536813e-09,2.6084256232739023e-06,,
normalized_vmin1e-05,normalized,1e-05,1.0,8,31,0,10,hedap_accuracy_maxre_alg,lin,4,48.60473850090057,10,1.2231262755864686e-07,0.0009813885854850213,1.889795328179815e-09,1.8826849036090998e-05,,
normalized_vmin1e-05,normalized,1e-05,1.0,8,31,0,10,hedap_accuracy_maxre_alg,lin,5,47.499288321938366,10,1.1643982989484607e-07,0.0010726149052600054,1.5227073751680471e-09,1.1847729336600388e-05,,
normalized_vmin1e-05,normalized,1e-05,1.0,8,31,0,10,hedap_accuracy_maxre_alg,lin,6,45.60230572009459,10,1.4453821220477124e-07,0.0012843921468261854,1.6924102114377585e-09,1.6495471147237595e-05,,
normalized_vmin1e-05,normalized,1e-05,1.0,8,31,0,10,hedap_accuracy_maxre_alg,lin,7,43.911985056940466,10,1.7087513899908272e-07,0.0025347525905994317,1.6719257578099204e-09,1.3407157822054039e-05,,
normalized_vmin1e-05,normalized,1e-05,1.0,8,31,0,10,hedap_accuracy_maxre_alg,lin,8,39.71575708407909,10,1.0657361375846365e-07,0.00037587149909557027,1.4332492549724949e-09,5.956307472132494e-06,,
normalized_vmin1e-05,normalized,1e-05,1.0,8,31,0,10,hedap_accuracy_maxre_alg,lin,9,47.443434400018305,10,1.1166954567810926e-07,0.0005861461158903625,1.2801372199487703e-09,2.7839054539402497e-06,,
normalized_vmin1e-05,normalized,1e-05,1.0,8,31,0,10,hedap_accuracy_maxre_alg,geom,0,47.636362912133336,10,7.33254389183357e-05,0.004431397920796831,1.0244205101225072e-06,8.520773347286958e-05,,
normalized_vmin1e-05,normalized,1e-05,1.0,8,31,0,10,hedap_accuracy_maxre_alg,ood,0,46.83440095279366,10,0.003300740503538974,0.05878497746664946,0.000129761386048455,0.006042701940798034,0.05878497746664946,0
normalized_vmin1e-05,normalized,1e-05,1.0,7,127,0,4,hedap_accuracy,lin,0,23.34691637288779,5,8.342226311082229e-08,0.00013624268903100756,1.4062955296717316e-08,0.000419953398053563,,
normalized_vmin1e-05,normalized,1e-05,1.0,7,127,0,4,hedap_accuracy,lin,1,23.357682337984443,5,1.282233984589278e-07,0.0004932679983196131,1.4614792276549602e-08,0.00043868584100781316,,
normalized_vmin1e-05,normalized,1e-05,1.0,7,127,0,4,hedap_accuracy,lin,2,23.362983936909586,5,1.2152724968206616e-07,0.0005248387679854805,1.480007092503186e-08,0.00044656262434672467,,
normalized_vmin1e-05,normalized,1e-05,1.0,7,127,0,4,hedap_accuracy,lin,3,22.978535175323486,5,1.7878187429545185e-07,0.002115435550301692,1.3862781978349705e-08,0.00041493528570257787,,
normalized_vmin1e-05,normalized,1e-05,1.0,7,127,0,4,hedap_accuracy,lin,4,23.071837780065835,5,1.8438155086664988e-07,0.0026862092019439565,1.3110730462137461e-08,0.0003853306805899903,,
normalized_vmin1e-05,normalized,1e-05,1.0,7,127,0,4,hedap_accuracy,lin,5,20.76721552107483,5,1.5226616221768755e-07,0.0014544331220602835,1.4862208792257634e-08,0.0004494176203907463,,
normalized_vmin1e-05,normalized,1e-05,1.0,7,127,0,4,hedap_accuracy,lin,6,20.3467388311401,5,1.145395613148635e-07,0.0009554536528820767,1.3594629896291369e-08,0.00040499211009914493,,
normalized_vmin1e-05,normalized,1e-05,1.0,7,127,0,4,hedap_accuracy,lin,7,21.614858391694725,5,9.840844331936616e-08,0.00018357241166011562,1.3470610603571819e-08,0.000400740898989449,,
normalized_vmin1e-05,normalized,1e-05,1.0,7,127,0,4,hedap_accuracy,lin,8,22.814477428793907,5,1.6005159567187609e-07,0.0018787144791421184,1.356523990125912e-08,0.00040443010550372804,,
normalized_vmin1e-05,normalized,1e-05,1.0,7,127,0,4,hedap_accuracy,lin,9,23.200108143966645,5,1.231020523983028e-07,0.000825059610150225,1.2573036101763929e-08,0.00037371030403554606,,
normalized_vmin1e-05,normalized,1e-05,1.0,7,127,0,4,hedap_accuracy,geom,0,23.981516721192747,5,7.50857043020974e-05,0.005134953496150119,5.159161604088404e-06,0.0004515603435197857,,
normalized_vmin1e-05,normalized,1e-05,1.0,7,127,0,4,hedap_accuracy,ood,0,24.133113137912005,5,0.08065395009680794,0.2824796488300835,0.08064998973532869,0.29376343063624255,0.2824796488300835,0
normalized_vmin1e-05,normalized,1e-05,1.0,7,255,1,3,hedap_speed,lin,0,8.002378585748374,2,1.543911209597016e-07,0.0010672066730990082,3.6613563405802436e-08,3.8805768595717716e-05,,
normalized_vmin1e-05,normalized,1e-05,1.0,7,255,1,3,hedap_speed,lin,1,8.053657880984247,2,1.5576643061232927e-07,0.0012949155314585514,3.887850784113148e-08,7.310873509380755e-05,,
normalized_vmin1e-05,normalized,1e-05,1.0,7,255,1,3,hedap_speed,lin,2,8.10593217657879,2,1.806231005649345e-07,0.0020708077216602394,4.176793177178338e-08,0.00013478117861165373,,
normalized_vmin1e-05,normalized,1e-05,1.0,7,255,1,3,hedap_speed,lin,3,7.995088177267462,2,1.2870182064877257e-07,0.00041219726567454096,3.944804211718149e-08,5.448585660705607e-05,,
normalized_vmin1e-05,normalized,1e-05,1.0,7,255,1,3,hedap_speed,lin,4,8.073204147163779,2,1.6833297503742066e-07,0.0017989567279277363,4.213786110058093e-08,6.45327480761626e-05,,
normalized_vmin1e-05,normalized,1e-05,1.0,7,255,1,3,hedap_speed,lin,5,7.936952096410096,2,1.1630989484015308e-07,0.00019192703389792065,4.876848543402412e-08,0.00023638646481560777,,
normalized_vmin1e-05,normalized,1e-05,1.0,7,255,1,3,hedap_speed,lin,6,8.524747924879193,2,1.1894270289888146e-07,0.0003376080115029545,4.3285561981907383e-08,0.00010837007347952454,,
normalized_vmin1e-05,normalized,1e-05,1.0,7,255,1,3,hedap_speed,lin,7,8.160926674958318,2,1.3827549608629578e-07,0.0009830855351433687,6.877183023594078e-08,0.0008060232502478115,,
normalized_vmin1e-05,normalized,1e-05,1.0,7,255,1,3,hedap_speed,lin,8,8.135525919031352,2,1.77812456056335e-07,0.001664449054545436,3.9186977257415074e-08,5.324667462391908e-05,,
normalized_vmin1e-05,normalized,1e-05,1.0,7,255,1,3,hedap_speed,lin,9,8.02961023710668,2,1.8013522194385638e-07,0.0022407269199568036,4.463331605453506e-08,8.85485598639546e-05,,
normalized_vmin1e-05,normalized,1e-05,1.0,7,255,1,3,hedap_speed,geom,0,8.336549734231085,2,8.033001956370277e-05,0.007842596690247783,2.1581032202760273e-05,0.007279948619798748,,
normalized_vmin1e-05,normalized,1e-05,1.0,7,255,1,3,hedap_speed,ood,0,8.472822822630405,2,0.05488718294200226,0.2256006144373457,0.05472253795737687,0.23106711586348028,0.2256006144373457,0
normalized_vmin1e-05,normalized,1e-05,1.0,7,15,0,10,hedap_accuracy_maxre_alg,lin,0,44.30834099603817,10,1.0257215380716456e-07,0.00032182466576480273,1.7950828719554923e-09,2.0902011214962712e-05,,
normalized_vmin1e-05,normalized,1e-05,1.0,7,15,0,10,hedap_accuracy_maxre_alg,lin,1,42.461593330837786,10,1.8779548559364278e-07,0.0034296789854618703,1.467734341474515e-09,6.770374464504236e-06,,
normalized_vmin1e-05,normalized,1e-05,1.0,7,15,0,10,hedap_accuracy_maxre_alg,lin,2,39.33892400609329,10,1.1936373322488526e-07,0.0005039073379184966,1.5475366125280304e-09,9.829316182763392e-06,,
normalized_vmin1e-05,normalized,1e-05,1.0,7,15,0,10,hedap_accuracy_maxre_alg,lin,3,43.047434801701456,10,9.522280728058199e-08,0.00035336896085902403,2.1463062165359226e-09,3.212141362485266e-05,,
normalized_vmin1e-05,normalized,1e-05,1.0,7,15,0,10,hedap_accuracy_maxre_alg,lin,4,46.55591372400522,10,1.8933762900760133e-07,0.003266664833014854,1.2819422693448562e-09,3.2782928783836596e-06,,
normalized_vmin1e-05,normalized,1e-05,1.0,7,15,0,10,hedap_accuracy_maxre_alg,lin,5,41.7295654383488,10,1.0073955639712257e-07,0.00038978897802643964,1.498530656137418e-09,9.402396324853513e-06,,
normalized_vmin1e-05,normalized,1e-05,1.0,7,15,0,10,hedap_accuracy_maxre_alg,lin,6,40.63365187589079,10,1.7989705502185406e-07,0.002776272381673106,1.3080268235764767e-09,2.9560762466740442e-06,,
normalized_vmin1e-05,normalized,1e-05,1.0,7,15,0,10,hedap_accuracy_maxre_alg,lin,7,46.329136883839965,10,1.0110811991586718e-07,0.00027689710957279345,2.524302425525464e-09,3.9583108398133504e-05,,
normalized_vmin1e-05,normalized,1e-05,1.0,7,15,0,10,hedap_accuracy_maxre_alg,lin,8,41.864413152914494,10,1.3426255437179075e-07,0.0011886864043210155,1.7469096912196846e-09,1.9587886229799345e-05,,
normalized_vmin1e-05,normalized,1e-05,1.0,7,15,0,10,hedap_accuracy_maxre_alg,lin,9,48.204714184161276,10,1.0627477945158824e-07,0.00038915165268360585,1.4264723039628493e-09,4.94270723860879e-06,,
normalized_vmin1e-05,normalized,1e-05,1.0,7,15,0,10,hedap_accuracy_maxre_alg,geom,0,42.53190174372867,10,7.495220993636054e-05,0.006075994115314676,1.0441935421339851e-06,0.00010350817824855696,,
normalized_vmin1e-05,normalized,1e-05,1.0,7,15,0,10,hedap_accuracy_maxre_alg,ood,0,46.52004656475037,10,0.0168000554692172,0.11426101556236701,0.01614291555526684,0.10181297754555918,0.11426101556236701,0
normalized_vmin1e-05,normalized,1e-05,1.0,6,255,1,2,hedap_accuracy|hedap_speed,lin,0,7.842270812951028,2,1.758544273491896e-07,0.0017136963221481283,1.779957436630118e-07,0.003744509882336211,,
normalized_vmin1e-05,normalized,1e-05,1.0,6,255,1,2,hedap_accuracy|hedap_speed,lin,1,8.445140232797712,2,2.794957351345545e-07,0.00527797963154597,1.7187543735965754e-07,0.003634418977104925,,
normalized_vmin1e-05,normalized,1e-05,1.0,6,255,1,2,hedap_accuracy|hedap_speed,lin,2,7.838424395304173,2,2.512828402396477e-07,0.0037661589982488364,1.3616934989497094e-07,0.002480920444912771,,
normalized_vmin1e-05,normalized,1e-05,1.0,6,255,1,2,hedap_accuracy|hedap_speed,lin,3,8.329672954976559,2,2.7277640686778305e-07,0.004650568830250168,1.8287906732262973e-07,0.0038899582582878622,,
normalized_vmin1e-05,normalized,1e-05,1.0,6,255,1,2,hedap_accuracy|hedap_speed,lin,4,8.411115913651884,2,1.62813147850753e-07,0.001072572353923884,1.892811479236449e-07,0.00416595765084371,,
normalized_vmin1e-05,normalized,1e-05,1.0,6,255,1,2,hedap_accuracy|hedap_speed,lin,5,8.180628136266023,2,1.9983368043475784e-07,0.0017119924992200497,1.8050006929821102e-07,0.0038849620076848446,,
normalized_vmin1e-05,normalized,1e-05,1.0,6,255,1,2,hedap_accuracy|hedap_speed,lin,6,8.3350345576182,2,2.1259864009628607e-07,0.003133461820279848,1.6988126885692892e-07,0.003537992215621566,,
normalized_vmin1e-05,normalized,1e-05,1.0,6,255,1,2,hedap_accuracy|hedap_speed,lin,7,8.333781635388732,2,2.372270502514719e-07,0.0032792702707009624,1.8020234286209215e-07,0.00370467451369072,,
normalized_vmin1e-05,normalized,1e-05,1.0,6,255,1,2,hedap_accuracy|hedap_speed,lin,8,7.323715189937502,2,2.779830628002999e-07,0.004635006519764229,1.8087466681022051e-07,0.0038634089396302196,,
normalized_vmin1e-05,normalized,1e-05,1.0,6,255,1,2,hedap_accuracy|hedap_speed,lin,9,7.629599153995514,2,2.1560724416405135e-07,0.0032859775799014557,1.8436496520979752e-07,0.0039115170710591896,,
normalized_vmin1e-05,normalized,1e-05,1.0,6,255,1,2,hedap_accuracy|hedap_speed,geom,0,8.578460476826876,2,0.00012572958694955037,0.0073779032994486515,8.894919386920119e-05,0.005526049052116289,,
normalized_vmin1e-05,normalized,1e-05,1.0,6,255,1,2,hedap_accuracy|hedap_speed,ood,0,8.801443845964968,2,0.15770952855970088,0.40927765824945395,0.15772818126863536,0.42446271953524417,0.40927765824945395,0
normalized_vmin1e-05,normalized,1e-05,1.0,6,511,1,3,hedap_accuracy_maxre_alg,lin,0,14.556776511017233,3,1.6163098084886974e-07,0.0019224373173523102,4.098623997037689e-08,7.491336995013587e-05,,
normalized_vmin1e-05,normalized,1e-05,1.0,6,511,1,3,hedap_accuracy_maxre_alg,lin,1,14.240555755328387,3,1.2274199535904846e-07,0.0003630466411796984,5.2576330179058146e-08,0.0005244888635014266,,
normalized_vmin1e-05,normalized,1e-05,1.0,6,511,1,3,hedap_accuracy_maxre_alg,lin,2,14.440018700901419,3,1.7498901419561906e-07,0.001665234560187523,5.3669058083462604e-08,0.00022664005412531552,,
normalized_vmin1e-05,normalized,1e-05,1.0,6,511,1,3,hedap_accuracy_maxre_alg,lin,3,13.575534886680543,3,1.9045842486249307e-07,0.00232745591005179,4.597602333657449e-08,0.00018008212453590744,,
normalized_vmin1e-05,normalized,1e-05,1.0,6,511,1,3,hedap_accuracy_maxre_alg,lin,4,13.756045457907021,3,2.3748657587146387e-07,0.003838821081682098,4.5199620396828906e-08,0.00019505610924441807,,
normalized_vmin1e-05,normalized,1e-05,1.0,6,511,1,3,hedap_accuracy_maxre_alg,lin,5,13.822222643066198,3,1.120742498046231e-07,0.0001982082245597372,4.324832782797252e-08,8.839750816869163e-05,,
normalized_vmin1e-05,normalized,1e-05,1.0,6,511,1,3,hedap_accuracy_maxre_alg,lin,6,13.589571823831648,3,1.4432647183915007e-07,0.0005783418084354119,4.1989962557044007e-08,6.999535019625025e-05,,
normalized_vmin1e-05,normalized,1e-05,1.0,6,511,1,3,hedap_accuracy_maxre_alg,lin,7,13.739324950613081,3,1.8216063197376914e-07,0.001864162088200061,4.0034243173464997e-08,5.272369124642573e-05,,
normalized_vmin1e-05,normalized,1e-05,1.0,6,511,1,3,hedap_accuracy_maxre_alg,lin,8,13.631070642266423,3,1.7595270810757537e-07,0.0019584628065583143,4.2812088251859795e-08,0.00011856990191860817,,
normalized_vmin1e-05,normalized,1e-05,1.0,6,511,1,3,hedap_accuracy_maxre_alg,lin,9,13.501326493918896,3,1.7255494407901958e-07,0.001791308694898186,4.2902713501338514e-08,0.0001324695334424808,,
normalized_vmin1e-05,normalized,1e-05,1.0,6,511,1,3,hedap_accuracy_maxre_alg,geom,0,14.202540868893266,3,8.193183080415799e-05,0.008042714714408206,2.2047573579169692e-05,0.004137369036723015,,
normalized_vmin1e-05,normalized,1e-05,1.0,6,511,1,3,hedap_accuracy_maxre_alg,ood,0,14.067807562183589,3,0.010866430272368974,0.10746292256662038,0.010046410665936784,0.0940749580012914,0.10746292256662038,0
normalized_vmin1e-05,normalized,1e-05,1.0,5,255,1,2,hedap_accuracy|hedap_speed,lin,0,7.2856513685546815,2,3.604539916472711e-07,0.006697037170641074,1.7858221146520005e-07,0.003784970776206209,,
normalized_vmin1e-05,normalized,1e-05,1.0,5,255,1,2,hedap_accuracy|hedap_speed,lin,1,8.130720954854041,2,3.3259412215874717e-07,0.007022295279591417,1.7333941541014525e-07,0.0036251997879482856,,
normalized_vmin1e-05,normalized,1e-05,1.0,5,255,1,2,hedap_accuracy|hedap_speed,lin,2,7.864583964925259,2,2.7996946502256787e-07,0.0051970763406336,1.746758826986571e-07,0.003609289035022334,,
normalized_vmin1e-05,normalized,1e-05,1.0,5,255,1,2,hedap_accuracy|hedap_speed,lin,3,8.326474430039525,2,1.5284620742859957e-07,0.0006285456862437089,1.8506661792818343e-07,0.004046365215496062,,
normalized_vmin1e-05,normalized,1e-05,1.0,5,255,1,2,hedap_accuracy|hedap_speed,lin,4,8.51370444195345,2,2.3893818074269835e-07,0.0029101308436965123,1.692526216701388e-07,0.003553407503463668,,
normalized_vmin1e-05,normalized,1e-05,1.0,5,255,1,2,hedap_accuracy|hedap_speed,lin,5,8.482240793760866,2,2.9599886763128394e-07,0.005494625073075965,1.841732272965143e-07,0.003844629436624669,,
normalized_vmin1e-05,normalized,1e-05,1.0,5,255,1,2,hedap_accuracy|hedap_speed,lin,6,7.8844060259871185,2,1.387833089218635e-07,0.000513388244732238,1.832216846351143e-07,0.003921413757880354,,
normalized_vmin1e-05,normalized,1e-05,1.0,5,255,1,2,hedap_accuracy|hedap_speed,lin,7,8.574760608840734,2,2.0911956130173045e-07,0.002827743747019107,1.850826722876515e-07,0.003893964574215425,,
normalized_vmin1e-05,normalized,1e-05,1.0,5,255,1,2,hedap_accuracy|hedap_speed,lin,8,7.667202694807202,2,2.3520281806000862e-07,0.0035040840109210603,1.7626588564245176e-07,0.0038172310747989213,,
normalized_vmin1e-05,normalized,1e-05,1.0,5,255,1,2,hedap_accuracy|hedap_speed,lin,9,8.421944641973823,2,2.6200520307235325e-07,0.004414248472179527,1.7318893428019106e-07,0.0034924296925453735,,
normalized_vmin1e-05,normalized,1e-05,1.0,5,255,1,2,hedap_accuracy|hedap_speed,geom,0,8.131741423625499,2,0.00012490532297380533,0.006840869266262595,8.869733031183825e-05,0.005246489854873526,,
normalized_vmin1e-05,normalized,1e-05,1.0,5,255,1,2,hedap_accuracy|hedap_speed,ood,0,8.21821688534692,2,0.15772258936701963,0.41010003378014537,0.1577023971262198,0.4266473370412981,0.41010003378014537,0
normalized_vmin1e-05,normalized,1e-05,1.0,5,63,1,6,hedap_accuracy_maxre_alg,lin,0,13.159130265004933,3,1.249639377745045e-07,0.00045884626122960626,3.681029798470353e-08,6.667472510279993e-05,,
normalized_vmin1e-05,normalized,1e-05,1.0,5,63,1,6,hedap_accuracy_maxre_alg,lin,1,12.73850715579465,3,1.8572085915488182e-07,0.0023660502440985276,4.206419442976452e-08,8.052347135112381e-05,,
normalized_vmin1e-05,normalized,1e-05,1.0,5,63,1,6,hedap_accuracy_maxre_alg,lin,2,13.525417159777135,3,1.3262100150732918e-07,0.00042464076303727616,3.8966845277709785e-08,3.6420289965422015e-05,,
normalized_vmin1e-05,normalized,1e-05,1.0,5,63,1,6,hedap_accuracy_maxre_alg,lin,3,12.569544042926282,3,1.497980526464123e-07,0.0009845370278225296,4.5019063006327976e-08,0.00019316116882339696,,
normalized_vmin1e-05,normalized,1e-05,1.0,5,63,1,6,hedap_accuracy_maxre_alg,lin,4,13.05861951597035,3,1.1790784436493593e-07,0.0002175718937489357,4.802444753281132e-08,0.0002355013372876691,,
normalized_vmin1e-05,normalized,1e-05,1.0,5,63,1,6,hedap_accuracy_maxre_alg,lin,5,12.757755205966532,3,1.8085374513823627e-07,0.002555624117663413,1.1186541192278028e-07,0.0021899259518318726,,
normalized_vmin1e-05,normalized,1e-05,1.0,5,63,1,6,hedap_accuracy_maxre_alg,lin,6,12.642013101838529,3,1.7037040260062692e-07,0.001762551167828308,5.62676879532695e-08,0.0005412809829020704,,
normalized_vmin1e-05,normalized,1e-05,1.0,5,63,1,6,hedap_accuracy_maxre_alg,lin,7,12.682175212074071,3,1.8250569746552017e-07,0.0021037514912325417,4.144098654980608e-08,0.00012029420880121933,,
normalized_vmin1e-05,normalized,1e-05,1.0,5,63,1,6,hedap_accuracy_maxre_alg,lin,8,13.179079088382423,3,1.4107839193659258e-07,0.0004871154780747844,4.692215683844132e-08,0.0001452696151553745,,
normalized_vmin1e-05,normalized,1e-05,1.0,5,63,1,6,hedap_accuracy_maxre_alg,lin,9,13.23411877406761,3,1.3899034648369836e-07,0.0005497611046567652,4.1665128584962314e-08,8.542169296454905e-05,,
normalized_vmin1e-05,normalized,1e-05,1.0,5,63,1,6,hedap_accuracy_maxre_alg,geom,0,11.899135751184076,3,8.24894650788306e-05,0.005593021585876712,2.2075834498627817e-05,0.0050169088808019735,,
normalized_vmin1e-05,normalized,1e-05,1.0,5,63,1,6,hedap_accuracy_maxre_alg,ood,0,11.248009813018143,3,0.046438433602560766,0.20853752675896842,0.04621952864555001,0.213019333777974,0.20853752675896842,0
normalized_vmin1e-05,normalized,1e-05,1.0,4,255,1,3,hedap_accuracy|hedap_speed|hedap_accuracy_maxre_alg,lin,0,8.395175463985652,2,1.6686715103520015e-07,0.002015954177080337,3.889077270891972e-08,5.410652831172591e-05,,
normalized_vmin1e-05,normalized,1e-05,1.0,4,255,1,3,hedap_accuracy|hedap_speed|hedap_accuracy_maxre_alg,lin,1,7.3615061840973794,2,1.3087145875235277e-07,0.0005651455740318667,3.593592310587734e-08,4.0307234668746084e-05,,
normalized_vmin1e-05,normalized,1e-05,1.0,4,255,1,3,hedap_accuracy|hedap_speed|hedap_accuracy_maxre_alg,lin,2,8.278639327269047,2,1.6159592564390154e-07,0.0014465211814194134,4.2271841727358443e-08,5.058578133132485e-05,,
normalized_vmin1e-05,normalized,1e-05,1.0,4,255,1,3,hedap_accuracy|hedap_speed|hedap_accuracy_maxre_alg,lin,3,8.541829023975879,2,1.2519678112981898e-07,0.00037896561091699255,3.860659460339655e-08,6.243868668431851e-05,,
normalized_vmin1e-05,normalized,1e-05,1.0,4,255,1,3,hedap_accuracy|hedap_speed|hedap_accuracy_maxre_alg,lin,4,7.992598047014326,2,1.6185763269524605e-07,0.0009947169018649227,4.449870897053134e-08,0.00010722226125969847,,
normalized_vmin1e-05,normalized,1e-05,1.0,4,255,1,3,hedap_accuracy|hedap_speed|hedap_accuracy_maxre_alg,lin,5,7.964930274989456,2,1.6987145088446444e-07,0.001896594304721111,4.302069761954135e-08,4.1880568437679955e-05,,
normalized_vmin1e-05,normalized,1e-05,1.0,4,255,1,3,hedap_accuracy|hedap_speed|hedap_accuracy_maxre_alg,lin,6,8.378917986992747,2,1.5729277533837517e-07,0.0005734285306433495,4.437804672774036e-08,9.735927141429901e-05,,
normalized_vmin1e-05,normalized,1e-05,1.0,4,255,1,3,hedap_accuracy|hedap_speed|hedap_accuracy_maxre_alg,lin,7,7.296787200961262,2,1.7090088895555753e-07,0.0011639250427363246,5.01321132159812e-08,0.0003880491519234752,,
normalized_vmin1e-05,normalized,1e-05,1.0,4,255,1,3,hedap_accuracy|hedap_speed|hedap_accuracy_maxre_alg,lin,8,7.700083179865032,2,1.5029816058472988e-07,0.001021922287929633,4.564676688906914e-08,0.00010410597994936488,,
normalized_vmin1e-05,normalized,1e-05,1.0,4,255,1,3,hedap_accuracy|hedap_speed|hedap_accuracy_maxre_alg,lin,9,8.627562994137406,2,1.0608267459670694e-07,0.00016064152331884962,7.658769679848746e-08,0.0012700191282266626,,
normalized_vmin1e-05,normalized,1e-05,1.0,4,255,1,3,hedap_accuracy|hedap_speed|hedap_accuracy_maxre_alg,geom,0,8.635464630555362,2,8.036206211368328e-05,0.0075744050694173115,2.1225625883348984e-05,0.004808854207497992,,
normalized_vmin1e-05,normalized,1e-05,1.0,4,255,1,3,hedap_accuracy|hedap_speed|hedap_accuracy_maxre_alg,ood,0,7.962371336761862,2,0.05487405433710586,0.2331120244661694,0.05472724220906073,0.23042048895775769,0.2331120244661694,0
normalized_vmin1e-05,normalized,1e-05,1.0,12,63,0,7,pptest_default,lin,0,16.377388631924987,3,1.7212893813547885e-07,0.0027375790157762037,1.9290797511200837e-09,2.0568919046004552e-05,,
normalized_vmin1e-05,normalized,1e-05,1.0,12,63,0,7,pptest_default,lin,1,15.913290260825306,3,1.0240483570933158e-07,0.0002925320414748356,1.6269226190855288e-09,1.5461528942495306e-05,,
normalized_vmin1e-05,normalized,1e-05,1.0,12,63,0,7,pptest_default,lin,2,15.29737207526341,3,1.0381278559325665e-07,0.0004421490598667255,2.4246273491188638e-09,3.754642622311177e-05,,
normalized_vmin1e-05,normalized,1e-05,1.0,12,63,0,7,pptest_default,lin,3,13.64617589302361,3,1.335061920974614e-07,0.0006603434534138142,1.9664164967232874e-09,2.7782110765262047e-05,,
normalized_vmin1e-05,normalized,1e-05,1.0,12,63,0,7,pptest_default,lin,4,15.390233180020005,3,1.3936060128894793e-07,0.0013573131130613092,1.5837340543615e-09,1.0687669116715703e-05,,
normalized_vmin1e-05,normalized,1e-05,1.0,12,63,0,7,pptest_default,lin,5,16.180320043116808,3,1.494523500641968e-07,0.0016322381084943327,1.3034019128044673e-09,1.7060553971770531e-06,,
normalized_vmin1e-05,normalized,1e-05,1.0,12,63,0,7,pptest_default,lin,6,15.026431183330715,3,1.5507138096038496e-07,0.0018858077130372575,1.7762600189570133e-09,1.5829922574095434e-05,,
normalized_vmin1e-05,normalized,1e-05,1.0,12,63,0,7,pptest_default,lin,7,16.225468657910824,3,1.2688794077422738e-07,0.0008147574297954208,1.456044245941215e-09,7.484589472417369e-06,,
normalized_vmin1e-05,normalized,1e-05,1.0,12,63,0,7,pptest_default,lin,8,13.851586696691811,3,1.0987294898226696e-07,0.00040728149282065473,1.3446156825569857e-09,4.769839197615866e-06,,
normalized_vmin1e-05,normalized,1e-05,1.0,12,63,0,7,pptest_default,lin,9,15.18276801193133,3,1.9238264193818902e-07,0.0036891735912747414,1.4983000208396385e-09,7.3934548485699025e-06,,
normalized_vmin1e-05,normalized,1e-05,1.0,12,63,0,7,pptest_default,geom,0,15.896831982769072,3,7.443853911246318e-05,0.006126604250813794,1.0018718134062834e-06,8.686531002033426e-05,,
normalized_vmin1e-05,normalized,1e-05,1.0,12,63,0,7,pptest_default,ood,0,15.908389024902135,3,0.008455185428462792,0.09105240732855036,0.0073520693774648425,0.05898447593407319,0.09105240732855036,0
